id,ts_code,trade_date,limit_quality_score,seal_ratio_score,seal_flow_ratio_score,volume_ratio_score,turnover_rate_score,dragon_tiger_score,money_flow_score,amount_rank_score,sector_heat_score,bias_ma3_score,sentiment_score,total_score,first_limit_time_raw,limit_times_raw,seal_ratio_raw,seal_flow_ratio_raw,volume_ratio_raw,turnover_rate_raw,net_buy_amount_raw,main_net_inflow_raw,amount_rank_raw,sector_zt_count_raw,bias_ma3_raw,created_at,limit_quality_raw,dragon_tiger_raw,money_flow_raw,sector_heat_raw,sector_linkage_score,sector_linkage_raw
1469,000906.SZ,20260424,7.666666666666667,4.0,2.0,3.0,10.0,5.0,5.0,2.0,6.0,6.0,0.0,50.46,09:43:39,1.0,0.102,0.0084,11.79,8.26,0.0,-7325.42,164,3,6.71,,,,,,3.4609565217391305,"{""industry"": ""物流"", ""industry_zt_count"": 3, ""sector_pct_change"": -0.63, ""sector_up_ratio"": 0.54, ""sector_amount_rank"": 98, ""zt_score"": 15, ""pct_score"": 8.7, ""up_ratio_score"": 10.9, ""amount_score"": 0}"
1434,000925.SZ,20260424,10.0,6.0,6.0,6.0,10.0,6.0,5.0,2.0,5.0,3.0,0.0,60.2,09:30:00,0.0,0.4981,0.0307,1.31,6.17,181472426.59,-20446.88,164,2,9.7,,,,,,2.6006666666666667,"{""industry"": ""轨交设备"", ""industry_zt_count"": 2, ""sector_pct_change"": -0.33, ""sector_up_ratio"": 0.33, ""sector_amount_rank"": 124, ""zt_score"": 10, ""pct_score"": 9.3, ""up_ratio_score"": 6.7, ""amount_score"": 0}"
1461,000973.SZ,20260424,7.0,2.0,2.0,6.0,10.0,5.0,9.0,2.0,4.0,8.0,0.0,52.68,13:22:18,0.0,0.078,0.0078,1.21,10.01,0.0,57083.98,164,1,4.61,,,,,,2.478752688172043,"{""industry"": ""塑料"", ""industry_zt_count"": 1, ""sector_pct_change"": -0.16, ""sector_up_ratio"": 0.51, ""sector_amount_rank"": 41, ""zt_score"": 5, ""pct_score"": 9.7, ""up_ratio_score"": 10.1, ""amount_score"": 0}"
1430,001211.SZ,20260424,8.0,6.0,4.0,6.0,10.0,5.0,9.0,2.0,5.0,8.0,0.0,61.47,10:34:24,0.0,0.3251,0.0272,1.34,8.36,0.0,1891.47,164,2,5.84,,,,,,2.8682857142857143,"{""industry"": ""家居用品"", ""industry_zt_count"": 2, ""sector_pct_change"": -0.23, ""sector_up_ratio"": 0.46, ""sector_amount_rank"": 92, ""zt_score"": 10, ""pct_score"": 9.5, ""up_ratio_score"": 9.1, ""amount_score"": 0}"
1428,001234.SZ,20260424,9.333333333333334,6.0,8.0,8.0,10.0,5.0,5.0,2.0,6.0,3.0,0.0,63.92,09:46:45,0.0,0.4438,0.0612,2.68,13.8,0.0,-11702.98,164,2,9.67,,,,,,3.5172592592592595,"{""industry"": ""服装家纺"", ""industry_zt_count"": 2, ""sector_pct_change"": 1.29, ""sector_up_ratio"": 0.63, ""sector_amount_rank"": 91, ""zt_score"": 10, ""pct_score"": 12.6, ""up_ratio_score"": 12.6, ""amount_score"": 0}"
1466,001339.SZ,20260424,6.333333333333333,2.0,4.0,8.0,8.0,5.0,7.0,2.0,3.0,6.0,0.0,51.3,13:34:27,0.0,0.0656,0.01,2.3,15.28,0.0,3270.3,164,2,6.16,,,,,,3.5,"{""industry"": ""计算机设"", ""industry_zt_count"": 2, ""sector_pct_change"": 0, ""sector_up_ratio"": 0, ""sector_amount_rank"": 0, ""zt_score"": 10, ""pct_score"": 10.0, ""up_ratio_score"": 10, ""amount_score"": 5}"
1454,002127.SZ,20260424,8.0,2.0,2.0,10.0,10.0,5.0,9.0,2.0,2.0,6.0,0.0,54.8,10:09:03,0.0,0.0939,0.005,4.43,5.32,0.0,5603.73,164,1,6.94,,,,,,3.0,"{""industry"": ""互联网电"", ""industry_zt_count"": 1, ""sector_pct_change"": 0, ""sector_up_ratio"": 0, ""sector_amount_rank"": 0, ""zt_score"": 5, ""pct_score"": 10.0, ""up_ratio_score"": 10, ""amount_score"": 5}"
1459,002176.SZ,20260424,8.0,2.0,2.0,6.0,10.0,5.0,9.0,2.0,3.0,6.0,0.0,52.9,10:36:09,0.0,0.0608,0.0062,1.15,10.15,0.0,31080.3,164,2,6.43,,,,,,3.5,"{""industry"": ""电机Ⅱ"", ""industry_zt_count"": 2, ""sector_pct_change"": 0, ""sector_up_ratio"": 0, ""sector_amount_rank"": 0, ""zt_score"": 10, ""pct_score"": 10.0, ""up_ratio_score"": 10, ""amount_score"": 5}"
1436,002192.SZ,20260424,6.0,2.0,2.0,4.0,10.0,8.0,7.0,2.0,9.0,8.0,0.0,58.8,10:47:12,2.0,0.0629,0.007,0.98,11.08,264431915.81,6385.4,164,3,5.1,,,,,,5.797,"{""industry"": ""能源金属"", ""industry_zt_count"": 3, ""sector_pct_change"": 6.86, ""sector_up_ratio"": 0.94, ""sector_amount_rank"": 20, ""zt_score"": 15, ""pct_score"": 23.7, ""up_ratio_score"": 18.8, ""amount_score"": 0.5}"
1427,002240.SZ,20260424,6.333333333333333,2.0,2.0,6.0,10.0,10.0,9.0,2.0,9.0,8.0,10.0,75.2,14:01:45,0.0,0.0723,0.0049,1.18,6.83,241388044.52,54948.37,164,3,5.21,,,,,,5.797,"{""industry"": ""能源金属"", ""industry_zt_count"": 3, ""sector_pct_change"": 6.86, ""sector_up_ratio"": 0.94, ""sector_amount_rank"": 20, ""zt_score"": 15, ""pct_score"": 23.7, ""up_ratio_score"": 18.8, ""amount_score"": 0.5}"
1456,002313.SZ,20260424,7.666666666666667,4.0,4.0,8.0,10.0,5.0,5.0,2.0,4.0,6.0,0.0,53.92,09:31:24,1.0,0.2971,0.019,2.62,6.4,0.0,-10255.31,164,1,7.59,,,,,,2.1208358208955227,"{""industry"": ""通信设备"", ""industry_zt_count"": 1, ""sector_pct_change"": -3.56, ""sector_up_ratio"": 0.22, ""sector_amount_rank"": 3, ""zt_score"": 5, ""pct_score"": 2.9, ""up_ratio_score"": 4.3, ""amount_score"": 9.0}"
1442,002406.SZ,20260424,7.0,4.0,4.0,10.0,10.0,5.0,5.0,2.0,6.0,6.0,0.0,57.28,13:02:33,0.0,0.1536,0.0112,3.2,7.26,0.0,-19615.76,164,3,6.04,,,,,,3.0847859922178986,"{""industry"": ""汽车零部件"", ""industry_zt_count"": 3, ""sector_pct_change"": -1.15, ""sector_up_ratio"": 0.31, ""sector_amount_rank"": 17, ""zt_score"": 15, ""pct_score"": 7.7, ""up_ratio_score"": 6.1, ""amount_score"": 2.0}"
1453,002407.SZ,20260424,6.333333333333333,2.0,2.0,6.0,8.0,6.0,9.0,2.0,7.0,8.0,0.0,55.26,14:07:12,0.0,0.0494,0.0088,1.91,17.79,719882240.26,123573.36,164,3,4.35,,,,,,3.861448275862069,"{""industry"": ""化学制品"", ""industry_zt_count"": 3, ""sector_pct_change"": 1.29, ""sector_up_ratio"": 0.55, ""sector_amount_rank"": 25, ""zt_score"": 15, ""pct_score"": 12.6, ""up_ratio_score"": 11.0, ""amount_score"": 0}"
1435,002756.SZ,20260424,6.333333333333333,2.0,2.0,6.0,10.0,5.0,9.0,2.0,9.0,8.0,0.0,59.2,14:04:54,0.0,0.0497,0.0028,1.13,5.55,0.0,29690.01,164,3,5.47,,,,,,5.797,"{""industry"": ""能源金属"", ""industry_zt_count"": 3, ""sector_pct_change"": 6.86, ""sector_up_ratio"": 0.94, ""sector_amount_rank"": 20, ""zt_score"": 15, ""pct_score"": 23.7, ""up_ratio_score"": 18.8, ""amount_score"": 0.5}"
1440,002787.SZ,20260424,10.0,4.0,4.0,4.0,10.0,10.0,5.0,2.0,4.0,3.0,0.0,57.82,09:34:42,0.0,0.2217,0.0138,0.51,6.24,47185779.33,-8723.98,164,1,9.66,,,,,,2.2193333333333336,"{""industry"": ""包装印刷"", ""industry_zt_count"": 1, ""sector_pct_change"": -0.57, ""sector_up_ratio"": 0.42, ""sector_amount_rank"": 65, ""zt_score"": 5, ""pct_score"": 8.9, ""up_ratio_score"": 8.3, ""amount_score"": 0}"
1443,002795.SZ,20260424,8.666666666666666,4.0,4.0,6.0,10.0,5.0,7.0,2.0,4.0,8.0,0.0,57.23,09:59:21,0.0,0.2344,0.0136,1.21,5.79,0.0,639.04,164,1,5.27,,,,,,2.632827309236948,"{""industry"": ""通用设备"", ""industry_zt_count"": 1, ""sector_pct_change"": -0.12, ""sector_up_ratio"": 0.35, ""sector_amount_rank"": 12, ""zt_score"": 5, ""pct_score"": 9.8, ""up_ratio_score"": 7.1, ""amount_score"": 4.5}"
1458,002810.SZ,20260424,7.0,2.0,2.0,6.0,10.0,5.0,7.0,2.0,7.0,6.0,0.0,53.26,13:06:00,0.0,0.0599,0.0036,1.27,5.95,0.0,1681.6,164,3,6.12,,,,,,3.861448275862069,"{""industry"": ""化学制品"", ""industry_zt_count"": 3, ""sector_pct_change"": 1.29, ""sector_up_ratio"": 0.55, ""sector_amount_rank"": 25, ""zt_score"": 15, ""pct_score"": 12.6, ""up_ratio_score"": 11.0, ""amount_score"": 0}"
1448,002999.SZ,20260424,7.666666666666667,4.0,4.0,10.0,10.0,5.0,5.0,2.0,3.0,6.0,0.0,56.1,09:52:57,1.0,0.1335,0.0122,4.07,9.16,0.0,-9340.7,164,2,6.49,,,,,,3.5,"{""industry"": ""农化制品"", ""industry_zt_count"": 2, ""sector_pct_change"": 0, ""sector_up_ratio"": 0, ""sector_amount_rank"": 0, ""zt_score"": 10, ""pct_score"": 10.0, ""up_ratio_score"": 10, ""amount_score"": 5}"
1446,003036.SZ,20260424,6.666666666666667,2.0,2.0,6.0,10.0,10.0,5.0,2.0,6.0,6.0,0.0,56.16,09:41:45,2.0,0.0248,0.0023,1.46,9.26,89715849.54,-19377.52,164,4,8.34,,,,,,3.963694323144105,"{""industry"": ""专用设备"", ""industry_zt_count"": 4, ""sector_pct_change"": -0.58, ""sector_up_ratio"": 0.41, ""sector_amount_rank"": 16, ""zt_score"": 20, ""pct_score"": 8.8, ""up_ratio_score"": 8.3, ""amount_score"": 2.5}"
1438,300283.SZ,20260424,8.0,2.0,4.0,8.0,8.0,10.0,7.0,2.0,5.0,3.0,0.0,58.08,10:15:57,0.0,0.0875,0.0168,2.19,19.17,70471409.63,3437.18,164,2,11.9,,,,,,2.4766382978723405,"{""industry"": ""电网设备"", ""industry_zt_count"": 2, ""sector_pct_change"": -1.67, ""sector_up_ratio"": 0.26, ""sector_amount_rank"": 15, ""zt_score"": 10, ""pct_score"": 6.7, ""up_ratio_score"": 5.1, ""amount_score"": 3.0}"
1439,300422.SZ,20260424,8.666666666666666,4.0,4.0,6.0,10.0,10.0,5.0,2.0,5.0,1.0,0.0,58.04,09:31:24,0.0,0.2868,0.0213,5.44,7.42,62944742.8,-9400.6,164,2,12.55,,,,,,2.8377419354838707,"{""industry"": ""环境治理"", ""industry_zt_count"": 2, ""sector_pct_change"": -0.65, ""sector_up_ratio"": 0.48, ""sector_amount_rank"": 46, ""zt_score"": 10, ""pct_score"": 8.7, ""up_ratio_score"": 9.7, ""amount_score"": 0}"
1447,300613.SZ,20260424,7.666666666666667,2.0,2.0,6.0,10.0,12.0,5.0,2.0,5.0,1.0,0.0,56.12,09:31:51,1.0,0.0577,0.0069,5.5,11.95,244234002.77,-42754.38,164,1,13.16,,,,,,4.120611398963731,"{""industry"": ""半导体"", ""industry_zt_count"": 1, ""sector_pct_change"": 1.73, ""sector_up_ratio"": 0.64, ""sector_amount_rank"": 1, ""zt_score"": 5, ""pct_score"": 13.5, ""up_ratio_score"": 12.7, ""amount_score"": 10.0}"
1470,301077.SZ,20260424,7.0,2.0,2.0,8.0,6.0,6.0,5.0,2.0,7.0,1.0,0.0,47.86,13:00:00,0.0,0.0322,0.0077,2.94,23.94,75547756.74,-3056.52,164,3,12.72,,,,,,3.861448275862069,"{""industry"": ""化学制品"", ""industry_zt_count"": 3, ""sector_pct_change"": 1.29, ""sector_up_ratio"": 0.55, ""sector_amount_rank"": 25, ""zt_score"": 15, ""pct_score"": 12.6, ""up_ratio_score"": 11.0, ""amount_score"": 0}"
1450,600152.SH,20260424,7.666666666666667,4.0,4.0,4.0,10.0,5.0,5.0,2.0,6.0,8.0,0.0,55.78,09:36:07,1.0,0.1025,0.0138,0.61,13.46,0.0,-11105.52,164,2,4.29,,,,,,4.3789795918367345,"{""industry"": ""电池"", ""industry_zt_count"": 2, ""sector_pct_change"": 1.65, ""sector_up_ratio"": 0.72, ""sector_amount_rank"": 9, ""zt_score"": 10, ""pct_score"": 13.3, ""up_ratio_score"": 14.5, ""amount_score"": 6.0}"
1465,600208.SH,20260424,6.0,2.0,2.0,6.0,6.0,9.0,9.0,2.0,4.0,6.0,0.0,51.49,10:04:34,2.0,0.0705,0.0029,1.22,4.1,87020922.01,33119.3,164,1,7.66,,,,,,2.09,"{""industry"": ""房地产开发"", ""industry_zt_count"": 1, ""sector_pct_change"": -0.8, ""sector_up_ratio"": 0.38, ""sector_amount_rank"": 62, ""zt_score"": 5, ""pct_score"": 8.4, ""up_ratio_score"": 7.5, ""amount_score"": 0}"
1460,600370.SH,20260424,8.0,2.0,2.0,10.0,6.0,5.0,9.0,2.0,2.0,8.0,0.0,52.8,10:03:31,0.0,0.0394,0.0014,3.0,3.58,0.0,2819.24,164,1,5.88,,,,,,3.0,"{""industry"": ""化学纤维"", ""industry_zt_count"": 1, ""sector_pct_change"": 0, ""sector_up_ratio"": 0, ""sector_amount_rank"": 0, ""zt_score"": 5, ""pct_score"": 10.0, ""up_ratio_score"": 10, ""amount_score"": 5}"
1455,600499.SH,20260424,8.0,2.0,2.0,8.0,6.0,5.0,9.0,2.0,6.0,6.0,0.0,54.16,10:37:18,0.0,0.0788,0.0025,2.62,3.21,0.0,12642.14,164,4,6.77,,,,,,3.963694323144105,"{""industry"": ""专用设备"", ""industry_zt_count"": 4, ""sector_pct_change"": -0.58, ""sector_up_ratio"": 0.41, ""sector_amount_rank"": 16, ""zt_score"": 20, ""pct_score"": 8.8, ""up_ratio_score"": 8.3, ""amount_score"": 2.5}"
1464,600527.SH,20260424,7.666666666666667,2.0,2.0,6.0,10.0,5.0,7.0,2.0,4.0,8.0,0.0,51.51,09:47:24,1.0,0.0832,0.0073,1.24,8.83,0.0,377.82,164,1,5.23,,,,,,2.508857142857143,"{""industry"": ""纺织制造"", ""industry_zt_count"": 1, ""sector_pct_change"": -0.67, ""sector_up_ratio"": 0.57, ""sector_amount_rank"": 122, ""zt_score"": 5, ""pct_score"": 8.7, ""up_ratio_score"": 11.4, ""amount_score"": 0}"
1463,600537.SH,20260424,6.333333333333333,2.0,4.0,6.0,8.0,5.0,9.0,2.0,4.0,8.0,0.0,51.79,14:18:08,0.0,0.0912,0.0154,1.23,16.92,81496697.47,21865.17,164,1,5.18,,,,,,1.5923243243243244,"{""industry"": ""光伏设备"", ""industry_zt_count"": 1, ""sector_pct_change"": -1.16, ""sector_up_ratio"": 0.16, ""sector_amount_rank"": 26, ""zt_score"": 5, ""pct_score"": 7.7, ""up_ratio_score"": 3.2, ""amount_score"": 0}"
1445,600545.SH,20260424,5.666666666666667,4.0,4.0,6.0,10.0,5.0,8.0,2.0,6.0,6.0,0.0,56.36,14:41:44,0.0,0.1114,0.0108,1.6,9.71,0.0,3457.15,164,4,6.28,,,,,,3.963694323144105,"{""industry"": ""专用设备"", ""industry_zt_count"": 4, ""sector_pct_change"": -0.58, ""sector_up_ratio"": 0.41, ""sector_amount_rank"": 16, ""zt_score"": 20, ""pct_score"": 8.8, ""up_ratio_score"": 8.3, ""amount_score"": 2.5}"
1441,600770.SH,20260424,9.0,4.0,4.0,8.0,10.0,9.0,5.0,2.0,2.0,3.0,0.0,57.8,09:25:02,1.0,0.1962,0.0136,2.64,6.95,56323916.01,-41603.56,164,1,9.65,,,,,,3.0,"{""industry"": ""综合Ⅱ"", ""industry_zt_count"": 1, ""sector_pct_change"": 0, ""sector_up_ratio"": 0, ""sector_amount_rank"": 0, ""zt_score"": 5, ""pct_score"": 10.0, ""up_ratio_score"": 10, ""amount_score"": 5}"
1467,600826.SH,20260424,7.666666666666667,4.0,2.0,10.0,6.0,5.0,5.0,2.0,5.0,6.0,0.0,51.03,09:30:37,1.0,0.1503,0.0031,3.57,2.06,0.0,-4700.19,164,2,6.39,,,,,,2.433555555555556,"{""industry"": ""专业服务"", ""industry_zt_count"": 2, ""sector_pct_change"": -0.61, ""sector_up_ratio"": 0.28, ""sector_amount_rank"": 95, ""zt_score"": 10, ""pct_score"": 8.8, ""up_ratio_score"": 5.6, ""amount_score"": 0}"
1444,603016.SH,20260424,10.0,8.0,4.0,4.0,6.0,5.0,5.0,2.0,5.0,8.0,0.0,56.68,09:35:43,0.0,0.5898,0.0126,0.41,2.14,0.0,-2962.13,164,2,5.7,,,,,,2.4766382978723405,"{""industry"": ""电网设备"", ""industry_zt_count"": 2, ""sector_pct_change"": -1.67, ""sector_up_ratio"": 0.26, ""sector_amount_rank"": 15, ""zt_score"": 10, ""pct_score"": 6.7, ""up_ratio_score"": 5.1, ""amount_score"": 3.0}"
1468,603060.SH,20260424,10.0,4.0,2.0,6.0,10.0,4.0,5.0,2.0,5.0,3.0,0.0,50.83,09:43:36,0.0,0.1152,0.0079,6.01,6.85,-8941090.14,-10268.5,164,2,9.62,,,,,,2.433555555555556,"{""industry"": ""专业服务"", ""industry_zt_count"": 2, ""sector_pct_change"": -0.61, ""sector_up_ratio"": 0.28, ""sector_amount_rank"": 95, ""zt_score"": 10, ""pct_score"": 8.8, ""up_ratio_score"": 5.6, ""amount_score"": 0}"
1449,603066.SH,20260424,8.666666666666666,6.0,2.0,10.0,6.0,5.0,5.0,2.0,6.0,6.0,0.0,56.06,09:30:00,0.0,0.3367,0.0092,3.37,2.73,0.0,-5983.17,164,3,6.68,,,,,,3.4609565217391305,"{""industry"": ""物流"", ""industry_zt_count"": 3, ""sector_pct_change"": -0.63, ""sector_up_ratio"": 0.54, ""sector_amount_rank"": 98, ""zt_score"": 15, ""pct_score"": 8.7, ""up_ratio_score"": 10.9, ""amount_score"": 0}"
1429,603272.SH,20260424,8.666666666666666,6.0,6.0,6.0,10.0,5.0,5.0,2.0,5.0,10.0,0.0,61.87,09:38:45,0.0,0.4756,0.0421,1.32,8.85,0.0,-1975.12,164,2,2.78,,,,,,2.8682857142857143,"{""industry"": ""家居用品"", ""industry_zt_count"": 2, ""sector_pct_change"": -0.23, ""sector_up_ratio"": 0.46, ""sector_amount_rank"": 92, ""zt_score"": 10, ""pct_score"": 9.5, ""up_ratio_score"": 9.1, ""amount_score"": 0}"
1431,603365.SH,20260424,8.666666666666666,10.0,4.0,8.0,6.0,5.0,5.0,2.0,6.0,6.0,0.0,60.92,09:37:56,0.0,1.395,0.0181,2.75,1.3,0.0,-570.52,164,2,6.28,,,,,,3.5172592592592595,"{""industry"": ""服装家纺"", ""industry_zt_count"": 2, ""sector_pct_change"": 1.29, ""sector_up_ratio"": 0.63, ""sector_amount_rank"": 91, ""zt_score"": 10, ""pct_score"": 12.6, ""up_ratio_score"": 12.6, ""amount_score"": 0}"
1472,603390.SH,20260424,9.333333333333334,2.0,2.0,3.0,10.0,3.0,5.0,2.0,6.0,3.0,0.0,45.88,10:24:39,0.0,0.0447,0.0063,12.7,14.07,-13993957.0,-2773.2,164,3,9.69,,,,,,3.0847859922178986,"{""industry"": ""汽车零部件"", ""industry_zt_count"": 3, ""sector_pct_change"": -1.15, ""sector_up_ratio"": 0.31, ""sector_amount_rank"": 17, ""zt_score"": 15, ""pct_score"": 7.7, ""up_ratio_score"": 6.1, ""amount_score"": 2.0}"
1457,603520.SH,20260424,6.0,2.0,2.0,10.0,10.0,5.0,8.0,2.0,4.0,8.0,0.0,53.51,10:33:12,2.0,0.055,0.0063,3.5,11.5,0.0,2801.32,164,1,5.82,,,,,,2.306923076923077,"{""industry"": ""化学制药"", ""industry_zt_count"": 1, ""sector_pct_change"": -0.35, ""sector_up_ratio"": 0.44, ""sector_amount_rank"": 32, ""zt_score"": 5, ""pct_score"": 9.3, ""up_ratio_score"": 8.8, ""amount_score"": 0}"
1471,603599.SH,20260424,7.0,2.0,2.0,10.0,6.0,5.0,5.0,2.0,3.0,6.0,0.0,47.7,10:13:10,1.0,0.0477,0.0019,3.16,4.08,0.0,-3444.82,164,2,7.11,,,,,,3.5,"{""industry"": ""农化制品"", ""industry_zt_count"": 2, ""sector_pct_change"": 0, ""sector_up_ratio"": 0, ""sector_amount_rank"": 0, ""zt_score"": 10, ""pct_score"": 10.0, ""up_ratio_score"": 10, ""amount_score"": 5}"
1462,603655.SH,20260424,6.0,4.0,2.0,8.0,10.0,5.0,5.0,2.0,6.0,6.0,0.0,52.08,10:16:01,2.0,0.1148,0.0067,2.68,5.87,0.0,-2879.71,164,3,8.1,,,,,,3.0847859922178986,"{""industry"": ""汽车零部件"", ""industry_zt_count"": 3, ""sector_pct_change"": -1.15, ""sector_up_ratio"": 0.31, ""sector_amount_rank"": 17, ""zt_score"": 15, ""pct_score"": 7.7, ""up_ratio_score"": 6.1, ""amount_score"": 2.0}"
1437,603680.SH,20260424,7.0,8.0,2.0,8.0,6.0,9.0,5.0,2.0,5.0,8.0,0.0,58.8,13:03:32,0.0,0.5837,0.0078,2.64,1.34,7227801.2,-237.05,164,2,5.67,,,,,,2.6006666666666667,"{""industry"": ""轨交设备"", ""industry_zt_count"": 2, ""sector_pct_change"": -0.33, ""sector_up_ratio"": 0.33, ""sector_amount_rank"": 124, ""zt_score"": 10, ""pct_score"": 9.3, ""up_ratio_score"": 6.7, ""amount_score"": 0}"
1432,603819.SH,20260424,6.333333333333333,6.0,6.0,6.0,10.0,5.0,10.0,2.0,3.0,6.0,0.0,60.7,13:43:36,0.0,0.4747,0.0301,1.62,6.34,0.0,2480.09,164,2,6.32,,,,,,3.5,"{""industry"": ""电机Ⅱ"", ""industry_zt_count"": 2, ""sector_pct_change"": 0, ""sector_up_ratio"": 0, ""sector_amount_rank"": 0, ""zt_score"": 10, ""pct_score"": 10.0, ""up_ratio_score"": 10, ""amount_score"": 5}"
1451,603876.SH,20260424,7.0,2.0,2.0,6.0,10.0,5.0,9.0,2.0,6.0,8.0,0.0,55.58,13:25:41,0.0,0.0543,0.003,1.11,5.48,0.0,22394.36,164,3,5.69,,,,,,3.782,"{""industry"": ""工业金属"", ""industry_zt_count"": 3, ""sector_pct_change"": 0.41, ""sector_up_ratio"": 0.6, ""sector_amount_rank"": 21, ""zt_score"": 15, ""pct_score"": 10.8, ""up_ratio_score"": 12.0, ""amount_score"": 0}"
1452,603937.SH,20260424,7.0,8.0,4.0,6.0,6.0,5.0,5.0,2.0,6.0,6.0,0.0,55.58,13:17:41,0.0,0.5673,0.0284,1.16,5.0,0.0,-155.48,164,3,6.57,,,,,,3.782,"{""industry"": ""工业金属"", ""industry_zt_count"": 3, ""sector_pct_change"": 0.41, ""sector_up_ratio"": 0.6, ""sector_amount_rank"": 21, ""zt_score"": 15, ""pct_score"": 10.8, ""up_ratio_score"": 12.0, ""amount_score"": 0}"
1433,603967.SH,20260424,8.666666666666666,8.0,4.0,10.0,6.0,5.0,5.0,2.0,6.0,6.0,0.0,60.46,09:39:18,0.0,0.6079,0.0196,4.02,3.23,0.0,-3004.81,164,3,6.79,,,,,,3.4609565217391305,"{""industry"": ""物流"", ""industry_zt_count"": 3, ""sector_pct_change"": -0.63, ""sector_up_ratio"": 0.54, ""sector_amount_rank"": 98, ""zt_score"": 15, ""pct_score"": 8.7, ""up_ratio_score"": 10.9, ""amount_score"": 0}"
1349,000537.SZ,20260423,7.666666666666667,2.0,2.0,8.0,10.0,5.0,5.0,2.0,8.0,6.0,0.0,57.54,09:37:06,1.0,0.0607,0.0041,2.65,6.74,0.0,-10333.44,164,7,7.11,,,,,,6.941703703703704,"{""industry"": ""电力"", ""industry_zt_count"": 7, ""sector_pct_change"": 1.44, ""sector_up_ratio"": 0.85, ""sector_amount_rank"": 12, ""zt_score"": 35, ""pct_score"": 12.9, ""up_ratio_score"": 17.0, ""amount_score"": 4.5}"
1362,000593.SZ,20260423,7.0,4.0,2.0,6.0,10.0,5.0,7.0,2.0,3.0,8.0,0.0,52.9,10:04:27,1.0,0.1091,0.0093,1.11,8.48,0.0,2143.96,164,2,4.97,,,,,,3.5,"{""industry"": ""燃气Ⅱ"", ""industry_zt_count"": 2, ""sector_pct_change"": 0, ""sector_up_ratio"": 0, ""sector_amount_rank"": 0, ""zt_score"": 10, ""pct_score"": 10.0, ""up_ratio_score"": 10, ""amount_score"": 5}"
1365,000715.SZ,20260423,8.0,2.0,2.0,10.0,10.0,5.0,5.0,2.0,4.0,8.0,0.0,52.65,09:59:03,2.0,0.06,0.0074,3.18,12.4,0.0,-24117.83,164,1,4.98,,,,,,2.0469473684210526,"{""industry"": ""一般零售"", ""industry_zt_count"": 1, ""sector_pct_change"": -0.16, ""sector_up_ratio"": 0.29, ""sector_amount_rank"": 114, ""zt_score"": 5, ""pct_score"": 9.7, ""up_ratio_score"": 5.8, ""amount_score"": 0}"
1348,001215.SZ,20260423,6.333333333333333,4.0,4.0,10.0,10.0,5.0,9.0,2.0,4.0,6.0,0.0,58.33,13:47:18,0.0,0.1948,0.016,3.29,8.24,0.0,7592.47,164,1,6.3,,,,,,2.5275555555555558,"{""industry"": ""食品加工"", ""industry_zt_count"": 1, ""sector_pct_change"": -0.14, ""sector_up_ratio"": 0.53, ""sector_amount_rank"": 124, ""zt_score"": 5, ""pct_score"": 9.7, ""up_ratio_score"": 10.6, ""amount_score"": 0}"
1344,001234.SZ,20260423,9.0,8.0,8.0,8.0,10.0,6.0,6.0,2.0,4.0,3.0,0.0,64.48,09:39:45,1.0,0.6313,0.0665,2.69,10.54,-16645566.0,-8152.71,164,1,9.68,,,,,,1.876566037735849,"{""industry"": ""服装家纺"", ""industry_zt_count"": 1, ""sector_pct_change"": -0.57, ""sector_up_ratio"": 0.25, ""sector_amount_rank"": 109, ""zt_score"": 5, ""pct_score"": 8.9, ""up_ratio_score"": 4.9, ""amount_score"": 0}"
1352,001267.SZ,20260423,7.0,2.0,2.0,6.0,10.0,10.0,7.0,2.0,5.0,6.0,0.0,56.94,13:20:09,0.0,0.0549,0.0066,1.21,12.1,263928288.77,18084.25,164,2,7.66,,,,,,3.137283582089552,"{""industry"": ""通信设备"", ""industry_zt_count"": 2, ""sector_pct_change"": -0.78, ""sector_up_ratio"": 0.17, ""sector_amount_rank"": 2, ""zt_score"": 10, ""pct_score"": 8.4, ""up_ratio_score"": 3.4, ""amount_score"": 9.5}"
1358,001314.SZ,20260423,7.666666666666667,4.0,4.0,6.0,10.0,5.0,7.0,2.0,4.0,6.0,0.0,54.54,09:30:51,1.0,0.1404,0.0111,6.9,7.94,0.0,36.98,164,1,6.86,,,,,,2.3353333333333333,"{""industry"": ""消费电子"", ""industry_zt_count"": 1, ""sector_pct_change"": -0.24, ""sector_up_ratio"": 0.17, ""sector_amount_rank"": 10, ""zt_score"": 5, ""pct_score"": 9.5, ""up_ratio_score"": 3.3, ""amount_score"": 5.5}"
1361,002008.SZ,20260423,6.0,2.0,2.0,6.0,10.0,10.0,7.0,2.0,2.0,6.0,0.0,53.2,13:21:51,1.0,0.0296,0.0019,1.38,6.58,991889450.98,37773.91,164,1,6.96,,,,,,3.0,"{""industry"": ""自动化设"", ""industry_zt_count"": 1, ""sector_pct_change"": 0, ""sector_up_ratio"": 0, ""sector_amount_rank"": 0, ""zt_score"": 5, ""pct_score"": 10.0, ""up_ratio_score"": 10, ""amount_score"": 5}"
1373,002242.SZ,20260423,9.333333333333334,4.0,2.0,6.0,6.0,5.0,5.0,2.0,5.0,8.0,0.0,51.25,10:31:03,0.0,0.1734,0.0084,1.56,4.83,0.0,-8602.27,164,1,5.42,,,,,,2.6540000000000004,"{""industry"": ""小家电"", ""industry_zt_count"": 1, ""sector_pct_change"": 1.37, ""sector_up_ratio"": 0.44, ""sector_amount_rank"": 121, ""zt_score"": 5, ""pct_score"": 12.7, ""up_ratio_score"": 8.8, ""amount_score"": 0}"
1372,002301.SZ,20260423,8.666666666666666,4.0,4.0,8.0,6.0,5.0,5.0,2.0,4.0,6.0,0.0,51.34,09:39:18,0.0,0.2919,0.0101,2.71,3.47,0.0,-4130.23,164,1,6.94,,,,,,1.5445263157894735,"{""industry"": ""文娱用品"", ""industry_zt_count"": 1, ""sector_pct_change"": -0.83, ""sector_up_ratio"": 0.11, ""sector_amount_rank"": 148, ""zt_score"": 5, ""pct_score"": 8.3, ""up_ratio_score"": 2.1, ""amount_score"": 0}"
1371,002448.SZ,20260423,5.333333333333333,2.0,2.0,10.0,10.0,5.0,7.0,2.0,5.0,6.0,0.0,51.48,14:07:36,1.0,0.055,0.0066,4.04,12.06,0.0,1330.55,164,2,8.13,,,,,,2.4766023166023166,"{""industry"": ""汽车零部件"", ""industry_zt_count"": 2, ""sector_pct_change"": -0.95, ""sector_up_ratio"": 0.16, ""sector_amount_rank"": 14, ""zt_score"": 10, ""pct_score"": 8.1, ""up_ratio_score"": 3.2, ""amount_score"": 3.5}"
1355,002490.SZ,20260423,7.0,4.0,4.0,8.0,8.0,5.0,8.0,2.0,4.0,8.0,0.0,55.36,11:11:51,0.0,0.1822,0.0276,2.14,15.18,0.0,4150.81,164,1,5.81,,,,,,1.7556883116883117,"{""industry"": ""专用设备"", ""industry_zt_count"": 1, ""sector_pct_change"": -1.53, ""sector_up_ratio"": 0.16, ""sector_amount_rank"": 16, ""zt_score"": 5, ""pct_score"": 6.9, ""up_ratio_score"": 3.1, ""amount_score"": 2.5}"
1356,002606.SZ,20260423,8.666666666666666,6.0,4.0,4.0,10.0,5.0,5.0,2.0,5.0,6.0,0.0,55.22,09:25:00,0.0,0.3427,0.0186,0.73,5.44,0.0,-19744.54,164,2,6.15,,,,,,2.6156503496503496,"{""industry"": ""电网设备"", ""industry_zt_count"": 2, ""sector_pct_change"": -0.67, ""sector_up_ratio"": 0.17, ""sector_amount_rank"": 13, ""zt_score"": 10, ""pct_score"": 8.7, ""up_ratio_score"": 3.5, ""amount_score"": 4.0}"
1364,002793.SZ,20260423,8.666666666666666,4.0,4.0,8.0,6.0,5.0,5.0,2.0,5.0,6.0,0.0,52.79,09:50:18,0.0,0.2851,0.0129,2.65,4.51,0.0,-2440.52,164,2,7.17,,,,,,2.1926567164179103,"{""industry"": ""化学制药"", ""industry_zt_count"": 2, ""sector_pct_change"": -0.38, ""sector_up_ratio"": 0.13, ""sector_amount_rank"": 33, ""zt_score"": 10, ""pct_score"": 9.2, ""up_ratio_score"": 2.7, ""amount_score"": 0}"
1369,002971.SZ,20260423,6.333333333333333,2.0,2.0,10.0,10.0,5.0,5.0,2.0,6.0,6.0,0.0,51.93,13:49:30,0.0,0.0412,0.004,3.75,9.66,0.0,-3603.71,164,3,6.16,,,,,,2.931454545454545,"{""industry"": ""化学制品"", ""industry_zt_count"": 3, ""sector_pct_change"": -0.57, ""sector_up_ratio"": 0.27, ""sector_amount_rank"": 32, ""zt_score"": 15, ""pct_score"": 8.9, ""up_ratio_score"": 5.5, ""amount_score"": 0}"
1379,003022.SZ,20260423,8.0,4.0,2.0,8.0,6.0,5.0,5.0,2.0,4.0,6.0,0.0,48.33,10:29:42,0.0,0.1113,0.0032,2.67,2.86,0.0,-795.01,164,1,6.43,,,,,,1.7283783783783782,"{""industry"": ""光伏设备"", ""industry_zt_count"": 1, ""sector_pct_change"": -0.75, ""sector_up_ratio"": 0.19, ""sector_amount_rank"": 21, ""zt_score"": 5, ""pct_score"": 8.5, ""up_ratio_score"": 3.8, ""amount_score"": 0}"
1346,300061.SZ,20260423,8.666666666666666,4.0,4.0,10.0,10.0,10.0,5.0,2.0,5.0,1.0,0.0,60.7,09:35:51,0.0,0.2846,0.0156,3.75,5.47,58874202.51,-6075.33,164,2,12.69,,,,,,2.2960000000000003,"{""industry"": ""广告营销"", ""industry_zt_count"": 2, ""sector_pct_change"": -0.52, ""sector_up_ratio"": 0.2, ""sector_amount_rank"": 39, ""zt_score"": 10, ""pct_score"": 9.0, ""up_ratio_score"": 4.0, ""amount_score"": 0}"
1345,300067.SZ,20260423,9.333333333333334,10.0,8.0,6.0,6.0,7.0,5.0,2.0,6.0,1.0,0.0,63.73,09:25:00,0.0,2.2938,0.0792,1.79,3.45,53451184.65,-23530.44,164,3,18.66,,,,,,2.931454545454545,"{""industry"": ""化学制品"", ""industry_zt_count"": 3, ""sector_pct_change"": -0.57, ""sector_up_ratio"": 0.27, ""sector_amount_rank"": 32, ""zt_score"": 15, ""pct_score"": 8.9, ""up_ratio_score"": 5.5, ""amount_score"": 0}"
1368,300590.SZ,20260423,7.666666666666667,4.0,4.0,3.0,8.0,9.0,5.0,2.0,5.0,1.0,0.0,51.94,09:30:00,1.0,0.1209,0.0184,12.83,15.2,135910647.8,-53142.85,164,2,13.22,,,,,,3.137283582089552,"{""industry"": ""通信设备"", ""industry_zt_count"": 2, ""sector_pct_change"": -0.78, ""sector_up_ratio"": 0.17, ""sector_amount_rank"": 2, ""zt_score"": 10, ""pct_score"": 8.4, ""up_ratio_score"": 3.4, ""amount_score"": 9.5}"
1357,300721.SZ,20260423,7.666666666666667,4.0,4.0,6.0,8.0,9.0,5.0,2.0,6.0,1.0,0.0,54.93,09:25:00,1.0,0.1506,0.0245,5.81,16.27,83159345.08,-31757.74,164,3,13.35,,,,,,2.931454545454545,"{""industry"": ""化学制品"", ""industry_zt_count"": 3, ""sector_pct_change"": -0.57, ""sector_up_ratio"": 0.27, ""sector_amount_rank"": 32, ""zt_score"": 15, ""pct_score"": 8.9, ""up_ratio_score"": 5.5, ""amount_score"": 0}"
1350,600052.SH,20260423,8.333333333333334,4.0,4.0,6.0,10.0,0.0,9.0,2.0,8.0,3.0,0.0,57.34,13:30:58,0.0,0.2191,0.0252,5.9,11.48,-20176756.84,1582.18,164,7,9.74,,,,,,6.941703703703704,"{""industry"": ""电力"", ""industry_zt_count"": 7, ""sector_pct_change"": 1.44, ""sector_up_ratio"": 0.85, ""sector_amount_rank"": 12, ""zt_score"": 35, ""pct_score"": 12.9, ""up_ratio_score"": 17.0, ""amount_score"": 4.5}"
1359,600310.SH,20260423,4.333333333333333,2.0,2.0,6.0,8.0,5.0,9.0,2.0,8.0,6.0,0.0,54.34,13:42:59,2.0,0.0605,0.0096,1.93,15.79,0.0,12378.23,164,7,6.59,,,,,,6.941703703703704,"{""industry"": ""电力"", ""industry_zt_count"": 7, ""sector_pct_change"": 1.44, ""sector_up_ratio"": 0.85, ""sector_amount_rank"": 12, ""zt_score"": 35, ""pct_score"": 12.9, ""up_ratio_score"": 17.0, ""amount_score"": 4.5}"
1351,600726.SH,20260423,8.0,2.0,2.0,6.0,6.0,5.0,9.0,2.0,8.0,6.0,0.0,57.14,10:34:58,0.0,0.0992,0.0045,1.54,4.55,0.0,13547.43,164,7,7.48,,,,,,6.941703703703704,"{""industry"": ""电力"", ""industry_zt_count"": 7, ""sector_pct_change"": 1.44, ""sector_up_ratio"": 0.85, ""sector_amount_rank"": 12, ""zt_score"": 35, ""pct_score"": 12.9, ""up_ratio_score"": 17.0, ""amount_score"": 4.5}"
1363,600736.SH,20260423,9.333333333333334,8.0,4.0,4.0,6.0,5.0,5.0,2.0,5.0,3.0,0.0,52.84,09:25:02,0.0,0.9441,0.0247,0.67,2.62,0.0,-25222.0,164,2,9.65,,,,,,2.436329113924051,"{""industry"": ""房地产开发"", ""industry_zt_count"": 2, ""sector_pct_change"": -0.35, ""sector_up_ratio"": 0.25, ""sector_amount_rank"": 69, ""zt_score"": 10, ""pct_score"": 9.3, ""up_ratio_score"": 5.1, ""amount_score"": 0}"
1367,600770.SH,20260423,8.666666666666666,4.0,2.0,6.0,6.0,9.0,5.0,2.0,2.0,6.0,0.0,52.0,09:51:05,0.0,0.2472,0.0093,1.78,3.76,71559066.91,-4902.27,164,1,7.09,,,,,,3.0,"{""industry"": ""综合Ⅱ"", ""industry_zt_count"": 1, ""sector_pct_change"": 0, ""sector_up_ratio"": 0, ""sector_amount_rank"": 0, ""zt_score"": 5, ""pct_score"": 10.0, ""up_ratio_score"": 10, ""amount_score"": 5}"
1342,601016.SH,20260423,6.333333333333333,2.0,2.0,8.0,10.0,9.0,9.0,2.0,8.0,8.0,10.0,75.94,13:36:37,0.0,0.0465,0.0064,2.65,13.72,140331569.95,43611.65,164,7,5.66,,,,,,6.941703703703704,"{""industry"": ""电力"", ""industry_zt_count"": 7, ""sector_pct_change"": 1.44, ""sector_up_ratio"": 0.85, ""sector_amount_rank"": 12, ""zt_score"": 35, ""pct_score"": 12.9, ""up_ratio_score"": 17.0, ""amount_score"": 4.5}"
1374,601101.SH,20260423,7.666666666666667,2.0,2.0,10.0,6.0,5.0,5.0,2.0,6.0,6.0,0.0,51.18,09:33:40,1.0,0.0655,0.0026,4.2,3.91,0.0,-12641.16,164,1,7.09,,,,,,3.7840000000000003,"{""industry"": ""煤炭开采"", ""industry_zt_count"": 1, ""sector_pct_change"": 2.62, ""sector_up_ratio"": 0.88, ""sector_amount_rank"": 74, ""zt_score"": 5, ""pct_score"": 15.2, ""up_ratio_score"": 17.6, ""amount_score"": 0}"
1366,601512.SH,20260423,9.0,4.0,2.0,10.0,6.0,6.0,5.0,2.0,5.0,3.0,0.0,52.04,09:34:39,1.0,0.1026,0.0026,3.17,2.49,-13516179.05,-17619.19,164,2,9.66,,,,,,2.436329113924051,"{""industry"": ""房地产开发"", ""industry_zt_count"": 2, ""sector_pct_change"": -0.35, ""sector_up_ratio"": 0.25, ""sector_amount_rank"": 69, ""zt_score"": 10, ""pct_score"": 9.3, ""up_ratio_score"": 5.1, ""amount_score"": 0}"
1343,601778.SH,20260423,7.0,2.0,4.0,6.0,6.0,5.0,10.0,2.0,8.0,6.0,10.0,69.34,13:11:50,0.0,0.0761,0.0166,1.02,21.86,0.0,53521.2,164,7,7.42,,,,,,6.941703703703704,"{""industry"": ""电力"", ""industry_zt_count"": 7, ""sector_pct_change"": 1.44, ""sector_up_ratio"": 0.85, ""sector_amount_rank"": 12, ""zt_score"": 35, ""pct_score"": 12.9, ""up_ratio_score"": 17.0, ""amount_score"": 4.5}"
1375,603017.SH,20260423,7.666666666666667,2.0,4.0,6.0,10.0,5.0,5.0,2.0,2.0,8.0,0.0,50.8,10:06:01,1.0,0.0982,0.0138,1.71,14.01,0.0,-11059.94,164,1,4.95,,,,,,3.0,"{""industry"": ""工程咨询"", ""industry_zt_count"": 1, ""sector_pct_change"": 0, ""sector_up_ratio"": 0, ""sector_amount_rank"": 0, ""zt_score"": 5, ""pct_score"": 10.0, ""up_ratio_score"": 10, ""amount_score"": 5}"
1354,603060.SH,20260423,8.0,8.0,4.0,10.0,6.0,5.0,5.0,2.0,4.0,6.0,0.0,56.56,10:19:20,0.0,0.5952,0.0151,3.67,2.54,0.0,-21.83,164,1,6.14,,,,,,1.955428571428571,"{""industry"": ""专业服务"", ""industry_zt_count"": 1, ""sector_pct_change"": -0.58, ""sector_up_ratio"": 0.29, ""sector_amount_rank"": 92, ""zt_score"": 5, ""pct_score"": 8.8, ""up_ratio_score"": 5.7, ""amount_score"": 0}"
1378,603198.SH,20260423,8.666666666666666,2.0,2.0,10.0,6.0,5.0,5.0,2.0,2.0,6.0,0.0,48.4,09:45:11,0.0,0.047,0.001,4.79,2.12,0.0,-19942.48,164,1,6.68,,,,,,3.0,"{""industry"": ""白酒Ⅱ"", ""industry_zt_count"": 1, ""sector_pct_change"": 0, ""sector_up_ratio"": 0, ""sector_amount_rank"": 0, ""zt_score"": 5, ""pct_score"": 10.0, ""up_ratio_score"": 10, ""amount_score"": 5}"
1380,603220.SH,20260423,6.333333333333333,2.0,2.0,6.0,6.0,5.0,8.0,2.0,2.0,6.0,0.0,45.4,13:55:39,0.0,0.0345,0.0075,1.27,21.6,0.0,14637.29,164,1,8.29,,,,,,3.0,"{""industry"": ""通信服务"", ""industry_zt_count"": 1, ""sector_pct_change"": 0, ""sector_up_ratio"": 0, ""sector_amount_rank"": 0, ""zt_score"": 5, ""pct_score"": 10.0, ""up_ratio_score"": 10, ""amount_score"": 5}"
1370,603315.SH,20260423,9.333333333333334,6.0,4.0,4.0,6.0,5.0,5.0,2.0,4.0,6.0,0.0,51.57,09:25:01,0.0,0.3449,0.0142,0.28,4.11,0.0,-17742.04,164,1,6.92,,,,,,2.1685454545454546,"{""industry"": ""环境治理"", ""industry_zt_count"": 1, ""sector_pct_change"": -0.18, ""sector_up_ratio"": 0.35, ""sector_amount_rank"": 61, ""zt_score"": 5, ""pct_score"": 9.6, ""up_ratio_score"": 7.0, ""amount_score"": 0}"
1353,603318.SH,20260423,9.333333333333334,10.0,6.0,4.0,6.0,5.0,5.0,2.0,3.0,3.0,0.0,56.7,09:25:02,0.0,1.1758,0.0338,0.25,2.87,0.0,-13647.91,164,2,9.68,,,,,,3.5,"{""industry"": ""燃气Ⅱ"", ""industry_zt_count"": 2, ""sector_pct_change"": 0, ""sector_up_ratio"": 0, ""sector_amount_rank"": 0, ""zt_score"": 10, ""pct_score"": 10.0, ""up_ratio_score"": 10, ""amount_score"": 5}"
1347,603390.SH,20260423,8.666666666666666,8.0,4.0,8.0,6.0,7.0,5.0,2.0,5.0,6.0,0.0,59.48,09:25:03,0.0,0.5769,0.0144,2.93,2.5,54625955.0,-11608.6,164,2,6.36,,,,,,2.4766023166023166,"{""industry"": ""汽车零部件"", ""industry_zt_count"": 2, ""sector_pct_change"": -0.95, ""sector_up_ratio"": 0.16, ""sector_amount_rank"": 14, ""zt_score"": 10, ""pct_score"": 8.1, ""up_ratio_score"": 3.2, ""amount_score"": 3.5}"
1377,603538.SH,20260423,6.333333333333333,2.0,4.0,6.0,4.0,5.0,9.0,2.0,5.0,8.0,0.0,49.99,14:24:08,0.0,0.0564,0.0155,1.09,27.4,109866579.45,47566.24,164,2,5.09,,,,,,2.1926567164179103,"{""industry"": ""化学制药"", ""industry_zt_count"": 2, ""sector_pct_change"": -0.38, ""sector_up_ratio"": 0.13, ""sector_amount_rank"": 33, ""zt_score"": 10, ""pct_score"": 9.2, ""up_ratio_score"": 2.7, ""amount_score"": 0}"
1360,603709.SH,20260423,7.0,2.0,2.0,10.0,10.0,7.0,6.0,2.0,4.0,6.0,0.0,53.48,11:26:12,0.0,0.0453,0.0028,4.96,6.2,3349932.0,-1835.34,164,1,7.29,,,,,,1.876,"{""industry"": ""家居用品"", ""industry_zt_count"": 1, ""sector_pct_change"": -1.12, ""sector_up_ratio"": 0.3, ""sector_amount_rank"": 100, ""zt_score"": 5, ""pct_score"": 7.8, ""up_ratio_score"": 6.0, ""amount_score"": 0}"
1376,603912.SH,20260423,9.333333333333334,2.0,2.0,6.0,10.0,5.0,5.0,2.0,5.0,6.0,0.0,50.7,10:01:31,0.0,0.0526,0.0066,1.27,12.48,0.0,-11715.34,164,2,6.05,,,,,,2.1040645161290326,"{""industry"": ""通用设备"", ""industry_zt_count"": 2, ""sector_pct_change"": -1.77, ""sector_up_ratio"": 0.13, ""sector_amount_rank"": 17, ""zt_score"": 10, ""pct_score"": 6.5, ""up_ratio_score"": 2.6, ""amount_score"": 2.0}"
1293,000062.SZ,20260422,7.0,2.0,2.0,6.0,10.0,5.0,5.0,2.0,5.0,8.0,0.0,50.4,13:21:21,0.0,0.0513,0.0034,1.14,6.65,0.0,-2602.0,164,1,4.75,,,,,,3.3984615384615386,"{""industry"": ""其他电子"", ""industry_zt_count"": 1, ""sector_pct_change"": 1.8, ""sector_up_ratio"": 0.77, ""sector_amount_rank"": 38, ""zt_score"": 5, ""pct_score"": 13.6, ""up_ratio_score"": 15.4, ""amount_score"": 0}"
1267,000751.SZ,20260422,8.666666666666666,4.0,4.0,6.0,10.0,5.0,9.0,2.0,4.0,8.0,0.0,59.57,09:50:39,0.0,0.1423,0.0137,1.4,9.64,0.0,11363.98,164,1,5.68,,,,,,2.966,"{""industry"": ""工业金属"", ""industry_zt_count"": 1, ""sector_pct_change"": 0.33, ""sector_up_ratio"": 0.55, ""sector_amount_rank"": 15, ""zt_score"": 5, ""pct_score"": 10.7, ""up_ratio_score"": 11.0, ""amount_score"": 3.0}"
1297,000811.SZ,20260422,6.0,2.0,2.0,8.0,10.0,5.0,5.0,2.0,5.0,6.0,0.0,49.55,10:26:30,2.0,0.0217,0.0016,2.44,7.25,0.0,-5194.13,164,1,7.88,,,,,,3.346,"{""industry"": ""通用设备"", ""industry_zt_count"": 1, ""sector_pct_change"": 1.23, ""sector_up_ratio"": 0.6, ""sector_amount_rank"": 13, ""zt_score"": 5, ""pct_score"": 12.5, ""up_ratio_score"": 12.0, ""amount_score"": 4.0}"
1264,001234.SZ,20260422,5.333333333333333,10.0,8.0,8.0,10.0,5.0,5.0,2.0,5.0,8.0,0.0,64.45,13:54:03,1.0,1.3123,0.0942,2.23,7.18,0.0,-5649.16,164,2,5.68,,,,,,2.6469090909090913,"{""industry"": ""服装家纺"", ""industry_zt_count"": 2, ""sector_pct_change"": -0.22, ""sector_up_ratio"": 0.35, ""sector_amount_rank"": 98, ""zt_score"": 10, ""pct_score"": 9.6, ""up_ratio_score"": 6.9, ""amount_score"": 0}"
1265,002194.SZ,20260422,8.666666666666666,8.0,4.0,6.0,6.0,5.0,5.0,2.0,9.0,6.0,0.0,62.81,09:25:00,0.0,0.8299,0.0245,1.38,2.95,0.0,-17894.2,164,4,6.15,,,,,,6.608947368421053,"{""industry"": ""通信设备"", ""industry_zt_count"": 4, ""sector_pct_change"": 5.4, ""sector_up_ratio"": 0.79, ""sector_amount_rank"": 2, ""zt_score"": 20, ""pct_score"": 20.8, ""up_ratio_score"": 15.8, ""amount_score"": 9.5}"
1268,002256.SZ,20260422,7.0,2.0,4.0,8.0,10.0,5.0,9.0,2.0,6.0,8.0,0.0,59.48,13:17:18,0.0,0.0822,0.0104,2.2,12.65,0.0,19394.37,164,3,5.29,,,,,,3.678390243902439,"{""industry"": ""电力"", ""industry_zt_count"": 3, ""sector_pct_change"": 0.02, ""sector_up_ratio"": 0.51, ""sector_amount_rank"": 18, ""zt_score"": 15, ""pct_score"": 10.0, ""up_ratio_score"": 10.2, ""amount_score"": 1.5}"
1266,002360.SZ,20260422,8.666666666666666,6.0,6.0,6.0,10.0,5.0,5.0,2.0,5.0,8.0,0.0,60.73,09:35:03,0.0,0.4029,0.0428,1.74,10.63,0.0,-6729.13,164,2,5.86,,,,,,2.925062937062937,"{""industry"": ""化学制品"", ""industry_zt_count"": 2, ""sector_pct_change"": -0.06, ""sector_up_ratio"": 0.47, ""sector_amount_rank"": 31, ""zt_score"": 10, ""pct_score"": 9.9, ""up_ratio_score"": 9.4, ""amount_score"": 0}"
1284,002384.SZ,20260422,6.0,2.0,2.0,4.0,10.0,10.0,5.0,2.0,5.0,3.0,0.0,52.2,11:28:03,1.0,0.0461,0.0027,0.86,5.82,141904425.01,-15324.64,164,5,9.03,,,,,,5.0,"{""industry"": ""元件"", ""industry_zt_count"": 5, ""sector_pct_change"": 0, ""sector_up_ratio"": 0, ""sector_amount_rank"": 0, ""zt_score"": 25, ""pct_score"": 10.0, ""up_ratio_score"": 10, ""amount_score"": 5}"
1271,002397.SZ,20260422,8.0,4.0,2.0,8.0,10.0,5.0,10.0,2.0,5.0,6.0,0.0,58.25,10:43:21,0.0,0.1165,0.0082,2.62,7.02,0.0,2362.33,164,2,7.08,,,,,,2.6469090909090913,"{""industry"": ""服装家纺"", ""industry_zt_count"": 2, ""sector_pct_change"": -0.22, ""sector_up_ratio"": 0.35, ""sector_amount_rank"": 98, ""zt_score"": 10, ""pct_score"": 9.6, ""up_ratio_score"": 6.9, ""amount_score"": 0}"
1278,002428.SZ,20260422,7.666666666666667,2.0,2.0,4.0,10.0,10.0,7.0,2.0,2.0,6.0,0.0,53.6,11:02:06,0.0,0.0223,0.0024,0.75,10.7,78046577.49,18631.05,164,1,6.55,,,,,,3.0,"{""industry"": ""小金属"", ""industry_zt_count"": 1, ""sector_pct_change"": 0, ""sector_up_ratio"": 0, ""sector_amount_rank"": 0, ""zt_score"": 5, ""pct_score"": 10.0, ""up_ratio_score"": 10, ""amount_score"": 5}"
1277,002432.SZ,20260422,5.666666666666667,2.0,2.0,6.0,10.0,10.0,7.0,2.0,4.0,6.0,0.0,54.35,14:49:15,0.0,0.0336,0.0027,1.11,7.93,308055683.53,6051.82,164,1,6.37,,,,,,2.9545098039215687,"{""industry"": ""医疗器械"", ""industry_zt_count"": 1, ""sector_pct_change"": 0.9, ""sector_up_ratio"": 0.64, ""sector_amount_rank"": 55, ""zt_score"": 5, ""pct_score"": 11.8, ""up_ratio_score"": 12.7, ""amount_score"": 0}"
1282,002443.SZ,20260422,7.0,4.0,2.0,6.0,10.0,5.0,9.0,2.0,2.0,6.0,0.0,52.4,11:17:45,0.0,0.1273,0.0091,1.47,7.18,0.0,4949.18,164,1,6.04,,,,,,3.0,"{""industry"": ""特钢Ⅱ"", ""industry_zt_count"": 1, ""sector_pct_change"": 0, ""sector_up_ratio"": 0, ""sector_amount_rank"": 0, ""zt_score"": 5, ""pct_score"": 10.0, ""up_ratio_score"": 10, ""amount_score"": 5}"
1301,002588.SZ,20260422,6.666666666666667,2.0,2.0,8.0,6.0,5.0,5.0,2.0,2.0,6.0,0.0,44.4,09:32:00,2.0,0.0362,0.0017,2.76,4.79,0.0,-16222.96,164,1,6.83,,,,,,3.0,"{""industry"": ""农化制品"", ""industry_zt_count"": 1, ""sector_pct_change"": 0, ""sector_up_ratio"": 0, ""sector_amount_rank"": 0, ""zt_score"": 5, ""pct_score"": 10.0, ""up_ratio_score"": 10, ""amount_score"": 5}"
1281,002636.SZ,20260422,7.0,2.0,2.0,6.0,10.0,5.0,7.0,2.0,5.0,6.0,0.0,52.8,13:23:06,0.0,0.0486,0.0028,1.0,5.76,0.0,4181.84,164,5,8.38,,,,,,5.0,"{""industry"": ""元件"", ""industry_zt_count"": 5, ""sector_pct_change"": 0, ""sector_up_ratio"": 0, ""sector_amount_rank"": 0, ""zt_score"": 25, ""pct_score"": 10.0, ""up_ratio_score"": 10, ""amount_score"": 5}"
1272,002796.SZ,20260422,7.333333333333333,2.0,2.0,6.0,10.0,5.0,5.0,2.0,9.0,6.0,0.0,56.01,11:07:57,1.0,0.0297,0.0032,1.23,10.69,0.0,-8960.69,164,4,6.46,,,,,,6.608947368421053,"{""industry"": ""通信设备"", ""industry_zt_count"": 4, ""sector_pct_change"": 5.4, ""sector_up_ratio"": 0.79, ""sector_amount_rank"": 2, ""zt_score"": 20, ""pct_score"": 20.8, ""up_ratio_score"": 15.8, ""amount_score"": 9.5}"
1283,002938.SZ,20260422,4.333333333333333,2.0,2.0,6.0,6.0,10.0,7.0,2.0,5.0,6.0,0.0,52.4,14:09:15,2.0,0.0337,0.0007,1.11,2.04,56813150.53,15039.43,164,5,8.16,,,,,,5.0,"{""industry"": ""元件"", ""industry_zt_count"": 5, ""sector_pct_change"": 0, ""sector_up_ratio"": 0, ""sector_amount_rank"": 0, ""zt_score"": 25, ""pct_score"": 10.0, ""up_ratio_score"": 10, ""amount_score"": 5}"
1262,300067.SZ,20260422,10.0,10.0,10.0,4.0,6.0,7.0,5.0,2.0,5.0,1.0,10.0,74.53,09:25:00,0.0,5.3657,0.1029,0.98,1.92,22697699.7,-10898.69,164,2,18.67,,,,,,2.925062937062937,"{""industry"": ""化学制品"", ""industry_zt_count"": 2, ""sector_pct_change"": -0.06, ""sector_up_ratio"": 0.47, ""sector_amount_rank"": 31, ""zt_score"": 10, ""pct_score"": 9.9, ""up_ratio_score"": 9.4, ""amount_score"": 0}"
1285,300890.SZ,20260422,7.666666666666667,2.0,4.0,10.0,4.0,8.0,5.0,2.0,5.0,1.0,0.0,51.71,09:30:36,1.0,0.0543,0.0142,4.36,26.1,221057805.71,-32129.77,164,2,12.87,,,,,,3.713265306122449,"{""industry"": ""电池"", ""industry_zt_count"": 2, ""sector_pct_change"": -0.25, ""sector_up_ratio"": 0.58, ""sector_amount_rank"": 9, ""zt_score"": 10, ""pct_score"": 9.5, ""up_ratio_score"": 11.6, ""amount_score"": 6.0}"
1295,301003.SZ,20260422,7.0,2.0,2.0,8.0,10.0,8.0,5.0,2.0,4.0,1.0,0.0,50.2,10:11:51,1.0,0.0902,0.0083,2.21,9.25,12271176.0,-1812.82,164,1,13.03,,,,,,2.9983478260869565,"{""industry"": ""塑料"", ""industry_zt_count"": 1, ""sector_pct_change"": 0.97, ""sector_up_ratio"": 0.65, ""sector_amount_rank"": 33, ""zt_score"": 5, ""pct_score"": 11.9, ""up_ratio_score"": 13.0, ""amount_score"": 0}"
1292,600052.SH,20260422,7.666666666666667,4.0,2.0,10.0,6.0,3.0,5.0,2.0,6.0,6.0,0.0,50.68,09:57:45,1.0,0.2155,0.01,3.65,4.62,-8516828.2,-2419.28,164,3,6.3,,,,,,3.678390243902439,"{""industry"": ""电力"", ""industry_zt_count"": 3, ""sector_pct_change"": 0.02, ""sector_up_ratio"": 0.51, ""sector_amount_rank"": 18, ""zt_score"": 15, ""pct_score"": 10.0, ""up_ratio_score"": 10.2, ""amount_score"": 1.5}"
1275,600105.SH,20260422,8.666666666666666,4.0,2.0,4.0,6.0,5.0,5.0,2.0,9.0,6.0,0.0,54.81,09:37:15,0.0,0.1281,0.0061,0.37,4.74,0.0,-58980.77,164,4,6.11,,,,,,6.608947368421053,"{""industry"": ""通信设备"", ""industry_zt_count"": 4, ""sector_pct_change"": 5.4, ""sector_up_ratio"": 0.79, ""sector_amount_rank"": 2, ""zt_score"": 20, ""pct_score"": 20.8, ""up_ratio_score"": 15.8, ""amount_score"": 9.5}"
1299,600126.SH,20260422,6.0,2.0,2.0,6.0,10.0,5.0,7.0,2.0,4.0,8.0,0.0,49.12,13:26:29,1.0,0.024,0.002,1.55,8.46,0.0,9505.82,164,1,4.91,,,,,,2.12,"{""industry"": ""普钢"", ""industry_zt_count"": 1, ""sector_pct_change"": 0.6, ""sector_up_ratio"": 0.25, ""sector_amount_rank"": 87, ""zt_score"": 5, ""pct_score"": 11.2, ""up_ratio_score"": 5.0, ""amount_score"": 0}"
1274,600184.SH,20260422,10.0,4.0,2.0,4.0,10.0,5.0,8.0,2.0,4.0,8.0,0.0,55.64,09:57:10,0.0,0.1187,0.0068,0.77,5.74,0.0,3118.63,164,1,5.1,,,,,,2.4370909090909088,"{""industry"": ""地面兵装"", ""industry_zt_count"": 1, ""sector_pct_change"": 0.14, ""sector_up_ratio"": 0.45, ""sector_amount_rank"": 122, ""zt_score"": 5, ""pct_score"": 10.3, ""up_ratio_score"": 9.1, ""amount_score"": 0}"
1300,600234.SH,20260422,8.666666666666666,2.0,2.0,6.0,6.0,3.0,5.0,2.0,6.0,6.0,0.0,46.12,10:47:17,0.0,0.0331,0.0017,1.21,4.99,16178054.49,-1232.74,164,2,6.84,,,,,,3.1166666666666663,"{""industry"": ""装修装饰"", ""industry_zt_count"": 2, ""sector_pct_change"": 1.0, ""sector_up_ratio"": 0.46, ""sector_amount_rank"": 130, ""zt_score"": 10, ""pct_score"": 12.0, ""up_ratio_score"": 9.2, ""amount_score"": 0}"
1296,600330.SH,20260422,8.666666666666666,2.0,2.0,6.0,8.0,5.0,7.0,2.0,2.0,8.0,0.0,50.0,10:13:34,0.0,0.0562,0.0091,1.45,16.12,0.0,20851.45,164,1,5.89,,,,,,3.0,"{""industry"": ""电子化学"", ""industry_zt_count"": 1, ""sector_pct_change"": 0, ""sector_up_ratio"": 0, ""sector_amount_rank"": 0, ""zt_score"": 5, ""pct_score"": 10.0, ""up_ratio_score"": 10, ""amount_score"": 5}"
1291,600446.SH,20260422,8.0,2.0,2.0,10.0,6.0,5.0,7.0,2.0,2.0,8.0,0.0,50.8,10:45:52,0.0,0.0812,0.0038,3.09,4.73,0.0,989.53,164,1,5.38,,,,,,3.0,"{""industry"": ""IT服务Ⅱ"", ""industry_zt_count"": 1, ""sector_pct_change"": 0, ""sector_up_ratio"": 0, ""sector_amount_rank"": 0, ""zt_score"": 5, ""pct_score"": 10.0, ""up_ratio_score"": 10, ""amount_score"": 5}"
1294,600641.SH,20260422,7.333333333333333,4.0,2.0,4.0,6.0,5.0,5.0,2.0,7.0,6.0,0.0,50.3,13:00:33,1.0,0.1125,0.0055,0.93,4.9,0.0,-15534.84,164,2,6.1,,,,,,5.300742268041237,"{""industry"": ""半导体"", ""industry_zt_count"": 2, ""sector_pct_change"": 2.88, ""sector_up_ratio"": 0.91, ""sector_amount_rank"": 3, ""zt_score"": 10, ""pct_score"": 15.8, ""up_ratio_score"": 18.2, ""amount_score"": 9.0}"
1279,600703.SH,20260422,10.0,4.0,2.0,4.0,6.0,5.0,5.0,2.0,8.0,6.0,0.0,53.55,09:44:57,0.0,0.1293,0.0054,0.72,4.19,0.0,-679.47,164,3,6.28,,,,,,4.548560747663552,"{""industry"": ""光学光电"", ""industry_zt_count"": 3, ""sector_pct_change"": 2.64, ""sector_up_ratio"": 0.71, ""sector_amount_rank"": 19, ""zt_score"": 15, ""pct_score"": 15.3, ""up_ratio_score"": 14.2, ""amount_score"": 1.0}"
1263,600736.SH,20260422,9.0,4.0,4.0,6.0,10.0,10.0,5.0,2.0,6.0,3.0,10.0,70.97,09:31:01,1.0,0.1892,0.0195,5.11,10.31,87569610.12,-16126.59,164,3,9.65,,,,,,3.374,"{""industry"": ""房地产开发"", ""industry_zt_count"": 3, ""sector_pct_change"": 0.37, ""sector_up_ratio"": 0.4, ""sector_amount_rank"": 68, ""zt_score"": 15, ""pct_score"": 10.7, ""up_ratio_score"": 8.0, ""amount_score"": 0}"
1298,601061.SH,20260422,8.666666666666666,6.0,2.0,6.0,6.0,5.0,5.0,2.0,2.0,6.0,0.0,49.2,09:34:25,0.0,0.3002,0.0013,1.12,0.43,0.0,-5929.49,164,1,6.62,,,,,,3.0,"{""industry"": ""贸易Ⅱ"", ""industry_zt_count"": 1, ""sector_pct_change"": 0, ""sector_up_ratio"": 0, ""sector_amount_rank"": 0, ""zt_score"": 5, ""pct_score"": 10.0, ""up_ratio_score"": 10, ""amount_score"": 5}"
1276,601512.SH,20260422,5.666666666666667,2.0,2.0,6.0,6.0,13.0,5.0,2.0,6.0,6.0,0.0,54.77,14:35:20,0.0,0.0588,0.0012,5.37,2.05,34735935.95,-5407.75,164,3,8.37,,,,,,3.374,"{""industry"": ""房地产开发"", ""industry_zt_count"": 3, ""sector_pct_change"": 0.37, ""sector_up_ratio"": 0.4, ""sector_amount_rank"": 68, ""zt_score"": 15, ""pct_score"": 10.7, ""up_ratio_score"": 8.0, ""amount_score"": 0}"
1270,603115.SH,20260422,10.0,8.0,2.0,4.0,6.0,9.0,5.0,2.0,5.0,3.0,0.0,58.6,09:31:01,0.0,0.6206,0.0086,0.35,1.39,32609583.6,-4490.93,164,5,9.67,,,,,,5.0,"{""industry"": ""元件"", ""industry_zt_count"": 5, ""sector_pct_change"": 0, ""sector_up_ratio"": 0, ""sector_amount_rank"": 0, ""zt_score"": 25, ""pct_score"": 10.0, ""up_ratio_score"": 10, ""amount_score"": 5}"
1280,603496.SH,20260422,8.0,4.0,4.0,6.0,10.0,5.0,5.0,2.0,2.0,8.0,0.0,53.2,10:39:22,0.0,0.1267,0.0105,1.8,8.29,0.0,-546.83,164,1,5.13,,,,,,3.0,"{""industry"": ""计算机设"", ""industry_zt_count"": 1, ""sector_pct_change"": 0, ""sector_up_ratio"": 0, ""sector_amount_rank"": 0, ""zt_score"": 5, ""pct_score"": 10.0, ""up_ratio_score"": 10, ""amount_score"": 5}"
1288,603606.SH,20260422,7.666666666666667,2.0,2.0,8.0,6.0,5.0,5.0,2.0,7.0,6.0,0.0,51.04,09:39:42,1.0,0.0568,0.0017,2.06,3.06,0.0,-59299.12,164,3,6.5,,,,,,4.444964539007092,"{""industry"": ""电网设备"", ""industry_zt_count"": 3, ""sector_pct_change"": 1.45, ""sector_up_ratio"": 0.65, ""sector_amount_rank"": 14, ""zt_score"": 15, ""pct_score"": 12.9, ""up_ratio_score"": 13.0, ""amount_score"": 3.5}"
1289,603618.SH,20260422,7.666666666666667,2.0,2.0,4.0,10.0,5.0,5.0,2.0,7.0,6.0,0.0,51.04,09:49:46,1.0,0.0592,0.0061,0.84,10.31,0.0,-15258.93,164,3,7.14,,,,,,4.444964539007092,"{""industry"": ""电网设备"", ""industry_zt_count"": 3, ""sector_pct_change"": 1.45, ""sector_up_ratio"": 0.65, ""sector_amount_rank"": 14, ""zt_score"": 15, ""pct_score"": 12.9, ""up_ratio_score"": 13.0, ""amount_score"": 3.5}"
1269,603903.SH,20260422,8.0,8.0,6.0,10.0,6.0,5.0,5.0,2.0,4.0,6.0,0.0,59.36,10:37:51,0.0,0.7067,0.0341,3.92,4.83,0.0,-488.15,164,1,6.44,,,,,,2.357636363636364,"{""industry"": ""环境治理"", ""industry_zt_count"": 1, ""sector_pct_change"": -0.03, ""sector_up_ratio"": 0.43, ""sector_amount_rank"": 56, ""zt_score"": 5, ""pct_score"": 9.9, ""up_ratio_score"": 8.6, ""amount_score"": 0}"
1287,603906.SH,20260422,6.333333333333333,2.0,2.0,6.0,8.0,5.0,8.0,2.0,5.0,8.0,0.0,51.31,14:11:48,0.0,0.0258,0.0044,1.4,16.95,0.0,13678.98,164,2,4.77,,,,,,3.713265306122449,"{""industry"": ""电池"", ""industry_zt_count"": 2, ""sector_pct_change"": -0.25, ""sector_up_ratio"": 0.58, ""sector_amount_rank"": 9, ""zt_score"": 10, ""pct_score"": 9.5, ""up_ratio_score"": 11.6, ""amount_score"": 6.0}"
1286,605365.SH,20260422,8.666666666666666,4.0,2.0,4.0,6.0,9.0,8.0,2.0,2.0,3.0,0.0,51.6,10:36:17,0.0,0.1574,0.0048,0.91,3.05,56053611.0,1174.62,164,1,9.67,,,,,,3.0,"{""industry"": ""照明设备"", ""industry_zt_count"": 1, ""sector_pct_change"": 0, ""sector_up_ratio"": 0, ""sector_amount_rank"": 0, ""zt_score"": 5, ""pct_score"": 10.0, ""up_ratio_score"": 10, ""amount_score"": 5}"
1302,605376.SH,20260422,7.666666666666667,2.0,2.0,4.0,6.0,5.0,5.0,2.0,2.0,6.0,0.0,42.4,09:37:43,1.0,0.0966,0.0026,0.75,2.72,0.0,-23451.48,164,1,6.11,,,,,,3.0,"{""industry"": ""金属新材"", ""industry_zt_count"": 1, ""sector_pct_change"": 0, ""sector_up_ratio"": 0, ""sector_amount_rank"": 0, ""zt_score"": 5, ""pct_score"": 10.0, ""up_ratio_score"": 10, ""amount_score"": 5}"
1273,605588.SH,20260422,7.0,6.0,4.0,6.0,6.0,5.0,5.0,2.0,8.0,6.0,0.0,55.95,11:04:49,0.0,0.4825,0.0168,1.86,3.47,0.0,-3878.65,164,3,6.86,,,,,,4.548560747663552,"{""industry"": ""光学光电"", ""industry_zt_count"": 3, ""sector_pct_change"": 2.64, ""sector_up_ratio"": 0.71, ""sector_amount_rank"": 19, ""zt_score"": 15, ""pct_score"": 15.3, ""up_ratio_score"": 14.2, ""amount_score"": 1.0}"
1290,920981.BJ,20260422,7.0,2.0,4.0,10.0,4.0,7.0,5.0,2.0,5.0,1.0,0.0,51.0,13:16:19,0.0,0.0724,0.0207,4.83,28.54,11225486.14,0.0,164,5,17.87,,,,,,5.0,"{""industry"": ""元件"", ""industry_zt_count"": 5, ""sector_pct_change"": 0, ""sector_up_ratio"": 0, ""sector_amount_rank"": 0, ""zt_score"": 25, ""pct_score"": 10.0, ""up_ratio_score"": 10, ""amount_score"": 5}"
1255,000056.SZ,20260421,6.0,2.0,2.0,10.0,8.0,5.0,8.0,2.0,2.0,6.0,0.0,49.8,10:14:54,2.0,0.02,0.004,3.18,19.93,0.0,2781.32,25,1,7.44,,,,,,3.0,"{""industry"": ""房地产服务"", ""industry_zt_count"": 1, ""sector_pct_change"": 0, ""sector_up_ratio"": 0, ""sector_amount_rank"": 0, ""zt_score"": 5, ""pct_score"": 10.0, ""up_ratio_score"": 10, ""amount_score"": 5}"
1246,000539.SZ,20260421,8.0,4.0,2.0,6.0,6.0,5.0,5.0,2.0,8.0,6.0,0.0,54.01,10:23:33,0.0,0.1834,0.008,1.46,4.35,0.0,-16096.28,164,5,7.04,,,,,,5.814146341463415,"{""industry"": ""电力"", ""industry_zt_count"": 5, ""sector_pct_change"": 1.4, ""sector_up_ratio"": 0.82, ""sector_amount_rank"": 13, ""zt_score"": 25, ""pct_score"": 12.8, ""up_ratio_score"": 16.3, ""amount_score"": 4.0}"
1219,000690.SZ,20260421,7.0,4.0,4.0,10.0,10.0,5.0,9.0,2.0,8.0,6.0,0.0,65.61,11:29:18,0.0,0.138,0.0147,3.98,10.67,0.0,29736.12,164,5,6.61,,,,,,5.814146341463415,"{""industry"": ""电力"", ""industry_zt_count"": 5, ""sector_pct_change"": 1.4, ""sector_up_ratio"": 0.82, ""sector_amount_rank"": 13, ""zt_score"": 25, ""pct_score"": 12.8, ""up_ratio_score"": 16.3, ""amount_score"": 4.0}"
1247,000715.SZ,20260421,5.666666666666667,4.0,4.0,10.0,10.0,5.0,6.0,2.0,4.0,6.0,0.0,53.95,14:42:09,0.0,0.2841,0.0149,4.26,5.25,0.0,-1496.74,164,1,6.33,,,,,,1.9460000000000002,"{""industry"": ""一般零售"", ""industry_zt_count"": 1, ""sector_pct_change"": -0.52, ""sector_up_ratio"": 0.28, ""sector_amount_rank"": 103, ""zt_score"": 5, ""pct_score"": 9.0, ""up_ratio_score"": 5.5, ""amount_score"": 0}"
1223,000802.SZ,20260421,8.666666666666666,8.0,6.0,10.0,6.0,5.0,5.0,2.0,5.0,6.0,0.0,61.65,09:30:00,0.0,0.8827,0.0406,3.01,4.6,0.0,-12641.67,164,1,7.3,,,,,,3.048,"{""industry"": ""影视院线"", ""industry_zt_count"": 1, ""sector_pct_change"": 1.24, ""sector_up_ratio"": 0.65, ""sector_amount_rank"": 81, ""zt_score"": 5, ""pct_score"": 12.5, ""up_ratio_score"": 13.0, ""amount_score"": 0}"
1251,000819.SZ,20260421,6.333333333333333,2.0,2.0,10.0,10.0,5.0,9.0,2.0,2.0,6.0,0.0,52.8,13:32:12,0.0,0.0941,0.0064,3.46,6.76,0.0,8812.95,164,1,6.0,,,,,,3.0,"{""industry"": ""炼化及贸"", ""industry_zt_count"": 1, ""sector_pct_change"": 0, ""sector_up_ratio"": 0, ""sector_amount_rank"": 0, ""zt_score"": 5, ""pct_score"": 10.0, ""up_ratio_score"": 10, ""amount_score"": 5}"
1239,000980.SZ,20260421,8.666666666666666,4.0,2.0,6.0,6.0,5.0,7.0,2.0,7.0,6.0,0.0,55.14,09:44:39,0.0,0.1591,0.0063,1.3,3.95,0.0,1554.14,164,6,7.69,,,,,,4.941577689243028,"{""industry"": ""汽车零部件"", ""industry_zt_count"": 6, ""sector_pct_change"": -0.07, ""sector_up_ratio"": 0.3, ""sector_amount_rank"": 14, ""zt_score"": 30, ""pct_score"": 9.9, ""up_ratio_score"": 6.1, ""amount_score"": 3.5}"
1249,002081.SZ,20260421,9.333333333333334,6.0,4.0,6.0,6.0,5.0,5.0,2.0,5.0,3.0,0.0,53.4,09:30:24,0.0,0.4883,0.0218,1.87,4.47,0.0,-2281.18,164,2,9.69,,,,,,3.4000952380952385,"{""industry"": ""装修装饰"", ""industry_zt_count"": 2, ""sector_pct_change"": 0.81, ""sector_up_ratio"": 0.62, ""sector_amount_rank"": 128, ""zt_score"": 10, ""pct_score"": 11.6, ""up_ratio_score"": 12.4, ""amount_score"": 0}"
1238,002201.SZ,20260421,5.666666666666667,4.0,4.0,6.0,10.0,8.0,5.0,2.0,5.0,6.0,0.0,55.24,14:51:45,0.0,0.1375,0.0204,1.83,14.83,161987691.33,-799.41,164,1,7.68,,,,,,3.0439999999999996,"{""industry"": ""玻璃玻纤"", ""industry_zt_count"": 1, ""sector_pct_change"": 1.47, ""sector_up_ratio"": 0.62, ""sector_amount_rank"": 45, ""zt_score"": 5, ""pct_score"": 12.9, ""up_ratio_score"": 12.5, ""amount_score"": 0}"
1230,002338.SZ,20260421,7.0,2.0,2.0,8.0,10.0,10.0,9.0,2.0,4.0,6.0,0.0,58.55,10:05:21,1.0,0.0399,0.0039,2.94,9.72,142902352.96,24733.65,164,1,7.71,,,,,,1.9537142857142857,"{""industry"": ""军工电子"", ""industry_zt_count"": 1, ""sector_pct_change"": -0.41, ""sector_up_ratio"": 0.27, ""sector_amount_rank"": 26, ""zt_score"": 5, ""pct_score"": 9.2, ""up_ratio_score"": 5.4, ""amount_score"": 0}"
1260,002342.SZ,20260421,5.666666666666667,2.0,2.0,6.0,4.0,10.0,5.0,2.0,4.0,6.0,0.0,47.08,14:56:51,0.0,0.0289,0.008,1.06,27.73,436804107.63,-7447.11,164,1,7.19,,,,,,2.4818861788617887,"{""industry"": ""通用设备"", ""industry_zt_count"": 1, ""sector_pct_change"": -0.43, ""sector_up_ratio"": 0.31, ""sector_amount_rank"": 12, ""zt_score"": 5, ""pct_score"": 9.1, ""up_ratio_score"": 6.2, ""amount_score"": 4.5}"
1232,002565.SZ,20260421,6.666666666666667,4.0,4.0,4.0,10.0,8.0,5.0,2.0,7.0,6.0,0.0,57.62,09:25:00,2.0,0.118,0.0144,0.51,12.22,269054030.92,-218680.14,164,4,8.82,,,,,,4.221617021276596,"{""industry"": ""包装印刷"", ""industry_zt_count"": 4, ""sector_pct_change"": 1.64, ""sector_up_ratio"": 0.45, ""sector_amount_rank"": 71, ""zt_score"": 20, ""pct_score"": 13.3, ""up_ratio_score"": 8.9, ""amount_score"": 0}"
1229,002752.SZ,20260421,8.666666666666666,8.0,4.0,6.0,6.0,5.0,5.0,2.0,7.0,6.0,0.0,58.82,09:25:00,0.0,0.9937,0.0187,1.04,1.89,0.0,-12694.07,164,4,6.87,,,,,,4.221617021276596,"{""industry"": ""包装印刷"", ""industry_zt_count"": 4, ""sector_pct_change"": 1.64, ""sector_up_ratio"": 0.45, ""sector_amount_rank"": 71, ""zt_score"": 20, ""pct_score"": 13.3, ""up_ratio_score"": 8.9, ""amount_score"": 0}"
1227,002846.SZ,20260421,7.0,4.0,4.0,10.0,10.0,5.0,5.0,2.0,7.0,6.0,0.0,59.22,13:05:21,0.0,0.2902,0.0206,3.77,7.09,0.0,-4189.27,164,4,6.31,,,,,,4.221617021276596,"{""industry"": ""包装印刷"", ""industry_zt_count"": 4, ""sector_pct_change"": 1.64, ""sector_up_ratio"": 0.45, ""sector_amount_rank"": 71, ""zt_score"": 20, ""pct_score"": 13.3, ""up_ratio_score"": 8.9, ""amount_score"": 0}"
1254,002853.SZ,20260421,8.0,4.0,2.0,8.0,6.0,5.0,5.0,2.0,5.0,6.0,0.0,50.43,10:44:54,0.0,0.2198,0.009,2.11,4.09,0.0,-2434.41,164,2,7.03,,,,,,3.0270746268656716,"{""industry"": ""家居用品"", ""industry_zt_count"": 2, ""sector_pct_change"": 0.21, ""sector_up_ratio"": 0.49, ""sector_amount_rank"": 113, ""zt_score"": 10, ""pct_score"": 10.4, ""up_ratio_score"": 9.9, ""amount_score"": 0}"
1234,002950.SZ,20260421,7.0,6.0,4.0,6.0,10.0,5.0,8.0,2.0,4.0,6.0,0.0,56.59,11:11:36,0.0,0.3069,0.0257,1.41,8.37,0.0,3218.63,164,1,6.23,,,,,,2.1914653465346534,"{""industry"": ""医疗器械"", ""industry_zt_count"": 1, ""sector_pct_change"": 0.19, ""sector_up_ratio"": 0.33, ""sector_amount_rank"": 60, ""zt_score"": 5, ""pct_score"": 10.4, ""up_ratio_score"": 6.5, ""amount_score"": 0}"
1233,002952.SZ,20260421,8.0,6.0,6.0,6.0,10.0,5.0,5.0,2.0,4.0,6.0,0.0,57.59,10:25:12,0.0,0.3753,0.0304,1.49,8.11,0.0,-1790.28,164,1,6.3,,,,,,2.5924528301886793,"{""industry"": ""光学光电"", ""industry_zt_count"": 1, ""sector_pct_change"": 0.75, ""sector_up_ratio"": 0.4, ""sector_amount_rank"": 18, ""zt_score"": 5, ""pct_score"": 11.5, ""up_ratio_score"": 7.9, ""amount_score"": 1.5}"
1218,002982.SZ,20260421,6.333333333333333,8.0,8.0,10.0,10.0,5.0,9.0,2.0,4.0,6.0,0.0,67.07,14:17:12,0.0,0.7417,0.0815,3.58,10.99,0.0,2102.46,164,1,6.44,,,,,,2.4703809523809523,"{""industry"": ""养殖业"", ""industry_zt_count"": 1, ""sector_pct_change"": 0.09, ""sector_up_ratio"": 0.48, ""sector_amount_rank"": 107, ""zt_score"": 5, ""pct_score"": 10.2, ""up_ratio_score"": 9.5, ""amount_score"": 0}"
1237,003027.SZ,20260421,8.0,4.0,6.0,6.0,10.0,5.0,5.0,2.0,4.0,6.0,0.0,55.43,10:50:51,0.0,0.2819,0.0317,1.95,11.25,0.0,-739.7,164,1,6.34,,,,,,2.4270434782608694,"{""industry"": ""环境治理"", ""industry_zt_count"": 1, ""sector_pct_change"": 0.07, ""sector_up_ratio"": 0.46, ""sector_amount_rank"": 54, ""zt_score"": 5, ""pct_score"": 10.1, ""up_ratio_score"": 9.1, ""amount_score"": 0}"
1217,300067.SZ,20260421,8.666666666666666,10.0,10.0,4.0,6.0,6.0,5.0,2.0,4.0,1.0,10.0,70.56,09:25:00,0.0,13.3433,0.121,0.4,0.91,13813265.0,-4293.74,164,1,13.57,,,,,,2.559048951048951,"{""industry"": ""化学制品"", ""industry_zt_count"": 1, ""sector_pct_change"": 0.54, ""sector_up_ratio"": 0.48, ""sector_amount_rank"": 30, ""zt_score"": 5, ""pct_score"": 11.1, ""up_ratio_score"": 9.5, ""amount_score"": 0}"
1224,300533.SZ,20260421,8.0,4.0,4.0,8.0,10.0,10.0,8.0,2.0,3.0,1.0,0.0,60.9,10:13:03,0.0,0.1485,0.022,2.92,14.84,97178482.76,4917.51,164,2,12.72,,,,,,3.5,"{""industry"": ""游戏Ⅱ"", ""industry_zt_count"": 2, ""sector_pct_change"": 0, ""sector_up_ratio"": 0, ""sector_amount_rank"": 0, ""zt_score"": 10, ""pct_score"": 10.0, ""up_ratio_score"": 10, ""amount_score"": 5}"
1221,301022.SZ,20260421,8.666666666666666,8.0,4.0,6.0,6.0,9.0,5.0,2.0,7.0,3.0,0.0,62.54,09:30:00,0.0,0.5899,0.0255,1.85,4.33,23252446.8,-8286.63,164,6,11.64,,,,,,4.941577689243028,"{""industry"": ""汽车零部件"", ""industry_zt_count"": 6, ""sector_pct_change"": -0.07, ""sector_up_ratio"": 0.3, ""sector_amount_rank"": 14, ""zt_score"": 30, ""pct_score"": 9.9, ""up_ratio_score"": 6.1, ""amount_score"": 3.5}"
1241,600032.SH,20260421,7.0,4.0,2.0,6.0,6.0,5.0,7.0,2.0,8.0,6.0,0.0,54.81,11:25:16,0.0,0.1147,0.0053,1.47,4.61,45595571.84,1621.48,164,5,6.89,,,,,,5.814146341463415,"{""industry"": ""电力"", ""industry_zt_count"": 5, ""sector_pct_change"": 1.4, ""sector_up_ratio"": 0.82, ""sector_amount_rank"": 13, ""zt_score"": 25, ""pct_score"": 12.8, ""up_ratio_score"": 16.3, ""amount_score"": 4.0}"
1226,600103.SH,20260421,9.333333333333334,2.0,4.0,6.0,8.0,9.0,7.0,2.0,7.0,3.0,0.0,59.66,10:39:16,0.0,0.092,0.0159,1.05,17.25,55162487.01,3665.58,164,2,9.63,,,,,,3.6615151515151516,"{""industry"": ""造纸"", ""industry_zt_count"": 2, ""sector_pct_change"": 2.55, ""sector_up_ratio"": 0.58, ""sector_amount_rank"": 83, ""zt_score"": 10, ""pct_score"": 15.1, ""up_ratio_score"": 11.5, ""amount_score"": 0}"
1256,600261.SH,20260421,7.0,4.0,2.0,6.0,10.0,5.0,5.0,2.0,3.0,6.0,0.0,49.7,10:47:47,1.0,0.1227,0.007,6.86,5.69,0.0,-846.49,164,2,6.27,,,,,,3.5,"{""industry"": ""照明设备"", ""industry_zt_count"": 2, ""sector_pct_change"": 0, ""sector_up_ratio"": 0, ""sector_amount_rank"": 0, ""zt_score"": 10, ""pct_score"": 10.0, ""up_ratio_score"": 10, ""amount_score"": 5}"
1236,600308.SH,20260421,7.0,4.0,2.0,10.0,6.0,7.0,5.0,2.0,7.0,6.0,0.0,55.46,13:01:44,0.0,0.2685,0.0084,4.41,3.14,18015056.92,-2162.08,164,2,6.43,,,,,,3.6615151515151516,"{""industry"": ""造纸"", ""industry_zt_count"": 2, ""sector_pct_change"": 2.55, ""sector_up_ratio"": 0.58, ""sector_amount_rank"": 83, ""zt_score"": 10, ""pct_score"": 15.1, ""up_ratio_score"": 11.5, ""amount_score"": 0}"
1242,600396.SH,20260421,7.0,2.0,2.0,6.0,8.0,7.0,5.0,2.0,8.0,6.0,0.0,54.81,11:26:16,0.0,0.0323,0.0062,1.08,19.21,119860736.0,-25224.09,164,5,7.63,,,,,,5.814146341463415,"{""industry"": ""电力"", ""industry_zt_count"": 5, ""sector_pct_change"": 1.4, ""sector_up_ratio"": 0.82, ""sector_amount_rank"": 13, ""zt_score"": 25, ""pct_score"": 12.8, ""up_ratio_score"": 16.3, ""amount_score"": 4.0}"
1231,600520.SH,20260421,7.0,4.0,4.0,10.0,8.0,5.0,10.0,2.0,4.0,6.0,0.0,58.23,14:55:44,0.0,0.1261,0.0226,3.75,17.92,0.0,16998.76,164,1,6.35,,,,,,2.2324890829694324,"{""industry"": ""专用设备"", ""industry_zt_count"": 1, ""sector_pct_change"": -0.7, ""sector_up_ratio"": 0.34, ""sector_amount_rank"": 17, ""zt_score"": 5, ""pct_score"": 8.6, ""up_ratio_score"": 6.7, ""amount_score"": 2.0}"
1252,600678.SH,20260421,6.666666666666667,4.0,4.0,8.0,10.0,5.0,5.0,2.0,4.0,6.0,0.0,52.61,09:31:15,2.0,0.2269,0.0193,2.88,8.52,0.0,-17058.9,164,1,7.49,,,,,,2.011454545454545,"{""industry"": ""水泥"", ""industry_zt_count"": 1, ""sector_pct_change"": -0.17, ""sector_up_ratio"": 0.27, ""sector_amount_rank"": 140, ""zt_score"": 5, ""pct_score"": 9.7, ""up_ratio_score"": 5.5, ""amount_score"": 0}"
1225,600699.SH,20260421,6.333333333333333,4.0,2.0,8.0,10.0,5.0,9.0,2.0,7.0,8.0,0.0,60.34,14:27:15,0.0,0.1112,0.0081,2.89,7.31,0.0,40550.83,164,6,5.93,,,,,,4.941577689243028,"{""industry"": ""汽车零部件"", ""industry_zt_count"": 6, ""sector_pct_change"": -0.07, ""sector_up_ratio"": 0.3, ""sector_amount_rank"": 14, ""zt_score"": 30, ""pct_score"": 9.9, ""up_ratio_score"": 6.1, ""amount_score"": 3.5}"
1259,600715.SH,20260421,7.0,2.0,2.0,6.0,10.0,5.0,5.0,2.0,3.0,6.0,0.0,47.7,10:02:37,1.0,0.07,0.0036,5.54,5.16,0.0,-8474.87,164,2,6.39,,,,,,3.5,"{""industry"": ""游戏Ⅱ"", ""industry_zt_count"": 2, ""sector_pct_change"": 0, ""sector_up_ratio"": 0, ""sector_amount_rank"": 0, ""zt_score"": 10, ""pct_score"": 10.0, ""up_ratio_score"": 10, ""amount_score"": 5}"
1228,600736.SH,20260421,8.666666666666666,6.0,4.0,8.0,6.0,9.0,5.0,2.0,4.0,6.0,0.0,58.88,09:52:41,0.0,0.4012,0.0168,2.69,4.18,64653956.0,-1892.99,164,1,6.46,,,,,,2.2775897435897434,"{""industry"": ""房地产开发"", ""industry_zt_count"": 1, ""sector_pct_change"": 0.17, ""sector_up_ratio"": 0.37, ""sector_amount_rank"": 69, ""zt_score"": 5, ""pct_score"": 10.3, ""up_ratio_score"": 7.4, ""amount_score"": 0}"
1220,600979.SH,20260421,7.333333333333333,2.0,2.0,10.0,10.0,13.0,5.0,2.0,8.0,3.0,0.0,65.41,11:27:13,1.0,0.0387,0.0056,4.14,14.57,122784875.2,-22020.46,164,5,9.62,,,,,,5.814146341463415,"{""industry"": ""电力"", ""industry_zt_count"": 5, ""sector_pct_change"": 1.4, ""sector_up_ratio"": 0.82, ""sector_amount_rank"": 13, ""zt_score"": 25, ""pct_score"": 12.8, ""up_ratio_score"": 16.3, ""amount_score"": 4.0}"
1261,603016.SH,20260421,7.666666666666667,4.0,2.0,4.0,6.0,5.0,5.0,2.0,4.0,6.0,0.0,44.99,09:42:20,1.0,0.1995,0.0061,0.65,3.07,0.0,-4650.54,164,1,6.72,,,,,,1.990450704225352,"{""industry"": ""电网设备"", ""industry_zt_count"": 1, ""sector_pct_change"": -1.09, ""sector_up_ratio"": 0.2, ""sector_amount_rank"": 15, ""zt_score"": 5, ""pct_score"": 7.8, ""up_ratio_score"": 4.1, ""amount_score"": 3.0}"
1245,603017.SH,20260421,9.0,6.0,4.0,4.0,10.0,7.0,5.0,2.0,2.0,3.0,0.0,54.2,09:30:00,1.0,0.4049,0.0215,0.81,5.32,33661449.79,-8924.97,164,1,9.66,,,,,,3.0,"{""industry"": ""工程咨询"", ""industry_zt_count"": 1, ""sector_pct_change"": 0, ""sector_up_ratio"": 0, ""sector_amount_rank"": 0, ""zt_score"": 5, ""pct_score"": 10.0, ""up_ratio_score"": 10, ""amount_score"": 5}"
1257,603030.SH,20260421,6.666666666666667,4.0,2.0,8.0,6.0,5.0,5.0,2.0,5.0,6.0,0.0,49.2,09:37:06,2.0,0.1954,0.0066,2.62,3.38,0.0,-1375.38,164,2,6.49,,,,,,3.4000952380952385,"{""industry"": ""装修装饰"", ""industry_zt_count"": 2, ""sector_pct_change"": 0.81, ""sector_up_ratio"": 0.62, ""sector_amount_rank"": 128, ""zt_score"": 10, ""pct_score"": 11.6, ""up_ratio_score"": 12.4, ""amount_score"": 0}"
1258,603115.SH,20260421,8.0,4.0,2.0,4.0,6.0,5.0,5.0,2.0,4.0,8.0,0.0,48.6,10:46:03,0.0,0.2212,0.0075,0.82,3.38,0.0,-882.41,164,3,4.13,,,,,,4.0,"{""industry"": ""元件"", ""industry_zt_count"": 3, ""sector_pct_change"": 0, ""sector_up_ratio"": 0, ""sector_amount_rank"": 0, ""zt_score"": 15, ""pct_score"": 10.0, ""up_ratio_score"": 10, ""amount_score"": 5}"
1244,603178.SH,20260421,7.333333333333333,4.0,4.0,8.0,10.0,3.0,5.0,2.0,7.0,3.0,0.0,54.54,09:39:32,2.0,0.199,0.0222,2.95,11.17,38958769.0,-12819.32,164,6,9.68,,,,,,4.941577689243028,"{""industry"": ""汽车零部件"", ""industry_zt_count"": 6, ""sector_pct_change"": -0.07, ""sector_up_ratio"": 0.3, ""sector_amount_rank"": 14, ""zt_score"": 30, ""pct_score"": 9.9, ""up_ratio_score"": 6.1, ""amount_score"": 3.5}"
1248,603335.SH,20260421,8.666666666666666,4.0,4.0,4.0,6.0,5.0,5.0,2.0,7.0,6.0,0.0,53.94,09:34:21,0.0,0.2459,0.0114,0.64,4.63,0.0,-5466.29,164,6,7.49,,,,,,4.941577689243028,"{""industry"": ""汽车零部件"", ""industry_zt_count"": 6, ""sector_pct_change"": -0.07, ""sector_up_ratio"": 0.3, ""sector_amount_rank"": 14, ""zt_score"": 30, ""pct_score"": 9.9, ""up_ratio_score"": 6.1, ""amount_score"": 3.5}"
1243,603738.SH,20260421,9.0,2.0,2.0,4.0,10.0,9.0,5.0,2.0,4.0,6.0,0.0,54.6,09:55:34,1.0,0.0663,0.008,0.91,12.01,3128214.95,-18914.23,164,3,7.94,,,,,,4.0,"{""industry"": ""元件"", ""industry_zt_count"": 3, ""sector_pct_change"": 0, ""sector_up_ratio"": 0, ""sector_amount_rank"": 0, ""zt_score"": 15, ""pct_score"": 10.0, ""up_ratio_score"": 10, ""amount_score"": 5}"
1222,603788.SH,20260421,6.333333333333333,4.0,4.0,6.0,10.0,7.0,9.0,2.0,7.0,6.0,0.0,62.34,13:43:15,0.0,0.1654,0.0106,9.6,6.43,11865624.0,2699.19,164,6,6.75,,,,,,4.941577689243028,"{""industry"": ""汽车零部件"", ""industry_zt_count"": 6, ""sector_pct_change"": -0.07, ""sector_up_ratio"": 0.3, ""sector_amount_rank"": 14, ""zt_score"": 30, ""pct_score"": 9.9, ""up_ratio_score"": 6.1, ""amount_score"": 3.5}"
1240,603815.SH,20260421,7.0,4.0,4.0,6.0,10.0,5.0,7.0,2.0,4.0,8.0,0.0,55.09,10:01:06,1.0,0.1893,0.0203,1.73,10.73,0.0,898.88,164,1,5.68,,,,,,2.4927368421052636,"{""industry"": ""基础建设"", ""industry_zt_count"": 1, ""sector_pct_change"": 0.49, ""sector_up_ratio"": 0.45, ""sector_amount_rank"": 70, ""zt_score"": 5, ""pct_score"": 11.0, ""up_ratio_score"": 8.9, ""amount_score"": 0}"
1235,603898.SH,20260421,7.0,8.0,4.0,8.0,6.0,5.0,5.0,2.0,5.0,6.0,0.0,55.63,13:02:20,0.0,0.5766,0.0143,2.64,2.49,0.0,-788.84,164,2,6.28,,,,,,3.0270746268656716,"{""industry"": ""家居用品"", ""industry_zt_count"": 2, ""sector_pct_change"": 0.21, ""sector_up_ratio"": 0.49, ""sector_amount_rank"": 113, ""zt_score"": 10, ""pct_score"": 10.4, ""up_ratio_score"": 9.9, ""amount_score"": 0}"
1250,605298.SH,20260421,9.333333333333334,8.0,2.0,6.0,6.0,5.0,5.0,2.0,4.0,6.0,0.0,52.98,10:04:18,0.0,0.5032,0.0082,1.04,1.63,0.0,-562.42,164,1,6.1,,,,,,2.384709677419355,"{""industry"": ""轨交设备"", ""industry_zt_count"": 1, ""sector_pct_change"": 0.23, ""sector_up_ratio"": 0.42, ""sector_amount_rank"": 122, ""zt_score"": 5, ""pct_score"": 10.5, ""up_ratio_score"": 8.4, ""amount_score"": 0}"
1253,605365.SH,20260421,6.333333333333333,4.0,2.0,6.0,6.0,5.0,9.0,2.0,3.0,8.0,0.0,50.9,14:18:20,0.0,0.1111,0.0035,1.12,3.19,0.0,2498.29,164,2,5.91,,,,,,3.5,"{""industry"": ""照明设备"", ""industry_zt_count"": 2, ""sector_pct_change"": 0, ""sector_up_ratio"": 0, ""sector_amount_rank"": 0, ""zt_score"": 10, ""pct_score"": 10.0, ""up_ratio_score"": 10, ""amount_score"": 5}"
1174,000404.SZ,20260420,8.666666666666666,8.0,4.0,10.0,6.0,5.0,5.0,2.0,3.0,6.0,0.0,58.1,09:34:42,0.0,0.5669,0.0239,3.95,4.21,0.0,-1937.28,57,2,6.23,,,,,,3.5,"{""industry"": ""家电零部"", ""industry_zt_count"": 2, ""sector_pct_change"": 0, ""sector_up_ratio"": 0, ""sector_amount_rank"": 0, ""zt_score"": 10, ""pct_score"": 10.0, ""up_ratio_score"": 10, ""amount_score"": 5}"
1171,000880.SZ,20260420,7.0,2.0,4.0,10.0,8.0,5.0,9.0,2.0,6.0,6.0,0.0,58.53,10:17:18,1.0,0.0653,0.0121,3.27,18.57,0.0,11979.48,164,3,6.47,,,,,,3.9261102362204725,"{""industry"": ""汽车零部件"", ""industry_zt_count"": 3, ""sector_pct_change"": 0.04, ""sector_up_ratio"": 0.56, ""sector_amount_rank"": 15, ""zt_score"": 15, ""pct_score"": 10.1, ""up_ratio_score"": 11.2, ""amount_score"": 3.0}"
1202,000949.SZ,20260420,6.0,2.0,2.0,8.0,10.0,5.0,7.0,2.0,3.0,8.0,0.0,51.3,13:22:21,1.0,0.0127,0.0009,2.22,7.48,0.0,1586.9,164,2,5.88,,,,,,3.5,"{""industry"": ""化学纤维"", ""industry_zt_count"": 2, ""sector_pct_change"": 0, ""sector_up_ratio"": 0, ""sector_amount_rank"": 0, ""zt_score"": 10, ""pct_score"": 10.0, ""up_ratio_score"": 10, ""amount_score"": 5}"
1169,001229.SZ,20260420,8.666666666666666,8.0,6.0,6.0,10.0,5.0,5.0,2.0,2.0,6.0,0.0,59.2,09:54:36,0.0,0.5429,0.0316,1.7,5.82,0.0,-59.82,164,1,6.01,,,,,,3.0,"{""industry"": ""计算机设"", ""industry_zt_count"": 1, ""sector_pct_change"": 0, ""sector_up_ratio"": 0, ""sector_amount_rank"": 0, ""zt_score"": 5, ""pct_score"": 10.0, ""up_ratio_score"": 10, ""amount_score"": 5}"
1201,001366.SZ,20260420,6.0,4.0,2.0,10.0,10.0,5.0,5.0,2.0,4.0,6.0,0.0,51.45,13:02:39,1.0,0.1292,0.0077,3.44,5.95,0.0,-4730.24,164,1,6.3,,,,,,2.4503809523809523,"{""industry"": ""饲料"", ""industry_zt_count"": 1, ""sector_pct_change"": -0.01, ""sector_up_ratio"": 0.48, ""sector_amount_rank"": 130, ""zt_score"": 5, ""pct_score"": 10.0, ""up_ratio_score"": 9.5, ""amount_score"": 0}"
1205,001400.SZ,20260420,8.333333333333334,2.0,4.0,6.0,8.0,5.0,5.0,2.0,5.0,3.0,0.0,50.1,13:24:15,0.0,0.0914,0.0169,1.03,18.45,0.0,-1414.23,164,2,9.67,,,,,,3.7028888888888885,"{""industry"": ""专用设备"", ""industry_zt_count"": 2, ""sector_pct_change"": 0.82, ""sector_up_ratio"": 0.64, ""sector_amount_rank"": 16, ""zt_score"": 10, ""pct_score"": 11.6, ""up_ratio_score"": 12.9, ""amount_score"": 2.5}"
1165,002081.SZ,20260420,8.333333333333334,4.0,4.0,6.0,10.0,10.0,5.0,2.0,6.0,3.0,0.0,60.47,11:06:09,0.0,0.1589,0.011,6.92,6.93,66070898.86,-7069.38,164,2,9.68,,,,,,3.671304347826087,"{""industry"": ""装修装饰"", ""industry_zt_count"": 2, ""sector_pct_change"": 1.4, ""sector_up_ratio"": 0.7, ""sector_amount_rank"": 128, ""zt_score"": 10, ""pct_score"": 12.8, ""up_ratio_score"": 13.9, ""amount_score"": 0}"
1203,002149.SZ,20260420,6.666666666666667,2.0,2.0,6.0,8.0,8.0,7.0,2.0,3.0,6.0,0.0,51.3,09:56:54,2.0,0.0405,0.0066,1.01,16.38,392068363.76,624.67,164,2,7.18,,,,,,3.5,"{""industry"": ""小金属"", ""industry_zt_count"": 2, ""sector_pct_change"": 0, ""sector_up_ratio"": 0, ""sector_amount_rank"": 0, ""zt_score"": 10, ""pct_score"": 10.0, ""up_ratio_score"": 10, ""amount_score"": 5}"
1185,002217.SZ,20260420,10.0,6.0,4.0,4.0,6.0,5.0,5.0,2.0,8.0,3.0,0.0,55.8,09:30:00,0.0,0.4629,0.0157,0.95,3.4,0.0,-33550.91,164,3,9.67,,,,,,4.196466019417476,"{""industry"": ""光学光电"", ""industry_zt_count"": 3, ""sector_pct_change"": 2.06, ""sector_up_ratio"": 0.59, ""sector_amount_rank"": 19, ""zt_score"": 15, ""pct_score"": 14.1, ""up_ratio_score"": 11.8, ""amount_score"": 1.0}"
1166,002242.SZ,20260420,5.666666666666667,6.0,4.0,10.0,6.0,5.0,9.0,2.0,7.0,6.0,0.0,60.1,14:42:42,0.0,0.3118,0.0133,4.28,4.25,0.0,4699.99,164,2,7.18,,,,,,3.901538461538461,"{""industry"": ""小家电"", ""industry_zt_count"": 2, ""sector_pct_change"": 2.2, ""sector_up_ratio"": 0.73, ""sector_amount_rank"": 123, ""zt_score"": 10, ""pct_score"": 14.4, ""up_ratio_score"": 14.6, ""amount_score"": 0}"
1163,002300.SZ,20260420,8.0,4.0,4.0,6.0,10.0,5.0,8.0,2.0,8.0,8.0,0.0,63.5,10:02:57,0.0,0.1517,0.0145,1.89,9.54,0.0,6641.52,164,4,5.57,,,,,,5.501971830985916,"{""industry"": ""电网设备"", ""industry_zt_count"": 4, ""sector_pct_change"": 2.2, ""sector_up_ratio"": 0.83, ""sector_amount_rank"": 13, ""zt_score"": 20, ""pct_score"": 14.4, ""up_ratio_score"": 16.6, ""amount_score"": 4.0}"
1178,002309.SZ,20260420,8.0,2.0,4.0,6.0,8.0,5.0,9.0,2.0,6.0,8.0,0.0,57.62,10:17:57,0.0,0.0774,0.0151,1.23,19.54,0.0,30254.51,164,2,5.54,,,,,,3.816,"{""industry"": ""光伏设备"", ""industry_zt_count"": 2, ""sector_pct_change"": 1.33, ""sector_up_ratio"": 0.7, ""sector_amount_rank"": 18, ""zt_score"": 10, ""pct_score"": 12.7, ""up_ratio_score"": 14.0, ""amount_score"": 1.5}"
1175,002324.SZ,20260420,7.0,4.0,2.0,10.0,10.0,5.0,9.0,2.0,5.0,6.0,0.0,58.06,11:13:00,0.0,0.1104,0.0093,3.51,8.43,0.0,11839.71,164,2,6.92,,,,,,3.058222222222222,"{""industry"": ""塑料"", ""industry_zt_count"": 2, ""sector_pct_change"": -0.82, ""sector_up_ratio"": 0.61, ""sector_amount_rank"": 34, ""zt_score"": 10, ""pct_score"": 8.4, ""up_ratio_score"": 12.2, ""amount_score"": 0}"
1208,002331.SZ,20260420,6.666666666666667,2.0,2.0,6.0,10.0,5.0,7.0,2.0,2.0,8.0,0.0,49.2,09:41:51,2.0,0.0639,0.0054,6.15,8.47,0.0,1256.54,164,1,5.69,,,,,,3.0,"{""industry"": ""IT服务Ⅱ"", ""industry_zt_count"": 1, ""sector_pct_change"": 0, ""sector_up_ratio"": 0, ""sector_amount_rank"": 0, ""zt_score"": 5, ""pct_score"": 10.0, ""up_ratio_score"": 10, ""amount_score"": 5}"
1211,002361.SZ,20260420,6.666666666666667,2.0,4.0,4.0,2.0,6.0,8.0,2.0,5.0,8.0,0.0,48.26,13:31:30,1.0,0.0265,0.0102,0.96,38.64,-29502786.3,34117.78,164,2,5.54,,,,,,3.058222222222222,"{""industry"": ""塑料"", ""industry_zt_count"": 2, ""sector_pct_change"": -0.82, ""sector_up_ratio"": 0.61, ""sector_amount_rank"": 34, ""zt_score"": 10, ""pct_score"": 8.4, ""up_ratio_score"": 12.2, ""amount_score"": 0}"
1167,002491.SZ,20260420,10.0,4.0,4.0,4.0,10.0,5.0,5.0,2.0,7.0,8.0,0.0,59.97,09:30:54,0.0,0.211,0.0128,0.29,6.06,0.0,-35649.88,164,3,5.34,,,,,,4.966235294117647,"{""industry"": ""通信设备"", ""industry_zt_count"": 3, ""sector_pct_change"": 1.14, ""sector_up_ratio"": 0.67, ""sector_amount_rank"": 3, ""zt_score"": 15, ""pct_score"": 12.3, ""up_ratio_score"": 13.4, ""amount_score"": 9.0}"
1177,002492.SZ,20260420,7.0,6.0,4.0,8.0,6.0,5.0,9.0,2.0,4.0,8.0,0.0,57.66,13:03:33,0.0,0.4939,0.0234,2.05,4.74,0.0,3497.24,164,1,5.97,,,,,,2.6575555555555552,"{""industry"": ""物流"", ""industry_zt_count"": 1, ""sector_pct_change"": 0.01, ""sector_up_ratio"": 0.58, ""sector_amount_rank"": 95, ""zt_score"": 5, ""pct_score"": 10.0, ""up_ratio_score"": 11.6, ""amount_score"": 0}"
1195,002536.SZ,20260420,8.666666666666666,4.0,2.0,4.0,10.0,5.0,5.0,2.0,6.0,6.0,0.0,52.93,09:50:09,0.0,0.1059,0.0068,0.68,6.46,0.0,-4597.77,164,3,7.59,,,,,,3.9261102362204725,"{""industry"": ""汽车零部件"", ""industry_zt_count"": 3, ""sector_pct_change"": 0.04, ""sector_up_ratio"": 0.56, ""sector_amount_rank"": 15, ""zt_score"": 15, ""pct_score"": 10.1, ""up_ratio_score"": 11.2, ""amount_score"": 3.0}"
1189,002560.SZ,20260420,7.666666666666667,2.0,4.0,4.0,6.0,5.0,8.0,2.0,8.0,6.0,0.0,55.1,09:31:15,1.0,0.0879,0.0191,0.71,21.76,0.0,8298.33,164,4,6.39,,,,,,5.501971830985916,"{""industry"": ""电网设备"", ""industry_zt_count"": 4, ""sector_pct_change"": 2.2, ""sector_up_ratio"": 0.83, ""sector_amount_rank"": 13, ""zt_score"": 20, ""pct_score"": 14.4, ""up_ratio_score"": 16.6, ""amount_score"": 4.0}"
1209,002647.SZ,20260420,8.666666666666666,6.0,2.0,4.0,6.0,5.0,5.0,2.0,4.0,6.0,0.0,49.03,09:30:18,0.0,0.3869,0.0078,0.35,2.02,0.0,-8633.18,164,1,7.68,,,,,,2.8340952380952382,"{""industry"": ""多元金融"", ""industry_zt_count"": 1, ""sector_pct_change"": 0.48, ""sector_up_ratio"": 0.62, ""sector_amount_rank"": 116, ""zt_score"": 5, ""pct_score"": 11.0, ""up_ratio_score"": 12.4, ""amount_score"": 0}"
1204,002686.SZ,20260420,7.666666666666667,2.0,2.0,4.0,10.0,5.0,5.0,2.0,6.0,6.0,0.0,50.92,09:35:18,1.0,0.064,0.0047,0.9,7.26,0.0,-12139.78,164,4,6.94,,,,,,5.119674796747967,"{""industry"": ""通用设备"", ""industry_zt_count"": 4, ""sector_pct_change"": 0.95, ""sector_up_ratio"": 0.74, ""sector_amount_rank"": 12, ""zt_score"": 20, ""pct_score"": 11.9, ""up_ratio_score"": 14.8, ""amount_score"": 4.5}"
1176,002692.SZ,20260420,6.666666666666667,4.0,4.0,6.0,10.0,5.0,5.0,2.0,8.0,6.0,0.0,57.7,09:41:03,2.0,0.1044,0.0117,1.06,11.17,0.0,-8629.7,164,4,7.24,,,,,,5.501971830985916,"{""industry"": ""电网设备"", ""industry_zt_count"": 4, ""sector_pct_change"": 2.2, ""sector_up_ratio"": 0.83, ""sector_amount_rank"": 13, ""zt_score"": 20, ""pct_score"": 14.4, ""up_ratio_score"": 16.6, ""amount_score"": 4.0}"
1194,002803.SZ,20260420,8.0,4.0,4.0,8.0,10.0,5.0,5.0,2.0,2.0,6.0,0.0,53.6,10:21:18,0.0,0.162,0.0101,2.07,6.24,0.0,-1335.92,164,1,6.81,,,,,,3.0,"{""industry"": ""互联网电"", ""industry_zt_count"": 1, ""sector_pct_change"": 0, ""sector_up_ratio"": 0, ""sector_amount_rank"": 0, ""zt_score"": 5, ""pct_score"": 10.0, ""up_ratio_score"": 10, ""amount_score"": 5}"
1188,002843.SZ,20260420,8.666666666666666,6.0,4.0,4.0,6.0,5.0,5.0,2.0,6.0,6.0,0.0,55.32,09:25:00,0.0,0.4456,0.0168,0.32,3.77,0.0,-26198.93,164,4,7.34,,,,,,5.119674796747967,"{""industry"": ""通用设备"", ""industry_zt_count"": 4, ""sector_pct_change"": 0.95, ""sector_up_ratio"": 0.74, ""sector_amount_rank"": 12, ""zt_score"": 20, ""pct_score"": 11.9, ""up_ratio_score"": 14.8, ""amount_score"": 4.5}"
1199,002935.SZ,20260420,7.0,2.0,2.0,10.0,6.0,5.0,5.0,2.0,7.0,6.0,0.0,51.78,13:24:21,0.0,0.059,0.0026,3.46,4.43,0.0,-1582.77,164,2,6.72,,,,,,4.384561403508772,"{""industry"": ""军工电子"", ""industry_zt_count"": 2, ""sector_pct_change"": 2.8, ""sector_up_ratio"": 0.91, ""sector_amount_rank"": 25, ""zt_score"": 10, ""pct_score"": 15.6, ""up_ratio_score"": 18.2, ""amount_score"": 0}"
1191,003006.SZ,20260420,8.666666666666666,8.0,4.0,6.0,6.0,5.0,5.0,2.0,2.0,8.0,0.0,54.8,09:32:36,0.0,0.748,0.0113,1.31,1.51,0.0,-3514.79,164,1,5.87,,,,,,3.0,"{""industry"": ""个护用品"", ""industry_zt_count"": 1, ""sector_pct_change"": 0, ""sector_up_ratio"": 0, ""sector_amount_rank"": 0, ""zt_score"": 5, ""pct_score"": 10.0, ""up_ratio_score"": 10, ""amount_score"": 5}"
1181,003023.SZ,20260420,8.666666666666666,8.0,4.0,4.0,6.0,5.0,5.0,2.0,7.0,6.0,0.0,56.9,09:37:12,0.0,0.5785,0.0281,0.99,4.85,0.0,-3648.07,164,2,7.65,,,,,,3.901538461538461,"{""industry"": ""小家电"", ""industry_zt_count"": 2, ""sector_pct_change"": 2.2, ""sector_up_ratio"": 0.73, ""sector_amount_rank"": 123, ""zt_score"": 10, ""pct_score"": 14.4, ""up_ratio_score"": 14.6, ""amount_score"": 0}"
1164,300540.SZ,20260420,7.666666666666667,4.0,4.0,10.0,10.0,10.0,5.0,2.0,5.0,1.0,0.0,60.9,09:45:39,1.0,0.1287,0.0153,3.68,11.93,48428932.04,-5593.66,164,2,15.11,,,,,,3.7028888888888885,"{""industry"": ""专用设备"", ""industry_zt_count"": 2, ""sector_pct_change"": 0.82, ""sector_up_ratio"": 0.64, ""sector_amount_rank"": 16, ""zt_score"": 10, ""pct_score"": 11.6, ""up_ratio_score"": 12.9, ""amount_score"": 2.5}"
1170,301265.SZ,20260420,6.333333333333333,4.0,4.0,6.0,10.0,10.0,8.0,2.0,4.0,3.0,0.0,58.77,13:45:42,0.0,0.1282,0.0178,1.57,13.88,38488582.62,4354.52,164,1,11.02,,,,,,2.966615384615385,"{""industry"": ""环境治理"", ""industry_zt_count"": 1, ""sector_pct_change"": 0.41, ""sector_up_ratio"": 0.69, ""sector_amount_rank"": 56, ""zt_score"": 5, ""pct_score"": 10.8, ""up_ratio_score"": 13.8, ""amount_score"": 0}"
1168,600103.SH,20260420,4.333333333333333,2.0,2.0,6.0,6.0,13.0,10.0,2.0,7.0,6.0,0.0,59.62,13:43:11,2.0,0.0188,0.0043,1.45,23.07,76982910.3,37513.24,164,2,8.4,,,,,,4.024903225806452,"{""industry"": ""造纸"", ""industry_zt_count"": 2, ""sector_pct_change"": 2.06, ""sector_up_ratio"": 0.81, ""sector_amount_rank"": 75, ""zt_score"": 10, ""pct_score"": 14.1, ""up_ratio_score"": 16.1, ""amount_score"": 0}"
1196,600118.SH,20260420,6.0,2.0,2.0,6.0,10.0,5.0,5.0,2.0,8.0,6.0,0.0,52.58,10:59:09,2.0,0.0739,0.0047,1.61,6.33,0.0,-4440.63,164,2,6.63,,,,,,5.5760000000000005,"{""industry"": ""航天装备"", ""industry_zt_count"": 2, ""sector_pct_change"": 8.88, ""sector_up_ratio"": 0.9, ""sector_amount_rank"": 46, ""zt_score"": 10, ""pct_score"": 27.8, ""up_ratio_score"": 18.0, ""amount_score"": 0}"
1161,600149.SH,20260420,8.666666666666666,6.0,4.0,6.0,10.0,7.0,9.0,2.0,7.0,6.0,0.0,67.04,09:48:09,0.0,0.3736,0.0276,1.36,7.38,52587498.0,1416.76,164,4,6.02,,,,,,4.840975609756097,"{""industry"": ""电力"", ""industry_zt_count"": 4, ""sector_pct_change"": 1.4, ""sector_up_ratio"": 0.78, ""sector_amount_rank"": 23, ""zt_score"": 20, ""pct_score"": 12.8, ""up_ratio_score"": 15.6, ""amount_score"": 0}"
1210,600184.SH,20260420,6.666666666666667,2.0,2.0,4.0,10.0,5.0,5.0,2.0,6.0,6.0,0.0,48.61,09:41:31,2.0,0.0701,0.0044,0.78,6.29,0.0,-15729.65,164,1,6.99,,,,,,4.008,"{""industry"": ""地面兵装"", ""industry_zt_count"": 1, ""sector_pct_change"": 2.54, ""sector_up_ratio"": 1.0, ""sector_amount_rank"": 107, ""zt_score"": 5, ""pct_score"": 15.1, ""up_ratio_score"": 20.0, ""amount_score"": 0}"
1198,600206.SH,20260420,6.0,2.0,2.0,8.0,10.0,5.0,7.0,2.0,5.0,6.0,0.0,51.99,13:03:33,1.0,0.0267,0.0033,2.39,12.39,0.0,4163.59,164,1,7.89,,,,,,3.788947368421053,"{""industry"": ""半导体"", ""industry_zt_count"": 1, ""sector_pct_change"": 1.3, ""sector_up_ratio"": 0.59, ""sector_amount_rank"": 4, ""zt_score"": 5, ""pct_score"": 12.6, ""up_ratio_score"": 11.8, ""amount_score"": 8.5}"
1207,600330.SH,20260420,10.0,8.0,4.0,4.0,6.0,3.0,5.0,2.0,2.0,3.0,0.0,49.4,09:25:00,0.0,0.6136,0.0154,0.23,2.51,-57938019.6,-74048.61,164,1,9.67,,,,,,3.0,"{""industry"": ""电子化学"", ""industry_zt_count"": 1, ""sector_pct_change"": 0, ""sector_up_ratio"": 0, ""sector_amount_rank"": 0, ""zt_score"": 5, ""pct_score"": 10.0, ""up_ratio_score"": 10, ""amount_score"": 5}"
1162,600433.SH,20260420,8.0,4.0,2.0,8.0,10.0,10.0,9.0,2.0,7.0,6.0,0.0,66.22,10:39:25,0.0,0.188,0.0095,2.11,5.03,50271963.07,4313.67,164,2,6.32,,,,,,4.024903225806452,"{""industry"": ""造纸"", ""industry_zt_count"": 2, ""sector_pct_change"": 2.06, ""sector_up_ratio"": 0.81, ""sector_amount_rank"": 75, ""zt_score"": 10, ""pct_score"": 14.1, ""up_ratio_score"": 16.1, ""amount_score"": 0}"
1173,600590.SH,20260420,7.666666666666667,4.0,4.0,4.0,6.0,10.0,5.0,2.0,7.0,6.0,0.0,58.18,09:30:13,1.0,0.2233,0.0108,0.49,4.82,375067242.26,-40676.86,164,2,8.33,,,,,,4.384561403508772,"{""industry"": ""军工电子"", ""industry_zt_count"": 2, ""sector_pct_change"": 2.8, ""sector_up_ratio"": 0.91, ""sector_amount_rank"": 25, ""zt_score"": 10, ""pct_score"": 15.6, ""up_ratio_score"": 18.2, ""amount_score"": 0}"
1215,600601.SH,20260420,7.666666666666667,2.0,2.0,6.0,6.0,5.0,5.0,2.0,2.0,6.0,0.0,44.0,09:35:39,1.0,0.0971,0.0046,1.67,4.75,0.0,-85454.26,164,1,7.18,,,,,,3.0,"{""industry"": ""元件"", ""industry_zt_count"": 1, ""sector_pct_change"": 0, ""sector_up_ratio"": 0, ""sector_amount_rank"": 0, ""zt_score"": 5, ""pct_score"": 10.0, ""up_ratio_score"": 10, ""amount_score"": 5}"
1182,600800.SH,20260420,8.666666666666666,4.0,4.0,6.0,10.0,5.0,9.0,2.0,2.0,6.0,0.0,56.8,09:45:55,0.0,0.2599,0.0136,1.41,5.22,0.0,4018.27,164,1,7.25,,,,,,3.0,"{""industry"": ""炼化及贸"", ""industry_zt_count"": 1, ""sector_pct_change"": 0, ""sector_up_ratio"": 0, ""sector_amount_rank"": 0, ""zt_score"": 5, ""pct_score"": 10.0, ""up_ratio_score"": 10, ""amount_score"": 5}"
1183,600961.SH,20260420,9.333333333333334,10.0,6.0,4.0,6.0,5.0,5.0,2.0,4.0,3.0,0.0,56.66,09:25:00,0.0,4.5849,0.031,0.31,0.68,0.0,-12361.13,164,1,9.67,,,,,,2.664,"{""industry"": ""工业金属"", ""industry_zt_count"": 1, ""sector_pct_change"": -0.18, ""sector_up_ratio"": 0.6, ""sector_amount_rank"": 21, ""zt_score"": 5, ""pct_score"": 9.6, ""up_ratio_score"": 12.0, ""amount_score"": 0}"
1186,600979.SH,20260420,7.0,2.0,2.0,10.0,10.0,5.0,5.0,2.0,7.0,6.0,0.0,55.44,10:17:08,1.0,0.0516,0.0042,3.15,8.23,0.0,-1378.5,164,4,6.22,,,,,,4.840975609756097,"{""industry"": ""电力"", ""industry_zt_count"": 4, ""sector_pct_change"": 1.4, ""sector_up_ratio"": 0.78, ""sector_amount_rank"": 23, ""zt_score"": 20, ""pct_score"": 12.8, ""up_ratio_score"": 15.6, ""amount_score"": 0}"
1193,601698.SH,20260420,5.0,2.0,2.0,8.0,6.0,5.0,9.0,2.0,8.0,6.0,0.0,53.78,13:08:07,2.0,0.0453,0.0013,2.52,2.9,0.0,115245.9,164,2,6.54,,,,,,5.5760000000000005,"{""industry"": ""航天装备"", ""industry_zt_count"": 2, ""sector_pct_change"": 8.88, ""sector_up_ratio"": 0.9, ""sector_amount_rank"": 46, ""zt_score"": 10, ""pct_score"": 27.8, ""up_ratio_score"": 18.0, ""amount_score"": 0}"
1213,603017.SH,20260420,8.666666666666666,4.0,4.0,4.0,6.0,5.0,5.0,2.0,2.0,6.0,0.0,48.0,09:33:08,0.0,0.2615,0.0125,0.7,4.8,0.0,-10189.4,164,1,6.71,,,,,,3.0,"{""industry"": ""工程咨询"", ""industry_zt_count"": 1, ""sector_pct_change"": 0, ""sector_up_ratio"": 0, ""sector_amount_rank"": 0, ""zt_score"": 5, ""pct_score"": 10.0, ""up_ratio_score"": 10, ""amount_score"": 5}"
1216,603025.SH,20260420,6.666666666666667,4.0,2.0,4.0,6.0,3.0,5.0,2.0,2.0,6.0,0.0,40.8,09:31:34,2.0,0.2232,0.0032,0.88,1.42,36714819.3,-11576.25,164,1,7.51,,,,,,3.0,"{""industry"": ""自动化设"", ""industry_zt_count"": 1, ""sector_pct_change"": 0, ""sector_up_ratio"": 0, ""sector_amount_rank"": 0, ""zt_score"": 5, ""pct_score"": 10.0, ""up_ratio_score"": 10, ""amount_score"": 5}"
1187,603057.SH,20260420,8.0,10.0,2.0,6.0,6.0,5.0,5.0,2.0,5.0,6.0,0.0,55.44,10:04:37,0.0,1.113,0.0096,1.03,0.86,0.0,-906.06,164,1,7.0,,,,,,3.6420000000000003,"{""industry"": ""休闲食品"", ""industry_zt_count"": 1, ""sector_pct_change"": 1.71, ""sector_up_ratio"": 0.9, ""sector_amount_rank"": 147, ""zt_score"": 5, ""pct_score"": 13.4, ""up_ratio_score"": 18.0, ""amount_score"": 0}"
1192,603108.SH,20260420,6.0,2.0,2.0,10.0,10.0,5.0,9.0,2.0,4.0,6.0,0.0,54.03,13:11:28,1.0,0.0564,0.0039,4.69,6.86,0.0,4661.43,164,1,6.17,,,,,,3.0338181818181815,"{""industry"": ""医疗服务"", ""industry_zt_count"": 1, ""sector_pct_change"": 0.76, ""sector_up_ratio"": 0.69, ""sector_amount_rank"": 64, ""zt_score"": 5, ""pct_score"": 11.5, ""up_ratio_score"": 13.8, ""amount_score"": 0}"
1179,603130.SH,20260420,8.666666666666666,6.0,4.0,8.0,6.0,5.0,5.0,2.0,6.0,6.0,0.0,57.26,09:45:18,0.0,0.3181,0.0101,2.18,3.17,0.0,-4155.96,164,2,8.66,,,,,,3.8623636363636367,"{""industry"": ""纺织制造"", ""industry_zt_count"": 2, ""sector_pct_change"": 1.13, ""sector_up_ratio"": 0.82, ""sector_amount_rank"": 126, ""zt_score"": 10, ""pct_score"": 12.3, ""up_ratio_score"": 16.4, ""amount_score"": 0}"
1184,603318.SH,20260420,7.0,4.0,4.0,8.0,10.0,5.0,9.0,2.0,2.0,6.0,0.0,56.4,13:08:52,0.0,0.2557,0.0294,2.24,11.5,0.0,2254.95,164,1,6.85,,,,,,3.0,"{""industry"": ""燃气Ⅱ"", ""industry_zt_count"": 1, ""sector_pct_change"": 0, ""sector_up_ratio"": 0, ""sector_amount_rank"": 0, ""zt_score"": 5, ""pct_score"": 10.0, ""up_ratio_score"": 10, ""amount_score"": 5}"
1190,603332.SH,20260420,7.0,4.0,4.0,6.0,10.0,5.0,8.0,2.0,3.0,6.0,0.0,55.1,11:13:04,0.0,0.2077,0.016,6.06,7.71,0.0,845.23,164,2,6.45,,,,,,3.5,"{""industry"": ""化学纤维"", ""industry_zt_count"": 2, ""sector_pct_change"": 0, ""sector_up_ratio"": 0, ""sector_amount_rank"": 0, ""zt_score"": 10, ""pct_score"": 10.0, ""up_ratio_score"": 10, ""amount_score"": 5}"
1214,603489.SH,20260420,7.0,2.0,2.0,8.0,6.0,5.0,5.0,2.0,2.0,6.0,0.0,44.8,11:14:04,0.0,0.0482,0.0016,2.24,3.37,0.0,-3522.81,164,1,6.89,,,,,,3.0,"{""industry"": ""电机Ⅱ"", ""industry_zt_count"": 1, ""sector_pct_change"": 0, ""sector_up_ratio"": 0, ""sector_amount_rank"": 0, ""zt_score"": 5, ""pct_score"": 10.0, ""up_ratio_score"": 10, ""amount_score"": 5}"
1200,603699.SH,20260420,6.666666666666667,6.0,2.0,4.0,6.0,5.0,5.0,2.0,6.0,8.0,0.0,51.72,09:33:16,2.0,0.3576,0.0027,0.85,0.75,0.0,-11652.84,164,4,5.89,,,,,,5.119674796747967,"{""industry"": ""通用设备"", ""industry_zt_count"": 4, ""sector_pct_change"": 0.95, ""sector_up_ratio"": 0.74, ""sector_amount_rank"": 12, ""zt_score"": 20, ""pct_score"": 11.9, ""up_ratio_score"": 14.8, ""amount_score"": 4.5}"
1180,603912.SH,20260420,7.666666666666667,4.0,4.0,6.0,10.0,5.0,5.0,2.0,6.0,6.0,0.0,56.92,09:37:12,1.0,0.2193,0.0169,1.17,7.72,0.0,-17154.4,164,4,6.66,,,,,,5.119674796747967,"{""industry"": ""通用设备"", ""industry_zt_count"": 4, ""sector_pct_change"": 0.95, ""sector_up_ratio"": 0.74, ""sector_amount_rank"": 12, ""zt_score"": 20, ""pct_score"": 11.9, ""up_ratio_score"": 14.8, ""amount_score"": 4.5}"
1172,605162.SH,20260420,8.666666666666666,4.0,4.0,4.0,10.0,5.0,5.0,2.0,7.0,8.0,0.0,58.24,09:39:51,0.0,0.2214,0.0118,0.61,5.32,0.0,-7357.67,164,4,5.63,,,,,,4.840975609756097,"{""industry"": ""电力"", ""industry_zt_count"": 4, ""sector_pct_change"": 1.4, ""sector_up_ratio"": 0.78, ""sector_amount_rank"": 23, ""zt_score"": 20, ""pct_score"": 12.8, ""up_ratio_score"": 15.6, ""amount_score"": 0}"
1197,605168.SH,20260420,8.666666666666666,4.0,2.0,6.0,6.0,5.0,5.0,2.0,7.0,6.0,0.0,52.21,09:34:39,0.0,0.1009,0.0034,1.5,3.42,0.0,-12750.95,164,1,7.05,,,,,,4.010967741935484,"{""industry"": ""广告营销"", ""industry_zt_count"": 1, ""sector_pct_change"": 3.2, ""sector_up_ratio"": 0.94, ""sector_amount_rank"": 29, ""zt_score"": 5, ""pct_score"": 16.4, ""up_ratio_score"": 18.7, ""amount_score"": 0}"
1206,605222.SH,20260420,8.0,2.0,2.0,4.0,6.0,5.0,5.0,2.0,8.0,6.0,0.0,50.1,09:41:16,2.0,0.0781,0.0038,0.9,4.81,0.0,-18423.18,164,4,8.66,,,,,,5.501971830985916,"{""industry"": ""电网设备"", ""industry_zt_count"": 4, ""sector_pct_change"": 2.2, ""sector_up_ratio"": 0.83, ""sector_amount_rank"": 13, ""zt_score"": 20, ""pct_score"": 14.4, ""up_ratio_score"": 16.6, ""amount_score"": 4.0}"
1212,605299.SH,20260420,6.666666666666667,2.0,2.0,4.0,10.0,5.0,5.0,2.0,5.0,8.0,0.0,48.08,09:38:56,2.0,0.0435,0.0041,0.94,9.45,105680951.16,-14027.32,164,1,5.3,,,,,,3.0784210526315787,"{""industry"": ""文娱用品"", ""industry_zt_count"": 1, ""sector_pct_change"": 1.05, ""sector_up_ratio"": 0.68, ""sector_amount_rank"": 140, ""zt_score"": 5, ""pct_score"": 12.1, ""up_ratio_score"": 13.7, ""amount_score"": 0}"
1121,000037.SZ,20260417,8.666666666666666,6.0,6.0,4.0,10.0,5.0,5.0,2.0,5.0,6.0,0.0,57.8,09:34:03,0.0,0.468,0.0308,0.76,6.59,0.0,-6854.12,164,2,7.06,,,,,,2.7987594936708864,"{""industry"": ""电力"", ""industry_zt_count"": 2, ""sector_pct_change"": -0.31, ""sector_up_ratio"": 0.43, ""sector_amount_rank"": 24, ""zt_score"": 10, ""pct_score"": 9.4, ""up_ratio_score"": 8.6, ""amount_score"": 0}"
1152,000936.SZ,20260417,7.0,2.0,2.0,6.0,10.0,5.0,7.0,2.0,3.0,6.0,0.0,49.7,11:18:12,0.0,0.089,0.0071,5.46,7.98,0.0,2398.78,164,2,7.01,,,,,,3.5,"{""industry"": ""化学纤维"", ""industry_zt_count"": 2, ""sector_pct_change"": 0, ""sector_up_ratio"": 0, ""sector_amount_rank"": 0, ""zt_score"": 10, ""pct_score"": 10.0, ""up_ratio_score"": 10, ""amount_score"": 5}"
1122,001330.SZ,20260417,6.333333333333333,2.0,4.0,8.0,10.0,5.0,9.0,2.0,6.0,6.0,0.0,57.13,13:48:09,0.0,0.0902,0.0117,2.23,12.99,0.0,13143.63,164,1,7.53,,,,,,3.3284210526315787,"{""industry"": ""影视院线"", ""industry_zt_count"": 1, ""sector_pct_change"": 2.3, ""sector_up_ratio"": 0.68, ""sector_amount_rank"": 78, ""zt_score"": 5, ""pct_score"": 14.6, ""up_ratio_score"": 13.7, ""amount_score"": 0}"
1144,001389.SZ,20260417,7.0,4.0,2.0,4.0,10.0,5.0,9.0,2.0,3.0,6.0,0.0,52.1,11:13:36,0.0,0.1108,0.0076,0.92,6.83,0.0,18783.39,164,2,8.46,,,,,,3.5,"{""industry"": ""元件"", ""industry_zt_count"": 2, ""sector_pct_change"": 0, ""sector_up_ratio"": 0, ""sector_amount_rank"": 0, ""zt_score"": 10, ""pct_score"": 10.0, ""up_ratio_score"": 10, ""amount_score"": 5}"
1130,001400.SZ,20260417,6.333333333333333,4.0,4.0,6.0,8.0,5.0,8.0,2.0,6.0,6.0,0.0,55.41,13:58:36,0.0,0.1131,0.0197,1.01,17.4,0.0,2274.55,164,2,6.9,,,,,,3.8070484581497794,"{""industry"": ""专用设备"", ""industry_zt_count"": 2, ""sector_pct_change"": 1.5, ""sector_up_ratio"": 0.6, ""sector_amount_rank"": 15, ""zt_score"": 10, ""pct_score"": 13.0, ""up_ratio_score"": 12.1, ""amount_score"": 3.0}"
1148,002081.SZ,20260417,7.666666666666667,4.0,2.0,10.0,6.0,5.0,5.0,2.0,5.0,6.0,0.0,51.45,09:31:21,1.0,0.2285,0.0063,4.45,2.75,0.0,-10882.82,164,2,6.51,,,,,,2.846,"{""industry"": ""装修装饰"", ""industry_zt_count"": 2, ""sector_pct_change"": 0.48, ""sector_up_ratio"": 0.38, ""sector_amount_rank"": 134, ""zt_score"": 10, ""pct_score"": 11.0, ""up_ratio_score"": 7.5, ""amount_score"": 0}"
1124,002108.SZ,20260417,7.666666666666667,2.0,2.0,10.0,10.0,5.0,5.0,2.0,8.0,6.0,0.0,56.66,09:34:03,1.0,0.0454,0.0065,3.48,14.39,0.0,-52313.69,164,3,7.51,,,,,,4.464978723404256,"{""industry"": ""塑料"", ""industry_zt_count"": 3, ""sector_pct_change"": 2.91, ""sector_up_ratio"": 0.69, ""sector_amount_rank"": 31, ""zt_score"": 15, ""pct_score"": 15.8, ""up_ratio_score"": 13.8, ""amount_score"": 0}"
1134,002217.SZ,20260417,6.666666666666667,2.0,2.0,8.0,10.0,5.0,5.0,2.0,8.0,6.0,0.0,54.73,09:53:18,2.0,0.0398,0.0027,2.16,6.8,0.0,-33044.53,164,5,6.77,,,,,,5.329805825242718,"{""industry"": ""光学光电"", ""industry_zt_count"": 5, ""sector_pct_change"": 1.95, ""sector_up_ratio"": 0.67, ""sector_amount_rank"": 19, ""zt_score"": 25, ""pct_score"": 13.9, ""up_ratio_score"": 13.4, ""amount_score"": 1.0}"
1133,002259.SZ,20260417,8.666666666666666,6.0,4.0,6.0,10.0,5.0,5.0,2.0,2.0,6.0,0.0,54.8,09:59:09,0.0,0.3344,0.0199,1.61,5.94,0.0,-477.41,164,1,6.23,,,,,,3.0,"{""industry"": ""燃气Ⅱ"", ""industry_zt_count"": 1, ""sector_pct_change"": 0, ""sector_up_ratio"": 0, ""sector_amount_rank"": 0, ""zt_score"": 5, ""pct_score"": 10.0, ""up_ratio_score"": 10, ""amount_score"": 5}"
1109,002281.SZ,20260417,8.0,2.0,2.0,4.0,10.0,8.0,9.0,2.0,10.0,6.0,10.0,73.45,10:58:00,0.0,0.0562,0.0044,0.91,7.81,1253622147.05,89759.07,164,5,6.29,,,,,,6.450424242424242,"{""industry"": ""通信设备"", ""industry_zt_count"": 5, ""sector_pct_change"": 3.79, ""sector_up_ratio"": 0.62, ""sector_amount_rank"": 2, ""zt_score"": 25, ""pct_score"": 17.6, ""up_ratio_score"": 12.4, ""amount_score"": 9.5}"
1153,002418.SZ,20260417,8.666666666666666,2.0,4.0,4.0,8.0,5.0,7.0,2.0,2.0,6.0,0.0,49.6,10:23:57,0.0,0.0998,0.0198,0.92,19.81,0.0,529.32,164,1,7.22,,,,,,3.0,"{""industry"": ""家电零部"", ""industry_zt_count"": 1, ""sector_pct_change"": 0, ""sector_up_ratio"": 0, ""sector_amount_rank"": 0, ""zt_score"": 5, ""pct_score"": 10.0, ""up_ratio_score"": 10, ""amount_score"": 5}"
1146,002487.SZ,20260417,8.666666666666666,4.0,2.0,4.0,6.0,5.0,5.0,2.0,8.0,6.0,0.0,51.62,09:31:15,0.0,0.1964,0.0041,0.7,2.08,0.0,-24999.99,164,2,6.54,,,,,,4.2219999999999995,"{""industry"": ""风电设备"", ""industry_zt_count"": 2, ""sector_pct_change"": 3.11, ""sector_up_ratio"": 0.8, ""sector_amount_rank"": 45, ""zt_score"": 10, ""pct_score"": 16.2, ""up_ratio_score"": 16.0, ""amount_score"": 0}"
1128,002547.SZ,20260417,6.333333333333333,2.0,2.0,8.0,10.0,5.0,9.0,2.0,6.0,6.0,0.0,55.72,14:15:24,0.0,0.0836,0.0081,2.92,9.68,0.0,3572.26,164,4,7.95,,,,,,4.315294117647059,"{""industry"": ""汽车零部件"", ""industry_zt_count"": 4, ""sector_pct_change"": 0.15, ""sector_up_ratio"": 0.52, ""sector_amount_rank"": 16, ""zt_score"": 20, ""pct_score"": 10.3, ""up_ratio_score"": 10.4, ""amount_score"": 2.5}"
1123,002628.SZ,20260417,8.0,6.0,4.0,6.0,10.0,5.0,7.0,2.0,4.0,6.0,0.0,57.05,10:08:21,0.0,0.363,0.0216,1.79,5.94,0.0,714.87,164,1,7.46,,,,,,2.451076923076923,"{""industry"": ""基础建设"", ""industry_zt_count"": 1, ""sector_pct_change"": 0.14, ""sector_up_ratio"": 0.46, ""sector_amount_rank"": 75, ""zt_score"": 5, ""pct_score"": 10.3, ""up_ratio_score"": 9.2, ""amount_score"": 0}"
1145,002706.SZ,20260417,5.333333333333333,4.0,2.0,6.0,10.0,5.0,8.0,2.0,5.0,6.0,0.0,51.97,13:46:18,1.0,0.1028,0.0097,1.8,9.41,0.0,9852.4,164,2,6.73,,,,,,3.168985915492958,"{""industry"": ""电网设备"", ""industry_zt_count"": 2, ""sector_pct_change"": -0.06, ""sector_up_ratio"": 0.42, ""sector_amount_rank"": 14, ""zt_score"": 10, ""pct_score"": 9.9, ""up_ratio_score"": 8.3, ""amount_score"": 3.5}"
1111,002802.SZ,20260417,10.0,8.0,8.0,8.0,10.0,5.0,6.0,2.0,4.0,3.0,0.0,65.0,09:41:12,0.0,0.7463,0.0919,2.71,12.32,0.0,-5899.09,164,1,9.68,,,,,,2.4005714285714284,"{""industry"": ""化学制品"", ""industry_zt_count"": 1, ""sector_pct_change"": -0.64, ""sector_up_ratio"": 0.51, ""sector_amount_rank"": 32, ""zt_score"": 5, ""pct_score"": 8.7, ""up_ratio_score"": 10.3, ""amount_score"": 0}"
1143,002866.SZ,20260417,5.666666666666667,2.0,4.0,6.0,6.0,5.0,8.0,2.0,7.0,6.0,0.0,52.61,14:34:48,0.0,0.0968,0.0223,1.14,22.98,0.0,5295.48,164,3,6.99,,,,,,4.608897959183674,"{""industry"": ""消费电子"", ""industry_zt_count"": 3, ""sector_pct_change"": 1.57, ""sector_up_ratio"": 0.62, ""sector_amount_rank"": 10, ""zt_score"": 15, ""pct_score"": 13.1, ""up_ratio_score"": 12.4, ""amount_score"": 5.5}"
1156,002940.SZ,20260417,8.333333333333334,2.0,2.0,8.0,6.0,8.0,5.0,2.0,4.0,3.0,0.0,48.26,10:17:09,1.0,0.0425,0.0088,2.46,20.72,145692317.14,-5909.74,164,1,9.67,,,,,,1.4623582089552238,"{""industry"": ""化学制药"", ""industry_zt_count"": 1, ""sector_pct_change"": -1.83, ""sector_up_ratio"": 0.16, ""sector_amount_rank"": 27, ""zt_score"": 5, ""pct_score"": 6.3, ""up_ratio_score"": 3.3, ""amount_score"": 0}"
1131,002957.SZ,20260417,8.666666666666666,4.0,2.0,4.0,10.0,5.0,9.0,2.0,4.0,6.0,0.0,55.4,09:49:36,0.0,0.113,0.0062,0.56,5.47,0.0,11056.53,164,3,6.35,,,,,,4.0,"{""industry"": ""自动化设"", ""industry_zt_count"": 3, ""sector_pct_change"": 0, ""sector_up_ratio"": 0, ""sector_amount_rank"": 0, ""zt_score"": 15, ""pct_score"": 10.0, ""up_ratio_score"": 10, ""amount_score"": 5}"
1149,002975.SZ,20260417,7.0,2.0,2.0,6.0,10.0,5.0,7.0,2.0,4.0,6.0,0.0,51.0,13:03:54,0.0,0.0527,0.0066,1.05,12.43,0.0,5173.83,164,3,7.97,,,,,,4.0,"{""industry"": ""自动化设"", ""industry_zt_count"": 3, ""sector_pct_change"": 0, ""sector_up_ratio"": 0, ""sector_amount_rank"": 0, ""zt_score"": 15, ""pct_score"": 10.0, ""up_ratio_score"": 10, ""amount_score"": 5}"
1147,003018.SZ,20260417,8.0,2.0,2.0,6.0,10.0,5.0,8.0,2.0,4.0,6.0,0.0,51.46,10:25:24,0.0,0.038,0.0024,1.03,6.28,0.0,4158.32,164,1,6.52,,,,,,2.2586666666666666,"{""industry"": ""包装印刷"", ""industry_zt_count"": 1, ""sector_pct_change"": 0.46, ""sector_up_ratio"": 0.33, ""sector_amount_rank"": 64, ""zt_score"": 5, ""pct_score"": 10.9, ""up_ratio_score"": 6.7, ""amount_score"": 0}"
1135,003031.SZ,20260417,7.0,2.0,2.0,4.0,6.0,5.0,8.0,2.0,10.0,6.0,0.0,54.45,13:19:03,0.0,0.0835,0.0035,0.94,4.15,0.0,9503.56,164,5,6.11,,,,,,6.450424242424242,"{""industry"": ""通信设备"", ""industry_zt_count"": 5, ""sector_pct_change"": 3.79, ""sector_up_ratio"": 0.62, ""sector_amount_rank"": 2, ""zt_score"": 25, ""pct_score"": 17.6, ""up_ratio_score"": 12.4, ""amount_score"": 9.5}"
1120,300806.SZ,20260417,5.333333333333333,2.0,2.0,8.0,10.0,10.0,9.0,2.0,8.0,1.0,0.0,59.26,13:54:21,1.0,0.036,0.0037,2.09,10.4,123524339.45,29475.65,164,3,14.1,,,,,,4.464978723404256,"{""industry"": ""塑料"", ""industry_zt_count"": 3, ""sector_pct_change"": 2.91, ""sector_up_ratio"": 0.69, ""sector_amount_rank"": 31, ""zt_score"": 15, ""pct_score"": 15.8, ""up_ratio_score"": 13.8, ""amount_score"": 0}"
1137,300905.SZ,20260417,10.0,2.0,2.0,6.0,10.0,10.0,5.0,2.0,3.0,1.0,0.0,54.3,09:35:42,0.0,0.083,0.0095,1.39,11.42,56548580.54,-20350.61,164,2,18.68,,,,,,3.5,"{""industry"": ""化学纤维"", ""industry_zt_count"": 2, ""sector_pct_change"": 0, ""sector_up_ratio"": 0, ""sector_amount_rank"": 0, ""zt_score"": 10, ""pct_score"": 10.0, ""up_ratio_score"": 10, ""amount_score"": 5}"
1126,301237.SZ,20260417,6.0,2.0,2.0,10.0,10.0,9.0,5.0,2.0,8.0,1.0,0.0,56.46,11:05:45,1.0,0.0963,0.007,4.26,7.27,47244055.65,-5573.89,164,3,12.93,,,,,,4.464978723404256,"{""industry"": ""塑料"", ""industry_zt_count"": 3, ""sector_pct_change"": 2.91, ""sector_up_ratio"": 0.69, ""sector_amount_rank"": 31, ""zt_score"": 15, ""pct_score"": 15.8, ""up_ratio_score"": 13.8, ""amount_score"": 0}"
1138,600152.SH,20260417,7.666666666666667,2.0,4.0,4.0,6.0,7.0,7.0,2.0,6.0,6.0,0.0,53.76,13:06:33,0.0,0.0552,0.0115,0.96,20.87,113244124.1,585.35,164,3,8.0,,,,,,4.35534693877551,"{""industry"": ""电池"", ""industry_zt_count"": 3, ""sector_pct_change"": -0.56, ""sector_up_ratio"": 0.68, ""sector_amount_rank"": 9, ""zt_score"": 15, ""pct_score"": 8.9, ""up_ratio_score"": 13.7, ""amount_score"": 6.0}"
1160,600156.SH,20260417,7.333333333333333,2.0,2.0,8.0,10.0,3.0,5.0,2.0,4.0,3.0,0.0,45.04,09:30:40,2.0,0.088,0.0089,2.41,10.14,-9386205.94,-22643.06,164,1,9.67,,,,,,2.2372727272727273,"{""industry"": ""纺织制造"", ""industry_zt_count"": 1, ""sector_pct_change"": 0.05, ""sector_up_ratio"": 0.36, ""sector_amount_rank"": 121, ""zt_score"": 5, ""pct_score"": 10.1, ""up_ratio_score"": 7.3, ""amount_score"": 0}"
1150,600208.SH,20260417,7.0,2.0,2.0,8.0,6.0,7.0,5.0,2.0,6.0,6.0,0.0,50.67,10:06:38,1.0,0.0964,0.0018,2.93,1.82,34041149.92,-85.25,164,2,6.76,,,,,,3.2663589743589747,"{""industry"": ""房地产开发"", ""industry_zt_count"": 2, ""sector_pct_change"": 1.46, ""sector_up_ratio"": 0.49, ""sector_amount_rank"": 60, ""zt_score"": 10, ""pct_score"": 12.9, ""up_ratio_score"": 9.7, ""amount_score"": 0}"
1140,600234.SH,20260417,6.666666666666667,8.0,4.0,6.0,6.0,5.0,5.0,2.0,5.0,6.0,0.0,53.45,09:36:06,2.0,0.5262,0.0137,1.05,2.61,0.0,-6044.36,164,2,7.12,,,,,,2.846,"{""industry"": ""装修装饰"", ""industry_zt_count"": 2, ""sector_pct_change"": 0.48, ""sector_up_ratio"": 0.38, ""sector_amount_rank"": 134, ""zt_score"": 10, ""pct_score"": 11.0, ""up_ratio_score"": 7.5, ""amount_score"": 0}"
1142,600330.SH,20260417,8.666666666666666,6.0,4.0,4.0,6.0,5.0,5.0,2.0,4.0,6.0,0.0,53.1,09:25:02,0.0,0.4524,0.0138,0.22,3.06,0.0,-82048.98,164,4,6.38,,,,,,4.5,"{""industry"": ""电子化学"", ""industry_zt_count"": 4, ""sector_pct_change"": 0, ""sector_up_ratio"": 0, ""sector_amount_rank"": 0, ""zt_score"": 20, ""pct_score"": 10.0, ""up_ratio_score"": 10, ""amount_score"": 5}"
1119,600520.SH,20260417,8.0,4.0,4.0,8.0,10.0,5.0,7.0,2.0,6.0,6.0,0.0,59.61,10:25:39,0.0,0.17,0.0128,2.8,7.54,0.0,396.83,164,2,7.8,,,,,,3.8070484581497794,"{""industry"": ""专用设备"", ""industry_zt_count"": 2, ""sector_pct_change"": 1.5, ""sector_up_ratio"": 0.6, ""sector_amount_rank"": 15, ""zt_score"": 10, ""pct_score"": 13.0, ""up_ratio_score"": 12.1, ""amount_score"": 3.0}"
1116,600552.SH,20260417,5.0,2.0,2.0,6.0,10.0,13.0,5.0,2.0,8.0,6.0,0.0,60.73,13:06:37,2.0,0.0362,0.0037,1.72,10.3,104546601.24,-4939.22,164,5,6.93,,,,,,5.329805825242718,"{""industry"": ""光学光电"", ""industry_zt_count"": 5, ""sector_pct_change"": 1.95, ""sector_up_ratio"": 0.67, ""sector_amount_rank"": 19, ""zt_score"": 25, ""pct_score"": 13.9, ""up_ratio_score"": 13.4, ""amount_score"": 1.0}"
1132,600641.SH,20260417,8.0,2.0,2.0,6.0,10.0,5.0,8.0,2.0,6.0,6.0,0.0,55.36,10:47:20,0.0,0.0811,0.0048,1.09,5.9,0.0,5822.84,164,2,6.86,,,,,,4.5575833333333335,"{""industry"": ""半导体"", ""industry_zt_count"": 2, ""sector_pct_change"": 1.09, ""sector_up_ratio"": 0.74, ""sector_amount_rank"": 4, ""zt_score"": 10, ""pct_score"": 12.2, ""up_ratio_score"": 14.9, ""amount_score"": 8.5}"
1159,600683.SH,20260417,7.333333333333333,4.0,2.0,6.0,6.0,5.0,5.0,2.0,6.0,3.0,0.0,47.27,09:32:26,2.0,0.1619,0.0059,1.18,3.67,0.0,-110.85,164,2,9.66,,,,,,3.2663589743589747,"{""industry"": ""房地产开发"", ""industry_zt_count"": 2, ""sector_pct_change"": 1.46, ""sector_up_ratio"": 0.49, ""sector_amount_rank"": 60, ""zt_score"": 10, ""pct_score"": 12.9, ""up_ratio_score"": 9.7, ""amount_score"": 0}"
1129,600707.SH,20260417,7.666666666666667,2.0,2.0,4.0,6.0,9.0,5.0,2.0,8.0,8.0,0.0,55.53,09:41:10,1.0,0.0617,0.002,0.85,3.24,92621635.2,-13222.89,164,5,5.94,,,,,,5.329805825242718,"{""industry"": ""光学光电"", ""industry_zt_count"": 5, ""sector_pct_change"": 1.95, ""sector_up_ratio"": 0.67, ""sector_amount_rank"": 19, ""zt_score"": 25, ""pct_score"": 13.9, ""up_ratio_score"": 13.4, ""amount_score"": 1.0}"
1136,600727.SH,20260417,6.666666666666667,4.0,4.0,10.0,10.0,5.0,5.0,2.0,4.0,6.0,0.0,54.38,09:33:34,2.0,0.185,0.0165,3.07,8.91,0.0,-13977.69,164,1,6.9,,,,,,2.1831428571428573,"{""industry"": ""化学原料"", ""industry_zt_count"": 1, ""sector_pct_change"": -0.87, ""sector_up_ratio"": 0.43, ""sector_amount_rank"": 42, ""zt_score"": 5, ""pct_score"": 8.3, ""up_ratio_score"": 8.6, ""amount_score"": 0}"
1113,600961.SH,20260417,10.0,10.0,6.0,4.0,6.0,8.0,5.0,2.0,5.0,3.0,0.0,62.55,09:25:00,0.0,5.6272,0.0349,0.25,0.62,54139047.63,-10304.28,164,2,9.68,,,,,,3.353333333333333,"{""industry"": ""工业金属"", ""industry_zt_count"": 2, ""sector_pct_change"": 0.1, ""sector_up_ratio"": 0.67, ""sector_amount_rank"": 23, ""zt_score"": 10, ""pct_score"": 10.2, ""up_ratio_score"": 13.3, ""amount_score"": 0}"
1118,600962.SH,20260417,8.0,10.0,6.0,10.0,6.0,5.0,5.0,2.0,2.0,6.0,0.0,60.4,10:41:13,0.0,1.025,0.03,3.44,2.93,0.0,-254.98,164,1,6.84,,,,,,3.0,"{""industry"": ""农产品加"", ""industry_zt_count"": 1, ""sector_pct_change"": 0, ""sector_up_ratio"": 0, ""sector_amount_rank"": 0, ""zt_score"": 5, ""pct_score"": 10.0, ""up_ratio_score"": 10, ""amount_score"": 5}"
1151,601619.SH,20260417,6.0,2.0,2.0,6.0,10.0,5.0,8.0,2.0,5.0,6.0,0.0,50.4,13:09:05,1.0,0.0195,0.0014,1.65,7.21,0.0,4015.84,164,2,7.03,,,,,,2.7987594936708864,"{""industry"": ""电力"", ""industry_zt_count"": 2, ""sector_pct_change"": -0.31, ""sector_up_ratio"": 0.43, ""sector_amount_rank"": 24, ""zt_score"": 10, ""pct_score"": 9.4, ""up_ratio_score"": 8.6, ""amount_score"": 0}"
1139,603031.SH,20260417,8.0,2.0,2.0,8.0,10.0,5.0,5.0,2.0,6.0,6.0,0.0,53.76,10:33:05,0.0,0.0647,0.0046,2.02,7.14,0.0,-2382.99,164,3,6.77,,,,,,4.35534693877551,"{""industry"": ""电池"", ""industry_zt_count"": 3, ""sector_pct_change"": -0.56, ""sector_up_ratio"": 0.68, ""sector_amount_rank"": 9, ""zt_score"": 15, ""pct_score"": 8.9, ""up_ratio_score"": 13.7, ""amount_score"": 6.0}"
1112,603052.SH,20260417,9.333333333333334,2.0,2.0,6.0,10.0,10.0,9.0,2.0,7.0,3.0,0.0,63.01,10:33:46,0.0,0.0827,0.0048,1.13,5.82,79221978.59,20110.55,164,3,9.67,,,,,,4.608897959183674,"{""industry"": ""消费电子"", ""industry_zt_count"": 3, ""sector_pct_change"": 1.57, ""sector_up_ratio"": 0.62, ""sector_amount_rank"": 10, ""zt_score"": 15, ""pct_score"": 13.1, ""up_ratio_score"": 12.4, ""amount_score"": 5.5}"
1110,603083.SH,20260417,8.666666666666666,4.0,4.0,4.0,10.0,5.0,5.0,2.0,10.0,6.0,10.0,71.05,09:40:25,0.0,0.1764,0.0149,0.55,8.45,0.0,-51919.42,164,5,8.11,,,,,,6.450424242424242,"{""industry"": ""通信设备"", ""industry_zt_count"": 5, ""sector_pct_change"": 3.79, ""sector_up_ratio"": 0.62, ""sector_amount_rank"": 2, ""zt_score"": 25, ""pct_score"": 17.6, ""up_ratio_score"": 12.4, ""amount_score"": 9.5}"
1127,603118.SH,20260417,6.666666666666667,2.0,2.0,6.0,10.0,5.0,5.0,2.0,10.0,6.0,0.0,55.85,09:35:53,2.0,0.0928,0.0083,1.11,8.92,0.0,-22637.45,164,5,6.8,,,,,,6.450424242424242,"{""industry"": ""通信设备"", ""industry_zt_count"": 5, ""sector_pct_change"": 3.79, ""sector_up_ratio"": 0.62, ""sector_amount_rank"": 2, ""zt_score"": 25, ""pct_score"": 17.6, ""up_ratio_score"": 12.4, ""amount_score"": 9.5}"
1117,603178.SH,20260417,8.0,8.0,4.0,10.0,6.0,5.0,5.0,2.0,6.0,6.0,0.0,60.52,10:02:21,0.0,0.6014,0.023,4.74,3.82,0.0,-5141.59,164,4,7.16,,,,,,4.315294117647059,"{""industry"": ""汽车零部件"", ""industry_zt_count"": 4, ""sector_pct_change"": 0.15, ""sector_up_ratio"": 0.52, ""sector_amount_rank"": 16, ""zt_score"": 20, ""pct_score"": 10.3, ""up_ratio_score"": 10.4, ""amount_score"": 2.5}"
1157,603203.SH,20260417,7.0,4.0,2.0,6.0,6.0,5.0,5.0,2.0,4.0,6.0,0.0,47.8,11:17:01,0.0,0.1354,0.0043,1.44,3.15,0.0,-3118.61,164,3,7.06,,,,,,4.0,"{""industry"": ""自动化设"", ""industry_zt_count"": 3, ""sector_pct_change"": 0, ""sector_up_ratio"": 0, ""sector_amount_rank"": 0, ""zt_score"": 15, ""pct_score"": 10.0, ""up_ratio_score"": 10, ""amount_score"": 5}"
1115,603278.SH,20260417,8.0,6.0,4.0,10.0,10.0,5.0,5.0,2.0,6.0,6.0,0.0,61.37,10:06:06,0.0,0.334,0.0258,4.55,7.74,0.0,-1032.08,164,2,6.72,,,,,,3.97412955465587,"{""industry"": ""通用设备"", ""industry_zt_count"": 2, ""sector_pct_change"": 1.15, ""sector_up_ratio"": 0.67, ""sector_amount_rank"": 13, ""zt_score"": 10, ""pct_score"": 12.3, ""up_ratio_score"": 13.4, ""amount_score"": 4.0}"
1154,603738.SH,20260417,6.333333333333333,2.0,2.0,6.0,8.0,5.0,9.0,2.0,3.0,6.0,0.0,49.3,13:52:09,0.0,0.035,0.0055,1.49,15.68,0.0,21327.51,164,2,6.8,,,,,,3.5,"{""industry"": ""元件"", ""industry_zt_count"": 2, ""sector_pct_change"": 0, ""sector_up_ratio"": 0, ""sector_amount_rank"": 0, ""zt_score"": 10, ""pct_score"": 10.0, ""up_ratio_score"": 10, ""amount_score"": 5}"
1114,603922.SH,20260417,8.0,6.0,4.0,8.0,6.0,7.0,8.0,2.0,6.0,6.0,0.0,62.32,10:25:50,0.0,0.3152,0.0144,2.2,4.57,15571827.8,885.0,164,4,7.0,,,,,,4.315294117647059,"{""industry"": ""汽车零部件"", ""industry_zt_count"": 4, ""sector_pct_change"": 0.15, ""sector_up_ratio"": 0.52, ""sector_amount_rank"": 16, ""zt_score"": 20, ""pct_score"": 10.3, ""up_ratio_score"": 10.4, ""amount_score"": 2.5}"
1141,603926.SH,20260417,6.333333333333333,6.0,4.0,6.0,6.0,5.0,5.0,2.0,6.0,6.0,0.0,53.32,13:35:56,0.0,0.3072,0.0107,1.59,3.5,0.0,-223.75,164,4,7.48,,,,,,4.315294117647059,"{""industry"": ""汽车零部件"", ""industry_zt_count"": 4, ""sector_pct_change"": 0.15, ""sector_up_ratio"": 0.52, ""sector_amount_rank"": 16, ""zt_score"": 20, ""pct_score"": 10.3, ""up_ratio_score"": 10.4, ""amount_score"": 2.5}"
1158,605298.SH,20260417,8.0,4.0,2.0,6.0,6.0,5.0,5.0,2.0,4.0,6.0,0.0,47.53,10:18:22,0.0,0.2897,0.0053,1.71,1.84,0.0,-2074.89,164,1,7.96,,,,,,2.5305,"{""industry"": ""轨交设备"", ""industry_zt_count"": 1, ""sector_pct_change"": -0.16, ""sector_up_ratio"": 0.53, ""sector_amount_rank"": 118, ""zt_score"": 5, ""pct_score"": 9.7, ""up_ratio_score"": 10.6, ""amount_score"": 0}"
1155,605388.SH,20260417,8.333333333333334,4.0,4.0,6.0,10.0,3.0,5.0,2.0,4.0,3.0,0.0,49.24,09:31:12,1.0,0.1375,0.0106,1.88,7.68,-6754275.0,-19346.58,164,1,9.69,,,,,,2.436,"{""industry"": ""饮料乳品"", ""industry_zt_count"": 1, ""sector_pct_change"": 0.68, ""sector_up_ratio"": 0.4, ""sector_amount_rank"": 109, ""zt_score"": 5, ""pct_score"": 11.4, ""up_ratio_score"": 8.0, ""amount_score"": 0}"
1125,920526.BJ,20260417,6.333333333333333,8.0,8.0,6.0,10.0,3.0,5.0,2.0,4.0,1.0,0.0,56.5,14:04:17,0.0,0.8946,0.0635,6.5,7.1,25321537.53,0.0,164,4,18.7,,,,,,4.5,"{""industry"": ""电子化学"", ""industry_zt_count"": 4, ""sector_pct_change"": 0, ""sector_up_ratio"": 0, ""sector_amount_rank"": 0, ""zt_score"": 20, ""pct_score"": 10.0, ""up_ratio_score"": 10, ""amount_score"": 5}"
1066,000546.SZ,20260416,8.666666666666666,4.0,4.0,6.0,10.0,5.0,5.0,2.0,7.0,8.0,0.0,59.93,10:00:15,0.0,0.1516,0.0131,1.36,8.61,0.0,-2495.36,164,4,5.25,,,,,,4.932307692307693,"{""industry"": ""环境治理"", ""industry_zt_count"": 4, ""sector_pct_change"": 1.2, ""sector_up_ratio"": 0.85, ""sector_amount_rank"": 59, ""zt_score"": 20, ""pct_score"": 12.4, ""up_ratio_score"": 16.9, ""amount_score"": 0}"
1067,000570.SZ,20260416,8.666666666666666,4.0,4.0,8.0,10.0,5.0,7.0,2.0,5.0,6.0,0.0,59.7,09:40:12,0.0,0.1684,0.0174,2.47,10.35,0.0,732.87,164,1,8.36,,,,,,3.8976470588235292,"{""industry"": ""汽车零部件"", ""industry_zt_count"": 1, ""sector_pct_change"": 1.65, ""sector_up_ratio"": 0.86, ""sector_amount_rank"": 14, ""zt_score"": 5, ""pct_score"": 13.3, ""up_ratio_score"": 17.2, ""amount_score"": 3.5}"
1068,000571.SZ,20260416,8.0,8.0,4.0,6.0,6.0,5.0,9.0,2.0,4.0,8.0,0.0,59.57,10:18:06,0.0,0.7409,0.0235,1.51,3.17,0.0,2230.03,164,1,4.92,,,,,,2.9699999999999998,"{""industry"": ""煤炭开采"", ""industry_zt_count"": 1, ""sector_pct_change"": -0.15, ""sector_up_ratio"": 0.75, ""sector_amount_rank"": 93, ""zt_score"": 5, ""pct_score"": 9.7, ""up_ratio_score"": 15.0, ""amount_score"": 0}"
1089,000593.SZ,20260416,7.0,4.0,4.0,4.0,10.0,5.0,9.0,2.0,2.0,6.0,0.0,53.2,11:23:06,0.0,0.1834,0.0136,0.94,7.4,0.0,5832.19,164,1,6.49,,,,,,3.0,"{""industry"": ""燃气Ⅱ"", ""industry_zt_count"": 1, ""sector_pct_change"": 0, ""sector_up_ratio"": 0, ""sector_amount_rank"": 0, ""zt_score"": 5, ""pct_score"": 10.0, ""up_ratio_score"": 10, ""amount_score"": 5}"
1088,000657.SZ,20260416,6.0,2.0,2.0,6.0,10.0,8.0,7.0,2.0,3.0,8.0,0.0,53.3,10:46:51,2.0,0.047,0.0038,1.52,8.13,955988061.82,15949.72,164,2,4.48,,,,,,3.5,"{""industry"": ""小金属"", ""industry_zt_count"": 2, ""sector_pct_change"": 0, ""sector_up_ratio"": 0, ""sector_amount_rank"": 0, ""zt_score"": 10, ""pct_score"": 10.0, ""up_ratio_score"": 10, ""amount_score"": 5}"
1077,000782.SZ,20260416,8.666666666666666,8.0,4.0,6.0,6.0,5.0,5.0,2.0,4.0,8.0,0.0,57.4,09:38:03,0.0,0.737,0.028,1.64,3.8,0.0,-1107.61,164,3,5.25,,,,,,4.0,"{""industry"": ""化学纤维"", ""industry_zt_count"": 3, ""sector_pct_change"": 0, ""sector_up_ratio"": 0, ""sector_amount_rank"": 0, ""zt_score"": 15, ""pct_score"": 10.0, ""up_ratio_score"": 10, ""amount_score"": 5}"
1080,000815.SZ,20260416,8.666666666666666,4.0,4.0,4.0,10.0,5.0,5.0,2.0,5.0,8.0,0.0,56.8,09:35:06,0.0,0.1792,0.0196,0.56,10.94,0.0,-26040.16,164,5,5.24,,,,,,5.0,"{""industry"": ""IT服务Ⅱ"", ""industry_zt_count"": 5, ""sector_pct_change"": 0, ""sector_up_ratio"": 0, ""sector_amount_rank"": 0, ""zt_score"": 25, ""pct_score"": 10.0, ""up_ratio_score"": 10, ""amount_score"": 5}"
1084,000967.SZ,20260416,10.0,4.0,2.0,4.0,6.0,8.0,5.0,2.0,7.0,6.0,0.0,55.73,09:40:30,0.0,0.112,0.0054,0.75,4.78,-255792103.33,-18107.61,164,1,7.01,,,,,,3.934307692307692,"{""industry"": ""环保设备"", ""industry_zt_count"": 1, ""sector_pct_change"": 3.71, ""sector_up_ratio"": 0.85, ""sector_amount_rank"": 107, ""zt_score"": 5, ""pct_score"": 17.4, ""up_ratio_score"": 16.9, ""amount_score"": 0}"
1087,001203.SZ,20260416,10.0,4.0,2.0,4.0,6.0,5.0,5.0,2.0,7.0,8.0,0.0,53.89,09:46:45,0.0,0.1501,0.0022,0.59,1.45,0.0,-9473.03,164,1,5.0,,,,,,4.492,"{""industry"": ""冶钢原料"", ""industry_zt_count"": 1, ""sector_pct_change"": 4.96, ""sector_up_ratio"": 1.0, ""sector_amount_rank"": 141, ""zt_score"": 5, ""pct_score"": 19.9, ""up_ratio_score"": 20.0, ""amount_score"": 0}"
1057,001230.SZ,20260416,8.0,8.0,6.0,8.0,10.0,5.0,7.0,2.0,7.0,6.0,0.0,67.93,10:06:24,0.0,0.689,0.0447,2.56,6.49,0.0,241.98,164,4,6.25,,,,,,4.932307692307693,"{""industry"": ""环境治理"", ""industry_zt_count"": 4, ""sector_pct_change"": 1.2, ""sector_up_ratio"": 0.85, ""sector_amount_rank"": 59, ""zt_score"": 20, ""pct_score"": 12.4, ""up_ratio_score"": 16.9, ""amount_score"": 0}"
1098,002033.SZ,20260416,8.333333333333334,2.0,2.0,10.0,8.0,5.0,7.0,2.0,3.0,3.0,0.0,51.1,13:09:06,0.0,0.0508,0.0093,4.14,18.39,0.0,3335.92,164,2,9.63,,,,,,3.5,"{""industry"": ""旅游及景"", ""industry_zt_count"": 2, ""sector_pct_change"": 0, ""sector_up_ratio"": 0, ""sector_amount_rank"": 0, ""zt_score"": 10, ""pct_score"": 10.0, ""up_ratio_score"": 10, ""amount_score"": 5}"
1102,002062.SZ,20260416,8.0,4.0,2.0,6.0,6.0,5.0,5.0,2.0,5.0,6.0,0.0,49.64,10:17:03,0.0,0.281,0.0066,1.81,2.34,0.0,-2409.37,164,2,6.62,,,,,,3.839675675675676,"{""industry"": ""基础建设"", ""industry_zt_count"": 2, ""sector_pct_change"": 0.82, ""sector_up_ratio"": 0.84, ""sector_amount_rank"": 77, ""zt_score"": 10, ""pct_score"": 11.6, ""up_ratio_score"": 16.8, ""amount_score"": 0}"
1061,002209.SZ,20260416,6.333333333333333,4.0,4.0,8.0,10.0,5.0,9.0,2.0,8.0,8.0,0.0,63.44,13:31:39,0.0,0.2837,0.0194,2.85,6.84,0.0,1633.75,164,3,5.72,,,,,,4.839910313901345,"{""industry"": ""专用设备"", ""industry_zt_count"": 3, ""sector_pct_change"": 2.25, ""sector_up_ratio"": 0.87, ""sector_amount_rank"": 18, ""zt_score"": 15, ""pct_score"": 14.5, ""up_ratio_score"": 17.4, ""amount_score"": 1.5}"
1100,002213.SZ,20260416,8.0,2.0,4.0,4.0,6.0,5.0,5.0,2.0,5.0,8.0,0.0,50.12,09:59:03,2.0,0.0522,0.0105,0.86,20.11,0.0,-14479.42,164,1,3.37,,,,,,4.319957671957672,"{""industry"": ""半导体"", ""industry_zt_count"": 1, ""sector_pct_change"": 1.24, ""sector_up_ratio"": 0.84, ""sector_amount_rank"": 3, ""zt_score"": 5, ""pct_score"": 12.5, ""up_ratio_score"": 16.7, ""amount_score"": 9.0}"
1094,002237.SZ,20260416,7.0,4.0,2.0,8.0,6.0,5.0,7.0,2.0,5.0,6.0,0.0,51.84,13:18:30,0.0,0.1356,0.0064,2.61,4.75,0.0,120.42,164,1,6.38,,,,,,3.639333333333333,"{""industry"": ""贵金属"", ""industry_zt_count"": 1, ""sector_pct_change"": 1.53, ""sector_up_ratio"": 0.92, ""sector_amount_rank"": 64, ""zt_score"": 5, ""pct_score"": 13.1, ""up_ratio_score"": 18.3, ""amount_score"": 0}"
1105,002263.SZ,20260416,6.666666666666667,2.0,2.0,4.0,10.0,5.0,5.0,2.0,5.0,8.0,0.0,48.55,09:31:06,2.0,0.0511,0.0075,0.61,14.69,0.0,-94223.51,164,1,4.73,,,,,,3.552285714285714,"{""industry"": ""塑料"", ""industry_zt_count"": 1, ""sector_pct_change"": 1.69, ""sector_up_ratio"": 0.86, ""sector_amount_rank"": 35, ""zt_score"": 5, ""pct_score"": 13.4, ""up_ratio_score"": 17.1, ""amount_score"": 0}"
1104,002333.SZ,20260416,6.333333333333333,2.0,2.0,10.0,10.0,5.0,5.0,2.0,2.0,6.0,0.0,48.8,13:57:48,0.0,0.0252,0.0022,4.36,8.87,0.0,-3089.68,164,1,7.76,,,,,,3.0,"{""industry"": ""装修建材"", ""industry_zt_count"": 1, ""sector_pct_change"": 0, ""sector_up_ratio"": 0, ""sector_amount_rank"": 0, ""zt_score"": 5, ""pct_score"": 10.0, ""up_ratio_score"": 10, ""amount_score"": 5}"
1073,002421.SZ,20260416,8.666666666666666,4.0,4.0,6.0,10.0,5.0,5.0,2.0,5.0,8.0,0.0,58.4,09:44:21,0.0,0.1927,0.0118,1.65,6.1,0.0,-1690.87,164,5,5.45,,,,,,5.0,"{""industry"": ""IT服务Ⅱ"", ""industry_zt_count"": 5, ""sector_pct_change"": 0, ""sector_up_ratio"": 0, ""sector_amount_rank"": 0, ""zt_score"": 25, ""pct_score"": 10.0, ""up_ratio_score"": 10, ""amount_score"": 5}"
1065,002491.SZ,20260416,6.333333333333333,2.0,2.0,4.0,6.0,10.0,9.0,2.0,9.0,8.0,0.0,60.42,14:30:27,0.0,0.0283,0.006,0.91,21.21,322990801.03,89690.46,164,3,4.34,,,,,,5.824117647058824,"{""industry"": ""通信设备"", ""industry_zt_count"": 3, ""sector_pct_change"": 3.4, ""sector_up_ratio"": 0.9, ""sector_amount_rank"": 4, ""zt_score"": 15, ""pct_score"": 16.8, ""up_ratio_score"": 17.9, ""amount_score"": 8.5}"
1070,002595.SZ,20260416,7.0,6.0,2.0,6.0,6.0,5.0,9.0,2.0,8.0,8.0,0.0,59.04,13:01:54,0.0,0.3538,0.0027,1.89,0.75,0.0,11488.48,164,3,5.83,,,,,,4.839910313901345,"{""industry"": ""专用设备"", ""industry_zt_count"": 3, ""sector_pct_change"": 2.25, ""sector_up_ratio"": 0.87, ""sector_amount_rank"": 18, ""zt_score"": 15, ""pct_score"": 14.5, ""up_ratio_score"": 17.4, ""amount_score"": 1.5}"
1062,002613.SZ,20260416,8.0,4.0,4.0,8.0,10.0,5.0,9.0,2.0,6.0,8.0,0.0,62.74,10:07:12,0.0,0.2533,0.0265,2.89,10.44,0.0,6799.9,164,1,4.95,,,,,,3.7387058823529413,"{""industry"": ""玻璃玻纤"", ""industry_zt_count"": 1, ""sector_pct_change"": 2.37, ""sector_up_ratio"": 0.88, ""sector_amount_rank"": 40, ""zt_score"": 5, ""pct_score"": 14.7, ""up_ratio_score"": 17.6, ""amount_score"": 0}"
1097,002726.SZ,20260416,8.666666666666666,4.0,4.0,6.0,6.0,5.0,5.0,2.0,4.0,6.0,0.0,51.33,09:25:00,0.0,0.2466,0.01,1.2,4.07,0.0,-12252.88,164,1,6.68,,,,,,3.1323157894736844,"{""industry"": ""食品加工"", ""industry_zt_count"": 1, ""sector_pct_change"": 0.53, ""sector_up_ratio"": 0.76, ""sector_amount_rank"": 115, ""zt_score"": 5, ""pct_score"": 11.1, ""up_ratio_score"": 15.3, ""amount_score"": 0}"
1060,002757.SZ,20260416,8.0,4.0,4.0,10.0,10.0,5.0,7.0,2.0,8.0,6.0,0.0,63.84,10:32:03,0.0,0.1188,0.0119,3.19,10.03,0.0,2735.37,164,3,6.13,,,,,,4.839910313901345,"{""industry"": ""专用设备"", ""industry_zt_count"": 3, ""sector_pct_change"": 2.25, ""sector_up_ratio"": 0.87, ""sector_amount_rank"": 18, ""zt_score"": 15, ""pct_score"": 14.5, ""up_ratio_score"": 17.4, ""amount_score"": 1.5}"
1083,002771.SZ,20260416,6.666666666666667,4.0,4.0,6.0,10.0,5.0,5.0,2.0,5.0,8.0,0.0,56.0,09:32:15,2.0,0.1701,0.0212,1.21,12.45,0.0,-13987.43,164,5,5.82,,,,,,5.0,"{""industry"": ""IT服务Ⅱ"", ""industry_zt_count"": 5, ""sector_pct_change"": 0, ""sector_up_ratio"": 0, ""sector_amount_rank"": 0, ""zt_score"": 25, ""pct_score"": 10.0, ""up_ratio_score"": 10, ""amount_score"": 5}"
1056,002802.SZ,20260416,8.0,10.0,10.0,8.0,10.0,5.0,5.0,2.0,6.0,6.0,0.0,70.95,10:37:42,0.0,1.4591,0.1121,2.23,7.68,0.0,-3084.28,164,2,6.52,,,,,,3.9543076923076925,"{""industry"": ""化学制品"", ""industry_zt_count"": 2, ""sector_pct_change"": 1.31, ""sector_up_ratio"": 0.85, ""sector_amount_rank"": 31, ""zt_score"": 10, ""pct_score"": 12.6, ""up_ratio_score"": 16.9, ""amount_score"": 0}"
1079,002850.SZ,20260416,8.666666666666666,4.0,2.0,6.0,6.0,5.0,5.0,2.0,10.0,6.0,0.0,57.31,09:52:06,0.0,0.2075,0.0054,1.15,2.62,0.0,-5547.7,164,5,6.07,,,,,,6.709918367346939,"{""industry"": ""电池"", ""industry_zt_count"": 5, ""sector_pct_change"": 3.82, ""sector_up_ratio"": 0.9, ""sector_amount_rank"": 8, ""zt_score"": 25, ""pct_score"": 17.6, ""up_ratio_score"": 18.0, ""amount_score"": 6.5}"
1092,002929.SZ,20260416,7.666666666666667,2.0,2.0,6.0,10.0,5.0,8.0,2.0,4.0,6.0,0.0,52.8,14:14:18,0.0,0.0754,0.0097,1.13,12.85,0.0,12781.38,164,3,6.19,,,,,,4.0,"{""industry"": ""通信服务"", ""industry_zt_count"": 3, ""sector_pct_change"": 0, ""sector_up_ratio"": 0, ""sector_amount_rank"": 0, ""zt_score"": 15, ""pct_score"": 10.0, ""up_ratio_score"": 10, ""amount_score"": 5}"
1074,002940.SZ,20260416,8.666666666666666,6.0,6.0,6.0,10.0,5.0,5.0,2.0,4.0,6.0,0.0,57.95,09:39:06,0.0,0.4544,0.0463,1.14,10.2,0.0,-2958.43,164,1,8.51,,,,,,2.1505,"{""industry"": ""化学制药"", ""industry_zt_count"": 1, ""sector_pct_change"": -0.81, ""sector_up_ratio"": 0.41, ""sector_amount_rank"": 26, ""zt_score"": 5, ""pct_score"": 8.4, ""up_ratio_score"": 8.1, ""amount_score"": 0}"
1082,003041.SZ,20260416,8.0,4.0,4.0,6.0,6.0,5.0,9.0,2.0,5.0,6.0,0.0,56.01,10:09:03,0.0,0.2718,0.01,1.49,3.69,0.0,3499.48,164,2,6.88,,,,,,3.810363636363637,"{""industry"": ""服装家纺"", ""industry_zt_count"": 2, ""sector_pct_change"": 0.87, ""sector_up_ratio"": 0.82, ""sector_amount_rank"": 91, ""zt_score"": 10, ""pct_score"": 11.7, ""up_ratio_score"": 16.4, ""amount_score"": 0}"
1071,300798.SZ,20260416,8.0,2.0,4.0,6.0,8.0,10.0,8.0,2.0,6.0,1.0,0.0,58.55,10:57:12,0.0,0.0901,0.0176,1.9,19.52,55426928.42,7380.62,164,2,16.29,,,,,,3.9543076923076925,"{""industry"": ""化学制品"", ""industry_zt_count"": 2, ""sector_pct_change"": 1.31, ""sector_up_ratio"": 0.85, ""sector_amount_rank"": 31, ""zt_score"": 10, ""pct_score"": 12.6, ""up_ratio_score"": 16.9, ""amount_score"": 0}"
1099,300905.SZ,20260416,8.666666666666666,4.0,4.0,4.0,10.0,5.0,5.0,2.0,4.0,1.0,0.0,50.8,09:32:57,0.0,0.2443,0.0165,0.95,6.77,0.0,-14440.48,164,3,14.14,,,,,,4.0,"{""industry"": ""化学纤维"", ""industry_zt_count"": 3, ""sector_pct_change"": 0, ""sector_up_ratio"": 0, ""sector_amount_rank"": 0, ""zt_score"": 15, ""pct_score"": 10.0, ""up_ratio_score"": 10, ""amount_score"": 5}"
1108,301396.SZ,20260416,6.0,2.0,2.0,4.0,8.0,6.0,7.0,2.0,5.0,1.0,0.0,46.6,13:00:03,1.0,0.0197,0.0037,0.97,18.89,-10862722.41,12119.48,164,5,15.26,,,,,,5.0,"{""industry"": ""IT服务Ⅱ"", ""industry_zt_count"": 5, ""sector_pct_change"": 0, ""sector_up_ratio"": 0, ""sector_amount_rank"": 0, ""zt_score"": 25, ""pct_score"": 10.0, ""up_ratio_score"": 10, ""amount_score"": 5}"
1076,600156.SH,20260416,8.0,6.0,4.0,6.0,6.0,7.0,5.0,2.0,5.0,8.0,0.0,57.45,10:32:37,0.0,0.3678,0.0183,1.46,4.98,51303687.0,-5541.36,164,1,5.82,,,,,,3.647529411764706,"{""industry"": ""纺织制造"", ""industry_zt_count"": 1, ""sector_pct_change"": 1.62, ""sector_up_ratio"": 0.91, ""sector_amount_rank"": 125, ""zt_score"": 5, ""pct_score"": 13.2, ""up_ratio_score"": 18.2, ""amount_score"": 0}"
1072,600284.SH,20260416,6.333333333333333,4.0,4.0,10.0,6.0,5.0,9.0,2.0,5.0,8.0,0.0,58.44,14:19:30,0.0,0.253,0.011,4.97,4.33,0.0,3829.94,164,2,5.88,,,,,,3.839675675675676,"{""industry"": ""基础建设"", ""industry_zt_count"": 2, ""sector_pct_change"": 0.82, ""sector_up_ratio"": 0.84, ""sector_amount_rank"": 77, ""zt_score"": 10, ""pct_score"": 11.6, ""up_ratio_score"": 16.8, ""amount_score"": 0}"
1106,600507.SH,20260416,6.0,2.0,2.0,10.0,6.0,5.0,8.0,2.0,2.0,6.0,0.0,48.2,11:10:54,1.0,0.0609,0.0024,4.55,3.91,0.0,1910.98,164,1,6.39,,,,,,3.0,"{""industry"": ""特钢Ⅱ"", ""industry_zt_count"": 1, ""sector_pct_change"": 0, ""sector_up_ratio"": 0, ""sector_amount_rank"": 0, ""zt_score"": 5, ""pct_score"": 10.0, ""up_ratio_score"": 10, ""amount_score"": 5}"
1091,600666.SH,20260416,8.0,2.0,4.0,4.0,6.0,5.0,9.0,2.0,5.0,8.0,0.0,53.1,10:20:14,0.0,0.0729,0.0161,0.96,22.01,0.0,48672.44,164,1,5.06,,,,,,3.3011698113207544,"{""industry"": ""光学光电"", ""industry_zt_count"": 1, ""sector_pct_change"": 1.27, ""sector_up_ratio"": 0.77, ""sector_amount_rank"": 27, ""zt_score"": 5, ""pct_score"": 12.5, ""up_ratio_score"": 15.5, ""amount_score"": 0}"
1107,600683.SH,20260416,9.0,4.0,2.0,6.0,6.0,5.0,5.0,2.0,4.0,3.0,0.0,47.29,09:31:05,1.0,0.241,0.0078,1.09,3.24,13176579.81,-8092.38,164,1,9.66,,,,,,2.8874736842105264,"{""industry"": ""房地产开发"", ""industry_zt_count"": 1, ""sector_pct_change"": 0.49, ""sector_up_ratio"": 0.64, ""sector_amount_rank"": 67, ""zt_score"": 5, ""pct_score"": 11.0, ""up_ratio_score"": 12.9, ""amount_score"": 0}"
1059,600719.SH,20260416,6.333333333333333,8.0,6.0,8.0,10.0,5.0,9.0,2.0,5.0,6.0,0.0,64.83,14:15:55,0.0,0.5357,0.0405,2.41,7.57,38635030.14,7947.99,164,2,6.03,,,,,,3.4346233766233767,"{""industry"": ""电力"", ""industry_zt_count"": 2, ""sector_pct_change"": 0.29, ""sector_up_ratio"": 0.69, ""sector_amount_rank"": 25, ""zt_score"": 10, ""pct_score"": 10.6, ""up_ratio_score"": 13.8, ""amount_score"": 0}"
1093,600749.SH,20260416,7.0,2.0,4.0,6.0,8.0,5.0,9.0,2.0,3.0,6.0,0.0,52.5,13:06:55,0.0,0.0989,0.0163,1.5,16.53,0.0,12121.48,164,2,6.22,,,,,,3.5,"{""industry"": ""旅游及景"", ""industry_zt_count"": 2, ""sector_pct_change"": 0, ""sector_up_ratio"": 0, ""sector_amount_rank"": 0, ""zt_score"": 10, ""pct_score"": 10.0, ""up_ratio_score"": 10, ""amount_score"": 5}"
1058,600768.SH,20260416,8.666666666666666,8.0,6.0,6.0,10.0,5.0,5.0,2.0,7.0,8.0,0.0,65.82,09:35:02,0.0,0.5854,0.0474,1.39,8.1,0.0,-1822.4,164,2,5.88,,,,,,4.419639344262295,"{""industry"": ""工业金属"", ""industry_zt_count"": 2, ""sector_pct_change"": 2.59, ""sector_up_ratio"": 0.95, ""sector_amount_rank"": 22, ""zt_score"": 10, ""pct_score"": 15.2, ""up_ratio_score"": 19.0, ""amount_score"": 0}"
1095,600961.SH,20260416,6.666666666666667,2.0,2.0,6.0,6.0,8.0,5.0,2.0,7.0,6.0,0.0,51.82,09:36:59,2.0,0.054,0.0019,1.67,3.49,52169385.63,-12428.69,164,2,6.22,,,,,,4.419639344262295,"{""industry"": ""工业金属"", ""industry_zt_count"": 2, ""sector_pct_change"": 2.59, ""sector_up_ratio"": 0.95, ""sector_amount_rank"": 22, ""zt_score"": 10, ""pct_score"": 15.2, ""up_ratio_score"": 19.0, ""amount_score"": 0}"
1064,603032.SH,20260416,5.666666666666667,2.0,4.0,8.0,10.0,5.0,8.0,2.0,10.0,6.0,0.0,61.91,14:43:33,0.0,0.0769,0.0102,2.79,13.23,0.0,2929.77,164,5,6.92,,,,,,6.709918367346939,"{""industry"": ""电池"", ""industry_zt_count"": 5, ""sector_pct_change"": 3.82, ""sector_up_ratio"": 0.9, ""sector_amount_rank"": 8, ""zt_score"": 25, ""pct_score"": 17.6, ""up_ratio_score"": 18.0, ""amount_score"": 6.5}"
1103,603052.SH,20260416,7.666666666666667,4.0,2.0,4.0,6.0,5.0,5.0,2.0,5.0,8.0,0.0,49.13,09:42:16,1.0,0.2004,0.0067,0.61,3.34,0.0,-1883.58,164,1,5.88,,,,,,4.126769230769231,"{""industry"": ""消费电子"", ""industry_zt_count"": 1, ""sector_pct_change"": 1.98, ""sector_up_ratio"": 0.87, ""sector_amount_rank"": 11, ""zt_score"": 5, ""pct_score"": 14.0, ""up_ratio_score"": 17.3, ""amount_score"": 5.0}"
1081,603315.SH,20260416,7.0,2.0,2.0,6.0,10.0,5.0,9.0,2.0,7.0,6.0,0.0,56.33,10:25:44,1.0,0.0343,0.0034,1.22,9.83,0.0,7714.01,164,4,6.49,,,,,,4.932307692307693,"{""industry"": ""环境治理"", ""industry_zt_count"": 4, ""sector_pct_change"": 1.2, ""sector_up_ratio"": 0.85, ""sector_amount_rank"": 59, ""zt_score"": 20, ""pct_score"": 12.4, ""up_ratio_score"": 16.9, ""amount_score"": 0}"
1078,603322.SH,20260416,7.666666666666667,4.0,4.0,10.0,10.0,5.0,5.0,2.0,4.0,6.0,0.0,57.4,09:50:45,1.0,0.1989,0.0236,3.99,11.86,0.0,-13459.07,164,3,7.07,,,,,,4.0,"{""industry"": ""通信服务"", ""industry_zt_count"": 3, ""sector_pct_change"": 0, ""sector_up_ratio"": 0, ""sector_amount_rank"": 0, ""zt_score"": 15, ""pct_score"": 10.0, ""up_ratio_score"": 10, ""amount_score"": 5}"
1075,603878.SH,20260416,6.333333333333333,6.0,4.0,8.0,6.0,5.0,8.0,2.0,5.0,8.0,0.0,57.8,14:01:05,0.0,0.331,0.0134,2.64,4.04,0.0,725.02,164,1,5.94,,,,,,3.8,"{""industry"": ""普钢"", ""industry_zt_count"": 1, ""sector_pct_change"": 1.5, ""sector_up_ratio"": 1.0, ""sector_amount_rank"": 84, ""zt_score"": 5, ""pct_score"": 13.0, ""up_ratio_score"": 20.0, ""amount_score"": 0}"
1055,603906.SH,20260416,8.666666666666666,6.0,4.0,4.0,6.0,5.0,5.0,2.0,10.0,8.0,10.0,71.31,09:30:47,0.0,0.3411,0.0141,0.51,4.14,0.0,-25890.19,164,5,5.1,,,,,,6.709918367346939,"{""industry"": ""电池"", ""industry_zt_count"": 5, ""sector_pct_change"": 3.82, ""sector_up_ratio"": 0.9, ""sector_amount_rank"": 8, ""zt_score"": 25, ""pct_score"": 17.6, ""up_ratio_score"": 18.0, ""amount_score"": 6.5}"
1090,603920.SH,20260416,8.666666666666666,8.0,4.0,4.0,6.0,5.0,5.0,2.0,2.0,8.0,0.0,53.2,09:25:03,0.0,0.6247,0.0117,0.33,1.87,0.0,-79402.26,164,1,5.2,,,,,,3.0,"{""industry"": ""元件"", ""industry_zt_count"": 1, ""sector_pct_change"": 0, ""sector_up_ratio"": 0, ""sector_amount_rank"": 0, ""zt_score"": 5, ""pct_score"": 10.0, ""up_ratio_score"": 10, ""amount_score"": 5}"
1063,603933.SH,20260416,7.666666666666667,4.0,4.0,6.0,10.0,5.0,9.0,2.0,7.0,8.0,0.0,62.35,13:28:00,0.0,0.2356,0.0237,1.55,10.08,0.0,2999.92,164,3,4.95,,,,,,4.550769230769231,"{""industry"": ""其他电子"", ""industry_zt_count"": 3, ""sector_pct_change"": 1.6, ""sector_up_ratio"": 0.87, ""sector_amount_rank"": 42, ""zt_score"": 15, ""pct_score"": 13.2, ""up_ratio_score"": 17.3, ""amount_score"": 0}"
1101,603985.SH,20260416,7.0,2.0,2.0,6.0,10.0,5.0,7.0,2.0,4.0,6.0,0.0,50.09,10:35:20,1.0,0.0514,0.0065,1.05,12.63,0.0,2157.6,164,1,8.26,,,,,,3.093870967741936,"{""industry"": ""风电设备"", ""industry_zt_count"": 1, ""sector_pct_change"": 0.55, ""sector_up_ratio"": 0.74, ""sector_amount_rank"": 55, ""zt_score"": 5, ""pct_score"": 11.1, ""up_ratio_score"": 14.8, ""amount_score"": 0}"
1096,605060.SH,20260416,8.666666666666666,4.0,2.0,4.0,6.0,5.0,5.0,2.0,6.0,8.0,0.0,51.37,09:45:08,0.0,0.192,0.0069,0.79,3.58,0.0,-2532.66,164,2,5.41,,,,,,4.372907630522088,"{""industry"": ""通用设备"", ""industry_zt_count"": 2, ""sector_pct_change"": 1.73, ""sector_up_ratio"": 0.86, ""sector_amount_rank"": 15, ""zt_score"": 10, ""pct_score"": 13.5, ""up_ratio_score"": 17.3, ""amount_score"": 3.0}"
1085,605166.SH,20260416,8.0,6.0,4.0,8.0,6.0,5.0,5.0,2.0,4.0,6.0,0.0,55.0,10:50:03,0.0,0.319,0.0132,2.42,4.12,0.0,-1067.53,164,3,6.58,,,,,,4.0,"{""industry"": ""化学纤维"", ""industry_zt_count"": 3, ""sector_pct_change"": 0, ""sector_up_ratio"": 0, ""sector_amount_rank"": 0, ""zt_score"": 15, ""pct_score"": 10.0, ""up_ratio_score"": 10, ""amount_score"": 5}"
1086,605287.SH,20260416,8.666666666666666,6.0,4.0,4.0,6.0,5.0,7.0,2.0,5.0,6.0,0.0,54.88,09:57:03,0.0,0.4492,0.0162,0.75,3.61,0.0,318.19,164,1,6.18,,,,,,3.4803636363636357,"{""industry"": ""装修装饰"", ""industry_zt_count"": 1, ""sector_pct_change"": 1.72, ""sector_up_ratio"": 0.82, ""sector_amount_rank"": 138, ""zt_score"": 5, ""pct_score"": 13.4, ""up_ratio_score"": 16.4, ""amount_score"": 0}"
1069,605388.SH,20260416,8.0,4.0,4.0,10.0,10.0,8.0,5.0,2.0,4.0,3.0,0.0,59.08,10:00:42,2.0,0.1131,0.0108,4.1,9.58,12747374.93,-13066.77,164,1,9.66,,,,,,3.4771428571428573,"{""industry"": ""饮料乳品"", ""industry_zt_count"": 1, ""sector_pct_change"": 0.6, ""sector_up_ratio"": 0.93, ""sector_amount_rank"": 114, ""zt_score"": 5, ""pct_score"": 11.2, ""up_ratio_score"": 18.6, ""amount_score"": 0}"
1049,000785.SZ,20260415,6.666666666666667,4.0,2.0,10.0,6.0,5.0,5.0,2.0,3.0,6.0,0.0,49.3,09:35:39,2.0,0.1463,0.0032,3.23,2.19,0.0,-6899.14,37,2,6.72,,,,,,3.5,"{""industry"": ""一般零售"", ""industry_zt_count"": 2, ""sector_pct_change"": 0, ""sector_up_ratio"": 0, ""sector_amount_rank"": 0, ""zt_score"": 10, ""pct_score"": 10.0, ""up_ratio_score"": 10, ""amount_score"": 5}"
1014,000788.SZ,20260415,7.0,4.0,6.0,6.0,8.0,5.0,9.0,4.0,5.0,6.0,0.0,62.6,13:21:57,0.0,0.2099,0.0386,1.19,18.38,0.0,13284.12,23,7,6.56,,,,,,6.0,"{""industry"": ""化学制药"", ""industry_zt_count"": 7, ""sector_pct_change"": 0, ""sector_up_ratio"": 0, ""sector_amount_rank"": 0, ""zt_score"": 35, ""pct_score"": 10.0, ""up_ratio_score"": 10, ""amount_score"": 5}"
1025,000919.SZ,20260415,8.666666666666666,4.0,4.0,4.0,10.0,5.0,5.0,2.0,5.0,6.0,0.0,56.6,09:55:30,0.0,0.1882,0.0217,0.61,11.53,0.0,-463.15,28,7,7.65,,,,,,6.0,"{""industry"": ""化学制药"", ""industry_zt_count"": 7, ""sector_pct_change"": 0, ""sector_up_ratio"": 0, ""sector_amount_rank"": 0, ""zt_score"": 35, ""pct_score"": 10.0, ""up_ratio_score"": 10, ""amount_score"": 5}"
1020,001208.SZ,20260415,8.0,4.0,4.0,8.0,8.0,5.0,7.0,4.0,4.0,6.0,0.0,58.2,10:20:48,0.0,0.1509,0.0248,2.25,16.45,0.0,2827.29,18,3,7.43,,,,,,4.0,"{""industry"": ""电网设备"", ""industry_zt_count"": 3, ""sector_pct_change"": 0, ""sector_up_ratio"": 0, ""sector_amount_rank"": 0, ""zt_score"": 15, ""pct_score"": 10.0, ""up_ratio_score"": 10, ""amount_score"": 5}"
1022,001896.SZ,20260415,6.0,2.0,2.0,6.0,8.0,10.0,7.0,10.0,2.0,6.0,0.0,58.0,10:19:57,2.0,0.0179,0.003,1.89,16.69,147688340.27,13182.93,2,1,7.97,,,,,,3.0,"{""industry"": ""电力"", ""industry_zt_count"": 1, ""sector_pct_change"": 0, ""sector_up_ratio"": 0, ""sector_amount_rank"": 0, ""zt_score"": 5, ""pct_score"": 10.0, ""up_ratio_score"": 10, ""amount_score"": 5}"
1044,002033.SZ,20260415,7.0,2.0,2.0,10.0,10.0,5.0,5.0,4.0,2.0,6.0,0.0,51.2,10:50:06,1.0,0.0725,0.0093,4.93,12.88,0.0,-12046.88,24,1,6.27,,,,,,3.0,"{""industry"": ""旅游及景"", ""industry_zt_count"": 1, ""sector_pct_change"": 0, ""sector_up_ratio"": 0, ""sector_amount_rank"": 0, ""zt_score"": 5, ""pct_score"": 10.0, ""up_ratio_score"": 10, ""amount_score"": 5}"
1021,002038.SZ,20260415,7.0,2.0,4.0,6.0,8.0,5.0,9.0,4.0,5.0,6.0,0.0,58.2,11:21:12,0.0,0.0959,0.0152,1.07,15.85,0.0,8085.72,14,7,7.12,,,,,,6.0,"{""industry"": ""化学制药"", ""industry_zt_count"": 7, ""sector_pct_change"": 0, ""sector_up_ratio"": 0, ""sector_amount_rank"": 0, ""zt_score"": 35, ""pct_score"": 10.0, ""up_ratio_score"": 10, ""amount_score"": 5}"
1012,002297.SZ,20260415,9.333333333333334,10.0,8.0,4.0,6.0,8.0,5.0,2.0,2.0,3.0,10.0,71.4,09:25:00,0.0,4.2397,0.0726,0.62,1.71,27674418.0,-14348.29,46,1,9.68,,,,,,3.0,"{""industry"": ""航空装备"", ""industry_zt_count"": 1, ""sector_pct_change"": 0, ""sector_up_ratio"": 0, ""sector_amount_rank"": 0, ""zt_score"": 5, ""pct_score"": 10.0, ""up_ratio_score"": 10, ""amount_score"": 5}"
1041,002361.SZ,20260415,7.0,2.0,4.0,6.0,2.0,6.0,5.0,10.0,4.0,6.0,0.0,52.6,10:38:45,1.0,0.0497,0.0181,1.18,36.4,-34349663.71,-37615.0,1,3,6.78,,,,,,4.0,"{""industry"": ""塑料"", ""industry_zt_count"": 3, ""sector_pct_change"": 0, ""sector_up_ratio"": 0, ""sector_amount_rank"": 0, ""zt_score"": 15, ""pct_score"": 10.0, ""up_ratio_score"": 10, ""amount_score"": 5}"
1029,002468.SZ,20260415,8.666666666666666,10.0,4.0,4.0,6.0,5.0,5.0,2.0,2.0,8.0,0.0,55.2,09:25:00,0.0,2.1978,0.0145,0.41,0.66,0.0,-15877.74,45,1,5.42,,,,,,3.0,"{""industry"": ""物流"", ""industry_zt_count"": 1, ""sector_pct_change"": 0, ""sector_up_ratio"": 0, ""sector_amount_rank"": 0, ""zt_score"": 5, ""pct_score"": 10.0, ""up_ratio_score"": 10, ""amount_score"": 5}"
1017,002498.SZ,20260415,7.666666666666667,2.0,2.0,6.0,10.0,12.0,5.0,6.0,4.0,6.0,0.0,61.4,09:43:09,1.0,0.0866,0.0044,1.78,5.13,286281660.5,-65747.0,6,3,6.56,,,,,,4.0,"{""industry"": ""电网设备"", ""industry_zt_count"": 3, ""sector_pct_change"": 0, ""sector_up_ratio"": 0, ""sector_amount_rank"": 0, ""zt_score"": 15, ""pct_score"": 10.0, ""up_ratio_score"": 10, ""amount_score"": 5}"
1027,002589.SZ,20260415,8.666666666666666,6.0,4.0,4.0,10.0,5.0,5.0,2.0,4.0,6.0,0.0,55.8,09:34:39,0.0,0.3269,0.0221,0.7,6.76,0.0,-14825.51,38,3,6.0,,,,,,4.0,"{""industry"": ""医药商业"", ""industry_zt_count"": 3, ""sector_pct_change"": 0, ""sector_up_ratio"": 0, ""sector_amount_rank"": 0, ""zt_score"": 15, ""pct_score"": 10.0, ""up_ratio_score"": 10, ""amount_score"": 5}"
1036,002705.SZ,20260415,7.0,2.0,2.0,8.0,10.0,5.0,9.0,4.0,2.0,6.0,0.0,53.6,13:05:48,0.0,0.097,0.0058,2.41,5.95,0.0,7956.38,21,1,7.9,,,,,,3.0,"{""industry"": ""小家电"", ""industry_zt_count"": 1, ""sector_pct_change"": 0, ""sector_up_ratio"": 0, ""sector_amount_rank"": 0, ""zt_score"": 5, ""pct_score"": 10.0, ""up_ratio_score"": 10, ""amount_score"": 5}"
1039,002787.SZ,20260415,9.0,4.0,4.0,4.0,10.0,5.0,5.0,2.0,3.0,6.0,0.0,52.9,09:43:57,1.0,0.1734,0.0189,0.99,10.92,0.0,-1351.55,33,2,8.59,,,,,,3.5,"{""industry"": ""包装印刷"", ""industry_zt_count"": 2, ""sector_pct_change"": 0, ""sector_up_ratio"": 0, ""sector_amount_rank"": 0, ""zt_score"": 10, ""pct_score"": 10.0, ""up_ratio_score"": 10, ""amount_score"": 5}"
1030,002788.SZ,20260415,7.0,4.0,4.0,4.0,8.0,5.0,8.0,4.0,4.0,6.0,0.0,54.8,11:19:12,0.0,0.1116,0.02,0.88,17.93,0.0,6951.01,13,3,6.17,,,,,,4.0,"{""industry"": ""医药商业"", ""industry_zt_count"": 3, ""sector_pct_change"": 0, ""sector_up_ratio"": 0, ""sector_amount_rank"": 0, ""zt_score"": 15, ""pct_score"": 10.0, ""up_ratio_score"": 10, ""amount_score"": 5}"
1015,002798.SZ,20260415,8.666666666666666,8.0,4.0,10.0,6.0,5.0,9.0,2.0,3.0,6.0,0.0,62.1,09:48:57,0.0,0.56,0.0232,4.01,4.14,0.0,1417.77,48,2,6.27,,,,,,3.5,"{""industry"": ""家居用品"", ""industry_zt_count"": 2, ""sector_pct_change"": 0, ""sector_up_ratio"": 0, ""sector_amount_rank"": 0, ""zt_score"": 10, ""pct_score"": 10.0, ""up_ratio_score"": 10, ""amount_score"": 5}"
1040,002891.SZ,20260415,6.333333333333333,4.0,2.0,8.0,10.0,5.0,7.0,4.0,2.0,6.0,0.0,52.8,14:20:03,0.0,0.1092,0.0076,2.61,6.93,0.0,3008.55,17,1,7.02,,,,,,3.0,"{""industry"": ""饲料"", ""industry_zt_count"": 1, ""sector_pct_change"": 0, ""sector_up_ratio"": 0, ""sector_amount_rank"": 0, ""zt_score"": 5, ""pct_score"": 10.0, ""up_ratio_score"": 10, ""amount_score"": 5}"
1046,002990.SZ,20260415,6.666666666666667,2.0,2.0,6.0,6.0,10.0,7.0,4.0,2.0,3.0,0.0,50.6,13:53:39,1.0,0.0163,0.0034,1.82,20.76,146177023.28,1019.17,11,1,9.67,,,,,,3.0,"{""industry"": ""计算机设"", ""industry_zt_count"": 1, ""sector_pct_change"": 0, ""sector_up_ratio"": 0, ""sector_amount_rank"": 0, ""zt_score"": 5, ""pct_score"": 10.0, ""up_ratio_score"": 10, ""amount_score"": 5}"
1026,003036.SZ,20260415,9.333333333333334,6.0,4.0,4.0,10.0,5.0,5.0,2.0,3.0,8.0,0.0,56.5,10:04:36,0.0,0.3701,0.0224,0.83,6.05,0.0,-3263.12,34,2,5.51,,,,,,3.5,"{""industry"": ""专用设备"", ""industry_zt_count"": 2, ""sector_pct_change"": 0, ""sector_up_ratio"": 0, ""sector_amount_rank"": 0, ""zt_score"": 10, ""pct_score"": 10.0, ""up_ratio_score"": 10, ""amount_score"": 5}"
1035,301408.SZ,20260415,7.0,4.0,6.0,6.0,4.0,4.0,9.0,6.0,4.0,1.0,0.0,54.0,13:27:33,0.0,0.1855,0.0496,1.89,26.75,169971163.27,29834.09,8,3,12.28,,,,,,4.0,"{""industry"": ""医药商业"", ""industry_zt_count"": 3, ""sector_pct_change"": 0, ""sector_up_ratio"": 0, ""sector_amount_rank"": 0, ""zt_score"": 15, ""pct_score"": 10.0, ""up_ratio_score"": 10, ""amount_score"": 5}"
1042,600135.SH,20260415,8.666666666666666,4.0,4.0,6.0,6.0,5.0,5.0,2.0,4.0,6.0,0.0,52.2,09:50:15,0.0,0.2284,0.0101,1.24,4.4,0.0,-813.01,41,3,6.73,,,,,,4.0,"{""industry"": ""塑料"", ""industry_zt_count"": 3, ""sector_pct_change"": 0, ""sector_up_ratio"": 0, ""sector_amount_rank"": 0, ""zt_score"": 15, ""pct_score"": 10.0, ""up_ratio_score"": 10, ""amount_score"": 5}"
1018,600267.SH,20260415,7.666666666666667,4.0,2.0,8.0,6.0,11.0,5.0,2.0,5.0,6.0,0.0,60.2,09:54:39,1.0,0.1203,0.0048,2.88,4.02,79232923.0,-6123.33,30,7,6.88,,,,,,6.0,"{""industry"": ""化学制药"", ""industry_zt_count"": 7, ""sector_pct_change"": 0, ""sector_up_ratio"": 0, ""sector_amount_rank"": 0, ""zt_score"": 35, ""pct_score"": 10.0, ""up_ratio_score"": 10, ""amount_score"": 5}"
1034,600572.SH,20260415,7.0,2.0,2.0,6.0,10.0,9.0,5.0,4.0,3.0,6.0,0.0,54.1,13:27:22,0.0,0.0866,0.0069,5.81,7.96,56962024.08,-106.5,16,2,6.59,,,,,,3.5,"{""industry"": ""中药Ⅱ"", ""industry_zt_count"": 2, ""sector_pct_change"": 0, ""sector_up_ratio"": 0, ""sector_amount_rank"": 0, ""zt_score"": 10, ""pct_score"": 10.0, ""up_ratio_score"": 10, ""amount_score"": 5}"
1047,600594.SH,20260415,6.0,2.0,2.0,6.0,6.0,5.0,9.0,4.0,3.0,8.0,0.0,50.1,13:27:33,1.0,0.0197,0.0045,1.58,22.7,0.0,7747.17,20,2,5.7,,,,,,3.5,"{""industry"": ""中药Ⅱ"", ""industry_zt_count"": 2, ""sector_pct_change"": 0, ""sector_up_ratio"": 0, ""sector_amount_rank"": 0, ""zt_score"": 10, ""pct_score"": 10.0, ""up_ratio_score"": 10, ""amount_score"": 5}"
1028,600605.SH,20260415,9.0,2.0,2.0,6.0,10.0,7.0,10.0,2.0,3.0,3.0,0.0,55.7,09:31:24,1.0,0.0502,0.0045,8.67,8.97,104648332.22,10330.89,27,2,9.67,,,,,,3.5,"{""industry"": ""一般零售"", ""industry_zt_count"": 2, ""sector_pct_change"": 0, ""sector_up_ratio"": 0, ""sector_amount_rank"": 0, ""zt_score"": 10, ""pct_score"": 10.0, ""up_ratio_score"": 10, ""amount_score"": 5}"
1013,600664.SH,20260415,9.0,2.0,4.0,8.0,8.0,5.0,5.0,6.0,5.0,3.0,10.0,68.0,09:59:12,1.0,0.0721,0.0127,2.2,17.65,-41729626.95,-59019.92,5,7,9.63,,,,,,6.0,"{""industry"": ""化学制药"", ""industry_zt_count"": 7, ""sector_pct_change"": 0, ""sector_up_ratio"": 0, ""sector_amount_rank"": 0, ""zt_score"": 35, ""pct_score"": 10.0, ""up_ratio_score"": 10, ""amount_score"": 5}"
1051,600683.SH,20260415,7.0,2.0,2.0,6.0,6.0,5.0,9.0,2.0,2.0,6.0,0.0,47.2,13:12:23,0.0,0.0803,0.003,1.44,3.76,0.0,2903.93,40,1,6.71,,,,,,3.0,"{""industry"": ""房地产开发"", ""industry_zt_count"": 1, ""sector_pct_change"": 0, ""sector_up_ratio"": 0, ""sector_amount_rank"": 0, ""zt_score"": 5, ""pct_score"": 10.0, ""up_ratio_score"": 10, ""amount_score"": 5}"
1038,603063.SH,20260415,6.666666666666667,2.0,4.0,6.0,10.0,5.0,5.0,8.0,2.0,6.0,0.0,53.2,09:34:55,2.0,0.0735,0.0105,1.62,14.35,0.0,-45894.98,4,1,8.9,,,,,,3.0,"{""industry"": ""风电设备"", ""industry_zt_count"": 1, ""sector_pct_change"": 0, ""sector_up_ratio"": 0, ""sector_amount_rank"": 0, ""zt_score"": 5, ""pct_score"": 10.0, ""up_ratio_score"": 10, ""amount_score"": 5}"
1023,603150.SH,20260415,7.0,8.0,4.0,6.0,6.0,5.0,7.0,2.0,4.0,8.0,0.0,57.4,11:06:17,0.0,0.5544,0.0219,1.36,3.95,0.0,34.21,44,3,5.37,,,,,,4.0,"{""industry"": ""塑料"", ""industry_zt_count"": 3, ""sector_pct_change"": 0, ""sector_up_ratio"": 0, ""sector_amount_rank"": 0, ""zt_score"": 15, ""pct_score"": 10.0, ""up_ratio_score"": 10, ""amount_score"": 5}"
1053,603216.SH,20260415,8.0,2.0,2.0,6.0,6.0,5.0,5.0,2.0,3.0,8.0,0.0,46.9,10:57:07,0.0,0.0871,0.0042,1.4,4.83,0.0,-6978.22,36,2,5.37,,,,,,3.5,"{""industry"": ""家居用品"", ""industry_zt_count"": 2, ""sector_pct_change"": 0, ""sector_up_ratio"": 0, ""sector_amount_rank"": 0, ""zt_score"": 10, ""pct_score"": 10.0, ""up_ratio_score"": 10, ""amount_score"": 5}"
1032,603285.SH,20260415,7.666666666666667,4.0,4.0,8.0,10.0,5.0,5.0,2.0,3.0,6.0,0.0,54.5,09:50:12,1.0,0.1092,0.0125,2.59,11.43,0.0,-7602.81,42,2,6.38,,,,,,3.5,"{""industry"": ""化学制品"", ""industry_zt_count"": 2, ""sector_pct_change"": 0, ""sector_up_ratio"": 0, ""sector_amount_rank"": 0, ""zt_score"": 10, ""pct_score"": 10.0, ""up_ratio_score"": 10, ""amount_score"": 5}"
1054,603327.SH,20260415,7.666666666666667,2.0,2.0,4.0,6.0,5.0,5.0,2.0,4.0,8.0,0.0,46.7,09:37:33,1.0,0.0875,0.004,0.97,4.55,0.0,-18801.92,32,4,5.86,,,,,,4.5,"{""industry"": ""消费电子"", ""industry_zt_count"": 4, ""sector_pct_change"": 0, ""sector_up_ratio"": 0, ""sector_amount_rank"": 0, ""zt_score"": 20, ""pct_score"": 10.0, ""up_ratio_score"": 10, ""amount_score"": 5}"
1031,603629.SH,20260415,7.666666666666667,2.0,2.0,6.0,8.0,5.0,8.0,8.0,4.0,3.0,0.0,54.7,13:06:19,0.0,0.0411,0.0068,1.2,16.44,-118381721.08,14365.83,3,4,9.67,,,,,,4.5,"{""industry"": ""消费电子"", ""industry_zt_count"": 4, ""sector_pct_change"": 0, ""sector_up_ratio"": 0, ""sector_amount_rank"": 0, ""zt_score"": 20, ""pct_score"": 10.0, ""up_ratio_score"": 10, ""amount_score"": 5}"
1033,603687.SH,20260415,8.666666666666666,8.0,4.0,4.0,6.0,5.0,5.0,2.0,3.0,8.0,0.0,54.5,09:25:00,0.0,0.7158,0.0274,0.24,3.82,0.0,-19019.57,35,2,5.23,,,,,,3.5,"{""industry"": ""包装印刷"", ""industry_zt_count"": 2, ""sector_pct_change"": 0, ""sector_up_ratio"": 0, ""sector_amount_rank"": 0, ""zt_score"": 10, ""pct_score"": 10.0, ""up_ratio_score"": 10, ""amount_score"": 5}"
1045,603698.SH,20260415,9.0,4.0,2.0,4.0,6.0,8.0,5.0,4.0,3.0,3.0,0.0,50.7,09:30:14,1.0,0.2074,0.0081,0.74,3.93,338352167.19,-26105.15,22,2,9.66,,,,,,3.5,"{""industry"": ""专用设备"", ""industry_zt_count"": 2, ""sector_pct_change"": 0, ""sector_up_ratio"": 0, ""sector_amount_rank"": 0, ""zt_score"": 10, ""pct_score"": 10.0, ""up_ratio_score"": 10, ""amount_score"": 5}"
1043,603773.SH,20260415,8.666666666666666,2.0,2.0,4.0,10.0,5.0,8.0,4.0,2.0,6.0,0.0,51.4,10:33:35,0.0,0.0711,0.0057,0.76,8.0,0.0,3359.81,19,1,7.23,,,,,,3.0,"{""industry"": ""光学光电"", ""industry_zt_count"": 1, ""sector_pct_change"": 0, ""sector_up_ratio"": 0, ""sector_amount_rank"": 0, ""zt_score"": 5, ""pct_score"": 10.0, ""up_ratio_score"": 10, ""amount_score"": 5}"
1019,603815.SH,20260415,8.666666666666666,8.0,4.0,8.0,6.0,9.0,5.0,2.0,2.0,6.0,0.0,60.0,09:39:06,0.0,0.6131,0.0211,2.16,3.44,35327698.0,-1096.35,47,1,6.53,,,,,,3.0,"{""industry"": ""基础建设"", ""industry_zt_count"": 1, ""sector_pct_change"": 0, ""sector_up_ratio"": 0, ""sector_amount_rank"": 0, ""zt_score"": 5, ""pct_score"": 10.0, ""up_ratio_score"": 10, ""amount_score"": 5}"
1037,605098.SH,20260415,8.666666666666666,8.0,4.0,6.0,6.0,5.0,5.0,2.0,2.0,6.0,0.0,53.6,09:39:31,0.0,0.7057,0.0127,1.47,1.8,0.0,-6017.89,49,1,6.44,,,,,,3.0,"{""industry"": ""教育"", ""industry_zt_count"": 1, ""sector_pct_change"": 0, ""sector_up_ratio"": 0, ""sector_amount_rank"": 0, ""zt_score"": 5, ""pct_score"": 10.0, ""up_ratio_score"": 10, ""amount_score"": 5}"
1024,605222.SH,20260415,7.0,2.0,2.0,6.0,10.0,9.0,7.0,2.0,4.0,8.0,0.0,57.0,13:13:27,0.0,0.0241,0.0013,1.4,5.52,68041558.2,1745.07,29,3,5.58,,,,,,4.0,"{""industry"": ""电网设备"", ""industry_zt_count"": 3, ""sector_pct_change"": 0, ""sector_up_ratio"": 0, ""sector_amount_rank"": 0, ""zt_score"": 15, ""pct_score"": 10.0, ""up_ratio_score"": 10, ""amount_score"": 5}"
1050,605289.SH,20260415,7.0,4.0,2.0,4.0,10.0,5.0,5.0,2.0,3.0,6.0,0.0,48.1,11:25:20,0.0,0.1073,0.0055,0.95,5.1,0.0,-4655.33,25,2,6.91,,,,,,3.5,"{""industry"": ""专业工程"", ""industry_zt_count"": 2, ""sector_pct_change"": 0, ""sector_up_ratio"": 0, ""sector_amount_rank"": 0, ""zt_score"": 10, ""pct_score"": 10.0, ""up_ratio_score"": 10, ""amount_score"": 5}"
1052,605365.SH,20260415,8.666666666666666,4.0,2.0,6.0,6.0,5.0,5.0,2.0,2.0,6.0,0.0,47.2,09:35:04,0.0,0.253,0.0045,1.08,1.79,0.0,-11258.65,43,1,6.05,,,,,,3.0,"{""industry"": ""照明设备"", ""industry_zt_count"": 1, ""sector_pct_change"": 0, ""sector_up_ratio"": 0, ""sector_amount_rank"": 0, ""zt_score"": 5, ""pct_score"": 10.0, ""up_ratio_score"": 10, ""amount_score"": 5}"
1048,605366.SH,20260415,6.0,2.0,2.0,6.0,10.0,5.0,8.0,2.0,3.0,6.0,0.0,49.5,13:22:04,1.0,0.0516,0.0027,1.26,5.16,0.0,1900.59,31,2,6.34,,,,,,3.5,"{""industry"": ""化学制品"", ""industry_zt_count"": 2, ""sector_pct_change"": 0, ""sector_up_ratio"": 0, ""sector_amount_rank"": 0, ""zt_score"": 10, ""pct_score"": 10.0, ""up_ratio_score"": 10, ""amount_score"": 5}"
1016,605388.SH,20260415,6.333333333333333,6.0,4.0,10.0,10.0,7.0,9.0,2.0,2.0,6.0,0.0,61.6,14:03:24,0.0,0.3028,0.0191,4.72,6.32,47331297.5,3134.53,39,1,7.53,,,,,,3.0,"{""industry"": ""饮料乳品"", ""industry_zt_count"": 1, ""sector_pct_change"": 0, ""sector_up_ratio"": 0, ""sector_amount_rank"": 0, ""zt_score"": 5, ""pct_score"": 10.0, ""up_ratio_score"": 10, ""amount_score"": 5}"
996,000620.SZ,20260414,8.666666666666666,4.0,2.0,6.0,6.0,5.0,5.0,2.0,8.0,6.0,0.0,54.31,09:45:57,0.0,0.1574,0.0073,1.75,4.61,0.0,-24005.76,164,4,6.63,,,,,,5.311132530120482,"{""industry"": ""房地产开发"", ""industry_zt_count"": 4, ""sector_pct_change"": 2.64, ""sector_up_ratio"": 0.89, ""sector_amount_rank"": 52, ""zt_score"": 20, ""pct_score"": 15.3, ""up_ratio_score"": 17.8, ""amount_score"": 0}"
978,001299.SZ,20260414,8.333333333333334,8.0,8.0,8.0,10.0,5.0,6.0,2.0,2.0,3.0,0.0,62.0,09:33:42,1.0,0.5306,0.0502,2.1,9.46,0.0,-17362.15,164,1,9.68,,,,,,3.0,"{""industry"": ""燃气Ⅱ"", ""industry_zt_count"": 1, ""sector_pct_change"": 0, ""sector_up_ratio"": 0, ""sector_amount_rank"": 0, ""zt_score"": 5, ""pct_score"": 10.0, ""up_ratio_score"": 10, ""amount_score"": 5}"
994,002023.SZ,20260414,8.666666666666666,6.0,4.0,6.0,6.0,5.0,5.0,2.0,6.0,6.0,0.0,55.87,09:25:00,0.0,0.459,0.0156,1.23,3.41,0.0,-31091.6,164,2,8.2,,,,,,4.067953488372093,"{""industry"": ""航空装备"", ""industry_zt_count"": 2, ""sector_pct_change"": 1.27, ""sector_up_ratio"": 0.91, ""sector_amount_rank"": 58, ""zt_score"": 10, ""pct_score"": 12.5, ""up_ratio_score"": 18.1, ""amount_score"": 0}"
1003,002083.SZ,20260414,5.666666666666667,4.0,4.0,6.0,10.0,5.0,7.0,2.0,4.0,6.0,0.0,52.3,14:38:39,0.0,0.1065,0.0103,1.58,9.64,0.0,3448.47,164,1,7.47,,,,,,2.4973333333333336,"{""industry"": ""纺织制造"", ""industry_zt_count"": 1, ""sector_pct_change"": 0.32, ""sector_up_ratio"": 0.47, ""sector_amount_rank"": 118, ""zt_score"": 5, ""pct_score"": 10.6, ""up_ratio_score"": 9.3, ""amount_score"": 0}"
985,002107.SZ,20260414,9.0,4.0,4.0,6.0,10.0,5.0,7.0,2.0,3.0,8.0,0.0,57.7,09:39:15,1.0,0.285,0.0281,1.02,9.87,0.0,1714.97,164,2,4.49,,,,,,3.5,"{""industry"": ""中药Ⅱ"", ""industry_zt_count"": 2, ""sector_pct_change"": 0, ""sector_up_ratio"": 0, ""sector_amount_rank"": 0, ""zt_score"": 10, ""pct_score"": 10.0, ""up_ratio_score"": 10, ""amount_score"": 5}"
977,002124.SZ,20260414,10.0,4.0,4.0,10.0,10.0,5.0,5.0,2.0,8.0,3.0,0.0,62.27,09:51:24,0.0,0.1562,0.0148,4.42,9.46,0.0,-6550.03,164,2,9.76,,,,,,4.67,"{""industry"": ""养殖业"", ""industry_zt_count"": 2, ""sector_pct_change"": 3.35, ""sector_up_ratio"": 1.0, ""sector_amount_rank"": 76, ""zt_score"": 10, ""pct_score"": 16.7, ""up_ratio_score"": 20.0, ""amount_score"": 0}"
1005,002149.SZ,20260414,6.0,2.0,2.0,6.0,10.0,10.0,5.0,2.0,2.0,6.0,0.0,51.2,13:07:57,1.0,0.0437,0.006,1.53,13.84,228616314.07,-3985.31,164,1,6.31,,,,,,3.0,"{""industry"": ""小金属"", ""industry_zt_count"": 1, ""sector_pct_change"": 0, ""sector_up_ratio"": 0, ""sector_amount_rank"": 0, ""zt_score"": 5, ""pct_score"": 10.0, ""up_ratio_score"": 10, ""amount_score"": 5}"
988,002213.SZ,20260414,8.666666666666666,4.0,4.0,4.0,10.0,5.0,5.0,2.0,7.0,6.0,0.0,57.4,09:43:54,0.0,0.1692,0.0143,0.42,8.42,0.0,-3403.54,164,2,7.2,,,,,,5.196833333333333,"{""industry"": ""半导体"", ""industry_zt_count"": 2, ""sector_pct_change"": 2.63, ""sector_up_ratio"": 0.89, ""sector_amount_rank"": 3, ""zt_score"": 10, ""pct_score"": 15.3, ""up_ratio_score"": 17.7, ""amount_score"": 9.0}"
1001,002229.SZ,20260414,8.666666666666666,4.0,4.0,4.0,10.0,5.0,5.0,2.0,4.0,6.0,0.0,52.76,09:31:12,0.0,0.1481,0.0132,0.73,8.92,0.0,-39618.62,164,1,6.93,,,,,,2.9556666666666667,"{""industry"": ""包装印刷"", ""industry_zt_count"": 1, ""sector_pct_change"": 0.82, ""sector_up_ratio"": 0.65, ""sector_amount_rank"": 72, ""zt_score"": 5, ""pct_score"": 11.6, ""up_ratio_score"": 12.9, ""amount_score"": 0}"
974,002297.SZ,20260414,10.0,10.0,8.0,4.0,6.0,5.0,5.0,2.0,6.0,3.0,10.0,72.87,09:25:00,0.0,5.1463,0.0913,0.64,1.77,0.0,-13512.79,164,2,9.68,,,,,,4.067953488372093,"{""industry"": ""航空装备"", ""industry_zt_count"": 2, ""sector_pct_change"": 1.27, ""sector_up_ratio"": 0.91, ""sector_amount_rank"": 58, ""zt_score"": 10, ""pct_score"": 12.5, ""up_ratio_score"": 18.1, ""amount_score"": 0}"
990,002314.SZ,20260414,5.333333333333333,4.0,2.0,10.0,10.0,5.0,5.0,2.0,8.0,6.0,0.0,56.71,13:53:51,1.0,0.1453,0.0092,3.73,6.3,0.0,-4701.98,164,4,7.17,,,,,,5.311132530120482,"{""industry"": ""房地产开发"", ""industry_zt_count"": 4, ""sector_pct_change"": 2.64, ""sector_up_ratio"": 0.89, ""sector_amount_rank"": 52, ""zt_score"": 20, ""pct_score"": 15.3, ""up_ratio_score"": 17.8, ""amount_score"": 0}"
1007,002328.SZ,20260414,7.666666666666667,2.0,4.0,6.0,4.0,5.0,7.0,2.0,5.0,6.0,0.0,50.16,10:20:36,1.0,0.0507,0.0141,1.44,27.82,0.0,2879.24,164,2,8.59,,,,,,3.9563809523809526,"{""industry"": ""汽车零部件"", ""industry_zt_count"": 2, ""sector_pct_change"": 0.77, ""sector_up_ratio"": 0.73, ""sector_amount_rank"": 14, ""zt_score"": 10, ""pct_score"": 11.5, ""up_ratio_score"": 14.5, ""amount_score"": 3.5}"
989,002686.SZ,20260414,7.666666666666667,4.0,4.0,4.0,10.0,5.0,5.0,2.0,7.0,8.0,0.0,56.93,09:44:03,1.0,0.1628,0.0114,0.75,6.97,0.0,-9240.73,164,3,5.57,,,,,,4.733409836065574,"{""industry"": ""通用设备"", ""industry_zt_count"": 3, ""sector_pct_change"": 1.79, ""sector_up_ratio"": 0.74, ""sector_amount_rank"": 13, ""zt_score"": 15, ""pct_score"": 13.6, ""up_ratio_score"": 14.8, ""amount_score"": 4.0}"
998,002692.SZ,20260414,7.666666666666667,4.0,2.0,6.0,10.0,5.0,5.0,2.0,6.0,6.0,0.0,53.42,09:38:12,1.0,0.1131,0.0099,1.06,8.78,0.0,-13403.03,164,2,6.06,,,,,,4.015428571428571,"{""industry"": ""电网设备"", ""industry_zt_count"": 2, ""sector_pct_change"": 1.22, ""sector_up_ratio"": 0.79, ""sector_amount_rank"": 17, ""zt_score"": 10, ""pct_score"": 12.4, ""up_ratio_score"": 15.7, ""amount_score"": 2.0}"
1000,002885.SZ,20260414,8.666666666666666,6.0,4.0,4.0,6.0,5.0,5.0,2.0,5.0,6.0,0.0,52.85,09:30:00,0.0,0.4659,0.0181,0.89,3.89,0.0,-15509.4,164,1,6.15,,,,,,3.4549230769230768,"{""industry"": ""其他电子"", ""industry_zt_count"": 1, ""sector_pct_change"": 1.89, ""sector_up_ratio"": 0.79, ""sector_amount_rank"": 37, ""zt_score"": 5, ""pct_score"": 13.8, ""up_ratio_score"": 15.8, ""amount_score"": 0}"
976,300857.SZ,20260414,8.666666666666666,4.0,2.0,6.0,6.0,9.0,5.0,2.0,9.0,1.0,10.0,67.00999999999999,09:33:03,0.0,0.1202,0.0059,1.18,4.92,357078017.44,-92752.39,164,3,12.46,,,,,,5.405538461538461,"{""industry"": ""消费电子"", ""industry_zt_count"": 3, ""sector_pct_change"": 3.47, ""sector_up_ratio"": 0.86, ""sector_amount_rank"": 11, ""zt_score"": 15, ""pct_score"": 16.9, ""up_ratio_score"": 17.1, ""amount_score"": 5.0}"
987,301157.SZ,20260414,6.333333333333333,4.0,8.0,8.0,6.0,10.0,5.0,2.0,3.0,1.0,0.0,57.5,14:15:51,0.0,0.2942,0.0645,2.15,21.94,51979320.73,-879.95,164,2,13.4,,,,,,3.5,"{""industry"": ""其他电源"", ""industry_zt_count"": 2, ""sector_pct_change"": 0, ""sector_up_ratio"": 0, ""sector_amount_rank"": 0, ""zt_score"": 10, ""pct_score"": 10.0, ""up_ratio_score"": 10, ""amount_score"": 5}"
1002,301189.SZ,20260414,7.0,2.0,2.0,6.0,10.0,6.0,5.0,2.0,9.0,1.0,0.0,52.61,10:35:09,1.0,0.0779,0.0078,1.77,10.0,91933592.85,-2214.89,164,3,14.09,,,,,,5.405538461538461,"{""industry"": ""消费电子"", ""industry_zt_count"": 3, ""sector_pct_change"": 3.47, ""sector_up_ratio"": 0.86, ""sector_amount_rank"": 11, ""zt_score"": 15, ""pct_score"": 16.9, ""up_ratio_score"": 17.1, ""amount_score"": 5.0}"
997,301292.SZ,20260414,5.666666666666667,2.0,4.0,6.0,2.0,10.0,7.0,2.0,8.0,1.0,0.0,53.48,14:48:09,0.0,0.0511,0.0176,1.45,34.39,107043120.71,9659.25,164,4,13.92,,,,,,5.8756701030927845,"{""industry"": ""电池"", ""industry_zt_count"": 4, ""sector_pct_change"": 2.1, ""sector_up_ratio"": 0.93, ""sector_amount_rank"": 9, ""zt_score"": 20, ""pct_score"": 14.2, ""up_ratio_score"": 18.6, ""amount_score"": 6.0}"
980,600173.SH,20260414,7.0,6.0,4.0,6.0,6.0,5.0,9.0,2.0,8.0,6.0,0.0,60.71,11:14:10,0.0,0.4353,0.0198,1.91,4.54,0.0,3261.17,164,4,6.57,,,,,,5.311132530120482,"{""industry"": ""房地产开发"", ""industry_zt_count"": 4, ""sector_pct_change"": 2.64, ""sector_up_ratio"": 0.89, ""sector_amount_rank"": 52, ""zt_score"": 20, ""pct_score"": 15.3, ""up_ratio_score"": 17.8, ""amount_score"": 0}"
982,600469.SH,20260414,7.0,6.0,4.0,10.0,6.0,5.0,7.0,2.0,5.0,8.0,0.0,59.36,13:14:07,0.0,0.4824,0.02,3.15,4.15,0.0,275.38,164,2,5.99,,,,,,3.9563809523809526,"{""industry"": ""汽车零部件"", ""industry_zt_count"": 2, ""sector_pct_change"": 0.77, ""sector_up_ratio"": 0.73, ""sector_amount_rank"": 14, ""zt_score"": 10, ""pct_score"": 11.5, ""up_ratio_score"": 14.5, ""amount_score"": 3.5}"
1004,600539.SH,20260414,7.0,4.0,4.0,6.0,10.0,5.0,5.0,2.0,2.0,8.0,0.0,52.0,13:11:14,0.0,0.1317,0.0148,1.17,11.23,0.0,-523.34,164,1,5.77,,,,,,3.0,"{""industry"": ""互联网电"", ""industry_zt_count"": 1, ""sector_pct_change"": 0, ""sector_up_ratio"": 0, ""sector_amount_rank"": 0, ""zt_score"": 5, ""pct_score"": 10.0, ""up_ratio_score"": 10, ""amount_score"": 5}"
983,600605.SH,20260414,8.666666666666666,8.0,4.0,6.0,6.0,5.0,5.0,2.0,5.0,8.0,0.0,58.03,09:30:53,0.0,0.9512,0.0112,1.2,1.18,0.0,-3492.4,164,2,5.47,,,,,,3.8271428571428574,"{""industry"": ""一般零售"", ""industry_zt_count"": 2, ""sector_pct_change"": 0.85, ""sector_up_ratio"": 0.83, ""sector_amount_rank"": 122, ""zt_score"": 10, ""pct_score"": 11.7, ""up_ratio_score"": 16.6, ""amount_score"": 0}"
993,600664.SH,20260414,5.666666666666667,2.0,2.0,6.0,10.0,9.0,9.0,2.0,4.0,8.0,0.0,56.4,14:41:04,0.0,0.0922,0.009,1.25,9.75,65117860.6,17447.0,164,1,5.67,,,,,,3.0010793650793652,"{""industry"": ""化学制药"", ""industry_zt_count"": 1, ""sector_pct_change"": 0.68, ""sector_up_ratio"": 0.68, ""sector_amount_rank"": 30, ""zt_score"": 5, ""pct_score"": 11.4, ""up_ratio_score"": 13.7, ""amount_score"": 0}"
991,600855.SH,20260414,7.0,2.0,2.0,10.0,10.0,5.0,8.0,2.0,6.0,6.0,0.0,56.66,11:17:32,0.0,0.0758,0.0059,3.98,7.82,0.0,3225.89,164,1,7.27,,,,,,3.858406779661017,"{""industry"": ""军工电子"", ""industry_zt_count"": 1, ""sector_pct_change"": 2.47, ""sector_up_ratio"": 0.93, ""sector_amount_rank"": 29, ""zt_score"": 5, ""pct_score"": 14.9, ""up_ratio_score"": 18.6, ""amount_score"": 0}"
999,601778.SH,20260414,6.0,2.0,2.0,8.0,8.0,11.0,5.0,2.0,5.0,3.0,0.0,53.18,10:26:51,2.0,0.0418,0.0064,2.96,15.28,322324247.57,-42671.2,164,2,9.24,,,,,,3.179240506329114,"{""industry"": ""电力"", ""industry_zt_count"": 2, ""sector_pct_change"": 0.2, ""sector_up_ratio"": 0.57, ""sector_amount_rank"": 24, ""zt_score"": 10, ""pct_score"": 10.4, ""up_ratio_score"": 11.4, ""amount_score"": 0}"
1008,603002.SH,20260414,7.666666666666667,4.0,4.0,4.0,10.0,5.0,5.0,2.0,2.0,6.0,0.0,50.0,09:36:34,1.0,0.1886,0.0101,0.84,5.33,0.0,-22341.64,164,1,8.71,,,,,,3.0,"{""industry"": ""电子化学"", ""industry_zt_count"": 1, ""sector_pct_change"": 0, ""sector_up_ratio"": 0, ""sector_amount_rank"": 0, ""zt_score"": 5, ""pct_score"": 10.0, ""up_ratio_score"": 10, ""amount_score"": 5}"
975,603026.SH,20260414,9.0,2.0,2.0,4.0,10.0,10.0,5.0,2.0,8.0,6.0,10.0,70.88,09:34:10,1.0,0.0867,0.0053,0.7,6.11,316239168.67,-35575.97,164,4,8.17,,,,,,5.8756701030927845,"{""industry"": ""电池"", ""industry_zt_count"": 4, ""sector_pct_change"": 2.1, ""sector_up_ratio"": 0.93, ""sector_amount_rank"": 9, ""zt_score"": 20, ""pct_score"": 14.2, ""up_ratio_score"": 18.6, ""amount_score"": 6.0}"
1011,603061.SH,20260414,7.0,2.0,2.0,4.0,6.0,5.0,5.0,2.0,7.0,6.0,0.0,47.8,11:21:50,0.0,0.0576,0.0023,0.98,3.98,0.0,-6641.19,164,2,6.33,,,,,,5.196833333333333,"{""industry"": ""半导体"", ""industry_zt_count"": 2, ""sector_pct_change"": 2.63, ""sector_up_ratio"": 0.89, ""sector_amount_rank"": 3, ""zt_score"": 10, ""pct_score"": 15.3, ""up_ratio_score"": 17.7, ""amount_score"": 9.0}"
981,603109.SH,20260414,6.333333333333333,4.0,4.0,10.0,6.0,5.0,9.0,2.0,7.0,6.0,0.0,59.73,14:28:22,0.0,0.2736,0.011,3.61,4.01,0.0,1439.07,164,3,6.31,,,,,,4.733409836065574,"{""industry"": ""通用设备"", ""industry_zt_count"": 3, ""sector_pct_change"": 1.79, ""sector_up_ratio"": 0.74, ""sector_amount_rank"": 13, ""zt_score"": 15, ""pct_score"": 13.6, ""up_ratio_score"": 14.8, ""amount_score"": 4.0}"
1010,603139.SH,20260414,6.333333333333333,2.0,2.0,8.0,10.0,5.0,5.0,2.0,3.0,8.0,0.0,49.7,13:31:10,0.0,0.0481,0.0032,2.56,6.6,0.0,-4152.06,164,2,5.85,,,,,,3.5,"{""industry"": ""中药Ⅱ"", ""industry_zt_count"": 2, ""sector_pct_change"": 0, ""sector_up_ratio"": 0, ""sector_amount_rank"": 0, ""zt_score"": 10, ""pct_score"": 10.0, ""up_ratio_score"": 10, ""amount_score"": 5}"
1006,603171.SH,20260414,8.666666666666666,6.0,2.0,6.0,6.0,5.0,5.0,2.0,2.0,8.0,0.0,50.4,09:51:14,0.0,0.3829,0.0059,1.66,1.54,0.0,-6861.56,164,1,5.71,,,,,,3.0,"{""industry"": ""IT服务Ⅱ"", ""industry_zt_count"": 1, ""sector_pct_change"": 0, ""sector_up_ratio"": 0, ""sector_amount_rank"": 0, ""zt_score"": 5, ""pct_score"": 10.0, ""up_ratio_score"": 10, ""amount_score"": 5}"
1009,603269.SH,20260414,7.0,2.0,2.0,6.0,10.0,3.0,5.0,2.0,7.0,6.0,0.0,49.73,11:11:45,0.0,0.0827,0.0074,1.86,8.99,-22428862.68,-7881.15,164,3,6.76,,,,,,4.733409836065574,"{""industry"": ""通用设备"", ""industry_zt_count"": 3, ""sector_pct_change"": 1.79, ""sector_up_ratio"": 0.74, ""sector_amount_rank"": 13, ""zt_score"": 15, ""pct_score"": 13.6, ""up_ratio_score"": 14.8, ""amount_score"": 4.0}"
979,603383.SH,20260414,8.0,8.0,6.0,8.0,6.0,5.0,9.0,2.0,2.0,6.0,0.0,60.8,10:30:33,0.0,0.6581,0.0303,2.51,4.6,0.0,2706.76,164,1,6.3,,,,,,3.0,"{""industry"": ""软件开发"", ""industry_zt_count"": 1, ""sector_pct_change"": 0, ""sector_up_ratio"": 0, ""sector_amount_rank"": 0, ""zt_score"": 5, ""pct_score"": 10.0, ""up_ratio_score"": 10, ""amount_score"": 5}"
986,603527.SH,20260414,8.0,4.0,4.0,8.0,10.0,5.0,5.0,2.0,6.0,6.0,0.0,57.62,10:06:54,0.0,0.2902,0.0212,2.66,7.31,0.0,-1147.32,164,1,6.95,,,,,,3.8189180327868852,"{""industry"": ""工业金属"", ""industry_zt_count"": 1, ""sector_pct_change"": 2.57, ""sector_up_ratio"": 0.85, ""sector_amount_rank"": 19, ""zt_score"": 5, ""pct_score"": 15.1, ""up_ratio_score"": 17.0, ""amount_score"": 1.0}"
992,603629.SH,20260414,7.666666666666667,2.0,2.0,4.0,10.0,5.0,8.0,2.0,9.0,6.0,0.0,56.61,09:50:01,1.0,0.0486,0.0059,0.84,12.15,0.0,19649.47,164,3,6.45,,,,,,5.405538461538461,"{""industry"": ""消费电子"", ""industry_zt_count"": 3, ""sector_pct_change"": 3.47, ""sector_up_ratio"": 0.86, ""sector_amount_rank"": 11, ""zt_score"": 15, ""pct_score"": 16.9, ""up_ratio_score"": 17.1, ""amount_score"": 5.0}"
995,603698.SH,20260414,6.333333333333333,4.0,2.0,6.0,10.0,5.0,9.0,2.0,6.0,6.0,0.0,55.8,14:17:11,0.0,0.1005,0.0074,1.92,7.4,0.0,16383.95,164,2,7.2,,,,,,4.004,"{""industry"": ""专用设备"", ""industry_zt_count"": 2, ""sector_pct_change"": 1.57, ""sector_up_ratio"": 0.72, ""sector_amount_rank"": 16, ""zt_score"": 10, ""pct_score"": 13.1, ""up_ratio_score"": 14.4, ""amount_score"": 2.5}"
984,605167.SH,20260414,7.0,8.0,4.0,6.0,6.0,8.0,5.0,2.0,5.0,6.0,0.0,57.89,13:06:08,0.0,0.7817,0.0146,1.58,1.87,26610223.0,-161.23,164,2,7.36,,,,,,3.293714285714286,"{""industry"": ""专业工程"", ""industry_zt_count"": 2, ""sector_pct_change"": 0.04, ""sector_up_ratio"": 0.64, ""sector_amount_rank"": 65, ""zt_score"": 10, ""pct_score"": 10.1, ""up_ratio_score"": 12.9, ""amount_score"": 0}"
934,000010.SZ,20260413,8.0,8.0,6.0,8.0,10.0,5.0,9.0,2.0,4.0,6.0,0.0,64.91,10:09:18,0.0,0.6672,0.0363,2.17,5.43,0.0,2685.58,164,1,6.9,,,,,,2.309794871794872,"{""industry"": ""基础建设"", ""industry_zt_count"": 1, ""sector_pct_change"": -0.31, ""sector_up_ratio"": 0.44, ""sector_amount_rank"": 89, ""zt_score"": 5, ""pct_score"": 9.4, ""up_ratio_score"": 8.7, ""amount_score"": 0}"
941,000026.SZ,20260413,8.666666666666666,8.0,4.0,8.0,6.0,5.0,5.0,2.0,4.0,6.0,0.0,56.54,09:41:03,0.0,0.6776,0.0203,2.57,3.0,0.0,-4524.44,164,1,7.11,,,,,,2.738857142857143,"{""industry"": ""饰品"", ""industry_zt_count"": 1, ""sector_pct_change"": 0.48, ""sector_up_ratio"": 0.57, ""sector_amount_rank"": 156, ""zt_score"": 5, ""pct_score"": 11.0, ""up_ratio_score"": 11.4, ""amount_score"": 0}"
971,000402.SZ,20260413,9.0,2.0,2.0,6.0,6.0,5.0,5.0,2.0,5.0,3.0,0.0,46.85,09:42:57,1.0,0.0641,0.0031,6.78,4.78,0.0,-10251.15,164,2,9.68,,,,,,3.651,"{""industry"": ""房地产开发"", ""industry_zt_count"": 2, ""sector_pct_change"": 0.88, ""sector_up_ratio"": 0.74, ""sector_amount_rank"": 61, ""zt_score"": 10, ""pct_score"": 11.8, ""up_ratio_score"": 14.8, ""amount_score"": 0}"
958,000612.SZ,20260413,7.666666666666667,2.0,2.0,8.0,10.0,5.0,5.0,2.0,5.0,8.0,0.0,52.91,09:30:39,1.0,0.0405,0.0029,2.14,7.2,0.0,-21784.29,164,2,5.79,,,,,,3.5120338983050843,"{""industry"": ""工业金属"", ""industry_zt_count"": 2, ""sector_pct_change"": 0.45, ""sector_up_ratio"": 0.66, ""sector_amount_rank"": 19, ""zt_score"": 10, ""pct_score"": 10.9, ""up_ratio_score"": 13.2, ""amount_score"": 1.0}"
972,000688.SZ,20260413,6.0,2.0,2.0,6.0,6.0,5.0,6.0,2.0,5.0,6.0,0.0,45.91,13:03:18,1.0,0.0445,0.001,1.14,2.2,0.0,-12877.24,164,2,7.44,,,,,,3.5120338983050843,"{""industry"": ""工业金属"", ""industry_zt_count"": 2, ""sector_pct_change"": 0.45, ""sector_up_ratio"": 0.66, ""sector_amount_rank"": 19, ""zt_score"": 10, ""pct_score"": 10.9, ""up_ratio_score"": 13.2, ""amount_score"": 1.0}"
952,000791.SZ,20260413,8.666666666666666,6.0,2.0,4.0,6.0,5.0,5.0,2.0,7.0,6.0,0.0,53.91,09:30:00,0.0,0.4056,0.0083,0.98,2.05,0.0,-20914.75,164,5,6.76,,,,,,5.307012345679013,"{""industry"": ""电力"", ""industry_zt_count"": 5, ""sector_pct_change"": 0.64, ""sector_up_ratio"": 0.84, ""sector_amount_rank"": 21, ""zt_score"": 25, ""pct_score"": 11.3, ""up_ratio_score"": 16.8, ""amount_score"": 0}"
965,001203.SZ,20260413,6.333333333333333,2.0,2.0,6.0,6.0,5.0,9.0,2.0,7.0,6.0,0.0,50.69,14:13:06,0.0,0.075,0.0022,1.54,2.99,0.0,17471.82,164,1,6.99,,,,,,3.290857142857143,"{""industry"": ""冶钢原料"", ""industry_zt_count"": 1, ""sector_pct_change"": 3.24, ""sector_up_ratio"": 0.57, ""sector_amount_rank"": 131, ""zt_score"": 5, ""pct_score"": 16.5, ""up_ratio_score"": 11.4, ""amount_score"": 0}"
933,001299.SZ,20260413,9.0,6.0,6.0,10.0,10.0,10.0,5.0,2.0,2.0,3.0,0.0,65.0,09:44:27,1.0,0.4912,0.0483,3.24,9.84,7990668.2,-8448.8,164,1,9.65,,,,,,3.0,"{""industry"": ""燃气Ⅱ"", ""industry_zt_count"": 1, ""sector_pct_change"": 0, ""sector_up_ratio"": 0, ""sector_amount_rank"": 0, ""zt_score"": 5, ""pct_score"": 10.0, ""up_ratio_score"": 10, ""amount_score"": 5}"
939,002080.SZ,20260413,7.0,2.0,2.0,6.0,6.0,10.0,5.0,2.0,9.0,6.0,0.0,57.73,10:34:39,1.0,0.0594,0.0022,1.56,3.7,355356008.64,-16492.43,164,3,8.36,,,,,,5.932705882352941,"{""industry"": ""玻璃玻纤"", ""industry_zt_count"": 3, ""sector_pct_change"": 8.34, ""sector_up_ratio"": 0.88, ""sector_amount_rank"": 38, ""zt_score"": 15, ""pct_score"": 26.7, ""up_ratio_score"": 17.6, ""amount_score"": 0}"
944,002124.SZ,20260413,6.666666666666667,4.0,4.0,8.0,6.0,5.0,7.0,2.0,7.0,6.0,0.0,56.35,09:43:09,2.0,0.2132,0.0101,2.89,4.73,0.0,1088.17,164,2,6.73,,,,,,4.55,"{""industry"": ""养殖业"", ""industry_zt_count"": 2, ""sector_pct_change"": 2.75, ""sector_up_ratio"": 1.0, ""sector_amount_rank"": 94, ""zt_score"": 10, ""pct_score"": 15.5, ""up_ratio_score"": 20.0, ""amount_score"": 0}"
938,002240.SZ,20260413,7.0,2.0,2.0,6.0,10.0,10.0,7.0,2.0,7.0,6.0,0.0,59.83,13:04:21,0.0,0.0778,0.0057,1.54,7.35,235121925.62,350.24,164,1,7.97,,,,,,4.434666666666667,"{""industry"": ""能源金属"", ""industry_zt_count"": 1, ""sector_pct_change"": 4.59, ""sector_up_ratio"": 0.93, ""sector_amount_rank"": 18, ""zt_score"": 5, ""pct_score"": 19.2, ""up_ratio_score"": 18.7, ""amount_score"": 1.5}"
929,002297.SZ,20260413,8.666666666666666,10.0,8.0,4.0,6.0,5.0,5.0,2.0,5.0,6.0,10.0,71.41,09:25:00,0.0,5.6325,0.0953,0.59,1.69,0.0,-11710.33,164,1,6.03,,,,,,3.2089523809523812,"{""industry"": ""航空装备"", ""industry_zt_count"": 1, ""sector_pct_change"": 1.64, ""sector_up_ratio"": 0.69, ""sector_amount_rank"": 53, ""zt_score"": 5, ""pct_score"": 13.3, ""up_ratio_score"": 13.8, ""amount_score"": 0}"
937,002321.SZ,20260413,8.666666666666666,10.0,4.0,6.0,6.0,5.0,5.0,2.0,7.0,6.0,0.0,61.15,09:32:18,0.0,1.5266,0.027,1.2,1.77,0.0,-1442.68,164,2,6.41,,,,,,4.55,"{""industry"": ""养殖业"", ""industry_zt_count"": 2, ""sector_pct_change"": 2.75, ""sector_up_ratio"": 1.0, ""sector_amount_rank"": 94, ""zt_score"": 10, ""pct_score"": 15.5, ""up_ratio_score"": 20.0, ""amount_score"": 0}"
932,002364.SZ,20260413,9.333333333333334,10.0,6.0,4.0,6.0,5.0,5.0,2.0,2.0,3.0,10.0,65.4,09:25:00,0.0,1.2419,0.0334,0.63,2.69,0.0,-57981.28,164,1,9.66,,,,,,3.0,"{""industry"": ""其他电源"", ""industry_zt_count"": 1, ""sector_pct_change"": 0, ""sector_up_ratio"": 0, ""sector_amount_rank"": 0, ""zt_score"": 5, ""pct_score"": 10.0, ""up_ratio_score"": 10, ""amount_score"": 5}"
956,002439.SZ,20260413,7.666666666666667,6.0,4.0,8.0,6.0,5.0,5.0,2.0,3.0,6.0,0.0,53.3,09:25:00,1.0,0.3021,0.0114,2.89,3.77,0.0,-31812.9,164,2,6.76,,,,,,3.5,"{""industry"": ""软件开发"", ""industry_zt_count"": 2, ""sector_pct_change"": 0, ""sector_up_ratio"": 0, ""sector_amount_rank"": 0, ""zt_score"": 10, ""pct_score"": 10.0, ""up_ratio_score"": 10, ""amount_score"": 5}"
951,002467.SZ,20260413,7.0,2.0,2.0,8.0,4.0,12.0,5.0,2.0,3.0,8.0,0.0,54.1,10:38:57,1.0,0.0351,0.0089,2.84,25.39,144070606.93,-18444.81,164,2,5.54,,,,,,3.5,"{""industry"": ""通信服务"", ""industry_zt_count"": 2, ""sector_pct_change"": 0, ""sector_up_ratio"": 0, ""sector_amount_rank"": 0, ""zt_score"": 10, ""pct_score"": 10.0, ""up_ratio_score"": 10, ""amount_score"": 5}"
966,002515.SZ,20260413,6.666666666666667,2.0,2.0,10.0,10.0,5.0,5.0,2.0,4.0,6.0,0.0,50.45,09:57:00,2.0,0.0918,0.0076,4.89,8.31,0.0,-12182.4,164,1,6.85,,,,,,2.652972972972973,"{""industry"": ""食品加工"", ""industry_zt_count"": 1, ""sector_pct_change"": 0.9, ""sector_up_ratio"": 0.49, ""sector_amount_rank"": 121, ""zt_score"": 5, ""pct_score"": 11.8, ""up_ratio_score"": 9.7, ""amount_score"": 0}"
961,002580.SZ,20260413,7.333333333333333,4.0,4.0,4.0,6.0,7.0,5.0,2.0,6.0,3.0,0.0,51.7,09:34:48,2.0,0.1001,0.022,0.83,21.97,36770141.16,-7281.87,164,2,9.68,,,,,,4.497917525773196,"{""industry"": ""电池"", ""industry_zt_count"": 2, ""sector_pct_change"": 1.92, ""sector_up_ratio"": 0.73, ""sector_amount_rank"": 8, ""zt_score"": 10, ""pct_score"": 13.8, ""up_ratio_score"": 14.6, ""amount_score"": 6.5}"
940,002678.SZ,20260413,8.666666666666666,8.0,4.0,4.0,6.0,5.0,8.0,2.0,4.0,8.0,0.0,56.8,09:41:03,0.0,0.7582,0.0158,0.53,2.09,0.0,732.18,164,1,4.07,,,,,,1.9955555555555555,"{""industry"": ""文娱用品"", ""industry_zt_count"": 1, ""sector_pct_change"": -0.3, ""sector_up_ratio"": 0.28, ""sector_amount_rank"": 140, ""zt_score"": 5, ""pct_score"": 9.4, ""up_ratio_score"": 5.6, ""amount_score"": 0}"
936,002876.SZ,20260413,6.333333333333333,6.0,6.0,10.0,10.0,5.0,9.0,2.0,4.0,6.0,0.0,62.43,13:51:45,0.0,0.3477,0.0338,4.01,9.71,0.0,4217.35,164,1,6.98,,,,,,2.2343076923076923,"{""industry"": ""光学光电"", ""industry_zt_count"": 1, ""sector_pct_change"": 0.21, ""sector_up_ratio"": 0.35, ""sector_amount_rank"": 24, ""zt_score"": 5, ""pct_score"": 10.4, ""up_ratio_score"": 6.9, ""amount_score"": 0}"
962,002902.SZ,20260413,7.666666666666667,2.0,4.0,6.0,2.0,5.0,9.0,2.0,5.0,8.0,0.0,51.36,13:43:00,0.0,0.0741,0.0237,1.09,32.01,0.0,29360.2,164,2,5.54,,,,,,3.5576296296296297,"{""industry"": ""通信设备"", ""industry_zt_count"": 2, ""sector_pct_change"": -0.61, ""sector_up_ratio"": 0.41, ""sector_amount_rank"": 4, ""zt_score"": 10, ""pct_score"": 8.8, ""up_ratio_score"": 8.3, ""amount_score"": 8.5}"
943,002929.SZ,20260413,9.333333333333334,4.0,4.0,4.0,10.0,5.0,7.0,2.0,3.0,8.0,0.0,56.5,10:27:39,0.0,0.2174,0.0183,0.92,8.41,0.0,4572.73,164,2,5.25,,,,,,3.5,"{""industry"": ""通信服务"", ""industry_zt_count"": 2, ""sector_pct_change"": 0, ""sector_up_ratio"": 0, ""sector_amount_rank"": 0, ""zt_score"": 10, ""pct_score"": 10.0, ""up_ratio_score"": 10, ""amount_score"": 5}"
964,002943.SZ,20260413,8.666666666666666,4.0,4.0,6.0,6.0,5.0,5.0,2.0,4.0,6.0,0.0,50.89,09:31:12,0.0,0.2733,0.0109,1.0,4.0,0.0,-19299.61,164,1,6.58,,,,,,2.687225806451613,"{""industry"": ""通用设备"", ""industry_zt_count"": 1, ""sector_pct_change"": -0.08, ""sector_up_ratio"": 0.45, ""sector_amount_rank"": 15, ""zt_score"": 5, ""pct_score"": 9.8, ""up_ratio_score"": 9.0, ""amount_score"": 3.0}"
953,002957.SZ,20260413,9.333333333333334,4.0,2.0,4.0,10.0,5.0,8.0,2.0,3.0,6.0,0.0,53.9,09:59:45,0.0,0.1005,0.0065,0.73,6.44,0.0,5620.32,164,2,6.48,,,,,,3.5,"{""industry"": ""自动化设"", ""industry_zt_count"": 2, ""sector_pct_change"": 0, ""sector_up_ratio"": 0, ""sector_amount_rank"": 0, ""zt_score"": 10, ""pct_score"": 10.0, ""up_ratio_score"": 10, ""amount_score"": 5}"
948,002980.SZ,20260413,9.333333333333334,4.0,4.0,4.0,10.0,5.0,5.0,2.0,5.0,8.0,0.0,55.24,09:40:48,0.0,0.1944,0.0166,0.47,8.52,0.0,-8095.54,164,2,4.75,,,,,,2.6392198581560287,"{""industry"": ""电网设备"", ""industry_zt_count"": 2, ""sector_pct_change"": -1.35, ""sector_up_ratio"": 0.35, ""sector_amount_rank"": 17, ""zt_score"": 10, ""pct_score"": 7.3, ""up_ratio_score"": 7.1, ""amount_score"": 2.0}"
968,003018.SZ,20260413,8.0,4.0,2.0,4.0,10.0,5.0,5.0,2.0,4.0,6.0,0.0,49.0,10:20:12,0.0,0.1073,0.006,0.98,5.58,0.0,-9938.84,164,1,7.27,,,,,,2.3966086956521737,"{""industry"": ""包装印刷"", ""industry_zt_count"": 1, ""sector_pct_change"": 0.57, ""sector_up_ratio"": 0.39, ""sector_amount_rank"": 74, ""zt_score"": 5, ""pct_score"": 11.1, ""up_ratio_score"": 7.8, ""amount_score"": 0}"
931,301667.SZ,20260413,7.0,4.0,8.0,8.0,2.0,14.0,8.0,2.0,6.0,1.0,0.0,65.83,13:20:48,0.0,0.1225,0.0515,2.11,42.06,64060077.88,4459.83,164,4,15.91,,,,,,4.032893280632411,"{""industry"": ""汽车零部件"", ""industry_zt_count"": 4, ""sector_pct_change"": -0.38, ""sector_up_ratio"": 0.38, ""sector_amount_rank"": 14, ""zt_score"": 20, ""pct_score"": 9.2, ""up_ratio_score"": 7.6, ""amount_score"": 3.5}"
950,600032.SH,20260413,6.333333333333333,2.0,2.0,8.0,6.0,5.0,9.0,2.0,7.0,6.0,0.0,54.31,13:56:07,0.0,0.0715,0.003,2.16,4.21,0.0,5397.84,164,5,6.26,,,,,,5.307012345679013,"{""industry"": ""电力"", ""industry_zt_count"": 5, ""sector_pct_change"": 0.64, ""sector_up_ratio"": 0.84, ""sector_amount_rank"": 21, ""zt_score"": 25, ""pct_score"": 11.3, ""up_ratio_score"": 16.8, ""amount_score"": 0}"
949,600152.SH,20260413,6.666666666666667,4.0,4.0,6.0,10.0,5.0,5.0,2.0,6.0,6.0,0.0,55.1,09:37:28,2.0,0.1096,0.0145,1.08,13.24,0.0,-9884.47,164,2,6.36,,,,,,4.497917525773196,"{""industry"": ""电池"", ""industry_zt_count"": 2, ""sector_pct_change"": 1.92, ""sector_up_ratio"": 0.73, ""sector_amount_rank"": 8, ""zt_score"": 10, ""pct_score"": 13.8, ""up_ratio_score"": 14.6, ""amount_score"": 6.5}"
963,600166.SH,20260413,6.0,2.0,2.0,10.0,10.0,5.0,5.0,2.0,5.0,6.0,0.0,51.05,13:06:38,1.0,0.025,0.0022,3.43,8.77,0.0,-20600.57,164,1,8.9,,,,,,3.2544615384615385,"{""industry"": ""商用车"", ""industry_zt_count"": 1, ""sector_pct_change"": 1.08, ""sector_up_ratio"": 0.77, ""sector_amount_rank"": 93, ""zt_score"": 5, ""pct_score"": 12.2, ""up_ratio_score"": 15.4, ""amount_score"": 0}"
957,600176.SH,20260413,8.0,2.0,2.0,6.0,6.0,5.0,5.0,2.0,9.0,6.0,0.0,52.93,10:26:17,0.0,0.0767,0.0023,1.28,2.93,0.0,-65338.89,164,3,7.87,,,,,,5.932705882352941,"{""industry"": ""玻璃玻纤"", ""industry_zt_count"": 3, ""sector_pct_change"": 8.34, ""sector_up_ratio"": 0.88, ""sector_amount_rank"": 38, ""zt_score"": 15, ""pct_score"": 26.7, ""up_ratio_score"": 17.6, ""amount_score"": 0}"
967,600299.SH,20260413,7.0,2.0,2.0,6.0,6.0,5.0,8.0,2.0,5.0,8.0,0.0,49.33,13:24:09,0.0,0.0772,0.001,1.12,1.28,0.0,2402.47,164,1,5.76,,,,,,2.5292307692307694,"{""industry"": ""化学制品"", ""industry_zt_count"": 1, ""sector_pct_change"": 1.3, ""sector_up_ratio"": 0.38, ""sector_amount_rank"": 29, ""zt_score"": 5, ""pct_score"": 12.6, ""up_ratio_score"": 7.7, ""amount_score"": 0}"
954,600527.SH,20260413,7.0,2.0,2.0,6.0,10.0,7.0,8.0,2.0,4.0,8.0,0.0,53.88,13:00:12,0.0,0.037,0.0044,1.4,11.77,18253963.4,2788.63,164,1,5.77,,,,,,2.2805,"{""industry"": ""纺织制造"", ""industry_zt_count"": 1, ""sector_pct_change"": -0.16, ""sector_up_ratio"": 0.41, ""sector_amount_rank"": 118, ""zt_score"": 5, ""pct_score"": 9.7, ""up_ratio_score"": 8.1, ""amount_score"": 0}"
970,600773.SH,20260413,7.666666666666667,2.0,2.0,6.0,6.0,5.0,5.0,2.0,5.0,6.0,0.0,47.05,09:51:19,1.0,0.0826,0.0038,1.88,4.56,0.0,-9455.35,164,2,6.8,,,,,,3.651,"{""industry"": ""房地产开发"", ""industry_zt_count"": 2, ""sector_pct_change"": 0.88, ""sector_up_ratio"": 0.74, ""sector_amount_rank"": 61, ""zt_score"": 10, ""pct_score"": 11.8, ""up_ratio_score"": 14.8, ""amount_score"": 0}"
946,600815.SH,20260413,9.333333333333334,4.0,2.0,6.0,10.0,5.0,9.0,2.0,4.0,6.0,0.0,55.63,10:50:32,0.0,0.1303,0.0091,1.72,7.0,0.0,4735.26,164,1,6.25,,,,,,1.8265405405405404,"{""industry"": ""工程机械"", ""industry_zt_count"": 1, ""sector_pct_change"": -1.07, ""sector_up_ratio"": 0.27, ""sector_amount_rank"": 82, ""zt_score"": 5, ""pct_score"": 7.9, ""up_ratio_score"": 5.4, ""amount_score"": 0}"
930,600982.SH,20260413,7.0,4.0,4.0,6.0,10.0,9.0,9.0,2.0,7.0,6.0,0.0,65.91,13:02:18,0.0,0.1539,0.015,1.34,9.74,53325872.2,10194.38,164,5,6.04,,,,,,5.307012345679013,"{""industry"": ""电力"", ""industry_zt_count"": 5, ""sector_pct_change"": 0.64, ""sector_up_ratio"": 0.84, ""sector_amount_rank"": 21, ""zt_score"": 25, ""pct_score"": 11.3, ""up_ratio_score"": 16.8, ""amount_score"": 0}"
945,603177.SH,20260413,7.0,8.0,4.0,6.0,6.0,5.0,9.0,2.0,4.0,6.0,0.0,56.27,11:16:35,0.0,0.8791,0.0293,1.33,3.33,0.0,491.2,164,1,6.76,,,,,,2.074095238095238,"{""industry"": ""环境治理"", ""industry_zt_count"": 1, ""sector_pct_change"": -0.82, ""sector_up_ratio"": 0.37, ""sector_amount_rank"": 58, ""zt_score"": 5, ""pct_score"": 8.4, ""up_ratio_score"": 7.4, ""amount_score"": 0}"
942,603256.SH,20260413,7.666666666666667,4.0,2.0,4.0,6.0,8.0,5.0,2.0,9.0,6.0,0.0,56.53,09:44:42,1.0,0.1456,0.0029,0.74,2.01,309917176.95,-14086.76,164,3,8.6,,,,,,5.932705882352941,"{""industry"": ""玻璃玻纤"", ""industry_zt_count"": 3, ""sector_pct_change"": 8.34, ""sector_up_ratio"": 0.88, ""sector_amount_rank"": 38, ""zt_score"": 15, ""pct_score"": 26.7, ""up_ratio_score"": 17.6, ""amount_score"": 0}"
969,603283.SH,20260413,5.333333333333333,2.0,2.0,8.0,10.0,5.0,5.0,2.0,3.0,6.0,0.0,47.3,13:40:22,1.0,0.0578,0.0044,2.16,7.69,0.0,-4754.38,164,2,6.11,,,,,,3.5,"{""industry"": ""自动化设"", ""industry_zt_count"": 2, ""sector_pct_change"": 0, ""sector_up_ratio"": 0, ""sector_amount_rank"": 0, ""zt_score"": 10, ""pct_score"": 10.0, ""up_ratio_score"": 10, ""amount_score"": 5}"
935,603350.SH,20260413,7.0,8.0,8.0,6.0,10.0,5.0,9.0,2.0,2.0,6.0,0.0,63.6,13:11:21,0.0,0.7498,0.0693,5.69,9.24,0.0,3717.12,164,1,6.51,,,,,,3.0,"{""industry"": ""电机Ⅱ"", ""industry_zt_count"": 1, ""sector_pct_change"": 0, ""sector_up_ratio"": 0, ""sector_amount_rank"": 0, ""zt_score"": 5, ""pct_score"": 10.0, ""up_ratio_score"": 10, ""amount_score"": 5}"
955,603682.SH,20260413,7.0,8.0,4.0,6.0,6.0,5.0,5.0,2.0,5.0,6.0,0.0,53.86,13:03:01,0.0,0.9423,0.0221,1.53,2.35,0.0,-188.76,164,2,7.15,,,,,,2.862810810810811,"{""industry"": ""一般零售"", ""industry_zt_count"": 2, ""sector_pct_change"": 0.26, ""sector_up_ratio"": 0.41, ""sector_amount_rank"": 122, ""zt_score"": 10, ""pct_score"": 10.5, ""up_ratio_score"": 8.1, ""amount_score"": 0}"
973,603738.SH,20260413,6.666666666666667,2.0,2.0,4.0,10.0,5.0,5.0,2.0,3.0,6.0,0.0,45.7,09:45:20,2.0,0.0871,0.0094,0.95,10.74,0.0,-18181.15,164,2,6.71,,,,,,3.5,"{""industry"": ""元件"", ""industry_zt_count"": 2, ""sector_pct_change"": 0, ""sector_up_ratio"": 0, ""sector_amount_rank"": 0, ""zt_score"": 10, ""pct_score"": 10.0, ""up_ratio_score"": 10, ""amount_score"": 5}"
959,603800.SH,20260413,8.0,4.0,2.0,8.0,10.0,5.0,5.0,2.0,5.0,3.0,0.0,51.89,10:43:36,0.0,0.1354,0.0079,2.44,5.83,0.0,-3383.07,164,2,9.27,,,,,,3.0853333333333333,"{""industry"": ""专用设备"", ""industry_zt_count"": 2, ""sector_pct_change"": -0.09, ""sector_up_ratio"": 0.43, ""sector_amount_rank"": 16, ""zt_score"": 10, ""pct_score"": 9.8, ""up_ratio_score"": 8.5, ""amount_score"": 2.5}"
947,603803.SH,20260413,8.666666666666666,4.0,4.0,4.0,10.0,5.0,5.0,2.0,5.0,8.0,0.0,55.36,09:34:27,0.0,0.2641,0.0279,0.61,10.57,0.0,-20304.39,164,2,5.31,,,,,,3.5576296296296297,"{""industry"": ""通信设备"", ""industry_zt_count"": 2, ""sector_pct_change"": -0.61, ""sector_up_ratio"": 0.41, ""sector_amount_rank"": 4, ""zt_score"": 10, ""pct_score"": 8.8, ""up_ratio_score"": 8.3, ""amount_score"": 8.5}"
960,605255.SH,20260413,7.0,2.0,2.0,10.0,6.0,5.0,8.0,2.0,6.0,3.0,0.0,51.83,14:48:41,0.0,0.0668,0.0024,3.54,3.61,-29590867.0,1141.9,164,4,9.67,,,,,,4.032893280632411,"{""industry"": ""汽车零部件"", ""industry_zt_count"": 4, ""sector_pct_change"": -0.38, ""sector_up_ratio"": 0.38, ""sector_amount_rank"": 14, ""zt_score"": 20, ""pct_score"": 9.2, ""up_ratio_score"": 7.6, ""amount_score"": 3.5}"
925,000402.SZ,20260410,7.666666666666667,4.0,2.0,6.0,6.0,5.0,5.0,2.0,4.0,8.0,0.0,49.01,09:31:06,1.0,0.1184,0.0025,5.32,2.09,0.0,-10028.15,164,1,5.97,,,,,,3.2135555555555557,"{""industry"": ""房地产开发"", ""industry_zt_count"": 1, ""sector_pct_change"": 0.79, ""sector_up_ratio"": 0.78, ""sector_amount_rank"": 72, ""zt_score"": 5, ""pct_score"": 11.6, ""up_ratio_score"": 15.6, ""amount_score"": 0}"
911,000534.SZ,20260410,10.0,4.0,2.0,6.0,6.0,8.0,5.0,2.0,4.0,6.0,0.0,54.14,09:44:57,0.0,0.106,0.0046,1.09,4.34,-47110591.2,-15907.25,164,1,8.3,,,,,,3.1361960784313725,"{""industry"": ""生物制品"", ""industry_zt_count"": 1, ""sector_pct_change"": 0.73, ""sector_up_ratio"": 0.75, ""sector_amount_rank"": 40, ""zt_score"": 5, ""pct_score"": 11.5, ""up_ratio_score"": 14.9, ""amount_score"": 0}"
921,000626.SZ,20260410,8.666666666666666,6.0,2.0,4.0,6.0,5.0,5.0,2.0,4.0,8.0,0.0,50.9,09:25:00,0.0,0.3891,0.0075,0.89,1.92,0.0,-8313.56,164,1,5.64,,,,,,3.5002222222222223,"{""industry"": ""物流"", ""industry_zt_count"": 1, ""sector_pct_change"": 0.89, ""sector_up_ratio"": 0.91, ""sector_amount_rank"": 94, ""zt_score"": 5, ""pct_score"": 11.8, ""up_ratio_score"": 18.2, ""amount_score"": 0}"
914,000659.SZ,20260410,7.0,4.0,2.0,6.0,6.0,5.0,9.0,2.0,5.0,8.0,0.0,53.42,11:04:57,0.0,0.1362,0.0068,1.03,4.96,0.0,3610.11,164,2,4.96,,,,,,3.617836734693877,"{""industry"": ""包装印刷"", ""industry_zt_count"": 2, ""sector_pct_change"": 0.13, ""sector_up_ratio"": 0.8, ""sector_amount_rank"": 66, ""zt_score"": 10, ""pct_score"": 10.3, ""up_ratio_score"": 15.9, ""amount_score"": 0}"
916,000670.SZ,20260410,6.666666666666667,2.0,2.0,6.0,10.0,5.0,5.0,2.0,7.0,8.0,0.0,52.75,09:31:33,2.0,0.0866,0.0083,1.17,9.58,0.0,-24704.51,164,3,5.43,,,,,,4.554274509803922,"{""industry"": ""其他电子"", ""industry_zt_count"": 3, ""sector_pct_change"": 1.84, ""sector_up_ratio"": 0.84, ""sector_amount_rank"": 35, ""zt_score"": 15, ""pct_score"": 13.7, ""up_ratio_score"": 16.9, ""amount_score"": 0}"
901,001211.SZ,20260410,6.0,4.0,6.0,10.0,8.0,5.0,7.0,2.0,5.0,6.0,0.0,58.97,11:01:15,1.0,0.2638,0.0429,3.56,16.28,0.0,254.26,164,2,6.01,,,,,,3.9706478873239432,"{""industry"": ""家居用品"", ""industry_zt_count"": 2, ""sector_pct_change"": 0.98, ""sector_up_ratio"": 0.89, ""sector_amount_rank"": 100, ""zt_score"": 10, ""pct_score"": 12.0, ""up_ratio_score"": 17.7, ""amount_score"": 0}"
894,001269.SZ,20260410,7.666666666666667,8.0,4.0,6.0,6.0,5.0,5.0,2.0,8.0,8.0,0.0,60.38,09:25:00,1.0,0.676,0.0158,1.75,2.34,0.0,-9617.01,164,3,5.7,,,,,,4.981621621621622,"{""industry"": ""光伏设备"", ""industry_zt_count"": 3, ""sector_pct_change"": 2.55, ""sector_up_ratio"": 0.81, ""sector_amount_rank"": 14, ""zt_score"": 15, ""pct_score"": 15.1, ""up_ratio_score"": 16.2, ""amount_score"": 3.5}"
889,001299.SZ,20260410,8.0,8.0,6.0,8.0,10.0,5.0,7.0,2.0,2.0,6.0,0.0,62.0,10:49:06,0.0,0.6706,0.0419,2.71,6.25,0.0,381.17,164,1,7.36,,,,,,3.0,"{""industry"": ""燃气Ⅱ"", ""industry_zt_count"": 1, ""sector_pct_change"": 0, ""sector_up_ratio"": 0, ""sector_amount_rank"": 0, ""zt_score"": 5, ""pct_score"": 10.0, ""up_ratio_score"": 10, ""amount_score"": 5}"
928,002263.SZ,20260410,6.666666666666667,2.0,2.0,4.0,6.0,3.0,5.0,2.0,4.0,8.0,0.0,41.76,09:37:54,2.0,0.041,0.009,0.82,21.98,324625720.79,-116676.77,164,1,4.55,,,,,,3.1613333333333338,"{""industry"": ""塑料"", ""industry_zt_count"": 1, ""sector_pct_change"": 0.64, ""sector_up_ratio"": 0.77, ""sector_amount_rank"": 38, ""zt_score"": 5, ""pct_score"": 11.3, ""up_ratio_score"": 15.3, ""amount_score"": 0}"
892,002328.SZ,20260410,8.0,4.0,4.0,4.0,10.0,9.0,5.0,2.0,8.0,3.0,0.0,61.0,09:31:12,2.0,0.1365,0.017,0.86,12.45,32260625.76,-15964.18,164,5,9.69,,,,,,5.797291338582677,"{""industry"": ""汽车零部件"", ""industry_zt_count"": 5, ""sector_pct_change"": 1.64, ""sector_up_ratio"": 0.83, ""sector_amount_rank"": 15, ""zt_score"": 25, ""pct_score"": 13.3, ""up_ratio_score"": 16.7, ""amount_score"": 3.0}"
888,002363.SZ,20260410,6.333333333333333,4.0,4.0,6.0,10.0,5.0,9.0,2.0,8.0,8.0,0.0,62.8,14:05:30,0.0,0.1707,0.0116,5.24,6.79,0.0,3355.95,164,5,5.77,,,,,,5.797291338582677,"{""industry"": ""汽车零部件"", ""industry_zt_count"": 5, ""sector_pct_change"": 1.64, ""sector_up_ratio"": 0.83, ""sector_amount_rank"": 15, ""zt_score"": 25, ""pct_score"": 13.3, ""up_ratio_score"": 16.7, ""amount_score"": 3.0}"
887,002364.SZ,20260410,10.0,10.0,8.0,4.0,6.0,10.0,5.0,2.0,3.0,3.0,10.0,75.9,09:25:00,0.0,9.2528,0.0562,0.12,0.61,192131222.6,-11902.69,164,2,9.66,,,,,,3.5,"{""industry"": ""其他电源"", ""industry_zt_count"": 2, ""sector_pct_change"": 0, ""sector_up_ratio"": 0, ""sector_amount_rank"": 0, ""zt_score"": 10, ""pct_score"": 10.0, ""up_ratio_score"": 10, ""amount_score"": 5}"
919,002418.SZ,20260410,7.666666666666667,4.0,4.0,6.0,10.0,5.0,5.0,2.0,2.0,6.0,0.0,51.6,09:36:48,1.0,0.1054,0.0131,1.75,12.44,0.0,-36082.44,164,1,7.56,,,,,,3.0,"{""industry"": ""家电零部"", ""industry_zt_count"": 1, ""sector_pct_change"": 0, ""sector_up_ratio"": 0, ""sector_amount_rank"": 0, ""zt_score"": 5, ""pct_score"": 10.0, ""up_ratio_score"": 10, ""amount_score"": 5}"
891,002733.SZ,20260410,6.333333333333333,2.0,4.0,6.0,10.0,5.0,9.0,2.0,9.0,6.0,0.0,61.2,14:00:15,0.0,0.0928,0.0103,1.76,11.1,0.0,13557.75,164,4,6.04,,,,,,6.598734693877551,"{""industry"": ""电池"", ""industry_zt_count"": 4, ""sector_pct_change"": 5.56, ""sector_up_ratio"": 0.92, ""sector_amount_rank"": 8, ""zt_score"": 20, ""pct_score"": 21.1, ""up_ratio_score"": 18.4, ""amount_score"": 6.5}"
920,002950.SZ,20260410,7.666666666666667,2.0,2.0,6.0,10.0,5.0,5.0,2.0,5.0,8.0,0.0,51.2,09:37:09,1.0,0.0844,0.0051,1.55,6.06,0.0,-8931.62,164,1,5.83,,,,,,3.400307692307692,"{""industry"": ""医疗器械"", ""industry_zt_count"": 1, ""sector_pct_change"": 1.04, ""sector_up_ratio"": 0.85, ""sector_amount_rank"": 56, ""zt_score"": 5, ""pct_score"": 12.1, ""up_ratio_score"": 16.9, ""amount_score"": 0}"
902,002962.SZ,20260410,10.0,4.0,4.0,6.0,8.0,8.0,5.0,2.0,6.0,3.0,0.0,58.81,09:36:51,0.0,0.1377,0.0231,5.7,16.74,121769825.6,-6387.28,164,3,9.69,,,,,,4.0130188679245276,"{""industry"": ""光学光电"", ""industry_zt_count"": 3, ""sector_pct_change"": 0.9, ""sector_up_ratio"": 0.64, ""sector_amount_rank"": 20, ""zt_score"": 15, ""pct_score"": 11.8, ""up_ratio_score"": 12.8, ""amount_score"": 0.5}"
918,002988.SZ,20260410,8.0,4.0,2.0,10.0,6.0,5.0,5.0,2.0,5.0,6.0,0.0,51.62,10:35:12,0.0,0.1456,0.0057,3.06,3.89,0.0,-3241.01,164,2,6.9,,,,,,2.618,"{""industry"": ""工业金属"", ""industry_zt_count"": 2, ""sector_pct_change"": -0.91, ""sector_up_ratio"": 0.4, ""sector_amount_rank"": 22, ""zt_score"": 10, ""pct_score"": 8.2, ""up_ratio_score"": 8.0, ""amount_score"": 0}"
923,003036.SZ,20260410,8.666666666666666,4.0,2.0,4.0,6.0,5.0,5.0,2.0,5.0,8.0,0.0,49.74,09:56:51,0.0,0.2027,0.0081,0.84,3.98,0.0,-2124.57,164,1,5.89,,,,,,3.536973451327434,"{""industry"": ""专用设备"", ""industry_zt_count"": 1, ""sector_pct_change"": 1.28, ""sector_up_ratio"": 0.77, ""sector_amount_rank"": 16, ""zt_score"": 5, ""pct_score"": 12.6, ""up_ratio_score"": 15.3, ""amount_score"": 2.5}"
905,300131.SZ,20260410,5.333333333333333,2.0,2.0,10.0,6.0,10.0,9.0,2.0,7.0,1.0,0.0,56.95,14:03:27,1.0,0.0079,0.0019,3.37,23.53,468738997.0,70263.27,164,3,14.08,,,,,,4.554274509803922,"{""industry"": ""其他电子"", ""industry_zt_count"": 3, ""sector_pct_change"": 1.84, ""sector_up_ratio"": 0.84, ""sector_amount_rank"": 35, ""zt_score"": 15, ""pct_score"": 13.7, ""up_ratio_score"": 16.9, ""amount_score"": 0}"
898,600103.SH,20260410,8.666666666666666,8.0,4.0,6.0,6.0,7.0,5.0,2.0,4.0,8.0,0.0,59.1,09:25:00,0.0,0.519,0.0216,1.41,4.16,189537195.26,-31258.65,164,1,5.01,,,,,,3.2970588235294116,"{""industry"": ""造纸"", ""industry_zt_count"": 1, ""sector_pct_change"": 0.75, ""sector_up_ratio"": 0.82, ""sector_amount_rank"": 90, ""zt_score"": 5, ""pct_score"": 11.5, ""up_ratio_score"": 16.5, ""amount_score"": 0}"
904,600156.SH,20260410,8.0,8.0,4.0,8.0,6.0,5.0,5.0,2.0,5.0,6.0,0.0,57.56,10:37:24,0.0,0.635,0.0272,2.29,4.29,0.0,-1987.8,164,2,6.54,,,,,,3.764363636363636,"{""industry"": ""纺织制造"", ""industry_zt_count"": 2, ""sector_pct_change"": 0.64, ""sector_up_ratio"": 0.82, ""sector_amount_rank"": 111, ""zt_score"": 10, ""pct_score"": 11.3, ""up_ratio_score"": 16.4, ""amount_score"": 0}"
907,600480.SH,20260410,5.333333333333333,2.0,2.0,10.0,10.0,5.0,5.0,2.0,8.0,6.0,0.0,55.2,13:41:56,1.0,0.0406,0.0021,4.35,5.07,0.0,-2499.37,164,5,6.66,,,,,,5.797291338582677,"{""industry"": ""汽车零部件"", ""industry_zt_count"": 5, ""sector_pct_change"": 1.64, ""sector_up_ratio"": 0.83, ""sector_amount_rank"": 15, ""zt_score"": 25, ""pct_score"": 13.3, ""up_ratio_score"": 16.7, ""amount_score"": 3.0}"
924,600482.SH,20260410,8.666666666666666,4.0,2.0,6.0,6.0,6.0,5.0,2.0,3.0,6.0,0.0,49.7,09:30:44,0.0,0.1204,0.0024,1.03,1.97,-287553339.68,-151970.62,164,2,8.13,,,,,,3.5,"{""industry"": ""其他电源"", ""industry_zt_count"": 2, ""sector_pct_change"": 0, ""sector_up_ratio"": 0, ""sector_amount_rank"": 0, ""zt_score"": 10, ""pct_score"": 10.0, ""up_ratio_score"": 10, ""amount_score"": 5}"
915,600537.SH,20260410,7.0,2.0,2.0,6.0,8.0,5.0,5.0,2.0,8.0,8.0,0.0,52.78,10:26:57,1.0,0.0418,0.0073,1.78,17.44,0.0,-1175.65,164,3,5.44,,,,,,4.981621621621622,"{""industry"": ""光伏设备"", ""industry_zt_count"": 3, ""sector_pct_change"": 2.55, ""sector_up_ratio"": 0.81, ""sector_amount_rank"": 14, ""zt_score"": 15, ""pct_score"": 15.1, ""up_ratio_score"": 16.2, ""amount_score"": 3.5}"
897,600707.SH,20260410,9.0,4.0,2.0,10.0,6.0,10.0,5.0,2.0,6.0,3.0,0.0,59.21,09:30:14,1.0,0.1803,0.0046,3.93,2.57,179000663.64,-16937.85,164,3,9.69,,,,,,4.0130188679245276,"{""industry"": ""光学光电"", ""industry_zt_count"": 3, ""sector_pct_change"": 0.9, ""sector_up_ratio"": 0.64, ""sector_amount_rank"": 20, ""zt_score"": 15, ""pct_score"": 11.8, ""up_ratio_score"": 12.8, ""amount_score"": 0.5}"
922,600713.SH,20260410,6.0,2.0,2.0,8.0,10.0,5.0,5.0,2.0,4.0,8.0,0.0,49.76,10:35:39,2.0,0.0696,0.0056,2.05,8.07,0.0,-6237.54,164,1,4.67,,,,,,3.1575675675675674,"{""industry"": ""医药商业"", ""industry_zt_count"": 1, ""sector_pct_change"": 0.45, ""sector_up_ratio"": 0.78, ""sector_amount_rank"": 74, ""zt_score"": 5, ""pct_score"": 10.9, ""up_ratio_score"": 15.7, ""amount_score"": 0}"
908,600876.SH,20260410,8.666666666666666,4.0,2.0,6.0,6.0,5.0,5.0,2.0,8.0,8.0,0.0,54.91,09:51:06,0.0,0.258,0.0062,1.38,2.4,0.0,-2555.52,164,2,5.19,,,,,,4.71435294117647,"{""industry"": ""玻璃玻纤"", ""industry_zt_count"": 2, ""sector_pct_change"": 4.16, ""sector_up_ratio"": 0.94, ""sector_amount_rank"": 45, ""zt_score"": 10, ""pct_score"": 18.3, ""up_ratio_score"": 18.8, ""amount_score"": 0}"
926,600983.SH,20260410,8.666666666666666,2.0,2.0,6.0,6.0,5.0,5.0,2.0,4.0,8.0,0.0,48.33,09:30:48,0.0,0.0226,0.0002,1.95,1.07,-6162243.98,-7424.44,164,1,5.61,,,,,,3.332,"{""industry"": ""白色家电"", ""industry_zt_count"": 1, ""sector_pct_change"": 0.16, ""sector_up_ratio"": 0.9, ""sector_amount_rank"": 121, ""zt_score"": 5, ""pct_score"": 10.3, ""up_ratio_score"": 18.0, ""amount_score"": 0}"
910,601010.SH,20260410,7.0,4.0,2.0,6.0,10.0,5.0,5.0,2.0,6.0,8.0,0.0,54.25,10:25:04,1.0,0.1584,0.0094,5.22,5.95,0.0,-1921.65,164,3,5.83,,,,,,4.44809756097561,"{""industry"": ""一般零售"", ""industry_zt_count"": 3, ""sector_pct_change"": 0.96, ""sector_up_ratio"": 0.88, ""sector_amount_rank"": 130, ""zt_score"": 15, ""pct_score"": 11.9, ""up_ratio_score"": 17.6, ""amount_score"": 0}"
912,601999.SH,20260410,8.0,8.0,4.0,6.0,6.0,5.0,5.0,2.0,2.0,8.0,0.0,54.0,10:35:09,0.0,0.6008,0.0225,1.46,3.75,0.0,-2182.2,164,1,5.97,,,,,,3.0,"{""industry"": ""出版"", ""industry_zt_count"": 1, ""sector_pct_change"": 0, ""sector_up_ratio"": 0, ""sector_amount_rank"": 0, ""zt_score"": 5, ""pct_score"": 10.0, ""up_ratio_score"": 10, ""amount_score"": 5}"
903,603026.SH,20260410,7.666666666666667,2.0,2.0,6.0,10.0,5.0,5.0,2.0,9.0,8.0,0.0,57.6,09:40:57,1.0,0.0387,0.0045,1.56,11.57,0.0,-34965.97,164,4,5.32,,,,,,6.598734693877551,"{""industry"": ""电池"", ""industry_zt_count"": 4, ""sector_pct_change"": 5.56, ""sector_up_ratio"": 0.92, ""sector_amount_rank"": 8, ""zt_score"": 20, ""pct_score"": 21.1, ""up_ratio_score"": 18.4, ""amount_score"": 6.5}"
917,603088.SH,20260410,7.666666666666667,2.0,2.0,8.0,10.0,5.0,5.0,2.0,5.0,6.0,0.0,52.43,09:47:23,1.0,0.0294,0.0031,2.86,10.46,0.0,-6712.47,164,2,6.25,,,,,,4.229540983606557,"{""industry"": ""通用设备"", ""industry_zt_count"": 2, ""sector_pct_change"": 0.91, ""sector_up_ratio"": 0.82, ""sector_amount_rank"": 13, ""zt_score"": 10, ""pct_score"": 11.8, ""up_ratio_score"": 16.5, ""amount_score"": 4.0}"
906,603093.SH,20260410,8.666666666666666,6.0,2.0,4.0,6.0,9.0,5.0,2.0,4.0,8.0,0.0,55.72,09:46:30,0.0,0.3596,0.0062,0.91,1.72,41250155.66,-3827.44,164,1,5.94,,,,,,3.5160869565217387,"{""industry"": ""多元金融"", ""industry_zt_count"": 1, ""sector_pct_change"": 0.95, ""sector_up_ratio"": 0.91, ""sector_amount_rank"": 76, ""zt_score"": 5, ""pct_score"": 11.9, ""up_ratio_score"": 18.3, ""amount_score"": 0}"
893,603101.SH,20260410,6.333333333333333,8.0,4.0,6.0,6.0,5.0,9.0,2.0,6.0,8.0,0.0,60.65,14:14:20,0.0,0.6459,0.0282,5.67,4.37,0.0,2598.84,164,3,5.71,,,,,,4.44809756097561,"{""industry"": ""一般零售"", ""industry_zt_count"": 3, ""sector_pct_change"": 0.96, ""sector_up_ratio"": 0.88, ""sector_amount_rank"": 130, ""zt_score"": 15, ""pct_score"": 11.9, ""up_ratio_score"": 17.6, ""amount_score"": 0}"
899,603200.SH,20260410,8.0,6.0,4.0,6.0,6.0,5.0,9.0,2.0,5.0,8.0,0.0,59.07,10:02:46,0.0,0.3548,0.0169,1.84,4.75,0.0,4610.07,164,2,5.31,,,,,,3.670695652173913,"{""industry"": ""环境治理"", ""industry_zt_count"": 2, ""sector_pct_change"": 0.31, ""sector_up_ratio"": 0.8, ""sector_amount_rank"": 52, ""zt_score"": 10, ""pct_score"": 10.6, ""up_ratio_score"": 16.1, ""amount_score"": 0}"
896,603272.SH,20260410,10.0,8.0,6.0,4.0,6.0,3.0,8.0,2.0,5.0,6.0,0.0,59.97,09:44:03,0.0,0.8736,0.0376,0.68,4.31,-15786007.0,809.67,164,2,6.99,,,,,,3.9706478873239432,"{""industry"": ""家居用品"", ""industry_zt_count"": 2, ""sector_pct_change"": 0.98, ""sector_up_ratio"": 0.89, ""sector_amount_rank"": 100, ""zt_score"": 10, ""pct_score"": 12.0, ""up_ratio_score"": 17.7, ""amount_score"": 0}"
895,603933.SH,20260410,9.0,4.0,4.0,10.0,10.0,5.0,5.0,2.0,7.0,3.0,0.0,60.15,09:25:03,1.0,0.2851,0.022,4.03,7.71,0.0,-21813.32,164,3,9.67,,,,,,4.554274509803922,"{""industry"": ""其他电子"", ""industry_zt_count"": 3, ""sector_pct_change"": 1.84, ""sector_up_ratio"": 0.84, ""sector_amount_rank"": 35, ""zt_score"": 15, ""pct_score"": 13.7, ""up_ratio_score"": 16.9, ""amount_score"": 0}"
900,603950.SH,20260410,9.333333333333334,8.0,4.0,6.0,6.0,4.0,5.0,2.0,8.0,3.0,0.0,59.0,09:25:03,0.0,0.6871,0.0138,1.05,2.01,-29222103.0,-32029.51,164,5,9.67,,,,,,5.797291338582677,"{""industry"": ""汽车零部件"", ""industry_zt_count"": 5, ""sector_pct_change"": 1.64, ""sector_up_ratio"": 0.83, ""sector_amount_rank"": 15, ""zt_score"": 25, ""pct_score"": 13.3, ""up_ratio_score"": 16.7, ""amount_score"": 3.0}"
913,605006.SH,20260410,6.666666666666667,2.0,2.0,6.0,10.0,5.0,5.0,2.0,8.0,8.0,0.0,53.71,09:47:07,2.0,0.0374,0.003,1.19,8.0,0.0,-16027.29,164,2,4.98,,,,,,4.71435294117647,"{""industry"": ""玻璃玻纤"", ""industry_zt_count"": 2, ""sector_pct_change"": 4.16, ""sector_up_ratio"": 0.94, ""sector_amount_rank"": 45, ""zt_score"": 10, ""pct_score"": 18.3, ""up_ratio_score"": 18.8, ""amount_score"": 0}"
909,605060.SH,20260410,9.333333333333334,4.0,2.0,6.0,6.0,4.0,9.0,2.0,5.0,6.0,0.0,54.43,10:06:37,0.0,0.2389,0.0068,1.17,2.87,-14364891.21,3420.96,164,2,6.89,,,,,,4.229540983606557,"{""industry"": ""通用设备"", ""industry_zt_count"": 2, ""sector_pct_change"": 0.91, ""sector_up_ratio"": 0.82, ""sector_amount_rank"": 13, ""zt_score"": 10, ""pct_score"": 11.8, ""up_ratio_score"": 16.5, ""amount_score"": 4.0}"
890,605069.SH,20260410,7.0,10.0,6.0,8.0,6.0,5.0,5.0,2.0,5.0,8.0,0.0,61.87,13:20:15,0.0,1.0457,0.033,2.19,3.15,0.0,-1290.99,164,2,4.98,,,,,,3.670695652173913,"{""industry"": ""环境治理"", ""industry_zt_count"": 2, ""sector_pct_change"": 0.31, ""sector_up_ratio"": 0.8, ""sector_amount_rank"": 52, ""zt_score"": 10, ""pct_score"": 10.6, ""up_ratio_score"": 16.1, ""amount_score"": 0}"
927,605117.SH,20260410,6.666666666666667,2.0,2.0,4.0,6.0,5.0,5.0,2.0,8.0,6.0,0.0,47.98,09:31:22,2.0,0.0952,0.0013,0.95,1.4,0.0,-103560.87,164,3,7.44,,,,,,4.981621621621622,"{""industry"": ""光伏设备"", ""industry_zt_count"": 3, ""sector_pct_change"": 2.55, ""sector_up_ratio"": 0.81, ""sector_amount_rank"": 14, ""zt_score"": 15, ""pct_score"": 15.1, ""up_ratio_score"": 16.2, ""amount_score"": 3.5}"
846,000070.SZ,20260409,6.333333333333333,2.0,4.0,6.0,8.0,14.0,5.0,8.0,5.0,6.0,0.0,66.4,13:58:48,0.0,0.0665,0.0129,1.14,19.35,188883773.87,-6201.42,5,5,8.02,,,,,,5.0,"{""industry"": ""通信设备"", ""industry_zt_count"": 5, ""sector_pct_change"": 0, ""sector_up_ratio"": 0, ""sector_amount_rank"": 0, ""zt_score"": 25, ""pct_score"": 10.0, ""up_ratio_score"": 10, ""amount_score"": 5}"
877,000078.SZ,20260409,7.666666666666667,2.0,2.0,6.0,10.0,5.0,5.0,4.0,2.0,8.0,0.0,50.0,09:39:54,1.0,0.0416,0.0047,1.02,11.41,0.0,-62043.21,17,1,4.44,,,,,,3.0,"{""industry"": ""医药商业"", ""industry_zt_count"": 1, ""sector_pct_change"": 0, ""sector_up_ratio"": 0, ""sector_amount_rank"": 0, ""zt_score"": 5, ""pct_score"": 10.0, ""up_ratio_score"": 10, ""amount_score"": 5}"
868,000889.SZ,20260409,10.0,4.0,4.0,6.0,10.0,5.0,5.0,2.0,2.0,3.0,0.0,52.6,09:44:57,0.0,0.1138,0.015,5.35,13.19,0.0,-17503.93,34,1,9.72,,,,,,3.0,"{""industry"": ""通信服务"", ""industry_zt_count"": 1, ""sector_pct_change"": 0, ""sector_up_ratio"": 0, ""sector_amount_rank"": 0, ""zt_score"": 5, ""pct_score"": 10.0, ""up_ratio_score"": 10, ""amount_score"": 5}"
864,002025.SZ,20260409,10.0,2.0,2.0,4.0,10.0,6.0,5.0,6.0,2.0,6.0,0.0,52.8,09:52:48,0.0,0.0849,0.0049,0.92,5.76,-30359999.67,-38327.73,9,1,8.61,,,,,,3.0,"{""industry"": ""军工电子"", ""industry_zt_count"": 1, ""sector_pct_change"": 0, ""sector_up_ratio"": 0, ""sector_amount_rank"": 0, ""zt_score"": 5, ""pct_score"": 10.0, ""up_ratio_score"": 10, ""amount_score"": 5}"
881,002039.SZ,20260409,7.0,4.0,2.0,6.0,10.0,5.0,5.0,2.0,2.0,6.0,0.0,48.4,13:15:27,0.0,0.1159,0.0081,1.99,6.97,0.0,-5120.57,29,1,7.49,,,,,,3.0,"{""industry"": ""电力"", ""industry_zt_count"": 1, ""sector_pct_change"": 0, ""sector_up_ratio"": 0, ""sector_amount_rank"": 0, ""zt_score"": 5, ""pct_score"": 10.0, ""up_ratio_score"": 10, ""amount_score"": 5}"
861,002107.SZ,20260409,7.666666666666667,4.0,4.0,6.0,10.0,5.0,5.0,2.0,3.0,8.0,0.0,54.1,09:33:27,1.0,0.1408,0.0129,1.76,9.15,0.0,-10149.23,38,2,5.28,,,,,,3.5,"{""industry"": ""中药Ⅱ"", ""industry_zt_count"": 2, ""sector_pct_change"": 0, ""sector_up_ratio"": 0, ""sector_amount_rank"": 0, ""zt_score"": 10, ""pct_score"": 10.0, ""up_ratio_score"": 10, ""amount_score"": 5}"
850,002150.SZ,20260409,6.333333333333333,4.0,4.0,6.0,10.0,5.0,7.0,4.0,5.0,6.0,0.0,58.0,13:38:00,0.0,0.1079,0.0115,1.73,10.67,0.0,4487.15,16,5,7.39,,,,,,5.0,"{""industry"": ""通用设备"", ""industry_zt_count"": 5, ""sector_pct_change"": 0, ""sector_up_ratio"": 0, ""sector_amount_rank"": 0, ""zt_score"": 25, ""pct_score"": 10.0, ""up_ratio_score"": 10, ""amount_score"": 5}"
848,002364.SZ,20260409,8.666666666666666,10.0,8.0,4.0,6.0,5.0,5.0,2.0,2.0,6.0,0.0,58.8,09:25:00,0.0,4.3824,0.0585,0.24,1.33,0.0,-23778.33,46,1,8.2,,,,,,3.0,"{""industry"": ""其他电源"", ""industry_zt_count"": 1, ""sector_pct_change"": 0, ""sector_up_ratio"": 0, ""sector_amount_rank"": 0, ""zt_score"": 5, ""pct_score"": 10.0, ""up_ratio_score"": 10, ""amount_score"": 5}"
885,002580.SZ,20260409,6.333333333333333,2.0,4.0,4.0,6.0,5.0,5.0,4.0,2.0,8.0,0.0,46.0,13:41:48,0.0,0.0897,0.021,0.92,23.38,0.0,-17119.15,12,1,5.57,,,,,,3.0,"{""industry"": ""电池"", ""industry_zt_count"": 1, ""sector_pct_change"": 0, ""sector_up_ratio"": 0, ""sector_amount_rank"": 0, ""zt_score"": 5, ""pct_score"": 10.0, ""up_ratio_score"": 10, ""amount_score"": 5}"
862,002635.SZ,20260409,7.0,4.0,4.0,8.0,10.0,5.0,5.0,2.0,3.0,6.0,0.0,53.7,13:19:21,0.0,0.1764,0.0158,2.1,8.94,0.0,-4370.77,32,2,7.85,,,,,,3.5,"{""industry"": ""消费电子"", ""industry_zt_count"": 2, ""sector_pct_change"": 0, ""sector_up_ratio"": 0, ""sector_amount_rank"": 0, ""zt_score"": 10, ""pct_score"": 10.0, ""up_ratio_score"": 10, ""amount_score"": 5}"
865,002645.SZ,20260409,8.666666666666666,4.0,4.0,4.0,10.0,5.0,5.0,4.0,2.0,6.0,0.0,52.8,09:50:57,0.0,0.1803,0.0138,0.91,7.63,0.0,-5089.82,22,1,7.49,,,,,,3.0,"{""industry"": ""环保设备"", ""industry_zt_count"": 1, ""sector_pct_change"": 0, ""sector_up_ratio"": 0, ""sector_amount_rank"": 0, ""zt_score"": 5, ""pct_score"": 10.0, ""up_ratio_score"": 10, ""amount_score"": 5}"
884,002718.SZ,20260409,8.0,4.0,2.0,4.0,6.0,5.0,5.0,2.0,3.0,6.0,0.0,46.1,10:27:09,0.0,0.2286,0.0058,0.73,2.54,0.0,-2552.85,48,2,7.38,,,,,,3.5,"{""industry"": ""装修建材"", ""industry_zt_count"": 2, ""sector_pct_change"": 0, ""sector_up_ratio"": 0, ""sector_amount_rank"": 0, ""zt_score"": 10, ""pct_score"": 10.0, ""up_ratio_score"": 10, ""amount_score"": 5}"
853,002843.SZ,20260409,8.0,4.0,4.0,6.0,10.0,5.0,5.0,2.0,5.0,6.0,0.0,56.4,10:09:48,0.0,0.1498,0.0143,1.35,9.57,0.0,-724.94,31,5,8.33,,,,,,5.0,"{""industry"": ""通用设备"", ""industry_zt_count"": 5, ""sector_pct_change"": 0, ""sector_up_ratio"": 0, ""sector_amount_rank"": 0, ""zt_score"": 25, ""pct_score"": 10.0, ""up_ratio_score"": 10, ""amount_score"": 5}"
847,002962.SZ,20260409,8.666666666666666,4.0,4.0,10.0,10.0,5.0,5.0,2.0,4.0,6.0,0.0,59.1,09:36:24,0.0,0.2066,0.0158,4.4,7.63,0.0,-9816.69,45,4,7.91,,,,,,4.5,"{""industry"": ""光学光电"", ""industry_zt_count"": 4, ""sector_pct_change"": 0, ""sector_up_ratio"": 0, ""sector_amount_rank"": 0, ""zt_score"": 20, ""pct_score"": 10.0, ""up_ratio_score"": 10, ""amount_score"": 5}"
851,002975.SZ,20260409,10.0,4.0,4.0,8.0,10.0,6.0,5.0,4.0,2.0,3.0,0.0,57.0,09:39:21,0.0,0.1397,0.0149,2.61,10.68,-5551418.61,-3531.53,20,1,9.67,,,,,,3.0,"{""industry"": ""自动化设"", ""industry_zt_count"": 1, ""sector_pct_change"": 0, ""sector_up_ratio"": 0, ""sector_amount_rank"": 0, ""zt_score"": 5, ""pct_score"": 10.0, ""up_ratio_score"": 10, ""amount_score"": 5}"
852,300489.SZ,20260409,7.666666666666667,2.0,2.0,8.0,10.0,10.0,5.0,4.0,4.0,1.0,0.0,56.5,09:47:12,1.0,0.0573,0.0085,2.67,14.86,101424801.32,-17866.27,15,4,13.34,,,,,,4.5,"{""industry"": ""光学光电"", ""industry_zt_count"": 4, ""sector_pct_change"": 0, ""sector_up_ratio"": 0, ""sector_amount_rank"": 0, ""zt_score"": 20, ""pct_score"": 10.0, ""up_ratio_score"": 10, ""amount_score"": 5}"
866,600330.SH,20260409,8.666666666666666,4.0,4.0,4.0,10.0,5.0,5.0,4.0,2.0,6.0,0.0,52.8,09:54:41,0.0,0.1653,0.0128,0.77,7.74,0.0,-17136.74,11,1,8.84,,,,,,3.0,"{""industry"": ""电子化学"", ""industry_zt_count"": 1, ""sector_pct_change"": 0, ""sector_up_ratio"": 0, ""sector_amount_rank"": 0, ""zt_score"": 5, ""pct_score"": 10.0, ""up_ratio_score"": 10, ""amount_score"": 5}"
882,600337.SH,20260409,6.666666666666667,2.0,2.0,6.0,10.0,5.0,5.0,2.0,3.0,6.0,0.0,47.3,09:30:10,2.0,0.0919,0.009,5.23,9.76,0.0,-12202.86,37,2,8.2,,,,,,3.5,"{""industry"": ""家居用品"", ""industry_zt_count"": 2, ""sector_pct_change"": 0, ""sector_up_ratio"": 0, ""sector_amount_rank"": 0, ""zt_score"": 10, ""pct_score"": 10.0, ""up_ratio_score"": 10, ""amount_score"": 5}"
869,600345.SH,20260409,7.0,2.0,2.0,6.0,10.0,5.0,5.0,4.0,5.0,6.0,0.0,52.4,10:37:08,1.0,0.0639,0.007,1.2,10.92,0.0,-25943.54,19,5,7.58,,,,,,5.0,"{""industry"": ""通信设备"", ""industry_zt_count"": 5, ""sector_pct_change"": 0, ""sector_up_ratio"": 0, ""sector_amount_rank"": 0, ""zt_score"": 25, ""pct_score"": 10.0, ""up_ratio_score"": 10, ""amount_score"": 5}"
859,600594.SH,20260409,9.333333333333334,4.0,4.0,4.0,10.0,5.0,5.0,2.0,3.0,8.0,0.0,54.5,09:33:36,0.0,0.296,0.0279,0.47,9.42,0.0,-15192.26,40,2,3.48,,,,,,3.5,"{""industry"": ""中药Ⅱ"", ""industry_zt_count"": 2, ""sector_pct_change"": 0, ""sector_up_ratio"": 0, ""sector_amount_rank"": 0, ""zt_score"": 10, ""pct_score"": 10.0, ""up_ratio_score"": 10, ""amount_score"": 5}"
867,600619.SH,20260409,8.0,4.0,2.0,8.0,10.0,5.0,5.0,4.0,2.0,6.0,0.0,52.8,10:14:41,0.0,0.1439,0.0087,2.96,6.04,0.0,-5929.78,23,1,8.1,,,,,,3.0,"{""industry"": ""家电零部"", ""industry_zt_count"": 1, ""sector_pct_change"": 0, ""sector_up_ratio"": 0, ""sector_amount_rank"": 0, ""zt_score"": 5, ""pct_score"": 10.0, ""up_ratio_score"": 10, ""amount_score"": 5}"
875,600629.SH,20260409,8.666666666666666,4.0,2.0,8.0,6.0,7.0,5.0,2.0,2.0,6.0,0.0,51.2,09:42:53,0.0,0.2058,0.0064,2.08,3.12,70469975.99,-315.75,28,1,7.81,,,,,,3.0,"{""industry"": ""工程咨询"", ""industry_zt_count"": 1, ""sector_pct_change"": 0, ""sector_up_ratio"": 0, ""sector_amount_rank"": 0, ""zt_score"": 5, ""pct_score"": 10.0, ""up_ratio_score"": 10, ""amount_score"": 5}"
876,600707.SH,20260409,7.666666666666667,4.0,2.0,8.0,6.0,5.0,5.0,2.0,4.0,6.0,0.0,50.7,09:31:34,1.0,0.2311,0.003,2.8,1.3,0.0,-10199.51,41,4,7.83,,,,,,4.5,"{""industry"": ""光学光电"", ""industry_zt_count"": 4, ""sector_pct_change"": 0, ""sector_up_ratio"": 0, ""sector_amount_rank"": 0, ""zt_score"": 20, ""pct_score"": 10.0, ""up_ratio_score"": 10, ""amount_score"": 5}"
880,600743.SH,20260409,6.666666666666667,2.0,2.0,10.0,10.0,6.0,5.0,2.0,2.0,3.0,0.0,48.6,13:07:55,1.0,0.087,0.0065,4.02,7.52,-24661939.32,-8738.05,36,1,9.71,,,,,,3.0,"{""industry"": ""一般零售"", ""industry_zt_count"": 1, ""sector_pct_change"": 0, ""sector_up_ratio"": 0, ""sector_amount_rank"": 0, ""zt_score"": 5, ""pct_score"": 10.0, ""up_ratio_score"": 10, ""amount_score"": 5}"
855,601133.SH,20260409,8.333333333333334,2.0,4.0,6.0,4.0,8.0,9.0,4.0,3.0,6.0,0.0,56.1,09:46:41,1.0,0.0973,0.0243,1.08,25.02,153597391.47,6273.58,21,2,8.01,,,,,,3.5,"{""industry"": ""专业工程"", ""industry_zt_count"": 2, ""sector_pct_change"": 0, ""sector_up_ratio"": 0, ""sector_amount_rank"": 0, ""zt_score"": 10, ""pct_score"": 10.0, ""up_ratio_score"": 10, ""amount_score"": 5}"
886,601811.SH,20260409,7.0,4.0,2.0,6.0,6.0,5.0,5.0,2.0,2.0,6.0,0.0,45.2,13:04:20,0.0,0.1522,0.0047,5.36,3.09,0.0,-1983.94,39,1,7.83,,,,,,3.0,"{""industry"": ""出版"", ""industry_zt_count"": 1, ""sector_pct_change"": 0, ""sector_up_ratio"": 0, ""sector_amount_rank"": 0, ""zt_score"": 5, ""pct_score"": 10.0, ""up_ratio_score"": 10, ""amount_score"": 5}"
856,601869.SH,20260409,5.666666666666667,2.0,2.0,6.0,10.0,5.0,7.0,8.0,5.0,6.0,0.0,56.0,14:53:28,0.0,0.057,0.0029,1.13,5.0,0.0,9564.83,3,5,6.93,,,,,,5.0,"{""industry"": ""通信设备"", ""industry_zt_count"": 5, ""sector_pct_change"": 0, ""sector_up_ratio"": 0, ""sector_amount_rank"": 0, ""zt_score"": 25, ""pct_score"": 10.0, ""up_ratio_score"": 10, ""amount_score"": 5}"
879,603121.SH,20260409,8.0,4.0,2.0,4.0,6.0,5.0,5.0,2.0,5.0,6.0,0.0,49.7,10:34:01,0.0,0.2624,0.009,0.99,3.42,0.0,-1855.54,44,6,8.16,,,,,,5.5,"{""industry"": ""汽车零部件"", ""industry_zt_count"": 6, ""sector_pct_change"": 0, ""sector_up_ratio"": 0, ""sector_amount_rank"": 0, ""zt_score"": 30, ""pct_score"": 10.0, ""up_ratio_score"": 10, ""amount_score"": 5}"
858,603216.SH,20260409,7.0,6.0,4.0,10.0,6.0,5.0,6.0,2.0,3.0,6.0,0.0,55.1,13:01:14,0.0,0.4052,0.0103,3.08,2.53,0.0,-1093.84,47,2,8.04,,,,,,3.5,"{""industry"": ""家居用品"", ""industry_zt_count"": 2, ""sector_pct_change"": 0, ""sector_up_ratio"": 0, ""sector_amount_rank"": 0, ""zt_score"": 10, ""pct_score"": 10.0, ""up_ratio_score"": 10, ""amount_score"": 5}"
854,603306.SH,20260409,8.333333333333334,2.0,2.0,6.0,10.0,5.0,7.0,6.0,5.0,3.0,0.0,56.3,13:23:56,0.0,0.0099,0.0006,1.81,6.44,0.0,3790.87,8,6,9.66,,,,,,5.5,"{""industry"": ""汽车零部件"", ""industry_zt_count"": 6, ""sector_pct_change"": 0, ""sector_up_ratio"": 0, ""sector_amount_rank"": 0, ""zt_score"": 30, ""pct_score"": 10.0, ""up_ratio_score"": 10, ""amount_score"": 5}"
857,603507.SH,20260409,7.0,4.0,4.0,6.0,10.0,5.0,8.0,4.0,2.0,6.0,0.0,55.4,13:28:41,0.0,0.1224,0.0115,1.32,9.37,0.0,5714.28,26,1,6.36,,,,,,3.0,"{""industry"": ""风电设备"", ""industry_zt_count"": 1, ""sector_pct_change"": 0, ""sector_up_ratio"": 0, ""sector_amount_rank"": 0, ""zt_score"": 5, ""pct_score"": 10.0, ""up_ratio_score"": 10, ""amount_score"": 5}"
863,603757.SH,20260409,6.333333333333333,2.0,2.0,6.0,10.0,8.0,5.0,4.0,5.0,3.0,0.0,53.4,13:22:53,2.0,0.0221,0.0033,1.84,14.8,92693317.08,-20065.99,13,5,9.67,,,,,,5.0,"{""industry"": ""通用设备"", ""industry_zt_count"": 5, ""sector_pct_change"": 0, ""sector_up_ratio"": 0, ""sector_amount_rank"": 0, ""zt_score"": 25, ""pct_score"": 10.0, ""up_ratio_score"": 10, ""amount_score"": 5}"
873,603773.SH,20260409,7.666666666666667,2.0,2.0,8.0,10.0,5.0,5.0,4.0,4.0,3.0,0.0,51.7,09:58:48,1.0,0.041,0.004,2.79,9.83,0.0,-3813.73,24,4,9.18,,,,,,4.5,"{""industry"": ""光学光电"", ""industry_zt_count"": 4, ""sector_pct_change"": 0, ""sector_up_ratio"": 0, ""sector_amount_rank"": 0, ""zt_score"": 20, ""pct_score"": 10.0, ""up_ratio_score"": 10, ""amount_score"": 5}"
872,603777.SH,20260409,10.0,8.0,4.0,4.0,6.0,5.0,5.0,2.0,2.0,3.0,0.0,51.8,09:25:02,0.0,0.98,0.026,0.93,2.65,0.0,-13674.22,51,1,9.67,,,,,,3.0,"{""industry"": ""休闲食品"", ""industry_zt_count"": 1, ""sector_pct_change"": 0, ""sector_up_ratio"": 0, ""sector_amount_rank"": 0, ""zt_score"": 5, ""pct_score"": 10.0, ""up_ratio_score"": 10, ""amount_score"": 5}"
870,603808.SH,20260409,8.0,6.0,4.0,6.0,6.0,5.0,5.0,2.0,3.0,6.0,0.0,52.1,10:30:25,0.0,0.3495,0.0143,1.7,4.08,0.0,-3291.38,49,2,6.6,,,,,,3.5,"{""industry"": ""服装家纺"", ""industry_zt_count"": 2, ""sector_pct_change"": 0, ""sector_up_ratio"": 0, ""sector_amount_rank"": 0, ""zt_score"": 10, ""pct_score"": 10.0, ""up_ratio_score"": 10, ""amount_score"": 5}"
874,603863.SH,20260409,8.0,4.0,4.0,4.0,10.0,5.0,5.0,2.0,2.0,8.0,0.0,51.6,10:01:09,0.0,0.2813,0.018,0.9,6.38,0.0,-244.26,43,1,5.41,,,,,,3.0,"{""industry"": ""造纸"", ""industry_zt_count"": 1, ""sector_pct_change"": 0, ""sector_up_ratio"": 0, ""sector_amount_rank"": 0, ""zt_score"": 5, ""pct_score"": 10.0, ""up_ratio_score"": 10, ""amount_score"": 5}"
883,603929.SH,20260409,8.0,2.0,2.0,6.0,6.0,5.0,5.0,4.0,3.0,6.0,0.0,47.3,10:41:13,0.0,0.0804,0.0022,1.55,2.7,0.0,-1029.51,18,2,7.87,,,,,,3.5,"{""industry"": ""专业工程"", ""industry_zt_count"": 2, ""sector_pct_change"": 0, ""sector_up_ratio"": 0, ""sector_amount_rank"": 0, ""zt_score"": 10, ""pct_score"": 10.0, ""up_ratio_score"": 10, ""amount_score"": 5}"
849,603950.SH,20260409,10.0,10.0,4.0,4.0,6.0,5.0,5.0,2.0,5.0,3.0,0.0,58.7,09:25:03,0.0,11.9144,0.0275,0.1,0.23,0.0,-3353.88,52,6,9.67,,,,,,5.5,"{""industry"": ""汽车零部件"", ""industry_zt_count"": 6, ""sector_pct_change"": 0, ""sector_up_ratio"": 0, ""sector_amount_rank"": 0, ""zt_score"": 30, ""pct_score"": 10.0, ""up_ratio_score"": 10, ""amount_score"": 5}"
871,603958.SH,20260409,7.0,4.0,2.0,6.0,10.0,7.0,5.0,2.0,3.0,6.0,0.0,52.1,10:47:14,1.0,0.1429,0.0081,1.6,5.67,38165454.0,-4715.59,42,2,8.37,,,,,,3.5,"{""industry"": ""服装家纺"", ""industry_zt_count"": 2, ""sector_pct_change"": 0, ""sector_up_ratio"": 0, ""sector_amount_rank"": 0, ""zt_score"": 10, ""pct_score"": 10.0, ""up_ratio_score"": 10, ""amount_score"": 5}"
878,605056.SH,20260409,5.0,2.0,2.0,6.0,6.0,9.0,5.0,2.0,5.0,6.0,0.0,50.0,13:05:10,2.0,0.0517,0.0023,1.38,4.39,46298294.0,-5237.31,33,5,7.16,,,,,,5.0,"{""industry"": ""通用设备"", ""industry_zt_count"": 5, ""sector_pct_change"": 0, ""sector_up_ratio"": 0, ""sector_amount_rank"": 0, ""zt_score"": 25, ""pct_score"": 10.0, ""up_ratio_score"": 10, ""amount_score"": 5}"
860,605189.SH,20260409,7.666666666666667,6.0,4.0,8.0,6.0,7.0,5.0,2.0,2.0,6.0,0.0,54.4,09:30:00,1.0,0.4426,0.0202,2.14,4.57,12172512.86,-8544.36,50,1,6.73,,,,,,3.0,"{""industry"": ""纺织制造"", ""industry_zt_count"": 1, ""sector_pct_change"": 0, ""sector_up_ratio"": 0, ""sector_amount_rank"": 0, ""zt_score"": 5, ""pct_score"": 10.0, ""up_ratio_score"": 10, ""amount_score"": 5}"
799,000506.SZ,20260408,7.0,2.0,2.0,6.0,10.0,5.0,7.0,4.0,5.0,6.0,0.0,54.9,11:26:36,0.0,0.0755,0.0038,1.52,5.05,0.0,2730.46,46,6,7.45,,,,,,5.5,"{""industry"": ""贵金属"", ""industry_zt_count"": 6, ""sector_pct_change"": 0, ""sector_up_ratio"": 0, ""sector_amount_rank"": 0, ""zt_score"": 30, ""pct_score"": 10.0, ""up_ratio_score"": 10, ""amount_score"": 5}"
834,000534.SZ,20260408,8.666666666666666,6.0,2.0,4.0,6.0,5.0,5.0,2.0,2.0,8.0,0.0,48.8,09:30:45,0.0,0.3096,0.0039,0.38,1.27,0.0,-17625.35,89,1,5.17,,,,,,3.0,"{""industry"": ""生物制品"", ""industry_zt_count"": 1, ""sector_pct_change"": 0, ""sector_up_ratio"": 0, ""sector_amount_rank"": 0, ""zt_score"": 5, ""pct_score"": 10.0, ""up_ratio_score"": 10, ""amount_score"": 5}"
795,000551.SZ,20260408,8.666666666666666,8.0,4.0,6.0,6.0,5.0,7.0,2.0,2.0,6.0,0.0,55.6,09:37:54,0.0,0.9868,0.0229,1.66,2.32,0.0,119.82,103,1,6.33,,,,,,3.0,"{""industry"": ""环保设备"", ""industry_zt_count"": 1, ""sector_pct_change"": 0, ""sector_up_ratio"": 0, ""sector_amount_rank"": 0, ""zt_score"": 5, ""pct_score"": 10.0, ""up_ratio_score"": 10, ""amount_score"": 5}"
811,000727.SZ,20260408,8.666666666666666,4.0,2.0,8.0,6.0,5.0,5.0,2.0,5.0,6.0,0.0,53.2,09:51:03,0.0,0.1516,0.0069,2.47,4.56,0.0,-8490.22,63,5,7.09,,,,,,5.0,"{""industry"": ""光学光电"", ""industry_zt_count"": 5, ""sector_pct_change"": 0, ""sector_up_ratio"": 0, ""sector_amount_rank"": 0, ""zt_score"": 25, ""pct_score"": 10.0, ""up_ratio_score"": 10, ""amount_score"": 5}"
804,000811.SZ,20260408,6.333333333333333,4.0,2.0,6.0,6.0,5.0,9.0,2.0,5.0,6.0,0.0,54.3,13:34:12,0.0,0.1962,0.0059,1.91,2.99,0.0,8699.52,67,10,6.49,,,,,,6.5,"{""industry"": ""通用设备"", ""industry_zt_count"": 10, ""sector_pct_change"": 0, ""sector_up_ratio"": 0, ""sector_amount_rank"": 0, ""zt_score"": 40, ""pct_score"": 10.0, ""up_ratio_score"": 10, ""amount_score"": 5}"
829,000889.SZ,20260408,8.666666666666666,4.0,2.0,6.0,6.0,5.0,5.0,2.0,4.0,6.0,0.0,50.3,09:41:03,0.0,0.2129,0.0074,1.42,3.48,0.0,-4463.73,110,4,7.16,,,,,,4.5,"{""industry"": ""通信服务"", ""industry_zt_count"": 4, ""sector_pct_change"": 0, ""sector_up_ratio"": 0, ""sector_amount_rank"": 0, ""zt_score"": 20, ""pct_score"": 10.0, ""up_ratio_score"": 10, ""amount_score"": 5}"
835,000892.SZ,20260408,6.0,2.0,2.0,10.0,10.0,5.0,5.0,2.0,2.0,6.0,0.0,48.4,10:45:03,2.0,0.0751,0.0084,3.53,11.14,0.0,-4672.44,68,1,7.68,,,,,,3.0,"{""industry"": ""影视院线"", ""industry_zt_count"": 1, ""sector_pct_change"": 0, ""sector_up_ratio"": 0, ""sector_amount_rank"": 0, ""zt_score"": 5, ""pct_score"": 10.0, ""up_ratio_score"": 10, ""amount_score"": 5}"
837,000917.SZ,20260408,7.0,2.0,2.0,6.0,10.0,5.0,5.0,4.0,2.0,6.0,0.0,48.0,10:59:21,1.0,0.0262,0.0015,1.85,5.7,0.0,-9802.23,54,1,6.21,,,,,,3.0,"{""industry"": ""电视广播"", ""industry_zt_count"": 1, ""sector_pct_change"": 0, ""sector_up_ratio"": 0, ""sector_amount_rank"": 0, ""zt_score"": 5, ""pct_score"": 10.0, ""up_ratio_score"": 10, ""amount_score"": 5}"
818,000962.SZ,20260408,7.0,4.0,2.0,6.0,6.0,5.0,9.0,4.0,3.0,6.0,0.0,52.1,13:12:15,0.0,0.1241,0.0045,1.04,3.65,0.0,9188.41,52,2,6.42,,,,,,3.5,"{""industry"": ""小金属"", ""industry_zt_count"": 2, ""sector_pct_change"": 0, ""sector_up_ratio"": 0, ""sector_amount_rank"": 0, ""zt_score"": 10, ""pct_score"": 10.0, ""up_ratio_score"": 10, ""amount_score"": 5}"
842,000978.SZ,20260408,7.666666666666667,2.0,2.0,6.0,10.0,5.0,5.0,2.0,2.0,6.0,0.0,47.2,09:55:12,1.0,0.0889,0.0081,1.21,9.15,0.0,-6180.16,78,1,8.34,,,,,,3.0,"{""industry"": ""旅游及景"", ""industry_zt_count"": 1, ""sector_pct_change"": 0, ""sector_up_ratio"": 0, ""sector_amount_rank"": 0, ""zt_score"": 5, ""pct_score"": 10.0, ""up_ratio_score"": 10, ""amount_score"": 5}"
806,001267.SZ,20260408,6.333333333333333,2.0,2.0,6.0,10.0,5.0,9.0,6.0,3.0,6.0,0.0,54.1,13:54:45,0.0,0.0268,0.0022,1.12,8.37,0.0,43294.33,18,2,6.34,,,,,,3.5,"{""industry"": ""基础建设"", ""industry_zt_count"": 2, ""sector_pct_change"": 0, ""sector_up_ratio"": 0, ""sector_amount_rank"": 0, ""zt_score"": 10, ""pct_score"": 10.0, ""up_ratio_score"": 10, ""amount_score"": 5}"
797,001287.SZ,20260408,7.0,4.0,2.0,6.0,10.0,5.0,9.0,4.0,3.0,6.0,0.0,55.3,11:12:00,0.0,0.1096,0.0083,1.48,7.53,0.0,14721.38,50,2,7.55,,,,,,3.5,"{""industry"": ""其他电子"", ""industry_zt_count"": 2, ""sector_pct_change"": 0, ""sector_up_ratio"": 0, ""sector_amount_rank"": 0, ""zt_score"": 10, ""pct_score"": 10.0, ""up_ratio_score"": 10, ""amount_score"": 5}"
816,001337.SZ,20260408,6.0,2.0,2.0,6.0,6.0,5.0,9.0,4.0,5.0,6.0,0.0,52.5,13:07:45,1.0,0.0282,0.0013,1.2,4.64,0.0,11450.97,38,6,6.22,,,,,,5.5,"{""industry"": ""贵金属"", ""industry_zt_count"": 6, ""sector_pct_change"": 0, ""sector_up_ratio"": 0, ""sector_amount_rank"": 0, ""zt_score"": 30, ""pct_score"": 10.0, ""up_ratio_score"": 10, ""amount_score"": 5}"
759,001389.SZ,20260408,8.0,4.0,2.0,6.0,10.0,5.0,9.0,4.0,5.0,8.0,0.0,62.3,10:33:06,0.0,0.1356,0.0077,1.08,5.71,0.0,19471.82,36,10,5.65,,,,,,6.5,"{""industry"": ""元件"", ""industry_zt_count"": 10, ""sector_pct_change"": 0, ""sector_up_ratio"": 0, ""sector_amount_rank"": 0, ""zt_score"": 40, ""pct_score"": 10.0, ""up_ratio_score"": 10, ""amount_score"": 5}"
840,002042.SZ,20260408,8.666666666666666,6.0,2.0,4.0,6.0,5.0,5.0,2.0,2.0,6.0,0.0,47.6,09:33:42,0.0,0.4005,0.0083,0.94,2.07,0.0,-2548.22,100,1,6.59,,,,,,3.0,"{""industry"": ""纺织制造"", ""industry_zt_count"": 1, ""sector_pct_change"": 0, ""sector_up_ratio"": 0, ""sector_amount_rank"": 0, ""zt_score"": 5, ""pct_score"": 10.0, ""up_ratio_score"": 10, ""amount_score"": 5}"
796,002046.SZ,20260408,8.0,2.0,2.0,6.0,6.0,5.0,9.0,2.0,5.0,8.0,0.0,55.5,10:27:36,0.0,0.0988,0.0024,1.77,2.45,0.0,12666.56,62,10,5.86,,,,,,6.5,"{""industry"": ""通用设备"", ""industry_zt_count"": 10, ""sector_pct_change"": 0, ""sector_up_ratio"": 0, ""sector_amount_rank"": 0, ""zt_score"": 40, ""pct_score"": 10.0, ""up_ratio_score"": 10, ""amount_score"": 5}"
830,002051.SZ,20260408,9.333333333333334,6.0,4.0,4.0,6.0,5.0,5.0,2.0,3.0,3.0,0.0,50.3,09:30:00,0.0,0.4422,0.0153,0.43,3.45,0.0,-26646.95,69,2,9.67,,,,,,3.5,"{""industry"": ""专业工程"", ""industry_zt_count"": 2, ""sector_pct_change"": 0, ""sector_up_ratio"": 0, ""sector_amount_rank"": 0, ""zt_score"": 10, ""pct_score"": 10.0, ""up_ratio_score"": 10, ""amount_score"": 5}"
764,002131.SZ,20260408,7.666666666666667,4.0,2.0,6.0,10.0,5.0,5.0,8.0,5.0,6.0,0.0,59.9,09:53:00,1.0,0.1165,0.0094,1.24,8.05,0.0,-42093.89,8,10,6.95,,,,,,6.5,"{""industry"": ""通用设备"", ""industry_zt_count"": 10, ""sector_pct_change"": 0, ""sector_up_ratio"": 0, ""sector_amount_rank"": 0, ""zt_score"": 40, ""pct_score"": 10.0, ""up_ratio_score"": 10, ""amount_score"": 5}"
776,002155.SZ,20260408,6.333333333333333,2.0,2.0,6.0,10.0,5.0,9.0,6.0,5.0,6.0,0.0,57.7,13:55:03,0.0,0.0267,0.0016,1.32,5.92,0.0,47766.51,13,6,6.58,,,,,,5.5,"{""industry"": ""贵金属"", ""industry_zt_count"": 6, ""sector_pct_change"": 0, ""sector_up_ratio"": 0, ""sector_amount_rank"": 0, ""zt_score"": 30, ""pct_score"": 10.0, ""up_ratio_score"": 10, ""amount_score"": 5}"
845,002181.SZ,20260408,8.0,4.0,2.0,4.0,6.0,5.0,5.0,2.0,2.0,3.0,0.0,43.0,09:31:18,2.0,0.1827,0.0078,0.62,4.3,0.0,-19677.74,59,1,9.65,,,,,,3.0,"{""industry"": ""出版"", ""industry_zt_count"": 1, ""sector_pct_change"": 0, ""sector_up_ratio"": 0, ""sector_amount_rank"": 0, ""zt_score"": 5, ""pct_score"": 10.0, ""up_ratio_score"": 10, ""amount_score"": 5}"
826,002188.SZ,20260408,7.0,4.0,4.0,6.0,10.0,5.0,5.0,2.0,2.0,6.0,0.0,50.8,13:00:09,0.0,0.2628,0.0147,1.2,5.59,0.0,-2087.35,113,1,7.28,,,,,,3.0,"{""industry"": ""房地产服务"", ""industry_zt_count"": 1, ""sector_pct_change"": 0, ""sector_up_ratio"": 0, ""sector_amount_rank"": 0, ""zt_score"": 5, ""pct_score"": 10.0, ""up_ratio_score"": 10, ""amount_score"": 5}"
789,002213.SZ,20260408,8.0,4.0,4.0,4.0,10.0,5.0,8.0,2.0,4.0,6.0,0.0,56.0,10:09:03,0.0,0.2041,0.0211,0.95,10.35,0.0,4359.3,60,3,6.78,,,,,,4.0,"{""industry"": ""半导体"", ""industry_zt_count"": 3, ""sector_pct_change"": 0, ""sector_up_ratio"": 0, ""sector_amount_rank"": 0, ""zt_score"": 15, ""pct_score"": 10.0, ""up_ratio_score"": 10, ""amount_score"": 5}"
783,002217.SZ,20260408,6.0,2.0,2.0,8.0,10.0,5.0,9.0,4.0,5.0,6.0,0.0,56.8,10:09:30,2.0,0.0764,0.0038,2.44,5.01,0.0,10238.85,43,5,6.96,,,,,,5.0,"{""industry"": ""光学光电"", ""industry_zt_count"": 5, ""sector_pct_change"": 0, ""sector_up_ratio"": 0, ""sector_amount_rank"": 0, ""zt_score"": 25, ""pct_score"": 10.0, ""up_ratio_score"": 10, ""amount_score"": 5}"
784,002342.SZ,20260408,7.0,2.0,4.0,4.0,10.0,5.0,7.0,4.0,5.0,6.0,0.0,56.7,13:00:39,0.0,0.0833,0.0108,0.68,12.98,0.0,2669.56,24,10,6.73,,,,,,6.5,"{""industry"": ""通用设备"", ""industry_zt_count"": 10, ""sector_pct_change"": 0, ""sector_up_ratio"": 0, ""sector_amount_rank"": 0, ""zt_score"": 40, ""pct_score"": 10.0, ""up_ratio_score"": 10, ""amount_score"": 5}"
836,002353.SZ,20260408,7.666666666666667,2.0,2.0,4.0,6.0,5.0,5.0,6.0,3.0,8.0,0.0,48.1,09:30:39,1.0,0.0284,0.001,0.82,3.59,0.0,-30013.38,14,2,4.56,,,,,,3.5,"{""industry"": ""专用设备"", ""industry_zt_count"": 2, ""sector_pct_change"": 0, ""sector_up_ratio"": 0, ""sector_amount_rank"": 0, ""zt_score"": 10, ""pct_score"": 10.0, ""up_ratio_score"": 10, ""amount_score"": 5}"
790,002380.SZ,20260408,8.666666666666666,6.0,4.0,6.0,6.0,5.0,5.0,2.0,5.0,6.0,0.0,56.0,09:45:18,0.0,0.4761,0.0158,1.34,3.31,0.0,-3305.0,104,5,6.51,,,,,,5.0,"{""industry"": ""IT服务Ⅱ"", ""industry_zt_count"": 5, ""sector_pct_change"": 0, ""sector_up_ratio"": 0, ""sector_amount_rank"": 0, ""zt_score"": 25, ""pct_score"": 10.0, ""up_ratio_score"": 10, ""amount_score"": 5}"
773,002384.SZ,20260408,8.666666666666666,6.0,2.0,4.0,6.0,5.0,5.0,6.0,5.0,8.0,0.0,57.9,09:30:00,0.0,0.4132,0.0069,0.42,1.68,0.0,-152965.98,15,10,5.97,,,,,,6.5,"{""industry"": ""元件"", ""industry_zt_count"": 10, ""sector_pct_change"": 0, ""sector_up_ratio"": 0, ""sector_amount_rank"": 0, ""zt_score"": 40, ""pct_score"": 10.0, ""up_ratio_score"": 10, ""amount_score"": 5}"
772,002400.SZ,20260408,7.0,2.0,2.0,6.0,10.0,5.0,9.0,6.0,5.0,6.0,0.0,58.0,10:33:30,1.0,0.0474,0.0059,1.8,12.56,0.0,40944.2,22,5,6.83,,,,,,5.0,"{""industry"": ""广告营销"", ""industry_zt_count"": 5, ""sector_pct_change"": 0, ""sector_up_ratio"": 0, ""sector_amount_rank"": 0, ""zt_score"": 25, ""pct_score"": 10.0, ""up_ratio_score"": 10, ""amount_score"": 5}"
791,002421.SZ,20260408,8.666666666666666,6.0,4.0,6.0,6.0,5.0,5.0,2.0,5.0,6.0,0.0,56.0,09:47:33,0.0,0.3645,0.0111,1.8,3.06,0.0,-5025.44,98,5,6.92,,,,,,5.0,"{""industry"": ""IT服务Ⅱ"", ""industry_zt_count"": 5, ""sector_pct_change"": 0, ""sector_up_ratio"": 0, ""sector_amount_rank"": 0, ""zt_score"": 25, ""pct_score"": 10.0, ""up_ratio_score"": 10, ""amount_score"": 5}"
774,002449.SZ,20260408,8.0,4.0,4.0,8.0,6.0,5.0,8.0,2.0,5.0,6.0,0.0,57.8,10:39:21,0.0,0.289,0.0136,2.6,4.71,0.0,1303.18,90,5,6.98,,,,,,5.0,"{""industry"": ""光学光电"", ""industry_zt_count"": 5, ""sector_pct_change"": 0, ""sector_up_ratio"": 0, ""sector_amount_rank"": 0, ""zt_score"": 25, ""pct_score"": 10.0, ""up_ratio_score"": 10, ""amount_score"": 5}"
767,002463.SZ,20260408,5.0,2.0,2.0,6.0,10.0,5.0,8.0,10.0,5.0,6.0,0.0,59.3,13:02:24,2.0,0.0222,0.0011,1.76,5.04,0.0,66308.17,3,10,6.5,,,,,,6.5,"{""industry"": ""元件"", ""industry_zt_count"": 10, ""sector_pct_change"": 0, ""sector_up_ratio"": 0, ""sector_amount_rank"": 0, ""zt_score"": 40, ""pct_score"": 10.0, ""up_ratio_score"": 10, ""amount_score"": 5}"
844,002478.SZ,20260408,6.666666666666667,4.0,2.0,6.0,6.0,5.0,5.0,2.0,2.0,8.0,0.0,46.0,09:30:00,2.0,0.1231,0.0052,1.13,4.21,0.0,-20127.49,79,1,5.97,,,,,,3.0,"{""industry"": ""特钢Ⅱ"", ""industry_zt_count"": 1, ""sector_pct_change"": 0, ""sector_up_ratio"": 0, ""sector_amount_rank"": 0, ""zt_score"": 5, ""pct_score"": 10.0, ""up_ratio_score"": 10, ""amount_score"": 5}"
756,002491.SZ,20260408,10.0,4.0,4.0,4.0,10.0,10.0,5.0,4.0,5.0,3.0,10.0,73.0,09:31:00,0.0,0.1956,0.0122,0.35,6.22,192846708.77,-9731.49,34,5,9.67,,,,,,5.0,"{""industry"": ""通信设备"", ""industry_zt_count"": 5, ""sector_pct_change"": 0, ""sector_up_ratio"": 0, ""sector_amount_rank"": 0, ""zt_score"": 25, ""pct_score"": 10.0, ""up_ratio_score"": 10, ""amount_score"": 5}"
780,002536.SZ,20260408,8.0,4.0,2.0,6.0,6.0,5.0,9.0,4.0,5.0,6.0,0.0,57.4,10:40:57,0.0,0.1333,0.0066,1.12,4.96,0.0,12229.35,51,7,6.58,,,,,,6.0,"{""industry"": ""汽车零部件"", ""industry_zt_count"": 7, ""sector_pct_change"": 0, ""sector_up_ratio"": 0, ""sector_amount_rank"": 0, ""zt_score"": 35, ""pct_score"": 10.0, ""up_ratio_score"": 10, ""amount_score"": 5}"
832,002606.SZ,20260408,5.666666666666667,2.0,2.0,6.0,10.0,5.0,9.0,2.0,3.0,6.0,0.0,50.1,14:45:27,0.0,0.0444,0.0027,1.97,5.99,0.0,5211.75,82,2,6.79,,,,,,3.5,"{""industry"": ""电网设备"", ""industry_zt_count"": 2, ""sector_pct_change"": 0, ""sector_up_ratio"": 0, ""sector_amount_rank"": 0, ""zt_score"": 10, ""pct_score"": 10.0, ""up_ratio_score"": 10, ""amount_score"": 5}"
812,002634.SZ,20260408,7.0,4.0,4.0,4.0,10.0,5.0,5.0,2.0,4.0,8.0,0.0,53.0,11:08:09,0.0,0.168,0.0103,0.68,6.15,0.0,-1522.27,86,3,4.73,,,,,,4.0,"{""industry"": ""服装家纺"", ""industry_zt_count"": 3, ""sector_pct_change"": 0, ""sector_up_ratio"": 0, ""sector_amount_rank"": 0, ""zt_score"": 15, ""pct_score"": 10.0, ""up_ratio_score"": 10, ""amount_score"": 5}"
808,002663.SZ,20260408,8.333333333333334,4.0,2.0,6.0,10.0,5.0,9.0,2.0,3.0,3.0,0.0,53.5,13:23:33,0.0,0.1236,0.0099,1.9,8.02,0.0,3144.45,87,2,9.62,,,,,,3.5,"{""industry"": ""基础建设"", ""industry_zt_count"": 2, ""sector_pct_change"": 0, ""sector_up_ratio"": 0, ""sector_amount_rank"": 0, ""zt_score"": 10, ""pct_score"": 10.0, ""up_ratio_score"": 10, ""amount_score"": 5}"
809,002708.SZ,20260408,6.333333333333333,2.0,2.0,8.0,6.0,5.0,9.0,2.0,5.0,6.0,0.0,53.4,14:21:03,0.0,0.0609,0.0023,2.86,3.79,0.0,5373.04,88,7,7.63,,,,,,6.0,"{""industry"": ""汽车零部件"", ""industry_zt_count"": 7, ""sector_pct_change"": 0, ""sector_up_ratio"": 0, ""sector_amount_rank"": 0, ""zt_score"": 35, ""pct_score"": 10.0, ""up_ratio_score"": 10, ""amount_score"": 5}"
778,002716.SZ,20260408,7.0,2.0,2.0,6.0,10.0,5.0,8.0,6.0,5.0,6.0,0.0,57.5,10:50:27,1.0,0.0552,0.005,1.4,8.97,0.0,15628.41,16,6,6.6,,,,,,5.5,"{""industry"": ""贵金属"", ""industry_zt_count"": 6, ""sector_pct_change"": 0, ""sector_up_ratio"": 0, ""sector_amount_rank"": 0, ""zt_score"": 30, ""pct_score"": 10.0, ""up_ratio_score"": 10, ""amount_score"": 5}"
803,002797.SZ,20260408,5.0,2.0,2.0,10.0,10.0,5.0,9.0,6.0,2.0,6.0,0.0,54.4,13:21:48,2.0,0.0365,0.0035,3.09,9.49,0.0,46426.52,12,1,6.89,,,,,,3.0,"{""industry"": ""证券Ⅱ"", ""industry_zt_count"": 1, ""sector_pct_change"": 0, ""sector_up_ratio"": 0, ""sector_amount_rank"": 0, ""zt_score"": 5, ""pct_score"": 10.0, ""up_ratio_score"": 10, ""amount_score"": 5}"
777,002902.SZ,20260408,7.666666666666667,4.0,8.0,4.0,6.0,5.0,5.0,4.0,5.0,6.0,0.0,57.6,09:25:00,1.0,0.2071,0.0513,0.91,24.76,0.0,-40958.49,28,5,6.07,,,,,,5.0,"{""industry"": ""通信设备"", ""industry_zt_count"": 5, ""sector_pct_change"": 0, ""sector_up_ratio"": 0, ""sector_amount_rank"": 0, ""zt_score"": 25, ""pct_score"": 10.0, ""up_ratio_score"": 10, ""amount_score"": 5}"
760,002921.SZ,20260408,7.0,6.0,4.0,6.0,10.0,5.0,9.0,2.0,5.0,6.0,0.0,62.2,13:07:45,0.0,0.4236,0.0223,1.66,5.27,0.0,1517.49,97,7,6.51,,,,,,6.0,"{""industry"": ""汽车零部件"", ""industry_zt_count"": 7, ""sector_pct_change"": 0, ""sector_up_ratio"": 0, ""sector_amount_rank"": 0, ""zt_score"": 35, ""pct_score"": 10.0, ""up_ratio_score"": 10, ""amount_score"": 5}"
810,002928.SZ,20260408,8.666666666666666,8.0,4.0,4.0,6.0,5.0,5.0,2.0,3.0,6.0,0.0,53.3,09:30:00,0.0,0.8463,0.0116,0.64,1.37,0.0,-6929.78,105,2,6.1,,,,,,3.5,"{""industry"": ""航空机场"", ""industry_zt_count"": 2, ""sector_pct_change"": 0, ""sector_up_ratio"": 0, ""sector_amount_rank"": 0, ""zt_score"": 10, ""pct_score"": 10.0, ""up_ratio_score"": 10, ""amount_score"": 5}"
769,002995.SZ,20260408,8.0,4.0,6.0,6.0,8.0,5.0,7.0,2.0,5.0,6.0,0.0,59.2,10:23:48,0.0,0.1988,0.034,1.05,17.08,0.0,775.3,70,5,7.47,,,,,,5.0,"{""industry"": ""广告营销"", ""industry_zt_count"": 5, ""sector_pct_change"": 0, ""sector_up_ratio"": 0, ""sector_amount_rank"": 0, ""zt_score"": 25, ""pct_score"": 10.0, ""up_ratio_score"": 10, ""amount_score"": 5}"
838,003041.SZ,20260408,6.0,2.0,2.0,6.0,6.0,5.0,7.0,2.0,4.0,8.0,0.0,47.8,10:56:36,2.0,0.0232,0.001,1.55,4.22,0.0,507.91,81,3,5.2,,,,,,4.0,"{""industry"": ""服装家纺"", ""industry_zt_count"": 3, ""sector_pct_change"": 0, ""sector_up_ratio"": 0, ""sector_amount_rank"": 0, ""zt_score"": 15, ""pct_score"": 10.0, ""up_ratio_score"": 10, ""amount_score"": 5}"
757,300058.SZ,20260408,8.0,2.0,4.0,6.0,8.0,10.0,9.0,10.0,5.0,1.0,0.0,66.2,10:31:09,0.0,0.079,0.0126,1.87,15.92,1409852964.83,215071.81,1,5,13.08,,,,,,5.0,"{""industry"": ""广告营销"", ""industry_zt_count"": 5, ""sector_pct_change"": 0, ""sector_up_ratio"": 0, ""sector_amount_rank"": 0, ""zt_score"": 25, ""pct_score"": 10.0, ""up_ratio_score"": 10, ""amount_score"": 5}"
823,300209.SZ,20260408,8.666666666666666,4.0,4.0,4.0,10.0,5.0,5.0,4.0,3.0,1.0,0.0,51.1,09:33:09,0.0,0.137,0.0137,0.94,9.97,0.0,-43601.82,47,2,14.31,,,,,,3.5,"{""industry"": ""软件开发"", ""industry_zt_count"": 2, ""sector_pct_change"": 0, ""sector_up_ratio"": 0, ""sector_amount_rank"": 0, ""zt_score"": 10, ""pct_score"": 10.0, ""up_ratio_score"": 10, ""amount_score"": 5}"
825,300571.SZ,20260408,7.666666666666667,2.0,4.0,8.0,6.0,5.0,5.0,4.0,4.0,3.0,0.0,50.9,09:39:51,1.0,0.0711,0.0148,2.49,20.79,0.0,-28552.95,45,4,11.15,,,,,,4.5,"{""industry"": ""通信服务"", ""industry_zt_count"": 4, ""sector_pct_change"": 0, ""sector_up_ratio"": 0, ""sector_amount_rank"": 0, ""zt_score"": 20, ""pct_score"": 10.0, ""up_ratio_score"": 10, ""amount_score"": 5}"
785,301070.SZ,20260408,7.0,2.0,4.0,8.0,8.0,6.0,7.0,4.0,5.0,1.0,0.0,56.5,13:00:12,0.0,0.0588,0.0104,2.9,17.71,70132012.11,755.04,39,10,17.42,,,,,,6.5,"{""industry"": ""通用设备"", ""industry_zt_count"": 10, ""sector_pct_change"": 0, ""sector_up_ratio"": 0, ""sector_amount_rank"": 0, ""zt_score"": 40, ""pct_score"": 10.0, ""up_ratio_score"": 10, ""amount_score"": 5}"
762,600105.SH,20260408,6.333333333333333,2.0,2.0,4.0,10.0,5.0,9.0,10.0,5.0,8.0,0.0,60.0,13:35:18,0.0,0.0446,0.0046,0.87,10.3,0.0,90030.52,4,5,5.58,,,,,,5.0,"{""industry"": ""通信设备"", ""industry_zt_count"": 5, ""sector_pct_change"": 0, ""sector_up_ratio"": 0, ""sector_amount_rank"": 0, ""zt_score"": 25, ""pct_score"": 10.0, ""up_ratio_score"": 10, ""amount_score"": 5}"
817,600126.SH,20260408,8.666666666666666,6.0,2.0,4.0,6.0,8.0,5.0,2.0,2.0,8.0,0.0,52.4,09:25:02,0.0,0.5,0.0086,0.56,1.73,114637754.0,-54316.13,66,1,5.96,,,,,,3.0,"{""industry"": ""普钢"", ""industry_zt_count"": 1, ""sector_pct_change"": 0, ""sector_up_ratio"": 0, ""sector_amount_rank"": 0, ""zt_score"": 5, ""pct_score"": 10.0, ""up_ratio_score"": 10, ""amount_score"": 5}"
843,600186.SH,20260408,7.666666666666667,2.0,2.0,4.0,10.0,5.0,5.0,4.0,2.0,6.0,0.0,47.2,09:32:49,1.0,0.0909,0.0062,0.66,6.84,0.0,-35043.48,42,1,6.17,,,,,,3.0,"{""industry"": ""调味发酵"", ""industry_zt_count"": 1, ""sector_pct_change"": 0, ""sector_up_ratio"": 0, ""sector_amount_rank"": 0, ""zt_score"": 5, ""pct_score"": 10.0, ""up_ratio_score"": 10, ""amount_score"": 5}"
833,600301.SH,20260408,5.333333333333333,2.0,2.0,6.0,10.0,5.0,7.0,4.0,3.0,6.0,0.0,49.3,14:02:01,1.0,0.0392,0.002,1.78,5.18,0.0,637.12,56,2,7.29,,,,,,3.5,"{""industry"": ""小金属"", ""industry_zt_count"": 2, ""sector_pct_change"": 0, ""sector_up_ratio"": 0, ""sector_amount_rank"": 0, ""zt_score"": 10, ""pct_score"": 10.0, ""up_ratio_score"": 10, ""amount_score"": 5}"
770,600356.SH,20260408,7.666666666666667,4.0,4.0,10.0,10.0,8.0,5.0,2.0,2.0,6.0,0.0,58.4,09:44:39,1.0,0.1658,0.0121,4.65,7.33,36949679.85,-8778.46,94,1,7.54,,,,,,3.0,"{""industry"": ""造纸"", ""industry_zt_count"": 1, ""sector_pct_change"": 0, ""sector_up_ratio"": 0, ""sector_amount_rank"": 0, ""zt_score"": 5, ""pct_score"": 10.0, ""up_ratio_score"": 10, ""amount_score"": 5}"
800,600589.SH,20260408,8.666666666666666,4.0,2.0,4.0,10.0,5.0,5.0,4.0,5.0,6.0,0.0,54.8,09:38:50,0.0,0.1441,0.0084,0.73,5.83,0.0,-31532.65,41,5,6.01,,,,,,5.0,"{""industry"": ""IT服务Ⅱ"", ""industry_zt_count"": 5, ""sector_pct_change"": 0, ""sector_up_ratio"": 0, ""sector_amount_rank"": 0, ""zt_score"": 25, ""pct_score"": 10.0, ""up_ratio_score"": 10, ""amount_score"": 5}"
787,600654.SH,20260408,9.333333333333334,4.0,4.0,8.0,10.0,5.0,5.0,4.0,3.0,3.0,0.0,56.3,09:41:51,0.0,0.2207,0.0237,2.74,10.76,0.0,-10356.87,35,2,9.63,,,,,,3.5,"{""industry"": ""软件开发"", ""industry_zt_count"": 2, ""sector_pct_change"": 0, ""sector_up_ratio"": 0, ""sector_amount_rank"": 0, ""zt_score"": 10, ""pct_score"": 10.0, ""up_ratio_score"": 10, ""amount_score"": 5}"
782,600666.SH,20260408,8.666666666666666,4.0,4.0,4.0,10.0,5.0,5.0,4.0,5.0,6.0,0.0,57.2,09:31:29,0.0,0.2941,0.0213,0.33,7.23,0.0,-47464.45,32,5,6.62,,,,,,5.0,"{""industry"": ""光学光电"", ""industry_zt_count"": 5, ""sector_pct_change"": 0, ""sector_up_ratio"": 0, ""sector_amount_rank"": 0, ""zt_score"": 25, ""pct_score"": 10.0, ""up_ratio_score"": 10, ""amount_score"": 5}"
786,600721.SH,20260408,8.666666666666666,10.0,6.0,4.0,6.0,5.0,5.0,2.0,2.0,6.0,0.0,56.4,09:25:02,0.0,2.1867,0.0371,0.18,1.7,0.0,-7308.02,115,1,7.07,,,,,,3.0,"{""industry"": ""医疗服务"", ""industry_zt_count"": 1, ""sector_pct_change"": 0, ""sector_up_ratio"": 0, ""sector_amount_rank"": 0, ""zt_score"": 5, ""pct_score"": 10.0, ""up_ratio_score"": 10, ""amount_score"": 5}"
824,600743.SH,20260408,9.0,2.0,2.0,6.0,10.0,5.0,9.0,2.0,2.0,3.0,0.0,51.0,09:35:42,1.0,0.0879,0.0051,6.34,5.83,-25326523.89,6090.41,83,1,9.68,,,,,,3.0,"{""industry"": ""一般零售"", ""industry_zt_count"": 1, ""sector_pct_change"": 0, ""sector_up_ratio"": 0, ""sector_amount_rank"": 0, ""zt_score"": 5, ""pct_score"": 10.0, ""up_ratio_score"": 10, ""amount_score"": 5}"
805,600815.SH,20260408,8.666666666666666,6.0,2.0,4.0,6.0,5.0,9.0,2.0,4.0,6.0,0.0,54.2,09:48:35,0.0,0.3061,0.0092,0.46,3.01,0.0,1583.13,93,3,6.53,,,,,,4.0,"{""industry"": ""工程机械"", ""industry_zt_count"": 3, ""sector_pct_change"": 0, ""sector_up_ratio"": 0, ""sector_amount_rank"": 0, ""zt_score"": 15, ""pct_score"": 10.0, ""up_ratio_score"": 10, ""amount_score"": 5}"
781,600841.SH,20260408,8.666666666666666,8.0,4.0,4.0,6.0,5.0,5.0,2.0,5.0,6.0,0.0,57.4,09:42:01,0.0,0.7128,0.0119,0.91,1.67,0.0,-1072.46,101,7,6.87,,,,,,6.0,"{""industry"": ""汽车零部件"", ""industry_zt_count"": 7, ""sector_pct_change"": 0, ""sector_up_ratio"": 0, ""sector_amount_rank"": 0, ""zt_score"": 35, ""pct_score"": 10.0, ""up_ratio_score"": 10, ""amount_score"": 5}"
820,600869.SH,20260408,6.666666666666667,2.0,2.0,6.0,10.0,5.0,5.0,6.0,3.0,8.0,0.0,51.7,13:37:49,1.0,0.0635,0.0037,1.25,5.84,0.0,-2527.8,19,2,3.62,,,,,,3.5,"{""industry"": ""电网设备"", ""industry_zt_count"": 2, ""sector_pct_change"": 0, ""sector_up_ratio"": 0, ""sector_amount_rank"": 0, ""zt_score"": 10, ""pct_score"": 10.0, ""up_ratio_score"": 10, ""amount_score"": 5}"
813,600984.SH,20260408,6.666666666666667,6.0,4.0,6.0,6.0,6.0,5.0,2.0,4.0,6.0,0.0,53.0,09:35:25,2.0,0.4686,0.0123,1.59,2.63,19663117.89,-3884.34,108,3,7.31,,,,,,4.0,"{""industry"": ""工程机械"", ""industry_zt_count"": 3, ""sector_pct_change"": 0, ""sector_up_ratio"": 0, ""sector_amount_rank"": 0, ""zt_score"": 15, ""pct_score"": 10.0, ""up_ratio_score"": 10, ""amount_score"": 5}"
765,600986.SH,20260408,8.0,4.0,2.0,6.0,10.0,5.0,9.0,4.0,5.0,6.0,0.0,59.6,10:12:21,0.0,0.1307,0.0082,1.61,6.31,0.0,15011.23,40,5,6.73,,,,,,5.0,"{""industry"": ""广告营销"", ""industry_zt_count"": 5, ""sector_pct_change"": 0, ""sector_up_ratio"": 0, ""sector_amount_rank"": 0, ""zt_score"": 25, ""pct_score"": 10.0, ""up_ratio_score"": 10, ""amount_score"": 5}"
768,601002.SH,20260408,8.0,4.0,4.0,4.0,10.0,5.0,8.0,2.0,5.0,6.0,0.0,59.3,10:19:17,0.0,0.179,0.0103,0.75,5.74,0.0,1225.95,80,10,7.45,,,,,,6.5,"{""industry"": ""通用设备"", ""industry_zt_count"": 10, ""sector_pct_change"": 0, ""sector_up_ratio"": 0, ""sector_amount_rank"": 0, ""zt_score"": 40, ""pct_score"": 10.0, ""up_ratio_score"": 10, ""amount_score"": 5}"
802,601069.SH,20260408,8.666666666666666,8.0,2.0,4.0,6.0,5.0,5.0,2.0,5.0,6.0,0.0,54.5,09:25:01,0.0,0.7735,0.0054,0.48,0.7,0.0,-20648.54,92,6,6.06,,,,,,5.5,"{""industry"": ""贵金属"", ""industry_zt_count"": 6, ""sector_pct_change"": 0, ""sector_up_ratio"": 0, ""sector_amount_rank"": 0, ""zt_score"": 30, ""pct_score"": 10.0, ""up_ratio_score"": 10, ""amount_score"": 5}"
839,603045.SH,20260408,6.333333333333333,4.0,2.0,6.0,6.0,5.0,7.0,2.0,3.0,6.0,0.0,47.7,13:51:18,0.0,0.2163,0.0073,1.12,3.38,0.0,196.21,106,2,6.84,,,,,,3.5,"{""industry"": ""金属新材"", ""industry_zt_count"": 2, ""sector_pct_change"": 0, ""sector_up_ratio"": 0, ""sector_amount_rank"": 0, ""zt_score"": 10, ""pct_score"": 10.0, ""up_ratio_score"": 10, ""amount_score"": 5}"
766,603083.SH,20260408,6.0,2.0,2.0,6.0,10.0,5.0,9.0,8.0,5.0,8.0,0.0,59.6,11:08:21,1.0,0.0332,0.0045,1.95,13.52,0.0,81121.16,6,5,5.92,,,,,,5.0,"{""industry"": ""通信设备"", ""industry_zt_count"": 5, ""sector_pct_change"": 0, ""sector_up_ratio"": 0, ""sector_amount_rank"": 0, ""zt_score"": 25, ""pct_score"": 10.0, ""up_ratio_score"": 10, ""amount_score"": 5}"
814,603138.SH,20260408,7.666666666666667,2.0,2.0,6.0,10.0,5.0,5.0,2.0,5.0,8.0,0.0,52.8,09:40:56,1.0,0.0735,0.0073,1.53,9.92,0.0,-12876.38,65,5,5.51,,,,,,5.0,"{""industry"": ""IT服务Ⅱ"", ""industry_zt_count"": 5, ""sector_pct_change"": 0, ""sector_up_ratio"": 0, ""sector_amount_rank"": 0, ""zt_score"": 25, ""pct_score"": 10.0, ""up_ratio_score"": 10, ""amount_score"": 5}"
779,603175.SH,20260408,7.666666666666667,4.0,4.0,6.0,10.0,5.0,5.0,2.0,5.0,6.0,0.0,57.5,09:49:28,1.0,0.1418,0.018,1.33,12.69,0.0,-7.14,71,10,6.57,,,,,,6.5,"{""industry"": ""元件"", ""industry_zt_count"": 10, ""sector_pct_change"": 0, ""sector_up_ratio"": 0, ""sector_amount_rank"": 0, ""zt_score"": 40, ""pct_score"": 10.0, ""up_ratio_score"": 10, ""amount_score"": 5}"
801,603196.SH,20260408,8.666666666666666,8.0,4.0,4.0,6.0,5.0,5.0,2.0,4.0,6.0,0.0,54.6,09:50:28,0.0,0.5831,0.0153,0.99,2.62,0.0,-805.46,96,3,7.27,,,,,,4.0,"{""industry"": ""服装家纺"", ""industry_zt_count"": 3, ""sector_pct_change"": 0, ""sector_up_ratio"": 0, ""sector_amount_rank"": 0, ""zt_score"": 15, ""pct_score"": 10.0, ""up_ratio_score"": 10, ""amount_score"": 5}"
831,603203.SH,20260408,5.666666666666667,2.0,2.0,8.0,6.0,5.0,9.0,2.0,4.0,6.0,0.0,50.3,14:35:40,0.0,0.0309,0.0011,2.5,3.63,0.0,4443.52,74,4,6.71,,,,,,4.5,"{""industry"": ""自动化设"", ""industry_zt_count"": 4, ""sector_pct_change"": 0, ""sector_up_ratio"": 0, ""sector_amount_rank"": 0, ""zt_score"": 20, ""pct_score"": 10.0, ""up_ratio_score"": 10, ""amount_score"": 5}"
788,603211.SH,20260408,7.666666666666667,4.0,2.0,8.0,10.0,5.0,5.0,2.0,5.0,6.0,0.0,56.2,09:49:54,1.0,0.1187,0.006,2.49,5.07,0.0,-7880.64,77,7,6.32,,,,,,6.0,"{""industry"": ""汽车零部件"", ""industry_zt_count"": 7, ""sector_pct_change"": 0, ""sector_up_ratio"": 0, ""sector_amount_rank"": 0, ""zt_score"": 35, ""pct_score"": 10.0, ""up_ratio_score"": 10, ""amount_score"": 5}"
822,603272.SH,20260408,8.666666666666666,6.0,4.0,4.0,6.0,5.0,5.0,2.0,2.0,8.0,0.0,51.2,09:39:58,0.0,0.4353,0.0115,0.31,2.64,0.0,-1535.59,114,1,5.88,,,,,,3.0,"{""industry"": ""家居用品"", ""industry_zt_count"": 1, ""sector_pct_change"": 0, ""sector_up_ratio"": 0, ""sector_amount_rank"": 0, ""zt_score"": 5, ""pct_score"": 10.0, ""up_ratio_score"": 10, ""amount_score"": 5}"
792,603308.SH,20260408,7.0,2.0,2.0,6.0,6.0,5.0,9.0,4.0,5.0,8.0,0.0,55.9,10:20:39,1.0,0.0461,0.0015,1.42,3.21,0.0,12979.04,26,10,5.12,,,,,,6.5,"{""industry"": ""通用设备"", ""industry_zt_count"": 10, ""sector_pct_change"": 0, ""sector_up_ratio"": 0, ""sector_amount_rank"": 0, ""zt_score"": 40, ""pct_score"": 10.0, ""up_ratio_score"": 10, ""amount_score"": 5}"
794,603311.SH,20260408,8.0,8.0,4.0,6.0,6.0,5.0,8.0,2.0,2.0,6.0,0.0,55.8,10:45:42,0.0,0.633,0.0217,1.74,3.43,0.0,869.33,107,1,6.59,,,,,,3.0,"{""industry"": ""家电零部"", ""industry_zt_count"": 1, ""sector_pct_change"": 0, ""sector_up_ratio"": 0, ""sector_amount_rank"": 0, ""zt_score"": 5, ""pct_score"": 10.0, ""up_ratio_score"": 10, ""amount_score"": 5}"
815,603315.SH,20260408,8.0,8.0,4.0,6.0,6.0,5.0,5.0,2.0,2.0,6.0,0.0,52.8,10:10:59,0.0,0.776,0.0177,1.61,2.29,0.0,-269.4,112,1,6.29,,,,,,3.0,"{""industry"": ""环境治理"", ""industry_zt_count"": 1, ""sector_pct_change"": 0, ""sector_up_ratio"": 0, ""sector_amount_rank"": 0, ""zt_score"": 5, ""pct_score"": 10.0, ""up_ratio_score"": 10, ""amount_score"": 5}"
827,603516.SH,20260408,7.0,4.0,2.0,6.0,6.0,5.0,9.0,4.0,2.0,6.0,0.0,50.8,13:16:31,0.0,0.1335,0.0039,1.32,2.91,0.0,17746.09,49,1,6.17,,,,,,3.0,"{""industry"": ""计算机设"", ""industry_zt_count"": 1, ""sector_pct_change"": 0, ""sector_up_ratio"": 0, ""sector_amount_rank"": 0, ""zt_score"": 5, ""pct_score"": 10.0, ""up_ratio_score"": 10, ""amount_score"": 5}"
763,603598.SH,20260408,8.0,4.0,4.0,8.0,10.0,5.0,7.0,2.0,5.0,6.0,0.0,60.0,10:59:32,0.0,0.1491,0.0119,2.1,7.97,0.0,1139.8,72,5,7.38,,,,,,5.0,"{""industry"": ""广告营销"", ""industry_zt_count"": 5, ""sector_pct_change"": 0, ""sector_up_ratio"": 0, ""sector_amount_rank"": 0, ""zt_score"": 25, ""pct_score"": 10.0, ""up_ratio_score"": 10, ""amount_score"": 5}"
819,603629.SH,20260408,8.0,2.0,2.0,4.0,10.0,5.0,5.0,6.0,4.0,6.0,0.0,51.8,10:28:57,0.0,0.0565,0.0062,0.91,10.93,0.0,-4315.53,20,3,8.97,,,,,,4.0,"{""industry"": ""消费电子"", ""industry_zt_count"": 3, ""sector_pct_change"": 0, ""sector_up_ratio"": 0, ""sector_amount_rank"": 0, ""zt_score"": 15, ""pct_score"": 10.0, ""up_ratio_score"": 10, ""amount_score"": 5}"
807,603757.SH,20260408,7.0,2.0,2.0,6.0,10.0,5.0,5.0,4.0,5.0,6.0,0.0,53.9,13:00:15,0.0,0.0576,0.0056,1.2,9.68,0.0,-1114.58,44,10,7.68,,,,,,6.5,"{""industry"": ""通用设备"", ""industry_zt_count"": 10, ""sector_pct_change"": 0, ""sector_up_ratio"": 0, ""sector_amount_rank"": 0, ""zt_score"": 40, ""pct_score"": 10.0, ""up_ratio_score"": 10, ""amount_score"": 5}"
771,603881.SH,20260408,6.0,2.0,2.0,6.0,10.0,5.0,9.0,8.0,4.0,8.0,0.0,58.3,13:00:24,1.0,0.0326,0.0038,1.62,11.62,0.0,39443.4,11,4,5.53,,,,,,4.5,"{""industry"": ""通信服务"", ""industry_zt_count"": 4, ""sector_pct_change"": 0, ""sector_up_ratio"": 0, ""sector_amount_rank"": 0, ""zt_score"": 20, ""pct_score"": 10.0, ""up_ratio_score"": 10, ""amount_score"": 5}"
775,603890.SH,20260408,7.0,2.0,2.0,10.0,10.0,5.0,9.0,4.0,4.0,6.0,0.0,57.8,10:41:12,1.0,0.0083,0.0009,3.84,11.19,0.0,8096.26,55,3,7.46,,,,,,4.0,"{""industry"": ""消费电子"", ""industry_zt_count"": 3, ""sector_pct_change"": 0, ""sector_up_ratio"": 0, ""sector_amount_rank"": 0, ""zt_score"": 15, ""pct_score"": 10.0, ""up_ratio_score"": 10, ""amount_score"": 5}"
793,603920.SH,20260408,8.0,4.0,2.0,6.0,6.0,5.0,7.0,4.0,5.0,6.0,0.0,55.9,10:08:10,0.0,0.2564,0.0081,1.3,3.15,0.0,4184.25,31,10,6.54,,,,,,6.5,"{""industry"": ""元件"", ""industry_zt_count"": 10, ""sector_pct_change"": 0, ""sector_up_ratio"": 0, ""sector_amount_rank"": 0, ""zt_score"": 40, ""pct_score"": 10.0, ""up_ratio_score"": 10, ""amount_score"": 5}"
761,603950.SH,20260408,8.666666666666666,10.0,4.0,4.0,6.0,5.0,5.0,2.0,5.0,8.0,0.0,60.6,09:25:03,0.0,3.2547,0.0265,0.32,0.81,0.0,-10754.06,111,7,3.83,,,,,,6.0,"{""industry"": ""汽车零部件"", ""industry_zt_count"": 7, ""sector_pct_change"": 0, ""sector_up_ratio"": 0, ""sector_amount_rank"": 0, ""zt_score"": 35, ""pct_score"": 10.0, ""up_ratio_score"": 10, ""amount_score"": 5}"
821,605060.SH,20260408,7.666666666666667,4.0,2.0,4.0,6.0,5.0,5.0,2.0,5.0,8.0,0.0,51.5,09:33:27,1.0,0.2452,0.0032,0.5,1.3,0.0,-2512.34,99,10,5.95,,,,,,6.5,"{""industry"": ""通用设备"", ""industry_zt_count"": 10, ""sector_pct_change"": 0, ""sector_up_ratio"": 0, ""sector_amount_rank"": 0, ""zt_score"": 40, ""pct_score"": 10.0, ""up_ratio_score"": 10, ""amount_score"": 5}"
798,605258.SH,20260408,8.0,6.0,4.0,4.0,6.0,5.0,5.0,2.0,5.0,6.0,0.0,55.1,10:46:56,0.0,0.4193,0.0162,0.99,3.87,0.0,-296.98,109,10,7.09,,,,,,6.5,"{""industry"": ""元件"", ""industry_zt_count"": 10, ""sector_pct_change"": 0, ""sector_up_ratio"": 0, ""sector_amount_rank"": 0, ""zt_score"": 40, ""pct_score"": 10.0, ""up_ratio_score"": 10, ""amount_score"": 5}"
828,605287.SH,20260408,8.0,6.0,4.0,4.0,6.0,5.0,5.0,2.0,2.0,8.0,0.0,50.4,10:02:02,0.0,0.4207,0.0207,0.87,4.93,0.0,-2491.8,84,1,5.95,,,,,,3.0,"{""industry"": ""装修装饰"", ""industry_zt_count"": 1, ""sector_pct_change"": 0, ""sector_up_ratio"": 0, ""sector_amount_rank"": 0, ""zt_score"": 5, ""pct_score"": 10.0, ""up_ratio_score"": 10, ""amount_score"": 5}"
841,605289.SH,20260408,5.666666666666667,2.0,2.0,4.0,6.0,5.0,10.0,2.0,3.0,8.0,0.0,47.5,14:41:56,0.0,0.0624,0.003,0.82,4.86,0.0,6513.35,64,2,5.35,,,,,,3.5,"{""industry"": ""专业工程"", ""industry_zt_count"": 2, ""sector_pct_change"": 0, ""sector_up_ratio"": 0, ""sector_amount_rank"": 0, ""zt_score"": 10, ""pct_score"": 10.0, ""up_ratio_score"": 10, ""amount_score"": 5}"
758,920171.BJ,20260408,8.0,6.0,6.0,10.0,10.0,7.0,5.0,2.0,5.0,1.0,0.0,63.4,10:28:15,0.0,0.3262,0.0362,4.68,11.11,11344230.89,0.0,102,5,17.14,,,,,,5.0,"{""industry"": ""IT服务Ⅱ"", ""industry_zt_count"": 5, ""sector_pct_change"": 0, ""sector_up_ratio"": 0, ""sector_amount_rank"": 0, ""zt_score"": 25, ""pct_score"": 10.0, ""up_ratio_score"": 10, ""amount_score"": 5}"
739,000019.SZ,20260407,8.0,8.0,4.0,4.0,6.0,5.0,7.0,2.0,2.0,8.0,0.0,54.4,10:36:51,0.0,0.5549,0.0247,0.78,4.45,0.0,49.98,79,1,4.07,,,,,,3.0,"{""industry"": ""农产品加"", ""industry_zt_count"": 1, ""sector_pct_change"": 0, ""sector_up_ratio"": 0, ""sector_amount_rank"": 0, ""zt_score"": 5, ""pct_score"": 10.0, ""up_ratio_score"": 10, ""amount_score"": 5}"
736,000062.SZ,20260407,6.666666666666667,2.0,2.0,6.0,10.0,10.0,5.0,2.0,5.0,6.0,0.0,54.89,09:56:09,2.0,0.0865,0.0044,1.39,5.09,158985741.0,-34653.51,164,1,6.8,,,,,,3.4879999999999995,"{""industry"": ""其他电子"", ""industry_zt_count"": 1, ""sector_pct_change"": 1.74, ""sector_up_ratio"": 0.82, ""sector_amount_rank"": 49, ""zt_score"": 5, ""pct_score"": 13.5, ""up_ratio_score"": 16.4, ""amount_score"": 0}"
693,000586.SZ,20260407,9.333333333333334,10.0,8.0,4.0,6.0,5.0,5.0,2.0,6.0,3.0,10.0,73.38,09:25:00,0.0,9.4215,0.0882,0.2,0.94,0.0,-3759.23,164,4,9.69,,,,,,5.381411764705883,"{""industry"": ""通信设备"", ""industry_zt_count"": 4, ""sector_pct_change"": 0.51, ""sector_up_ratio"": 0.64, ""sector_amount_rank"": 1, ""zt_score"": 20, ""pct_score"": 11.0, ""up_ratio_score"": 12.8, ""amount_score"": 10.0}"
729,000652.SZ,20260407,8.666666666666666,8.0,4.0,8.0,6.0,5.0,5.0,2.0,2.0,8.0,0.0,56.4,09:41:27,0.0,0.6305,0.0153,2.94,2.42,0.0,-737.57,164,1,5.35,,,,,,3.0,"{""industry"": ""综合Ⅱ"", ""industry_zt_count"": 1, ""sector_pct_change"": 0, ""sector_up_ratio"": 0, ""sector_amount_rank"": 0, ""zt_score"": 5, ""pct_score"": 10.0, ""up_ratio_score"": 10, ""amount_score"": 5}"
707,000695.SZ,20260407,8.0,4.0,4.0,6.0,10.0,5.0,8.0,2.0,6.0,8.0,0.0,61.34,10:41:21,0.0,0.1179,0.015,1.05,12.71,0.0,2824.61,164,3,3.2,,,,,,4.93719587628866,"{""industry"": ""电池"", ""industry_zt_count"": 3, ""sector_pct_change"": 0.57, ""sector_up_ratio"": 0.89, ""sector_amount_rank"": 10, ""zt_score"": 15, ""pct_score"": 11.1, ""up_ratio_score"": 17.7, ""amount_score"": 5.5}"
750,000703.SZ,20260407,7.666666666666667,4.0,2.0,6.0,6.0,5.0,5.0,2.0,4.0,6.0,0.0,48.6,09:46:12,1.0,0.163,0.0015,1.13,0.93,0.0,-8389.17,164,3,6.84,,,,,,4.0,"{""industry"": ""炼化及贸"", ""industry_zt_count"": 3, ""sector_pct_change"": 0, ""sector_up_ratio"": 0, ""sector_amount_rank"": 0, ""zt_score"": 15, ""pct_score"": 10.0, ""up_ratio_score"": 10, ""amount_score"": 5}"
740,000766.SZ,20260407,8.0,4.0,2.0,6.0,6.0,5.0,7.0,2.0,6.0,8.0,0.0,54.18,10:43:45,0.0,0.1755,0.0049,1.73,2.78,0.0,2297.19,164,4,5.28,,,,,,4.378932330827068,"{""industry"": ""化学制药"", ""industry_zt_count"": 4, ""sector_pct_change"": -0.22, ""sector_up_ratio"": 0.59, ""sector_amount_rank"": 16, ""zt_score"": 20, ""pct_score"": 9.6, ""up_ratio_score"": 11.7, ""amount_score"": 2.5}"
718,000830.SZ,20260407,6.333333333333333,2.0,2.0,6.0,6.0,5.0,9.0,2.0,10.0,8.0,0.0,59.15,13:40:33,0.0,0.0728,0.002,1.47,2.71,0.0,19196.13,164,11,5.31,,,,,,8.148,"{""industry"": ""化学原料"", ""industry_zt_count"": 11, ""sector_pct_change"": 6.24, ""sector_up_ratio"": 0.95, ""sector_amount_rank"": 23, ""zt_score"": 40, ""pct_score"": 22.5, ""up_ratio_score"": 19.0, ""amount_score"": 0}"
743,000912.SZ,20260407,7.0,2.0,2.0,6.0,10.0,5.0,5.0,2.0,5.0,8.0,0.0,53.0,10:42:30,1.0,0.0434,0.0025,1.22,5.8,0.0,-2537.68,164,7,3.6,,,,,,6.0,"{""industry"": ""农化制品"", ""industry_zt_count"": 7, ""sector_pct_change"": 0, ""sector_up_ratio"": 0, ""sector_amount_rank"": 0, ""zt_score"": 35, ""pct_score"": 10.0, ""up_ratio_score"": 10, ""amount_score"": 5}"
715,000919.SZ,20260407,8.0,4.0,4.0,10.0,10.0,5.0,5.0,2.0,6.0,6.0,0.0,59.78,10:05:48,0.0,0.202,0.0122,3.37,6.06,0.0,-2060.56,164,4,6.21,,,,,,4.378932330827068,"{""industry"": ""化学制药"", ""industry_zt_count"": 4, ""sector_pct_change"": -0.22, ""sector_up_ratio"": 0.59, ""sector_amount_rank"": 16, ""zt_score"": 20, ""pct_score"": 9.6, ""up_ratio_score"": 11.7, ""amount_score"": 2.5}"
711,000990.SZ,20260407,8.0,4.0,2.0,4.0,6.0,5.0,8.0,2.0,10.0,8.0,0.0,60.55,10:03:21,0.0,0.1037,0.0033,0.64,3.2,0.0,3267.52,164,11,5.28,,,,,,8.148,"{""industry"": ""化学原料"", ""industry_zt_count"": 11, ""sector_pct_change"": 6.24, ""sector_up_ratio"": 0.95, ""sector_amount_rank"": 23, ""zt_score"": 40, ""pct_score"": 22.5, ""up_ratio_score"": 19.0, ""amount_score"": 0}"
723,002025.SZ,20260407,7.0,2.0,2.0,6.0,10.0,10.0,9.0,2.0,4.0,6.0,0.0,57.85,13:30:57,0.0,0.0937,0.0067,1.27,7.19,180486670.44,35584.89,164,1,6.47,,,,,,2.854338983050847,"{""industry"": ""军工电子"", ""industry_zt_count"": 1, ""sector_pct_change"": 0.67, ""sector_up_ratio"": 0.61, ""sector_amount_rank"": 36, ""zt_score"": 5, ""pct_score"": 11.3, ""up_ratio_score"": 12.2, ""amount_score"": 0}"
719,002092.SZ,20260407,6.333333333333333,2.0,2.0,6.0,6.0,5.0,9.0,2.0,10.0,8.0,0.0,59.15,14:30:21,0.0,0.0781,0.0032,1.45,4.12,0.0,14145.45,164,11,4.67,,,,,,8.148,"{""industry"": ""化学原料"", ""industry_zt_count"": 11, ""sector_pct_change"": 6.24, ""sector_up_ratio"": 0.95, ""sector_amount_rank"": 23, ""zt_score"": 40, ""pct_score"": 22.5, ""up_ratio_score"": 19.0, ""amount_score"": 0}"
697,002109.SZ,20260407,8.0,4.0,4.0,4.0,6.0,5.0,9.0,2.0,10.0,10.0,0.0,65.15,10:08:21,0.0,0.2313,0.0115,0.79,4.99,0.0,3862.35,164,11,2.84,,,,,,8.148,"{""industry"": ""化学原料"", ""industry_zt_count"": 11, ""sector_pct_change"": 6.24, ""sector_up_ratio"": 0.95, ""sector_amount_rank"": 23, ""zt_score"": 40, ""pct_score"": 22.5, ""up_ratio_score"": 19.0, ""amount_score"": 0}"
712,002119.SZ,20260407,7.0,4.0,4.0,8.0,10.0,5.0,8.0,2.0,5.0,8.0,0.0,60.33,11:19:06,0.0,0.1965,0.0148,2.09,7.52,0.0,2770.96,164,1,5.59,,,,,,4.328209424083769,"{""industry"": ""半导体"", ""industry_zt_count"": 1, ""sector_pct_change"": 1.84, ""sector_up_ratio"": 0.78, ""sector_amount_rank"": 3, ""zt_score"": 5, ""pct_score"": 13.7, ""up_ratio_score"": 15.6, ""amount_score"": 9.0}"
709,002132.SZ,20260407,8.0,6.0,4.0,6.0,6.0,5.0,9.0,2.0,6.0,8.0,0.0,61.11,10:02:48,0.0,0.4612,0.0199,1.82,4.31,0.0,2620.1,164,4,5.44,,,,,,4.913867768595042,"{""industry"": ""通用设备"", ""industry_zt_count"": 4, ""sector_pct_change"": 0.59, ""sector_up_ratio"": 0.75, ""sector_amount_rank"": 15, ""zt_score"": 20, ""pct_score"": 11.2, ""up_ratio_score"": 15.0, ""amount_score"": 3.0}"
721,002193.SZ,20260407,8.666666666666666,8.0,6.0,6.0,6.0,5.0,5.0,2.0,4.0,8.0,0.0,58.86,09:52:12,0.0,0.8617,0.036,1.11,4.17,0.0,-132.17,164,1,4.77,,,,,,3.055698113207547,"{""industry"": ""服装家纺"", ""industry_zt_count"": 1, ""sector_pct_change"": 0.42, ""sector_up_ratio"": 0.74, ""sector_amount_rank"": 102, ""zt_score"": 5, ""pct_score"": 10.8, ""up_ratio_score"": 14.7, ""amount_score"": 0}"
702,002274.SZ,20260407,6.333333333333333,4.0,4.0,6.0,6.0,5.0,9.0,2.0,10.0,8.0,0.0,63.55,14:29:42,0.0,0.2924,0.0138,1.63,4.72,0.0,7432.5,164,11,4.11,,,,,,8.148,"{""industry"": ""化学原料"", ""industry_zt_count"": 11, ""sector_pct_change"": 6.24, ""sector_up_ratio"": 0.95, ""sector_amount_rank"": 23, ""zt_score"": 40, ""pct_score"": 22.5, ""up_ratio_score"": 19.0, ""amount_score"": 0}"
745,002310.SZ,20260407,8.666666666666666,4.0,4.0,4.0,6.0,5.0,5.0,2.0,5.0,8.0,0.0,51.95,09:42:24,0.0,0.2619,0.0124,0.38,4.74,0.0,-6943.54,164,2,4.01,,,,,,3.351512195121951,"{""industry"": ""电力"", ""industry_zt_count"": 2, ""sector_pct_change"": -0.34, ""sector_up_ratio"": 0.61, ""sector_amount_rank"": 17, ""zt_score"": 10, ""pct_score"": 9.3, ""up_ratio_score"": 12.2, ""amount_score"": 2.0}"
732,002348.SZ,20260407,7.666666666666667,6.0,2.0,6.0,6.0,5.0,5.0,2.0,8.0,8.0,0.0,55.65,09:31:36,1.0,0.343,0.0072,1.48,2.11,0.0,-2040.75,164,3,5.6,,,,,,4.652666666666667,"{""industry"": ""文娱用品"", ""industry_zt_count"": 3, ""sector_pct_change"": 2.43, ""sector_up_ratio"": 0.83, ""sector_amount_rank"": 124, ""zt_score"": 15, ""pct_score"": 14.9, ""up_ratio_score"": 16.7, ""amount_score"": 0}"
741,002408.SZ,20260407,9.333333333333334,4.0,2.0,6.0,6.0,5.0,7.0,2.0,4.0,8.0,0.0,53.8,10:12:27,0.0,0.1148,0.0037,1.28,3.22,0.0,336.99,164,3,4.86,,,,,,4.0,"{""industry"": ""炼化及贸"", ""industry_zt_count"": 3, ""sector_pct_change"": 0, ""sector_up_ratio"": 0, ""sector_amount_rank"": 0, ""zt_score"": 15, ""pct_score"": 10.0, ""up_ratio_score"": 10, ""amount_score"": 5}"
704,002427.SZ,20260407,8.666666666666666,8.0,4.0,6.0,6.0,5.0,9.0,2.0,4.0,8.0,0.0,61.9,09:51:21,0.0,0.6735,0.0184,1.61,2.73,0.0,2225.53,164,4,4.88,,,,,,4.5,"{""industry"": ""化学纤维"", ""industry_zt_count"": 4, ""sector_pct_change"": 0, ""sector_up_ratio"": 0, ""sector_amount_rank"": 0, ""zt_score"": 20, ""pct_score"": 10.0, ""up_ratio_score"": 10, ""amount_score"": 5}"
733,002431.SZ,20260407,8.0,4.0,4.0,4.0,6.0,5.0,9.0,2.0,5.0,8.0,0.0,55.53,10:41:21,0.0,0.2589,0.0113,0.71,4.37,0.0,4881.17,164,2,3.88,,,,,,3.7275789473684213,"{""industry"": ""基础建设"", ""industry_zt_count"": 2, ""sector_pct_change"": 0.48, ""sector_up_ratio"": 0.82, ""sector_amount_rank"": 82, ""zt_score"": 10, ""pct_score"": 11.0, ""up_ratio_score"": 16.3, ""amount_score"": 0}"
726,002442.SZ,20260407,8.666666666666666,8.0,4.0,6.0,6.0,5.0,5.0,2.0,5.0,8.0,0.0,57.24,09:43:45,0.0,0.7251,0.0221,1.54,3.04,0.0,-2676.81,164,1,4.39,,,,,,3.0383478260869565,"{""industry"": ""橡胶"", ""industry_zt_count"": 1, ""sector_pct_change"": 1.17, ""sector_up_ratio"": 0.65, ""sector_amount_rank"": 132, ""zt_score"": 5, ""pct_score"": 12.3, ""up_ratio_score"": 13.0, ""amount_score"": 0}"
728,002470.SZ,20260407,8.0,2.0,2.0,4.0,10.0,5.0,9.0,2.0,5.0,8.0,0.0,56.6,10:42:36,0.0,0.0498,0.0054,0.88,10.77,0.0,16639.56,164,7,3.09,,,,,,6.0,"{""industry"": ""农化制品"", ""industry_zt_count"": 7, ""sector_pct_change"": 0, ""sector_up_ratio"": 0, ""sector_amount_rank"": 0, ""zt_score"": 35, ""pct_score"": 10.0, ""up_ratio_score"": 10, ""amount_score"": 5}"
752,002631.SZ,20260407,7.0,2.0,2.0,6.0,6.0,5.0,5.0,2.0,5.0,8.0,0.0,47.41,10:16:42,1.0,0.0393,0.0013,1.86,3.3,0.0,-6948.96,164,2,4.43,,,,,,3.6092957746478875,"{""industry"": ""家居用品"", ""industry_zt_count"": 2, ""sector_pct_change"": 0.3, ""sector_up_ratio"": 0.77, ""sector_amount_rank"": 98, ""zt_score"": 10, ""pct_score"": 10.6, ""up_ratio_score"": 15.5, ""amount_score"": 0}"
698,002637.SZ,20260407,6.333333333333333,6.0,4.0,6.0,6.0,5.0,9.0,2.0,10.0,8.0,0.0,64.96,13:39:09,0.0,0.3229,0.0141,1.36,4.37,0.0,1455.46,164,8,5.2,,,,,,7.558520547945205,"{""industry"": ""化学制品"", ""industry_zt_count"": 8, ""sector_pct_change"": 3.82, ""sector_up_ratio"": 0.9, ""sector_amount_rank"": 25, ""zt_score"": 40, ""pct_score"": 17.6, ""up_ratio_score"": 17.9, ""amount_score"": 0}"
744,002663.SZ,20260407,7.0,2.0,2.0,6.0,10.0,5.0,7.0,2.0,5.0,8.0,0.0,52.73,10:42:15,1.0,0.0555,0.0034,1.65,6.21,0.0,377.34,164,2,3.43,,,,,,3.7275789473684213,"{""industry"": ""基础建设"", ""industry_zt_count"": 2, ""sector_pct_change"": 0.48, ""sector_up_ratio"": 0.82, ""sector_amount_rank"": 82, ""zt_score"": 10, ""pct_score"": 11.0, ""up_ratio_score"": 16.3, ""amount_score"": 0}"
754,002788.SZ,20260407,7.0,2.0,4.0,4.0,6.0,4.0,5.0,2.0,4.0,6.0,0.0,44.57,10:29:21,1.0,0.0514,0.0112,0.93,21.8,116600672.85,-2387.83,164,1,7.7,,,,,,3.1735555555555557,"{""industry"": ""医药商业"", ""industry_zt_count"": 1, ""sector_pct_change"": 0.59, ""sector_up_ratio"": 0.78, ""sector_amount_rank"": 47, ""zt_score"": 5, ""pct_score"": 11.2, ""up_ratio_score"": 15.6, ""amount_score"": 0}"
748,002873.SZ,20260407,7.666666666666667,2.0,4.0,8.0,10.0,5.0,5.0,2.0,2.0,6.0,0.0,51.2,09:32:09,1.0,0.0944,0.014,2.84,14.78,0.0,-13993.32,164,1,7.69,,,,,,3.0,"{""industry"": ""中药Ⅱ"", ""industry_zt_count"": 1, ""sector_pct_change"": 0, ""sector_up_ratio"": 0, ""sector_amount_rank"": 0, ""zt_score"": 5, ""pct_score"": 10.0, ""up_ratio_score"": 10, ""amount_score"": 5}"
725,002957.SZ,20260407,6.333333333333333,4.0,2.0,6.0,10.0,10.0,9.0,2.0,2.0,6.0,0.0,57.6,13:39:48,0.0,0.1211,0.0078,1.22,6.45,90206059.04,14337.13,164,1,8.09,,,,,,3.0,"{""industry"": ""自动化设"", ""industry_zt_count"": 1, ""sector_pct_change"": 0, ""sector_up_ratio"": 0, ""sector_amount_rank"": 0, ""zt_score"": 5, ""pct_score"": 10.0, ""up_ratio_score"": 10, ""amount_score"": 5}"
710,003042.SZ,20260407,8.0,6.0,4.0,4.0,10.0,5.0,7.0,2.0,5.0,8.0,0.0,61.0,10:30:12,0.0,0.3301,0.0257,0.64,7.79,0.0,166.11,164,7,3.34,,,,,,6.0,"{""industry"": ""农化制品"", ""industry_zt_count"": 7, ""sector_pct_change"": 0, ""sector_up_ratio"": 0, ""sector_amount_rank"": 0, ""zt_score"": 35, ""pct_score"": 10.0, ""up_ratio_score"": 10, ""amount_score"": 5}"
751,300165.SZ,20260407,6.0,2.0,2.0,8.0,8.0,5.0,5.0,2.0,6.0,3.0,0.0,48.51,10:47:12,2.0,0.0286,0.0044,2.86,15.33,0.0,-278.22,164,4,10.56,,,,,,4.913867768595042,"{""industry"": ""通用设备"", ""industry_zt_count"": 4, ""sector_pct_change"": 0.59, ""sector_up_ratio"": 0.75, ""sector_amount_rank"": 15, ""zt_score"": 20, ""pct_score"": 11.2, ""up_ratio_score"": 15.0, ""amount_score"": 3.0}"
735,300651.SZ,20260407,6.333333333333333,4.0,6.0,6.0,4.0,4.0,9.0,2.0,8.0,3.0,0.0,55.05,13:34:18,0.0,0.1608,0.044,1.29,27.39,135855810.7,16379.79,164,3,10.53,,,,,,4.652666666666667,"{""industry"": ""文娱用品"", ""industry_zt_count"": 3, ""sector_pct_change"": 2.43, ""sector_up_ratio"": 0.83, ""sector_amount_rank"": 124, ""zt_score"": 15, ""pct_score"": 14.9, ""up_ratio_score"": 16.7, ""amount_score"": 0}"
701,300821.SZ,20260407,8.666666666666666,4.0,2.0,8.0,6.0,11.0,5.0,2.0,10.0,1.0,0.0,63.96,09:30:00,0.0,0.1705,0.008,2.88,4.66,161650743.0,-51631.24,164,8,13.0,,,,,,7.558520547945205,"{""industry"": ""化学制品"", ""industry_zt_count"": 8, ""sector_pct_change"": 3.82, ""sector_up_ratio"": 0.9, ""sector_amount_rank"": 25, ""zt_score"": 40, ""pct_score"": 17.6, ""up_ratio_score"": 17.9, ""amount_score"": 0}"
694,300927.SZ,20260407,7.0,4.0,4.0,8.0,10.0,10.0,9.0,2.0,10.0,3.0,0.0,72.15,13:04:18,0.0,0.2215,0.0203,2.34,9.14,30161054.88,3568.1,164,11,11.21,,,,,,8.148,"{""industry"": ""化学原料"", ""industry_zt_count"": 11, ""sector_pct_change"": 6.24, ""sector_up_ratio"": 0.95, ""sector_amount_rank"": 23, ""zt_score"": 40, ""pct_score"": 22.5, ""up_ratio_score"": 19.0, ""amount_score"": 0}"
703,301373.SZ,20260407,8.0,4.0,4.0,4.0,8.0,10.0,5.0,2.0,10.0,1.0,0.0,62.76,10:01:42,0.0,0.1094,0.0204,0.94,18.68,119135069.43,-914.35,164,8,13.27,,,,,,7.558520547945205,"{""industry"": ""化学制品"", ""industry_zt_count"": 8, ""sector_pct_change"": 3.82, ""sector_up_ratio"": 0.9, ""sector_amount_rank"": 25, ""zt_score"": 40, ""pct_score"": 17.6, ""up_ratio_score"": 17.9, ""amount_score"": 0}"
706,600075.SH,20260407,5.666666666666667,4.0,2.0,6.0,6.0,5.0,10.0,2.0,10.0,8.0,0.0,61.35,14:31:28,0.0,0.1205,0.0046,1.21,3.79,0.0,7423.67,164,11,5.48,,,,,,8.148,"{""industry"": ""化学原料"", ""industry_zt_count"": 11, ""sector_pct_change"": 6.24, ""sector_up_ratio"": 0.95, ""sector_amount_rank"": 23, ""zt_score"": 40, ""pct_score"": 22.5, ""up_ratio_score"": 19.0, ""amount_score"": 0}"
747,600158.SH,20260407,7.0,2.0,2.0,6.0,10.0,5.0,9.0,2.0,2.0,8.0,0.0,51.6,10:03:29,1.0,0.0228,0.003,1.25,13.27,0.0,23093.28,164,1,3.97,,,,,,3.0,"{""industry"": ""体育Ⅱ"", ""industry_zt_count"": 1, ""sector_pct_change"": 0, ""sector_up_ratio"": 0, ""sector_amount_rank"": 0, ""zt_score"": 5, ""pct_score"": 10.0, ""up_ratio_score"": 10, ""amount_score"": 5}"
713,600227.SH,20260407,7.0,2.0,4.0,4.0,10.0,7.0,9.0,2.0,5.0,8.0,0.0,60.2,10:11:11,1.0,0.0769,0.0115,0.78,14.94,86854134.42,6907.7,164,7,3.43,,,,,,6.0,"{""industry"": ""农化制品"", ""industry_zt_count"": 7, ""sector_pct_change"": 0, ""sector_up_ratio"": 0, ""sector_amount_rank"": 0, ""zt_score"": 35, ""pct_score"": 10.0, ""up_ratio_score"": 10, ""amount_score"": 5}"
755,600259.SH,20260407,5.333333333333333,2.0,2.0,6.0,10.0,5.0,5.0,2.0,2.0,6.0,0.0,44.4,14:00:42,1.0,0.0234,0.0013,1.89,5.38,0.0,-6504.71,164,1,6.7,,,,,,3.0,"{""industry"": ""小金属"", ""industry_zt_count"": 1, ""sector_pct_change"": 0, ""sector_up_ratio"": 0, ""sector_amount_rank"": 0, ""zt_score"": 5, ""pct_score"": 10.0, ""up_ratio_score"": 10, ""amount_score"": 5}"
730,600370.SH,20260407,8.666666666666666,6.0,2.0,4.0,6.0,5.0,9.0,2.0,4.0,8.0,0.0,55.9,09:59:11,0.0,0.4724,0.0095,0.72,2.02,0.0,4492.05,164,4,4.85,,,,,,4.5,"{""industry"": ""化学纤维"", ""industry_zt_count"": 4, ""sector_pct_change"": 0, ""sector_up_ratio"": 0, ""sector_amount_rank"": 0, ""zt_score"": 20, ""pct_score"": 10.0, ""up_ratio_score"": 10, ""amount_score"": 5}"
716,600423.SH,20260407,7.0,4.0,2.0,4.0,10.0,5.0,5.0,2.0,10.0,8.0,0.0,59.55,10:17:02,1.0,0.1106,0.0073,0.89,6.65,0.0,-2159.59,164,11,3.14,,,,,,8.148,"{""industry"": ""化学原料"", ""industry_zt_count"": 11, ""sector_pct_change"": 6.24, ""sector_up_ratio"": 0.95, ""sector_amount_rank"": 23, ""zt_score"": 40, ""pct_score"": 22.5, ""up_ratio_score"": 19.0, ""amount_score"": 0}"
705,600470.SH,20260407,7.0,4.0,4.0,6.0,10.0,5.0,9.0,2.0,5.0,8.0,0.0,61.4,13:01:24,0.0,0.2127,0.0196,1.02,9.21,0.0,2578.77,164,7,3.83,,,,,,6.0,"{""industry"": ""农化制品"", ""industry_zt_count"": 7, ""sector_pct_change"": 0, ""sector_up_ratio"": 0, ""sector_amount_rank"": 0, ""zt_score"": 35, ""pct_score"": 10.0, ""up_ratio_score"": 10, ""amount_score"": 5}"
731,600596.SH,20260407,8.666666666666666,6.0,2.0,6.0,6.0,5.0,5.0,2.0,5.0,8.0,0.0,55.8,09:46:33,0.0,0.3881,0.0076,1.51,1.96,0.0,-2194.54,164,7,5.44,,,,,,6.0,"{""industry"": ""农化制品"", ""industry_zt_count"": 7, ""sector_pct_change"": 0, ""sector_up_ratio"": 0, ""sector_amount_rank"": 0, ""zt_score"": 35, ""pct_score"": 10.0, ""up_ratio_score"": 10, ""amount_score"": 5}"
708,600623.SH,20260407,6.333333333333333,4.0,2.0,6.0,6.0,5.0,9.0,2.0,10.0,8.0,0.0,61.15,14:12:37,0.0,0.2157,0.0041,1.39,1.91,0.0,8061.78,164,11,3.86,,,,,,8.148,"{""industry"": ""化学原料"", ""industry_zt_count"": 11, ""sector_pct_change"": 6.24, ""sector_up_ratio"": 0.95, ""sector_amount_rank"": 23, ""zt_score"": 40, ""pct_score"": 22.5, ""up_ratio_score"": 19.0, ""amount_score"": 0}"
734,600691.SH,20260407,8.0,4.0,2.0,4.0,6.0,5.0,9.0,2.0,5.0,8.0,0.0,55.4,10:30:15,0.0,0.2604,0.0079,0.79,3.04,0.0,3739.5,164,7,4.27,,,,,,6.0,"{""industry"": ""农化制品"", ""industry_zt_count"": 7, ""sector_pct_change"": 0, ""sector_up_ratio"": 0, ""sector_amount_rank"": 0, ""zt_score"": 35, ""pct_score"": 10.0, ""up_ratio_score"": 10, ""amount_score"": 5}"
717,600722.SH,20260407,6.0,2.0,2.0,4.0,10.0,5.0,8.0,2.0,10.0,8.0,0.0,59.35,10:10:29,2.0,0.0728,0.0092,0.81,12.6,0.0,4959.95,164,11,3.59,,,,,,8.148,"{""industry"": ""化学原料"", ""industry_zt_count"": 11, ""sector_pct_change"": 6.24, ""sector_up_ratio"": 0.95, ""sector_amount_rank"": 23, ""zt_score"": 40, ""pct_score"": 22.5, ""up_ratio_score"": 19.0, ""amount_score"": 0}"
742,600810.SH,20260407,8.0,4.0,2.0,6.0,6.0,5.0,9.0,2.0,4.0,6.0,0.0,53.5,10:06:19,0.0,0.2284,0.0082,1.93,3.59,0.0,3475.7,164,4,6.31,,,,,,4.5,"{""industry"": ""化学纤维"", ""industry_zt_count"": 4, ""sector_pct_change"": 0, ""sector_up_ratio"": 0, ""sector_amount_rank"": 0, ""zt_score"": 20, ""pct_score"": 10.0, ""up_ratio_score"": 10, ""amount_score"": 5}"
695,600955.SH,20260407,8.0,8.0,4.0,4.0,6.0,5.0,9.0,2.0,10.0,8.0,0.0,67.95,10:25:15,0.0,0.687,0.0117,0.53,1.7,0.0,1472.57,164,11,5.11,,,,,,8.148,"{""industry"": ""化学原料"", ""industry_zt_count"": 11, ""sector_pct_change"": 6.24, ""sector_up_ratio"": 0.95, ""sector_amount_rank"": 23, ""zt_score"": 40, ""pct_score"": 22.5, ""up_ratio_score"": 19.0, ""amount_score"": 0}"
749,601388.SH,20260407,6.333333333333333,4.0,2.0,4.0,10.0,3.0,9.0,2.0,4.0,8.0,0.0,50.7,13:41:33,0.0,0.1214,0.0067,0.91,5.51,46079460.31,8237.39,164,1,4.0,,,,,,3.3013333333333335,"{""industry"": ""工业金属"", ""industry_zt_count"": 1, ""sector_pct_change"": 0.84, ""sector_up_ratio"": 0.82, ""sector_amount_rank"": 22, ""zt_score"": 5, ""pct_score"": 11.7, ""up_ratio_score"": 16.3, ""amount_score"": 0}"
753,603002.SH,20260407,8.666666666666666,4.0,2.0,6.0,6.0,5.0,5.0,2.0,2.0,6.0,0.0,47.2,09:37:24,0.0,0.1489,0.0044,1.02,2.94,0.0,-7941.42,164,1,6.42,,,,,,3.0,"{""industry"": ""电子化学"", ""industry_zt_count"": 1, ""sector_pct_change"": 0, ""sector_up_ratio"": 0, ""sector_amount_rank"": 0, ""zt_score"": 5, ""pct_score"": 10.0, ""up_ratio_score"": 10, ""amount_score"": 5}"
720,603090.SH,20260407,7.0,6.0,4.0,6.0,6.0,5.0,8.0,2.0,6.0,8.0,0.0,58.91,13:17:45,0.0,0.4043,0.0178,1.2,4.4,0.0,1013.24,164,4,5.81,,,,,,4.913867768595042,"{""industry"": ""通用设备"", ""industry_zt_count"": 4, ""sector_pct_change"": 0.59, ""sector_up_ratio"": 0.75, ""sector_amount_rank"": 15, ""zt_score"": 20, ""pct_score"": 11.2, ""up_ratio_score"": 15.0, ""amount_score"": 3.0}"
724,603123.SH,20260407,8.0,4.0,4.0,8.0,10.0,7.0,5.0,2.0,6.0,3.0,0.0,57.66,09:30:59,2.0,0.2286,0.0172,2.37,7.54,106358328.0,-6523.17,164,1,9.7,,,,,,3.260727272727273,"{""industry"": ""多元金融"", ""industry_zt_count"": 1, ""sector_pct_change"": 2.44, ""sector_up_ratio"": 0.64, ""sector_amount_rank"": 56, ""zt_score"": 5, ""pct_score"": 14.9, ""up_ratio_score"": 12.7, ""amount_score"": 0}"
696,603188.SH,20260407,6.333333333333333,4.0,4.0,6.0,6.0,8.0,9.0,2.0,10.0,8.0,0.0,66.56,13:48:34,0.0,0.2859,0.0113,1.92,3.97,2859522.0,706.63,164,8,5.19,,,,,,7.558520547945205,"{""industry"": ""化学制品"", ""industry_zt_count"": 8, ""sector_pct_change"": 3.82, ""sector_up_ratio"": 0.9, ""sector_amount_rank"": 25, ""zt_score"": 40, ""pct_score"": 17.6, ""up_ratio_score"": 17.9, ""amount_score"": 0}"
714,603255.SH,20260407,8.0,4.0,2.0,8.0,6.0,5.0,5.0,2.0,10.0,8.0,0.0,60.16,10:46:20,0.0,0.1596,0.0064,2.64,4.02,0.0,-2554.79,164,8,5.45,,,,,,7.558520547945205,"{""industry"": ""化学制品"", ""industry_zt_count"": 8, ""sector_pct_change"": 3.82, ""sector_up_ratio"": 0.9, ""sector_amount_rank"": 25, ""zt_score"": 40, ""pct_score"": 17.6, ""up_ratio_score"": 17.9, ""amount_score"": 0}"
699,603260.SH,20260407,8.0,4.0,2.0,8.0,6.0,5.0,9.0,2.0,10.0,8.0,0.0,64.16,10:01:55,0.0,0.2483,0.0026,2.23,1.03,0.0,3804.32,164,8,5.9,,,,,,7.558520547945205,"{""industry"": ""化学制品"", ""industry_zt_count"": 8, ""sector_pct_change"": 3.82, ""sector_up_ratio"": 0.9, ""sector_amount_rank"": 25, ""zt_score"": 40, ""pct_score"": 17.6, ""up_ratio_score"": 17.9, ""amount_score"": 0}"
737,603327.SH,20260407,8.666666666666666,10.0,2.0,4.0,6.0,5.0,5.0,2.0,4.0,8.0,0.0,54.88,09:25:02,0.0,1.5472,0.0089,0.68,0.57,0.0,-5614.06,164,1,5.93,,,,,,3.482769230769231,"{""industry"": ""消费电子"", ""industry_zt_count"": 1, ""sector_pct_change"": 0.51, ""sector_up_ratio"": 0.74, ""sector_amount_rank"": 13, ""zt_score"": 5, ""pct_score"": 11.0, ""up_ratio_score"": 14.8, ""amount_score"": 4.0}"
727,603421.SH,20260407,8.666666666666666,6.0,4.0,4.0,6.0,5.0,5.0,2.0,6.0,8.0,0.0,56.78,09:35:49,0.0,0.4026,0.0179,0.7,4.43,0.0,-4331.27,164,4,3.13,,,,,,5.381411764705883,"{""industry"": ""通信设备"", ""industry_zt_count"": 4, ""sector_pct_change"": 0.51, ""sector_up_ratio"": 0.64, ""sector_amount_rank"": 1, ""zt_score"": 20, ""pct_score"": 11.0, ""up_ratio_score"": 12.8, ""amount_score"": 10.0}"
722,603637.SH,20260407,8.666666666666666,6.0,4.0,6.0,6.0,5.0,5.0,2.0,7.0,8.0,0.0,58.22,09:31:25,0.0,0.4517,0.0136,1.44,3.01,0.0,-3926.99,164,3,5.79,,,,,,4.417395348837209,"{""industry"": ""专业工程"", ""industry_zt_count"": 3, ""sector_pct_change"": 1.68, ""sector_up_ratio"": 0.79, ""sector_amount_rank"": 63, ""zt_score"": 15, ""pct_score"": 13.4, ""up_ratio_score"": 15.8, ""amount_score"": 0}"
700,603968.SH,20260407,8.0,4.0,4.0,6.0,10.0,5.0,5.0,2.0,10.0,8.0,0.0,64.16,10:38:15,0.0,0.2085,0.0127,1.81,6.08,0.0,-123.11,164,8,4.67,,,,,,7.558520547945205,"{""industry"": ""化学制品"", ""industry_zt_count"": 8, ""sector_pct_change"": 3.82, ""sector_up_ratio"": 0.9, ""sector_amount_rank"": 25, ""zt_score"": 40, ""pct_score"": 17.6, ""up_ratio_score"": 17.9, ""amount_score"": 0}"
738,605099.SH,20260407,6.333333333333333,6.0,2.0,6.0,6.0,5.0,9.0,2.0,5.0,8.0,0.0,54.61,13:32:34,0.0,0.3426,0.006,1.04,1.74,0.0,4671.49,164,2,4.18,,,,,,3.6092957746478875,"{""industry"": ""家居用品"", ""industry_zt_count"": 2, ""sector_pct_change"": 0.3, ""sector_up_ratio"": 0.77, ""sector_amount_rank"": 98, ""zt_score"": 10, ""pct_score"": 10.6, ""up_ratio_score"": 15.5, ""amount_score"": 0}"
746,605589.SH,20260407,8.0,2.0,2.0,8.0,6.0,8.0,5.0,2.0,6.0,3.0,0.0,51.7,09:36:42,2.0,0.0927,0.0043,2.29,4.69,66435586.91,-36264.19,164,1,9.66,,,,,,3.6976521739130432,"{""industry"": ""塑料"", ""industry_zt_count"": 1, ""sector_pct_change"": 2.51, ""sector_up_ratio"": 0.85, ""sector_amount_rank"": 34, ""zt_score"": 5, ""pct_score"": 15.0, ""up_ratio_score"": 17.0, ""amount_score"": 0}"
669,000586.SZ,20260403,10.0,10.0,6.0,4.0,6.0,10.0,5.0,2.0,8.0,3.0,0.0,69.59,09:25:00,0.0,1.8985,0.041,0.45,2.16,33261593.7,-4875.85,164,5,9.69,,,,,,5.586740740740741,"{""industry"": ""通信设备"", ""industry_zt_count"": 5, ""sector_pct_change"": 1.98, ""sector_up_ratio"": 0.37, ""sector_amount_rank"": 2, ""zt_score"": 25, ""pct_score"": 14.0, ""up_ratio_score"": 7.4, ""amount_score"": 9.5}"
679,000950.SZ,20260403,8.0,2.0,2.0,10.0,10.0,9.0,5.0,2.0,5.0,3.0,0.0,55.65,09:31:27,2.0,0.0944,0.0083,3.89,8.82,262160708.56,-47873.77,164,2,9.68,,,,,,2.448486486486486,"{""industry"": ""医药商业"", ""industry_zt_count"": 2, ""sector_pct_change"": -0.19, ""sector_up_ratio"": 0.24, ""sector_amount_rank"": 50, ""zt_score"": 10, ""pct_score"": 9.6, ""up_ratio_score"": 4.9, ""amount_score"": 0}"
686,002678.SZ,20260403,6.0,6.0,4.0,10.0,6.0,5.0,5.0,2.0,4.0,6.0,0.0,51.36,10:16:27,2.0,0.499,0.0215,3.51,4.3,0.0,-6504.44,164,1,8.07,,,,,,1.1572631578947368,"{""industry"": ""文娱用品"", ""industry_zt_count"": 1, ""sector_pct_change"": -2.24, ""sector_up_ratio"": 0.05, ""sector_amount_rank"": 136, ""zt_score"": 5, ""pct_score"": 5.5, ""up_ratio_score"": 1.1, ""amount_score"": 0}"
672,002796.SZ,20260403,7.0,2.0,2.0,6.0,10.0,8.0,8.0,2.0,8.0,8.0,0.0,61.59,13:14:15,0.0,0.0871,0.0093,1.71,10.71,65586574.02,11834.76,164,5,5.76,,,,,,5.586740740740741,"{""industry"": ""通信设备"", ""industry_zt_count"": 5, ""sector_pct_change"": 1.98, ""sector_up_ratio"": 0.37, ""sector_amount_rank"": 2, ""zt_score"": 25, ""pct_score"": 14.0, ""up_ratio_score"": 7.4, ""amount_score"": 9.5}"
691,002831.SZ,20260403,7.0,2.0,2.0,8.0,6.0,5.0,5.0,2.0,4.0,8.0,0.0,45.91,10:08:51,1.0,0.008,0.0003,2.13,4.23,0.0,-19833.64,164,1,5.68,,,,,,1.3063333333333333,"{""industry"": ""包装印刷"", ""industry_zt_count"": 1, ""sector_pct_change"": -2.01, ""sector_up_ratio"": 0.1, ""sector_amount_rank"": 66, ""zt_score"": 5, ""pct_score"": 6.0, ""up_ratio_score"": 2.1, ""amount_score"": 0}"
668,002952.SZ,20260403,6.333333333333333,6.0,6.0,8.0,10.0,5.0,7.0,2.0,6.0,8.0,10.0,72.35,13:31:30,0.0,0.3931,0.0313,2.0,7.96,0.0,464.0,164,2,5.34,,,,,,2.948205607476635,"{""industry"": ""光学光电"", ""industry_zt_count"": 2, ""sector_pct_change"": 1.22, ""sector_up_ratio"": 0.33, ""sector_amount_rank"": 20, ""zt_score"": 10, ""pct_score"": 12.4, ""up_ratio_score"": 6.5, ""amount_score"": 0.5}"
667,002980.SZ,20260403,8.666666666666666,6.0,6.0,4.0,10.0,5.0,7.0,2.0,6.0,8.0,10.0,72.39,09:58:24,0.0,0.3949,0.0459,0.77,11.63,0.0,1974.63,164,4,3.88,,,,,,3.391774647887324,"{""industry"": ""电网设备"", ""industry_zt_count"": 4, ""sector_pct_change"": -1.52, ""sector_up_ratio"": 0.15, ""sector_amount_rank"": 13, ""zt_score"": 20, ""pct_score"": 7.0, ""up_ratio_score"": 3.0, ""amount_score"": 4.0}"
674,003007.SZ,20260403,6.0,4.0,4.0,10.0,10.0,5.0,5.0,2.0,5.0,8.0,0.0,58.4,10:03:00,2.0,0.1208,0.01,3.43,8.28,0.0,-8617.41,164,5,5.32,,,,,,5.0,"{""industry"": ""软件开发"", ""industry_zt_count"": 5, ""sector_pct_change"": 0, ""sector_up_ratio"": 0, ""sector_amount_rank"": 0, ""zt_score"": 25, ""pct_score"": 10.0, ""up_ratio_score"": 10, ""amount_score"": 5}"
671,003031.SZ,20260403,7.0,2.0,2.0,6.0,10.0,10.0,7.0,2.0,8.0,6.0,0.0,61.79,10:34:42,1.0,0.0508,0.0028,1.73,5.42,199463315.37,346.35,164,5,6.88,,,,,,5.586740740740741,"{""industry"": ""通信设备"", ""industry_zt_count"": 5, ""sector_pct_change"": 1.98, ""sector_up_ratio"": 0.37, ""sector_amount_rank"": 2, ""zt_score"": 25, ""pct_score"": 14.0, ""up_ratio_score"": 7.4, ""amount_score"": 9.5}"
692,300006.SZ,20260403,6.0,2.0,2.0,6.0,6.0,6.0,9.0,2.0,5.0,1.0,0.0,45.57,10:34:18,2.0,0.0126,0.0027,6.17,21.39,-20878160.58,23845.25,164,2,14.32,,,,,,1.9732537313432836,"{""industry"": ""化学制药"", ""industry_zt_count"": 2, ""sector_pct_change"": -2.38, ""sector_up_ratio"": 0.07, ""sector_amount_rank"": 15, ""zt_score"": 10, ""pct_score"": 5.2, ""up_ratio_score"": 1.5, ""amount_score"": 3.0}"
670,300608.SZ,20260403,8.666666666666666,2.0,4.0,10.0,10.0,10.0,5.0,2.0,5.0,3.0,0.0,62.6,09:56:42,0.0,0.089,0.012,4.31,13.47,89220225.7,-2082.53,164,5,11.46,,,,,,5.0,"{""industry"": ""软件开发"", ""industry_zt_count"": 5, ""sector_pct_change"": 0, ""sector_up_ratio"": 0, ""sector_amount_rank"": 0, ""zt_score"": 25, ""pct_score"": 10.0, ""up_ratio_score"": 10, ""amount_score"": 5}"
677,300812.SZ,20260403,8.0,4.0,4.0,8.0,6.0,10.0,7.0,2.0,4.0,1.0,0.0,55.96,10:13:00,0.0,0.1106,0.0251,2.96,22.65,163261332.6,1530.92,164,1,12.34,,,,,,1.9626019417475729,"{""industry"": ""消费电子"", ""industry_zt_count"": 1, ""sector_pct_change"": -0.42, ""sector_up_ratio"": 0.22, ""sector_amount_rank"": 19, ""zt_score"": 5, ""pct_score"": 9.2, ""up_ratio_score"": 4.5, ""amount_score"": 1.0}"
688,600106.SH,20260403,7.0,4.0,2.0,10.0,6.0,5.0,5.0,2.0,2.0,8.0,0.0,49.6,10:32:49,1.0,0.2142,0.0058,4.32,2.69,0.0,-4937.68,164,1,5.39,,,,,,3.0,"{""industry"": ""铁路公路"", ""industry_zt_count"": 1, ""sector_pct_change"": 0, ""sector_up_ratio"": 0, ""sector_amount_rank"": 0, ""zt_score"": 5, ""pct_score"": 10.0, ""up_ratio_score"": 10, ""amount_score"": 5}"
676,600302.SH,20260403,5.666666666666667,6.0,4.0,6.0,10.0,5.0,9.0,2.0,5.0,6.0,0.0,57.03,14:55:44,0.0,0.3328,0.0168,1.85,5.04,13327720.0,1227.44,164,2,6.7,,,,,,2.4271929824561402,"{""industry"": ""专用设备"", ""industry_zt_count"": 2, ""sector_pct_change"": -0.75, ""sector_up_ratio"": 0.19, ""sector_amount_rank"": 17, ""zt_score"": 10, ""pct_score"": 8.5, ""up_ratio_score"": 3.8, ""amount_score"": 2.0}"
685,600602.SH,20260403,5.333333333333333,2.0,2.0,6.0,10.0,7.0,5.0,2.0,5.0,8.0,0.0,52.4,13:38:13,1.0,0.0455,0.0051,1.27,11.13,233771719.49,-51387.07,164,5,4.71,,,,,,5.0,"{""industry"": ""软件开发"", ""industry_zt_count"": 5, ""sector_pct_change"": 0, ""sector_up_ratio"": 0, ""sector_amount_rank"": 0, ""zt_score"": 25, ""pct_score"": 10.0, ""up_ratio_score"": 10, ""amount_score"": 5}"
684,600654.SH,20260403,6.0,4.0,2.0,10.0,6.0,5.0,5.0,2.0,5.0,8.0,0.0,52.8,11:05:39,1.0,0.1466,0.0072,3.05,4.92,0.0,-10371.54,164,5,5.81,,,,,,5.0,"{""industry"": ""软件开发"", ""industry_zt_count"": 5, ""sector_pct_change"": 0, ""sector_up_ratio"": 0, ""sector_amount_rank"": 0, ""zt_score"": 25, ""pct_score"": 10.0, ""up_ratio_score"": 10, ""amount_score"": 5}"
683,600869.SH,20260403,6.333333333333333,2.0,2.0,6.0,10.0,5.0,9.0,2.0,6.0,6.0,0.0,53.19,14:01:38,0.0,0.0511,0.0032,1.63,6.18,0.0,22416.89,164,4,7.16,,,,,,3.391774647887324,"{""industry"": ""电网设备"", ""industry_zt_count"": 4, ""sector_pct_change"": -1.52, ""sector_up_ratio"": 0.15, ""sector_amount_rank"": 13, ""zt_score"": 20, ""pct_score"": 7.0, ""up_ratio_score"": 3.0, ""amount_score"": 4.0}"
682,603033.SH,20260403,6.333333333333333,6.0,2.0,10.0,6.0,5.0,9.0,2.0,4.0,6.0,0.0,53.98,13:31:37,0.0,0.3216,0.0067,3.8,2.09,0.0,3048.57,164,1,6.63,,,,,,1.7787826086956522,"{""industry"": ""橡胶"", ""industry_zt_count"": 1, ""sector_pct_change"": -0.78, ""sector_up_ratio"": 0.22, ""sector_amount_rank"": 128, ""zt_score"": 5, ""pct_score"": 8.4, ""up_ratio_score"": 4.3, ""amount_score"": 0}"
687,603067.SH,20260403,7.0,4.0,2.0,6.0,6.0,5.0,9.0,2.0,4.0,8.0,0.0,50.14,13:09:36,0.0,0.2136,0.0084,1.5,3.94,0.0,12201.69,164,1,5.45,,,,,,1.1400000000000001,"{""industry"": ""化学原料"", ""industry_zt_count"": 1, ""sector_pct_change"": -2.55, ""sector_up_ratio"": 0.07, ""sector_amount_rank"": 36, ""zt_score"": 5, ""pct_score"": 4.9, ""up_ratio_score"": 1.5, ""amount_score"": 0}"
681,603123.SH,20260403,6.666666666666667,4.0,4.0,10.0,10.0,3.0,5.0,2.0,5.0,8.0,0.0,54.05,09:25:00,2.0,0.122,0.0109,4.57,8.94,85017541.2,-14228.69,164,1,5.62,,,,,,2.2485454545454546,"{""industry"": ""多元金融"", ""industry_zt_count"": 1, ""sector_pct_change"": 1.47, ""sector_up_ratio"": 0.23, ""sector_amount_rank"": 60, ""zt_score"": 5, ""pct_score"": 12.9, ""up_ratio_score"": 4.5, ""amount_score"": 0}"
675,603189.SH,20260403,7.666666666666667,4.0,4.0,6.0,10.0,5.0,5.0,2.0,5.0,8.0,0.0,57.2,09:36:05,1.0,0.1856,0.0109,1.37,5.87,0.0,-7242.46,164,5,4.68,,,,,,5.0,"{""industry"": ""软件开发"", ""industry_zt_count"": 5, ""sector_pct_change"": 0, ""sector_up_ratio"": 0, ""sector_amount_rank"": 0, ""zt_score"": 25, ""pct_score"": 10.0, ""up_ratio_score"": 10, ""amount_score"": 5}"
680,603585.SH,20260403,9.333333333333334,4.0,4.0,6.0,10.0,6.0,5.0,2.0,2.0,6.0,0.0,54.8,09:41:50,0.0,0.2545,0.0174,1.16,6.83,6548084.13,-5011.92,164,1,6.91,,,,,,3.0,"{""industry"": ""农化制品"", ""industry_zt_count"": 1, ""sector_pct_change"": 0, ""sector_up_ratio"": 0, ""sector_amount_rank"": 0, ""zt_score"": 5, ""pct_score"": 10.0, ""up_ratio_score"": 10, ""amount_score"": 5}"
678,603966.SH,20260403,6.333333333333333,2.0,2.0,10.0,10.0,5.0,9.0,2.0,5.0,8.0,0.0,55.83,13:49:59,0.0,0.0398,0.0042,4.38,10.53,0.0,9445.06,164,2,5.8,,,,,,2.4271929824561402,"{""industry"": ""专用设备"", ""industry_zt_count"": 2, ""sector_pct_change"": -0.75, ""sector_up_ratio"": 0.19, ""sector_amount_rank"": 17, ""zt_score"": 10, ""pct_score"": 8.5, ""up_ratio_score"": 3.8, ""amount_score"": 2.0}"
689,605133.SH,20260403,8.0,2.0,2.0,10.0,6.0,5.0,5.0,2.0,4.0,8.0,0.0,49.05,10:45:35,0.0,0.0979,0.0043,3.47,4.35,0.0,-6468.41,164,1,4.67,,,,,,1.6517198443579766,"{""industry"": ""汽车零部件"", ""industry_zt_count"": 1, ""sector_pct_change"": -1.47, ""sector_up_ratio"": 0.15, ""sector_amount_rank"": 18, ""zt_score"": 5, ""pct_score"": 7.1, ""up_ratio_score"": 3.0, ""amount_score"": 1.5}"
673,605303.SH,20260403,6.333333333333333,6.0,4.0,8.0,10.0,5.0,9.0,2.0,4.0,8.0,0.0,58.67,14:12:54,0.0,0.472,0.0264,2.77,5.6,48155125.0,2158.89,164,1,5.36,,,,,,1.266341463414634,"{""industry"": ""基础建设"", ""industry_zt_count"": 1, ""sector_pct_change"": -1.9, ""sector_up_ratio"": 0.07, ""sector_amount_rank"": 62, ""zt_score"": 5, ""pct_score"": 6.2, ""up_ratio_score"": 1.5, ""amount_score"": 0}"
690,605589.SH,20260403,6.0,2.0,2.0,8.0,6.0,5.0,7.0,2.0,4.0,8.0,0.0,47.09,10:20:53,2.0,0.0396,0.0016,2.76,3.97,0.0,1902.73,164,1,5.53,,,,,,1.6944255319148938,"{""industry"": ""塑料"", ""industry_zt_count"": 1, ""sector_pct_change"": -0.73, ""sector_up_ratio"": 0.17, ""sector_amount_rank"": 34, ""zt_score"": 5, ""pct_score"": 8.5, ""up_ratio_score"": 3.4, ""amount_score"": 0}"
609,000155.SZ,20260402,8.666666666666666,2.0,2.0,4.0,6.0,5.0,5.0,6.0,4.0,8.0,0.0,50.6,09:58:21,0.0,0.061,0.0028,0.75,4.67,0.0,-19296.42,3,3,5.47,,,,,,4.0,"{""industry"": ""电力"", ""industry_zt_count"": 3, ""sector_pct_change"": 0, ""sector_up_ratio"": 0, ""sector_amount_rank"": 0, ""zt_score"": 15, ""pct_score"": 10.0, ""up_ratio_score"": 10, ""amount_score"": 5}"
604,000586.SZ,20260402,7.666666666666667,4.0,4.0,6.0,10.0,5.0,5.0,2.0,3.0,6.0,0.0,52.9,09:32:54,1.0,0.251,0.0173,1.73,6.88,0.0,-8942.36,21,2,6.72,,,,,,3.5,"{""industry"": ""通信设备"", ""industry_zt_count"": 2, ""sector_pct_change"": 0, ""sector_up_ratio"": 0, ""sector_amount_rank"": 0, ""zt_score"": 10, ""pct_score"": 10.0, ""up_ratio_score"": 10, ""amount_score"": 5}"
613,000950.SZ,20260402,8.666666666666666,4.0,2.0,8.0,6.0,5.0,5.0,2.0,2.0,6.0,0.0,48.8,09:25:00,0.0,0.183,0.0079,2.69,4.33,0.0,-48070.73,14,1,7.63,,,,,,3.0,"{""industry"": ""医药商业"", ""industry_zt_count"": 1, ""sector_pct_change"": 0, ""sector_up_ratio"": 0, ""sector_amount_rank"": 0, ""zt_score"": 5, ""pct_score"": 10.0, ""up_ratio_score"": 10, ""amount_score"": 5}"
608,000968.SZ,20260402,8.666666666666666,6.0,4.0,4.0,6.0,5.0,5.0,2.0,2.0,8.0,0.0,51.2,09:35:03,0.0,0.3325,0.0127,0.35,3.82,0.0,-11753.7,16,1,5.21,,,,,,3.0,"{""industry"": ""油气开采"", ""industry_zt_count"": 1, ""sector_pct_change"": 0, ""sector_up_ratio"": 0, ""sector_amount_rank"": 0, ""zt_score"": 5, ""pct_score"": 10.0, ""up_ratio_score"": 10, ""amount_score"": 5}"
605,002051.SZ,20260402,8.0,2.0,2.0,8.0,10.0,5.0,7.0,4.0,2.0,6.0,0.0,52.8,10:24:39,0.0,0.0811,0.0057,2.32,7.05,0.0,2727.37,9,1,6.64,,,,,,3.0,"{""industry"": ""专业工程"", ""industry_zt_count"": 1, ""sector_pct_change"": 0, ""sector_up_ratio"": 0, ""sector_amount_rank"": 0, ""zt_score"": 5, ""pct_score"": 10.0, ""up_ratio_score"": 10, ""amount_score"": 5}"
602,002828.SZ,20260402,8.666666666666666,4.0,4.0,6.0,10.0,5.0,5.0,2.0,3.0,8.0,0.0,55.3,09:34:30,0.0,0.1714,0.0245,1.17,14.29,0.0,-4003.27,17,2,5.37,,,,,,3.5,"{""industry"": ""油服工程"", ""industry_zt_count"": 2, ""sector_pct_change"": 0, ""sector_up_ratio"": 0, ""sector_amount_rank"": 0, ""zt_score"": 10, ""pct_score"": 10.0, ""up_ratio_score"": 10, ""amount_score"": 5}"
597,300839.SZ,20260402,8.666666666666666,4.0,4.0,6.0,10.0,9.0,5.0,2.0,4.0,1.0,10.0,67.2,09:31:03,0.0,0.2593,0.02,1.99,7.72,131347336.13,-12302.85,18,3,12.85,,,,,,4.0,"{""industry"": ""炼化及贸"", ""industry_zt_count"": 3, ""sector_pct_change"": 0, ""sector_up_ratio"": 0, ""sector_amount_rank"": 0, ""zt_score"": 15, ""pct_score"": 10.0, ""up_ratio_score"": 10, ""amount_score"": 5}"
610,600339.SH,20260402,5.0,2.0,2.0,8.0,6.0,9.0,5.0,4.0,3.0,6.0,0.0,50.1,13:01:29,2.0,0.0653,0.0024,2.4,3.73,148319040.16,-25276.27,8,2,7.21,,,,,,3.5,"{""industry"": ""油服工程"", ""industry_zt_count"": 2, ""sector_pct_change"": 0, ""sector_up_ratio"": 0, ""sector_amount_rank"": 0, ""zt_score"": 10, ""pct_score"": 10.0, ""up_ratio_score"": 10, ""amount_score"": 5}"
606,600594.SH,20260402,9.333333333333334,2.0,4.0,6.0,8.0,4.0,9.0,4.0,2.0,3.0,0.0,52.6,10:28:51,0.0,0.085,0.0164,5.41,19.35,-10212971.57,5986.28,10,1,9.76,,,,,,3.0,"{""industry"": ""中药Ⅱ"", ""industry_zt_count"": 1, ""sector_pct_change"": 0, ""sector_up_ratio"": 0, ""sector_amount_rank"": 0, ""zt_score"": 5, ""pct_score"": 10.0, ""up_ratio_score"": 10, ""amount_score"": 5}"
607,600644.SH,20260402,7.666666666666667,2.0,4.0,6.0,8.0,5.0,5.0,4.0,4.0,6.0,0.0,52.2,09:30:37,1.0,0.062,0.01,1.77,16.17,0.0,-29949.16,5,3,6.13,,,,,,4.0,"{""industry"": ""电力"", ""industry_zt_count"": 3, ""sector_pct_change"": 0, ""sector_up_ratio"": 0, ""sector_amount_rank"": 0, ""zt_score"": 15, ""pct_score"": 10.0, ""up_ratio_score"": 10, ""amount_score"": 5}"
611,603042.SH,20260402,7.666666666666667,2.0,2.0,6.0,8.0,5.0,5.0,4.0,3.0,8.0,0.0,49.7,09:48:12,1.0,0.0488,0.0093,1.4,19.06,0.0,-12511.25,11,2,5.61,,,,,,3.5,"{""industry"": ""通信设备"", ""industry_zt_count"": 2, ""sector_pct_change"": 0, ""sector_up_ratio"": 0, ""sector_amount_rank"": 0, ""zt_score"": 10, ""pct_score"": 10.0, ""up_ratio_score"": 10, ""amount_score"": 5}"
598,603122.SH,20260402,8.333333333333334,4.0,4.0,6.0,8.0,5.0,9.0,6.0,2.0,8.0,0.0,59.2,13:21:02,0.0,0.1135,0.0195,1.65,17.16,0.0,8514.83,4,1,5.71,,,,,,3.0,"{""industry"": ""医疗服务"", ""industry_zt_count"": 1, ""sector_pct_change"": 0, ""sector_up_ratio"": 0, ""sector_amount_rank"": 0, ""zt_score"": 5, ""pct_score"": 10.0, ""up_ratio_score"": 10, ""amount_score"": 5}"
603,603222.SH,20260402,6.333333333333333,4.0,4.0,10.0,10.0,5.0,5.0,2.0,2.0,6.0,0.0,53.2,13:35:47,0.0,0.1389,0.0121,3.92,8.74,0.0,-4764.31,15,1,7.52,,,,,,3.0,"{""industry"": ""医疗器械"", ""industry_zt_count"": 1, ""sector_pct_change"": 0, ""sector_up_ratio"": 0, ""sector_amount_rank"": 0, ""zt_score"": 5, ""pct_score"": 10.0, ""up_ratio_score"": 10, ""amount_score"": 5}"
614,603353.SH,20260402,7.666666666666667,4.0,2.0,6.0,6.0,5.0,5.0,2.0,4.0,6.0,0.0,48.6,09:31:43,1.0,0.2659,0.0098,1.02,3.69,0.0,-7282.54,20,3,7.63,,,,,,4.0,"{""industry"": ""炼化及贸"", ""industry_zt_count"": 3, ""sector_pct_change"": 0, ""sector_up_ratio"": 0, ""sector_amount_rank"": 0, ""zt_score"": 15, ""pct_score"": 10.0, ""up_ratio_score"": 10, ""amount_score"": 5}"
600,603477.SH,20260402,7.0,2.0,2.0,8.0,10.0,7.0,9.0,2.0,2.0,8.0,0.0,55.6,10:46:54,1.0,0.0669,0.0044,2.96,6.58,48452313.8,6799.67,13,1,5.93,,,,,,3.0,"{""industry"": ""养殖业"", ""industry_zt_count"": 1, ""sector_pct_change"": 0, ""sector_up_ratio"": 0, ""sector_amount_rank"": 0, ""zt_score"": 5, ""pct_score"": 10.0, ""up_ratio_score"": 10, ""amount_score"": 5}"
601,603798.SH,20260402,8.666666666666666,4.0,4.0,10.0,6.0,5.0,5.0,2.0,4.0,6.0,0.0,55.4,09:59:01,0.0,0.2336,0.0105,3.03,4.48,0.0,-3859.06,22,3,7.18,,,,,,4.0,"{""industry"": ""炼化及贸"", ""industry_zt_count"": 3, ""sector_pct_change"": 0, ""sector_up_ratio"": 0, ""sector_amount_rank"": 0, ""zt_score"": 15, ""pct_score"": 10.0, ""up_ratio_score"": 10, ""amount_score"": 5}"
612,603863.SH,20260402,6.666666666666667,4.0,2.0,6.0,10.0,5.0,5.0,2.0,2.0,8.0,0.0,49.2,09:49:17,2.0,0.122,0.0085,1.32,6.96,0.0,-4388.23,19,1,4.76,,,,,,3.0,"{""industry"": ""造纸"", ""industry_zt_count"": 1, ""sector_pct_change"": 0, ""sector_up_ratio"": 0, ""sector_amount_rank"": 0, ""zt_score"": 5, ""pct_score"": 10.0, ""up_ratio_score"": 10, ""amount_score"": 5}"
599,605162.SH,20260402,8.333333333333334,2.0,2.0,6.0,10.0,3.0,5.0,2.0,4.0,3.0,10.0,56.4,09:30:44,1.0,0.0487,0.0056,1.32,11.42,15212977.45,-29338.11,12,3,9.68,,,,,,4.0,"{""industry"": ""电力"", ""industry_zt_count"": 3, ""sector_pct_change"": 0, ""sector_up_ratio"": 0, ""sector_amount_rank"": 0, ""zt_score"": 15, ""pct_score"": 10.0, ""up_ratio_score"": 10, ""amount_score"": 5}"
576,000078.SZ,20260401,8.0,4.0,4.0,8.0,6.0,5.0,5.0,2.0,5.0,8.0,0.0,54.74,10:18:36,0.0,0.2703,0.0122,2.24,4.53,0.0,-9485.27,164,1,5.72,,,,,,3.7397142857142853,"{""industry"": ""医药商业"", ""industry_zt_count"": 1, ""sector_pct_change"": 1.77, ""sector_up_ratio"": 0.94, ""sector_amount_rank"": 84, ""zt_score"": 5, ""pct_score"": 13.5, ""up_ratio_score"": 18.9, ""amount_score"": 0}"
572,000534.SZ,20260401,8.666666666666666,6.0,2.0,4.0,6.0,5.0,5.0,2.0,8.0,8.0,0.0,55.52,09:45:12,0.0,0.3165,0.0073,0.48,2.31,0.0,-6960.95,164,2,5.94,,,,,,4.924,"{""industry"": ""生物制品"", ""industry_zt_count"": 2, ""sector_pct_change"": 4.62, ""sector_up_ratio"": 1.0, ""sector_amount_rank"": 26, ""zt_score"": 10, ""pct_score"": 19.2, ""up_ratio_score"": 20.0, ""amount_score"": 0}"
555,000788.SZ,20260401,8.0,4.0,4.0,6.0,10.0,5.0,7.0,2.0,10.0,6.0,0.0,64.58,10:36:00,0.0,0.2446,0.0264,5.11,10.81,0.0,688.22,164,6,6.26,,,,,,7.180149253731344,"{""industry"": ""化学制药"", ""industry_zt_count"": 6, ""sector_pct_change"": 5.05, ""sector_up_ratio"": 0.99, ""sector_amount_rank"": 17, ""zt_score"": 30, ""pct_score"": 20.1, ""up_ratio_score"": 19.7, ""amount_score"": 2.0}"
594,000815.SZ,20260401,8.666666666666666,2.0,2.0,4.0,10.0,4.0,5.0,2.0,2.0,8.0,0.0,46.8,09:41:24,0.0,0.0998,0.0098,0.46,9.81,166582738.2,-30591.66,164,1,4.28,,,,,,3.0,"{""industry"": ""IT服务Ⅱ"", ""industry_zt_count"": 1, ""sector_pct_change"": 0, ""sector_up_ratio"": 0, ""sector_amount_rank"": 0, ""zt_score"": 5, ""pct_score"": 10.0, ""up_ratio_score"": 10, ""amount_score"": 5}"
570,002083.SZ,20260401,8.0,2.0,2.0,6.0,10.0,5.0,9.0,2.0,5.0,8.0,0.0,55.6,10:51:30,0.0,0.074,0.0056,1.08,7.57,0.0,10985.81,164,1,5.46,,,,,,3.3982352941176472,"{""industry"": ""纺织制造"", ""industry_zt_count"": 1, ""sector_pct_change"": 1.55, ""sector_up_ratio"": 0.79, ""sector_amount_rank"": 128, ""zt_score"": 5, ""pct_score"": 13.1, ""up_ratio_score"": 15.9, ""amount_score"": 0}"
581,002269.SZ,20260401,7.666666666666667,2.0,2.0,8.0,10.0,5.0,5.0,2.0,5.0,8.0,0.0,53.05,09:25:00,1.0,0.0849,0.0049,2.47,5.72,0.0,-23290.45,164,1,5.95,,,,,,3.650814814814815,"{""industry"": ""服装家纺"", ""industry_zt_count"": 1, ""sector_pct_change"": 1.68, ""sector_up_ratio"": 0.91, ""sector_amount_rank"": 98, ""zt_score"": 5, ""pct_score"": 13.4, ""up_ratio_score"": 18.1, ""amount_score"": 0}"
591,002408.SZ,20260401,7.0,4.0,2.0,6.0,6.0,5.0,9.0,2.0,2.0,6.0,0.0,49.2,13:25:57,0.0,0.144,0.0051,1.69,3.58,0.0,15741.66,164,1,6.14,,,,,,3.0,"{""industry"": ""炼化及贸"", ""industry_zt_count"": 1, ""sector_pct_change"": 0, ""sector_up_ratio"": 0, ""sector_amount_rank"": 0, ""zt_score"": 5, ""pct_score"": 10.0, ""up_ratio_score"": 10, ""amount_score"": 5}"
582,002432.SZ,20260401,9.333333333333334,4.0,2.0,4.0,6.0,5.0,5.0,2.0,7.0,8.0,0.0,53.02,09:32:36,0.0,0.2664,0.0083,0.29,3.1,0.0,-36914.07,164,2,5.56,,,,,,4.419076923076924,"{""industry"": ""医疗器械"", ""industry_zt_count"": 2, ""sector_pct_change"": 2.48, ""sector_up_ratio"": 0.96, ""sector_amount_rank"": 52, ""zt_score"": 10, ""pct_score"": 15.0, ""up_ratio_score"": 19.2, ""amount_score"": 0}"
593,002558.SZ,20260401,6.333333333333333,2.0,2.0,6.0,6.0,6.0,8.0,2.0,3.0,6.0,0.0,47.9,13:31:36,0.0,0.066,0.0019,1.94,2.84,-118574871.3,14511.75,164,2,6.56,,,,,,3.5,"{""industry"": ""游戏Ⅱ"", ""industry_zt_count"": 2, ""sector_pct_change"": 0, ""sector_up_ratio"": 0, ""sector_amount_rank"": 0, ""zt_score"": 10, ""pct_score"": 10.0, ""up_ratio_score"": 10, ""amount_score"": 5}"
563,002560.SZ,20260401,8.0,2.0,4.0,10.0,8.0,10.0,5.0,2.0,5.0,3.0,0.0,58.78,09:33:12,2.0,0.0758,0.0138,3.17,18.25,183510230.2,-34127.51,164,1,9.67,,,,,,3.584140845070422,"{""industry"": ""电网设备"", ""industry_zt_count"": 1, ""sector_pct_change"": 1.47, ""sector_up_ratio"": 0.85, ""sector_amount_rank"": 19, ""zt_score"": 5, ""pct_score"": 12.9, ""up_ratio_score"": 16.9, ""amount_score"": 1.0}"
583,002579.SZ,20260401,7.666666666666667,4.0,4.0,6.0,10.0,5.0,5.0,2.0,2.0,8.0,0.0,52.8,09:37:33,1.0,0.1359,0.0105,1.4,7.7,0.0,-19355.02,164,1,4.77,,,,,,3.0,"{""industry"": ""元件"", ""industry_zt_count"": 1, ""sector_pct_change"": 0, ""sector_up_ratio"": 0, ""sector_amount_rank"": 0, ""zt_score"": 5, ""pct_score"": 10.0, ""up_ratio_score"": 10, ""amount_score"": 5}"
587,002624.SZ,20260401,8.0,4.0,2.0,6.0,6.0,5.0,7.0,2.0,3.0,8.0,0.0,50.9,10:58:51,0.0,0.1235,0.0046,1.9,3.76,0.0,2387.87,164,2,5.76,,,,,,3.5,"{""industry"": ""游戏Ⅱ"", ""industry_zt_count"": 2, ""sector_pct_change"": 0, ""sector_up_ratio"": 0, ""sector_amount_rank"": 0, ""zt_score"": 10, ""pct_score"": 10.0, ""up_ratio_score"": 10, ""amount_score"": 5}"
553,002639.SZ,20260401,5.666666666666667,4.0,4.0,10.0,8.0,12.0,8.0,2.0,6.0,6.0,0.0,66.78,14:37:06,0.0,0.1104,0.0197,3.08,17.82,230237681.77,11288.85,164,2,6.09,,,,,,4.375186991869919,"{""industry"": ""通用设备"", ""industry_zt_count"": 2, ""sector_pct_change"": 1.88, ""sector_up_ratio"": 0.85, ""sector_amount_rank"": 15, ""zt_score"": 10, ""pct_score"": 13.8, ""up_ratio_score"": 17.0, ""amount_score"": 3.0}"
568,002645.SZ,20260401,8.666666666666666,4.0,2.0,6.0,10.0,5.0,5.0,2.0,7.0,8.0,0.0,56.53,09:50:27,0.0,0.1176,0.0065,1.17,5.5,0.0,-8711.45,164,1,5.88,,,,,,3.9297777777777783,"{""industry"": ""环保设备"", ""industry_zt_count"": 1, ""sector_pct_change"": 3.26, ""sector_up_ratio"": 0.89, ""sector_amount_rank"": 119, ""zt_score"": 5, ""pct_score"": 16.5, ""up_ratio_score"": 17.8, ""amount_score"": 0}"
551,002821.SZ,20260401,8.333333333333334,2.0,2.0,10.0,10.0,10.0,8.0,2.0,8.0,3.0,10.0,75.2,10:32:06,1.0,0.0687,0.004,3.05,5.79,18539801.83,16068.75,164,2,9.67,,,,,,4.996962962962963,"{""industry"": ""医疗服务"", ""industry_zt_count"": 2, ""sector_pct_change"": 5.17, ""sector_up_ratio"": 0.98, ""sector_amount_rank"": 29, ""zt_score"": 10, ""pct_score"": 20.3, ""up_ratio_score"": 19.6, ""amount_score"": 0}"
550,002902.SZ,20260401,9.333333333333334,8.0,8.0,4.0,10.0,5.0,5.0,2.0,9.0,8.0,10.0,80.31,09:30:00,0.0,0.6955,0.0627,0.33,9.01,0.0,-28403.07,164,3,3.13,,,,,,5.70979104477612,"{""industry"": ""通信设备"", ""industry_zt_count"": 3, ""sector_pct_change"": 3.34, ""sector_up_ratio"": 0.82, ""sector_amount_rank"": 3, ""zt_score"": 15, ""pct_score"": 16.7, ""up_ratio_score"": 16.4, ""amount_score"": 9.0}"
559,002923.SZ,20260401,8.666666666666666,8.0,4.0,4.0,6.0,5.0,5.0,2.0,10.0,6.0,0.0,62.58,09:36:03,0.0,0.7875,0.0258,0.9,3.27,0.0,-3832.05,164,6,6.09,,,,,,7.180149253731344,"{""industry"": ""化学制药"", ""industry_zt_count"": 6, ""sector_pct_change"": 5.05, ""sector_up_ratio"": 0.99, ""sector_amount_rank"": 17, ""zt_score"": 30, ""pct_score"": 20.1, ""up_ratio_score"": 19.7, ""amount_score"": 2.0}"
557,002940.SZ,20260401,8.0,4.0,4.0,8.0,10.0,5.0,5.0,2.0,10.0,6.0,0.0,64.18,10:05:54,0.0,0.1381,0.0155,2.05,11.25,0.0,-10422.61,164,6,6.91,,,,,,7.180149253731344,"{""industry"": ""化学制药"", ""industry_zt_count"": 6, ""sector_pct_change"": 5.05, ""sector_up_ratio"": 0.99, ""sector_amount_rank"": 17, ""zt_score"": 30, ""pct_score"": 20.1, ""up_ratio_score"": 19.7, ""amount_score"": 2.0}"
554,300149.SZ,20260401,8.0,4.0,4.0,10.0,10.0,10.0,5.0,2.0,8.0,1.0,0.0,65.0,10:15:06,0.0,0.1212,0.0172,4.82,14.17,143349614.16,-13137.25,164,2,12.47,,,,,,4.996962962962963,"{""industry"": ""医疗服务"", ""industry_zt_count"": 2, ""sector_pct_change"": 5.17, ""sector_up_ratio"": 0.98, ""sector_amount_rank"": 29, ""zt_score"": 10, ""pct_score"": 20.3, ""up_ratio_score"": 19.6, ""amount_score"": 0}"
556,300436.SZ,20260401,8.0,2.0,2.0,8.0,10.0,8.0,9.0,2.0,10.0,1.0,0.0,64.38,11:00:30,0.0,0.083,0.009,2.24,10.91,222184194.3,36945.34,164,6,12.12,,,,,,7.180149253731344,"{""industry"": ""化学制药"", ""industry_zt_count"": 6, ""sector_pct_change"": 5.05, ""sector_up_ratio"": 0.99, ""sector_amount_rank"": 17, ""zt_score"": 30, ""pct_score"": 20.1, ""up_ratio_score"": 19.7, ""amount_score"": 2.0}"
577,300834.SZ,20260401,8.0,4.0,2.0,10.0,10.0,5.0,5.0,2.0,6.0,1.0,0.0,53.86,09:30:00,2.0,0.1057,0.0098,4.42,9.28,0.0,-37704.46,164,1,18.68,,,,,,3.8589462365591403,"{""industry"": ""塑料"", ""industry_zt_count"": 1, ""sector_pct_change"": 2.87, ""sector_up_ratio"": 0.89, ""sector_amount_rank"": 37, ""zt_score"": 5, ""pct_score"": 15.7, ""up_ratio_score"": 17.8, ""amount_score"": 0}"
565,301188.SZ,20260401,5.666666666666667,2.0,2.0,6.0,10.0,10.0,9.0,2.0,7.0,1.0,0.0,57.22,14:54:18,0.0,0.056,0.0074,7.41,13.29,13942517.67,19484.25,164,2,13.42,,,,,,4.419076923076924,"{""industry"": ""医疗器械"", ""industry_zt_count"": 2, ""sector_pct_change"": 2.48, ""sector_up_ratio"": 0.96, ""sector_amount_rank"": 52, ""zt_score"": 10, ""pct_score"": 15.0, ""up_ratio_score"": 19.2, ""amount_score"": 0}"
574,301312.SZ,20260401,7.0,2.0,4.0,6.0,8.0,10.0,9.0,2.0,2.0,3.0,0.0,55.4,13:25:21,0.0,0.0638,0.0109,1.49,17.14,78736186.01,23619.75,164,1,9.94,,,,,,3.0,"{""industry"": ""自动化设"", ""industry_zt_count"": 1, ""sector_pct_change"": 0, ""sector_up_ratio"": 0, ""sector_amount_rank"": 0, ""zt_score"": 5, ""pct_score"": 10.0, ""up_ratio_score"": 10, ""amount_score"": 5}"
552,600105.SH,20260401,6.333333333333333,2.0,2.0,8.0,8.0,5.0,9.0,2.0,9.0,6.0,10.0,67.91,13:41:50,0.0,0.0451,0.007,2.0,15.63,0.0,162410.04,164,3,6.5,,,,,,5.70979104477612,"{""industry"": ""通信设备"", ""industry_zt_count"": 3, ""sector_pct_change"": 3.34, ""sector_up_ratio"": 0.82, ""sector_amount_rank"": 3, ""zt_score"": 15, ""pct_score"": 16.7, ""up_ratio_score"": 16.4, ""amount_score"": 9.0}"
562,600249.SH,20260401,8.666666666666666,10.0,6.0,4.0,6.0,7.0,5.0,2.0,3.0,6.0,0.0,60.1,09:25:03,0.0,2.3581,0.0307,0.25,1.3,17106152.5,-5015.34,164,2,8.46,,,,,,3.5,"{""industry"": ""个护用品"", ""industry_zt_count"": 2, ""sector_pct_change"": 0, ""sector_up_ratio"": 0, ""sector_amount_rank"": 0, ""zt_score"": 10, ""pct_score"": 10.0, ""up_ratio_score"": 10, ""amount_score"": 5}"
569,600545.SH,20260401,8.666666666666666,6.0,4.0,4.0,6.0,5.0,5.0,2.0,7.0,8.0,0.0,56.51,09:36:47,0.0,0.304,0.0135,0.72,4.43,0.0,-7368.84,164,2,5.63,,,,,,4.314593886462882,"{""industry"": ""专用设备"", ""industry_zt_count"": 2, ""sector_pct_change"": 2.24, ""sector_up_ratio"": 0.91, ""sector_amount_rank"": 20, ""zt_score"": 10, ""pct_score"": 14.5, ""up_ratio_score"": 18.2, ""amount_score"": 0.5}"
596,600594.SH,20260401,6.0,2.0,2.0,6.0,10.0,3.0,5.0,2.0,2.0,6.0,0.0,42.8,10:14:19,2.0,0.0803,0.0092,7.02,11.51,-8132058.42,-1387.76,164,1,6.78,,,,,,3.0,"{""industry"": ""中药Ⅱ"", ""industry_zt_count"": 1, ""sector_pct_change"": 0, ""sector_up_ratio"": 0, ""sector_amount_rank"": 0, ""zt_score"": 5, ""pct_score"": 10.0, ""up_ratio_score"": 10, ""amount_score"": 5}"
567,600643.SH,20260401,8.0,4.0,4.0,6.0,6.0,6.0,9.0,2.0,4.0,8.0,0.0,56.85,10:08:30,0.0,0.2868,0.0116,1.25,4.05,75206311.0,5582.65,164,1,4.32,,,,,,3.0514545454545456,"{""industry"": ""多元金融"", ""industry_zt_count"": 1, ""sector_pct_change"": 0.03, ""sector_up_ratio"": 0.77, ""sector_amount_rank"": 97, ""zt_score"": 5, ""pct_score"": 10.1, ""up_ratio_score"": 15.5, ""amount_score"": 0}"
584,600724.SH,20260401,9.0,4.0,2.0,8.0,6.0,7.0,5.0,2.0,2.0,8.0,0.0,52.8,09:34:50,1.0,0.1397,0.0039,2.27,2.77,1101003.22,-4204.79,164,1,4.61,,,,,,3.0,"{""industry"": ""房地产服务"", ""industry_zt_count"": 1, ""sector_pct_change"": 0, ""sector_up_ratio"": 0, ""sector_amount_rank"": 0, ""zt_score"": 5, ""pct_score"": 10.0, ""up_ratio_score"": 10, ""amount_score"": 5}"
561,600851.SH,20260401,8.0,4.0,2.0,6.0,6.0,5.0,9.0,2.0,10.0,6.0,0.0,60.98,10:17:36,0.0,0.2942,0.0068,1.37,2.3,0.0,736.11,164,6,6.38,,,,,,7.180149253731344,"{""industry"": ""化学制药"", ""industry_zt_count"": 6, ""sector_pct_change"": 5.05, ""sector_up_ratio"": 0.99, ""sector_amount_rank"": 17, ""zt_score"": 30, ""pct_score"": 20.1, ""up_ratio_score"": 19.7, ""amount_score"": 2.0}"
560,601133.SH,20260401,8.666666666666666,6.0,6.0,4.0,10.0,5.0,5.0,2.0,6.0,8.0,0.0,61.0,09:42:59,0.0,0.3098,0.0338,0.59,10.92,0.0,-2637.03,164,2,4.43,,,,,,3.9969302325581397,"{""industry"": ""专业工程"", ""industry_zt_count"": 2, ""sector_pct_change"": 1.38, ""sector_up_ratio"": 0.86, ""sector_amount_rank"": 71, ""zt_score"": 10, ""pct_score"": 12.8, ""up_ratio_score"": 17.2, ""amount_score"": 0}"
573,601515.SH,20260401,6.333333333333333,4.0,2.0,8.0,6.0,5.0,9.0,2.0,6.0,8.0,0.0,55.45,14:07:41,0.0,0.156,0.0061,2.01,3.93,0.0,6837.45,164,2,5.65,,,,,,4.048,"{""industry"": ""包装印刷"", ""industry_zt_count"": 2, ""sector_pct_change"": 1.49, ""sector_up_ratio"": 0.88, ""sector_amount_rank"": 70, ""zt_score"": 10, ""pct_score"": 13.0, ""up_ratio_score"": 17.5, ""amount_score"": 0}"
579,601579.SH,20260401,8.0,4.0,2.0,10.0,6.0,5.0,9.0,2.0,2.0,6.0,0.0,53.6,10:10:13,0.0,0.2228,0.0087,3.69,3.92,0.0,3238.32,164,1,6.34,,,,,,3.0,"{""industry"": ""非白酒"", ""industry_zt_count"": 1, ""sector_pct_change"": 0, ""sector_up_ratio"": 0, ""sector_amount_rank"": 0, ""zt_score"": 5, ""pct_score"": 10.0, ""up_ratio_score"": 10, ""amount_score"": 5}"
566,603121.SH,20260401,7.0,6.0,2.0,6.0,6.0,5.0,7.0,2.0,8.0,8.0,0.0,57.18,13:03:38,0.0,0.3598,0.0094,1.25,2.61,0.0,218.73,164,3,5.86,,,,,,4.9790624999999995,"{""industry"": ""汽车零部件"", ""industry_zt_count"": 3, ""sector_pct_change"": 2.2, ""sector_up_ratio"": 0.89, ""sector_amount_rank"": 16, ""zt_score"": 15, ""pct_score"": 14.4, ""up_ratio_score"": 17.9, ""amount_score"": 2.5}"
558,603158.SH,20260401,7.0,4.0,4.0,6.0,10.0,5.0,9.0,2.0,8.0,8.0,0.0,62.78,13:07:52,0.0,0.2964,0.0203,1.27,6.84,0.0,8499.56,164,3,5.56,,,,,,4.9790624999999995,"{""industry"": ""汽车零部件"", ""industry_zt_count"": 3, ""sector_pct_change"": 2.2, ""sector_up_ratio"": 0.89, ""sector_amount_rank"": 16, ""zt_score"": 15, ""pct_score"": 14.4, ""up_ratio_score"": 17.9, ""amount_score"": 2.5}"
589,603193.SH,20260401,5.0,4.0,4.0,6.0,10.0,5.0,5.0,2.0,3.0,6.0,0.0,49.7,13:02:44,2.0,0.1551,0.0169,5.83,10.87,0.0,-396.13,164,2,7.77,,,,,,3.5,"{""industry"": ""个护用品"", ""industry_zt_count"": 2, ""sector_pct_change"": 0, ""sector_up_ratio"": 0, ""sector_amount_rank"": 0, ""zt_score"": 10, ""pct_score"": 10.0, ""up_ratio_score"": 10, ""amount_score"": 5}"
580,603248.SH,20260401,9.0,4.0,6.0,4.0,4.0,5.0,5.0,2.0,5.0,8.0,0.0,53.31,09:39:11,1.0,0.1482,0.0371,0.99,25.02,72335932.75,-11229.69,164,2,4.93,,,,,,3.5058709677419357,"{""industry"": ""风电设备"", ""industry_zt_count"": 2, ""sector_pct_change"": 0.11, ""sector_up_ratio"": 0.74, ""sector_amount_rank"": 47, ""zt_score"": 10, ""pct_score"": 10.2, ""up_ratio_score"": 14.8, ""amount_score"": 0}"
592,603727.SH,20260401,8.0,4.0,4.0,4.0,6.0,5.0,5.0,2.0,4.0,8.0,0.0,49.14,10:50:45,0.0,0.283,0.0128,0.76,4.53,0.0,-3817.18,164,1,4.31,,,,,,2.1422857142857143,"{""industry"": ""油服工程"", ""industry_zt_count"": 1, ""sector_pct_change"": -0.36, ""sector_up_ratio"": 0.36, ""sector_amount_rank"": 94, ""zt_score"": 5, ""pct_score"": 9.3, ""up_ratio_score"": 7.1, ""amount_score"": 0}"
590,603778.SH,20260401,7.333333333333333,2.0,2.0,6.0,8.0,5.0,7.0,2.0,4.0,6.0,0.0,49.41,10:53:30,2.0,0.0229,0.0039,1.05,16.86,0.0,7744.7,164,1,6.04,,,,,,3.6064383561643836,"{""industry"": ""光伏设备"", ""industry_zt_count"": 1, ""sector_pct_change"": -0.3, ""sector_up_ratio"": 0.81, ""sector_amount_rank"": 10, ""zt_score"": 5, ""pct_score"": 9.4, ""up_ratio_score"": 16.2, ""amount_score"": 5.5}"
586,603912.SH,20260401,6.666666666666667,2.0,2.0,6.0,10.0,5.0,5.0,2.0,6.0,8.0,0.0,51.78,09:58:42,2.0,0.0303,0.0031,1.61,10.2,0.0,-7077.37,164,2,5.6,,,,,,4.375186991869919,"{""industry"": ""通用设备"", ""industry_zt_count"": 2, ""sector_pct_change"": 1.88, ""sector_up_ratio"": 0.85, ""sector_amount_rank"": 15, ""zt_score"": 10, ""pct_score"": 13.8, ""up_ratio_score"": 17.0, ""amount_score"": 3.0}"
571,603937.SH,20260401,8.0,4.0,4.0,4.0,10.0,5.0,5.0,2.0,6.0,8.0,0.0,55.53,10:37:23,0.0,0.2401,0.0186,0.75,7.75,0.0,-1399.13,164,1,4.76,,,,,,3.7337704918032784,"{""industry"": ""工业金属"", ""industry_zt_count"": 1, ""sector_pct_change"": 2.55, ""sector_up_ratio"": 0.79, ""sector_amount_rank"": 18, ""zt_score"": 5, ""pct_score"": 15.1, ""up_ratio_score"": 15.7, ""amount_score"": 1.5}"
575,603949.SH,20260401,7.666666666666667,2.0,2.0,6.0,10.0,5.0,5.0,2.0,8.0,8.0,0.0,55.18,09:47:53,1.0,0.0703,0.0061,1.2,8.66,0.0,-1208.69,164,3,5.32,,,,,,4.9790624999999995,"{""industry"": ""汽车零部件"", ""industry_zt_count"": 3, ""sector_pct_change"": 2.2, ""sector_up_ratio"": 0.89, ""sector_amount_rank"": 16, ""zt_score"": 15, ""pct_score"": 14.4, ""up_ratio_score"": 17.9, ""amount_score"": 2.5}"
564,603985.SH,20260401,7.0,2.0,4.0,6.0,10.0,5.0,10.0,2.0,5.0,8.0,0.0,57.91,13:20:01,0.0,0.0982,0.0108,1.55,10.99,0.0,16832.97,164,2,5.45,,,,,,3.5058709677419357,"{""industry"": ""风电设备"", ""industry_zt_count"": 2, ""sector_pct_change"": 0.11, ""sector_up_ratio"": 0.74, ""sector_amount_rank"": 47, ""zt_score"": 10, ""pct_score"": 10.2, ""up_ratio_score"": 14.8, ""amount_score"": 0}"
578,605006.SH,20260401,8.666666666666666,4.0,2.0,6.0,6.0,5.0,5.0,2.0,7.0,8.0,0.0,53.61,09:33:18,0.0,0.2198,0.0062,1.01,2.81,0.0,-5531.67,164,1,5.11,,,,,,4.210352941176471,"{""industry"": ""玻璃玻纤"", ""industry_zt_count"": 1, ""sector_pct_change"": 4.14, ""sector_up_ratio"": 0.94, ""sector_amount_rank"": 49, ""zt_score"": 5, ""pct_score"": 18.3, ""up_ratio_score"": 18.8, ""amount_score"": 0}"
595,605162.SH,20260401,7.333333333333333,2.0,2.0,6.0,10.0,5.0,5.0,2.0,4.0,3.0,0.0,46.21,10:22:55,2.0,0.0424,0.0055,1.82,12.98,12042008.57,-686.45,164,1,9.68,,,,,,2.613373493975904,"{""industry"": ""电力"", ""industry_zt_count"": 1, ""sector_pct_change"": -0.65, ""sector_up_ratio"": 0.42, ""sector_amount_rank"": 13, ""zt_score"": 5, ""pct_score"": 8.7, ""up_ratio_score"": 8.4, ""amount_score"": 4.0}"
585,605287.SH,20260401,7.0,4.0,2.0,6.0,10.0,5.0,5.0,2.0,5.0,8.0,0.0,51.98,10:33:34,1.0,0.1612,0.0087,1.58,5.41,0.0,-6795.92,164,1,5.64,,,,,,2.981818181818182,"{""industry"": ""装修装饰"", ""industry_zt_count"": 1, ""sector_pct_change"": 1.5, ""sector_up_ratio"": 0.59, ""sector_amount_rank"": 134, ""zt_score"": 5, ""pct_score"": 13.0, ""up_ratio_score"": 11.8, ""amount_score"": 0}"
588,605289.SH,20260401,7.666666666666667,4.0,2.0,4.0,6.0,5.0,5.0,2.0,6.0,8.0,0.0,49.8,09:40:53,1.0,0.1918,0.0078,0.98,4.05,0.0,-7360.42,164,2,4.22,,,,,,3.9969302325581397,"{""industry"": ""专业工程"", ""industry_zt_count"": 2, ""sector_pct_change"": 1.38, ""sector_up_ratio"": 0.86, ""sector_amount_rank"": 71, ""zt_score"": 10, ""pct_score"": 12.8, ""up_ratio_score"": 17.2, ""amount_score"": 0}"
509,000008.SZ,20260331,10.0,6.0,4.0,8.0,10.0,9.0,7.0,2.0,9.0,3.0,10.0,81.2,09:31:18,0.0,0.4051,0.0239,2.9,5.9,172717865.52,527.86,164,4,9.73,,,,,,5.598181818181818,"{""industry"": ""轨交设备"", ""industry_zt_count"": 4, ""sector_pct_change"": 3.9, ""sector_up_ratio"": 0.91, ""sector_amount_rank"": 82, ""zt_score"": 20, ""pct_score"": 17.8, ""up_ratio_score"": 18.2, ""amount_score"": 0}"
539,000030.SZ,20260331,7.0,4.0,2.0,10.0,6.0,5.0,5.0,2.0,6.0,6.0,0.0,51.71,13:27:00,0.0,0.1654,0.0049,4.73,2.97,0.0,-9008.84,164,3,6.72,,,,,,3.1086771653543304,"{""industry"": ""汽车零部件"", ""industry_zt_count"": 3, ""sector_pct_change"": -0.62, ""sector_up_ratio"": 0.29, ""sector_amount_rank"": 18, ""zt_score"": 15, ""pct_score"": 8.8, ""up_ratio_score"": 5.8, ""amount_score"": 1.5}"
525,000037.SZ,20260331,8.333333333333334,2.0,4.0,6.0,6.0,5.0,8.0,2.0,7.0,8.0,0.0,56.68,13:09:45,0.0,0.0826,0.0191,1.1,23.1,0.0,4853.98,164,6,4.83,,,,,,4.284095238095238,"{""industry"": ""电力"", ""industry_zt_count"": 6, ""sector_pct_change"": -2.02, ""sector_up_ratio"": 0.12, ""sector_amount_rank"": 12, ""zt_score"": 30, ""pct_score"": 6.0, ""up_ratio_score"": 2.4, ""amount_score"": 4.5}"
515,000070.SZ,20260331,6.333333333333333,2.0,2.0,6.0,8.0,14.0,9.0,2.0,4.0,6.0,0.0,60.15,13:50:48,0.0,0.0547,0.0092,1.88,16.83,160077246.2,23296.46,164,1,7.53,,,,,,2.747480916030534,"{""industry"": ""通信设备"", ""industry_zt_count"": 1, ""sector_pct_change"": -0.65, ""sector_up_ratio"": 0.21, ""sector_amount_rank"": 2, ""zt_score"": 5, ""pct_score"": 8.7, ""up_ratio_score"": 4.3, ""amount_score"": 9.5}"
517,000631.SZ,20260331,8.666666666666666,4.0,2.0,10.0,10.0,5.0,6.0,2.0,7.0,6.0,0.0,59.88,09:25:00,0.0,0.1455,0.0073,4.46,5.01,0.0,-48407.23,164,6,6.04,,,,,,4.284095238095238,"{""industry"": ""电力"", ""industry_zt_count"": 6, ""sector_pct_change"": -2.02, ""sector_up_ratio"": 0.12, ""sector_amount_rank"": 12, ""zt_score"": 30, ""pct_score"": 6.0, ""up_ratio_score"": 2.4, ""amount_score"": 4.5}"
528,000678.SZ,20260331,7.0,4.0,4.0,8.0,10.0,5.0,5.0,2.0,6.0,6.0,0.0,55.71,13:30:15,0.0,0.2256,0.0119,2.46,5.28,0.0,-8277.6,164,3,6.22,,,,,,3.1086771653543304,"{""industry"": ""汽车零部件"", ""industry_zt_count"": 3, ""sector_pct_change"": -0.62, ""sector_up_ratio"": 0.29, ""sector_amount_rank"": 18, ""zt_score"": 15, ""pct_score"": 8.8, ""up_ratio_score"": 5.8, ""amount_score"": 1.5}"
549,000863.SZ,20260331,7.666666666666667,4.0,2.0,6.0,6.0,5.0,5.0,2.0,4.0,6.0,0.0,46.13,09:40:00,1.0,0.2554,0.0082,1.95,3.2,0.0,-6583.63,164,1,6.4,,,,,,1.5264102564102564,"{""industry"": ""房地产开发"", ""industry_zt_count"": 1, ""sector_pct_change"": -1.15, ""sector_up_ratio"": 0.13, ""sector_amount_rank"": 70, ""zt_score"": 5, ""pct_score"": 7.7, ""up_ratio_score"": 2.6, ""amount_score"": 0}"
527,000927.SZ,20260331,9.333333333333334,4.0,2.0,4.0,6.0,5.0,5.0,2.0,9.0,8.0,0.0,55.8,09:34:21,0.0,0.1771,0.0053,0.59,2.99,0.0,-12863.02,164,4,5.36,,,,,,5.598181818181818,"{""industry"": ""轨交设备"", ""industry_zt_count"": 4, ""sector_pct_change"": 3.9, ""sector_up_ratio"": 0.91, ""sector_amount_rank"": 82, ""zt_score"": 20, ""pct_score"": 17.8, ""up_ratio_score"": 18.2, ""amount_score"": 0}"
521,000993.SZ,20260331,8.666666666666666,4.0,4.0,4.0,10.0,5.0,5.0,2.0,7.0,8.0,0.0,57.68,09:34:12,0.0,0.2796,0.0237,0.54,8.48,0.0,-36840.76,164,6,3.21,,,,,,4.284095238095238,"{""industry"": ""电力"", ""industry_zt_count"": 6, ""sector_pct_change"": -2.02, ""sector_up_ratio"": 0.12, ""sector_amount_rank"": 12, ""zt_score"": 30, ""pct_score"": 6.0, ""up_ratio_score"": 2.4, ""amount_score"": 4.5}"
512,001239.SZ,20260331,8.0,8.0,6.0,6.0,10.0,5.0,5.0,2.0,5.0,6.0,0.0,60.82,10:01:18,0.0,0.5488,0.0347,1.57,6.33,0.0,-1281.95,164,2,6.75,,,,,,3.0244444444444447,"{""industry"": ""工程机械"", ""industry_zt_count"": 2, ""sector_pct_change"": 0.4, ""sector_up_ratio"": 0.47, ""sector_amount_rank"": 67, ""zt_score"": 10, ""pct_score"": 10.8, ""up_ratio_score"": 9.4, ""amount_score"": 0}"
534,002263.SZ,20260331,7.666666666666667,2.0,4.0,8.0,6.0,5.0,8.0,2.0,6.0,6.0,0.0,53.71,13:20:45,0.0,0.0509,0.0118,2.32,23.25,0.0,12186.41,164,3,6.7,,,,,,2.5051489361702126,"{""industry"": ""塑料"", ""industry_zt_count"": 3, ""sector_pct_change"": -1.57, ""sector_up_ratio"": 0.16, ""sector_amount_rank"": 51, ""zt_score"": 15, ""pct_score"": 6.9, ""up_ratio_score"": 3.2, ""amount_score"": 0}"
523,002342.SZ,20260331,7.666666666666667,2.0,4.0,6.0,8.0,10.0,5.0,2.0,6.0,6.0,0.0,57.15,09:40:03,1.0,0.0729,0.0132,1.48,18.11,343380257.09,-3443.45,164,3,8.38,,,,,,2.947,"{""industry"": ""通用设备"", ""industry_zt_count"": 3, ""sector_pct_change"": -1.39, ""sector_up_ratio"": 0.24, ""sector_amount_rank"": 16, ""zt_score"": 15, ""pct_score"": 7.2, ""up_ratio_score"": 4.8, ""amount_score"": 2.5}"
531,002454.SZ,20260331,8.666666666666666,6.0,4.0,6.0,6.0,5.0,5.0,2.0,6.0,6.0,0.0,54.91,09:30:57,0.0,0.4963,0.0112,1.71,2.27,0.0,-3112.04,164,3,6.62,,,,,,3.1086771653543304,"{""industry"": ""汽车零部件"", ""industry_zt_count"": 3, ""sector_pct_change"": -0.62, ""sector_up_ratio"": 0.29, ""sector_amount_rank"": 18, ""zt_score"": 15, ""pct_score"": 8.8, ""up_ratio_score"": 5.8, ""amount_score"": 1.5}"
529,002542.SZ,20260331,8.666666666666666,8.0,4.0,8.0,6.0,5.0,5.0,2.0,4.0,6.0,0.0,55.17,09:32:12,0.0,0.596,0.0125,2.01,2.09,0.0,-8472.98,164,1,6.84,,,,,,1.3746829268292682,"{""industry"": ""专业工程"", ""industry_zt_count"": 1, ""sector_pct_change"": -2.09, ""sector_up_ratio"": 0.15, ""sector_amount_rank"": 76, ""zt_score"": 5, ""pct_score"": 5.8, ""up_ratio_score"": 2.9, ""amount_score"": 0}"
518,002560.SZ,20260331,8.666666666666666,4.0,4.0,8.0,10.0,5.0,8.0,2.0,5.0,6.0,0.0,59.09,09:54:21,0.0,0.2041,0.0249,2.83,12.19,0.0,2600.81,164,2,6.87,,,,,,2.286281690140845,"{""industry"": ""电网设备"", ""industry_zt_count"": 2, ""sector_pct_change"": -2.22, ""sector_up_ratio"": 0.19, ""sector_amount_rank"": 14, ""zt_score"": 10, ""pct_score"": 5.6, ""up_ratio_score"": 3.8, ""amount_score"": 3.5}"
540,002565.SZ,20260331,8.666666666666666,4.0,4.0,4.0,10.0,5.0,5.0,2.0,4.0,6.0,0.0,51.33,09:34:09,0.0,0.1373,0.015,0.48,10.92,0.0,-46614.79,164,1,6.87,,,,,,1.5268979591836735,"{""industry"": ""包装印刷"", ""industry_zt_count"": 1, ""sector_pct_change"": -1.09, ""sector_up_ratio"": 0.12, ""sector_amount_rank"": 79, ""zt_score"": 5, ""pct_score"": 7.8, ""up_ratio_score"": 2.4, ""amount_score"": 0}"
519,002578.SZ,20260331,10.0,4.0,4.0,8.0,10.0,8.0,5.0,2.0,4.0,3.0,0.0,57.99,09:30:03,0.0,0.1563,0.0144,2.99,9.23,86365136.0,-28874.61,164,1,9.75,,,,,,1.5875081967213114,"{""industry"": ""工业金属"", ""industry_zt_count"": 1, ""sector_pct_change"": -1.71, ""sector_up_ratio"": 0.11, ""sector_amount_rank"": 17, ""zt_score"": 5, ""pct_score"": 6.6, ""up_ratio_score"": 2.3, ""amount_score"": 2.0}"
538,002580.SZ,20260331,5.666666666666667,4.0,6.0,6.0,6.0,5.0,7.0,2.0,4.0,8.0,0.0,51.77,14:35:42,0.0,0.1942,0.0467,1.26,24.05,0.0,5357.86,164,1,5.89,,,,,,1.568857142857143,"{""industry"": ""电池"", ""industry_zt_count"": 1, ""sector_pct_change"": -3.62, ""sector_up_ratio"": 0.07, ""sector_amount_rank"": 8, ""zt_score"": 5, ""pct_score"": 2.8, ""up_ratio_score"": 1.4, ""amount_score"": 6.5}"
535,002634.SZ,20260331,9.0,2.0,2.0,6.0,10.0,10.0,5.0,2.0,4.0,3.0,0.0,53.32,09:31:36,1.0,0.0537,0.0042,1.76,7.82,31675278.66,-8520.97,164,1,9.65,,,,,,1.718,"{""industry"": ""服装家纺"", ""industry_zt_count"": 1, ""sector_pct_change"": -0.91, ""sector_up_ratio"": 0.2, ""sector_amount_rank"": 102, ""zt_score"": 5, ""pct_score"": 8.2, ""up_ratio_score"": 4.0, ""amount_score"": 0}"
537,002788.SZ,20260331,7.0,2.0,2.0,10.0,4.0,6.0,10.0,2.0,4.0,6.0,0.0,51.9,10:48:24,1.0,0.035,0.0092,4.93,26.44,-83959125.76,11472.37,164,1,8.82,,,,,,2.3018823529411767,"{""industry"": ""医药商业"", ""industry_zt_count"": 1, ""sector_pct_change"": 0.48, ""sector_up_ratio"": 0.35, ""sector_amount_rank"": 92, ""zt_score"": 5, ""pct_score"": 11.0, ""up_ratio_score"": 7.1, ""amount_score"": 0}"
542,002800.SZ,20260331,7.666666666666667,4.0,2.0,6.0,10.0,5.0,5.0,2.0,4.0,6.0,0.0,49.82,09:38:18,1.0,0.1414,0.0099,1.26,7.03,0.0,-5647.89,164,1,7.78,,,,,,2.018425531914894,"{""industry"": ""物流"", ""industry_zt_count"": 1, ""sector_pct_change"": 0.89, ""sector_up_ratio"": 0.17, ""sector_amount_rank"": 87, ""zt_score"": 5, ""pct_score"": 11.8, ""up_ratio_score"": 3.4, ""amount_score"": 0}"
532,002995.SZ,20260331,10.0,4.0,4.0,4.0,10.0,5.0,5.0,2.0,4.0,8.0,0.0,54.81,09:41:15,0.0,0.243,0.028,0.61,11.51,0.0,-11549.74,164,1,4.59,,,,,,2.2079999999999997,"{""industry"": ""广告营销"", ""industry_zt_count"": 1, ""sector_pct_change"": 0.54, ""sector_up_ratio"": 0.3, ""sector_amount_rank"": 45, ""zt_score"": 5, ""pct_score"": 11.1, ""up_ratio_score"": 6.0, ""amount_score"": 0}"
522,003033.SZ,20260331,7.0,6.0,4.0,10.0,10.0,5.0,5.0,2.0,3.0,6.0,0.0,57.3,13:18:03,0.0,0.362,0.022,3.94,6.08,0.0,-7113.42,164,2,7.78,,,,,,3.5,"{""industry"": ""摩托车及"", ""industry_zt_count"": 2, ""sector_pct_change"": 0, ""sector_up_ratio"": 0, ""sector_amount_rank"": 0, ""zt_score"": 10, ""pct_score"": 10.0, ""up_ratio_score"": 10, ""amount_score"": 5}"
514,300834.SZ,20260331,8.666666666666666,6.0,4.0,6.0,10.0,10.0,5.0,2.0,6.0,1.0,0.0,60.51,09:32:33,0.0,0.4204,0.0247,5.35,5.88,158486320.62,-3350.93,164,3,13.32,,,,,,2.5051489361702126,"{""industry"": ""塑料"", ""industry_zt_count"": 3, ""sector_pct_change"": -1.57, ""sector_up_ratio"": 0.16, ""sector_amount_rank"": 51, ""zt_score"": 15, ""pct_score"": 6.9, ""up_ratio_score"": 3.2, ""amount_score"": 0}"
524,300992.SZ,20260331,7.0,4.0,4.0,10.0,8.0,6.0,8.0,2.0,6.0,1.0,0.0,56.75,11:14:12,0.0,0.1088,0.0197,3.12,18.15,-14713108.2,4626.35,164,3,14.58,,,,,,2.947,"{""industry"": ""通用设备"", ""industry_zt_count"": 3, ""sector_pct_change"": -1.39, ""sector_up_ratio"": 0.24, ""sector_amount_rank"": 16, ""zt_score"": 15, ""pct_score"": 7.2, ""up_ratio_score"": 4.8, ""amount_score"": 2.5}"
530,301008.SZ,20260331,8.333333333333334,4.0,4.0,3.0,6.0,10.0,9.0,2.0,3.0,1.0,0.0,55.1,13:12:21,0.0,0.1063,0.0252,11.19,23.65,8871458.23,13232.72,164,2,18.68,,,,,,3.5,"{""industry"": ""家电零部"", ""industry_zt_count"": 2, ""sector_pct_change"": 0, ""sector_up_ratio"": 0, ""sector_amount_rank"": 0, ""zt_score"": 10, ""pct_score"": 10.0, ""up_ratio_score"": 10, ""amount_score"": 5}"
513,301048.SZ,20260331,8.0,2.0,2.0,6.0,10.0,10.0,7.0,2.0,9.0,1.0,0.0,60.8,10:09:42,0.0,0.0522,0.0046,8.05,8.77,90989449.38,23.5,164,4,15.06,,,,,,5.598181818181818,"{""industry"": ""轨交设备"", ""industry_zt_count"": 4, ""sector_pct_change"": 3.9, ""sector_up_ratio"": 0.91, ""sector_amount_rank"": 82, ""zt_score"": 20, ""pct_score"": 17.8, ""up_ratio_score"": 18.2, ""amount_score"": 0}"
526,301079.SZ,20260331,8.666666666666666,4.0,4.0,10.0,4.0,10.0,5.0,2.0,5.0,1.0,0.0,56.62,09:54:27,0.0,0.1053,0.0263,3.59,25.02,86707945.28,-2518.98,164,2,13.54,,,,,,3.0244444444444447,"{""industry"": ""工程机械"", ""industry_zt_count"": 2, ""sector_pct_change"": 0.4, ""sector_up_ratio"": 0.47, ""sector_amount_rank"": 67, ""zt_score"": 10, ""pct_score"": 10.8, ""up_ratio_score"": 9.4, ""amount_score"": 0}"
544,301255.SZ,20260331,6.333333333333333,4.0,6.0,6.0,6.0,5.0,5.0,2.0,6.0,1.0,0.0,49.35,13:33:06,0.0,0.1881,0.0404,8.99,21.46,0.0,-6406.49,164,3,13.04,,,,,,2.947,"{""industry"": ""通用设备"", ""industry_zt_count"": 3, ""sector_pct_change"": -1.39, ""sector_up_ratio"": 0.24, ""sector_amount_rank"": 16, ""zt_score"": 15, ""pct_score"": 7.2, ""up_ratio_score"": 4.8, ""amount_score"": 2.5}"
545,600066.SH,20260331,7.666666666666667,2.0,2.0,6.0,6.0,5.0,5.0,2.0,7.0,6.0,0.0,48.6,09:30:02,1.0,0.0603,0.0009,1.48,1.51,0.0,-110193.15,164,1,6.92,,,,,,3.6019999999999994,"{""industry"": ""商用车"", ""industry_zt_count"": 1, ""sector_pct_change"": 3.01, ""sector_up_ratio"": 0.75, ""sector_amount_rank"": 106, ""zt_score"": 5, ""pct_score"": 16.0, ""up_ratio_score"": 15.0, ""amount_score"": 0}"
547,600184.SH,20260331,6.333333333333333,4.0,2.0,6.0,10.0,5.0,5.0,2.0,4.0,6.0,0.0,47.63,13:46:25,0.0,0.1452,0.0089,1.55,6.11,0.0,-5111.64,164,1,7.2,,,,,,1.4257142857142857,"{""industry"": ""地面兵装"", ""industry_zt_count"": 1, ""sector_pct_change"": -1.8, ""sector_up_ratio"": 0.14, ""sector_amount_rank"": 97, ""zt_score"": 5, ""pct_score"": 6.4, ""up_ratio_score"": 2.9, ""amount_score"": 0}"
541,600488.SH,20260331,7.333333333333333,4.0,2.0,10.0,10.0,3.0,5.0,2.0,6.0,3.0,0.0,50.83,09:30:42,2.0,0.1166,0.0095,3.35,8.16,-10824075.68,-26491.26,164,3,9.7,,,,,,2.8345496183206107,"{""industry"": ""化学制药"", ""industry_zt_count"": 3, ""sector_pct_change"": -0.77, ""sector_up_ratio"": 0.24, ""sector_amount_rank"": 22, ""zt_score"": 15, ""pct_score"": 8.5, ""up_ratio_score"": 4.9, ""amount_score"": 0}"
510,600495.SH,20260331,6.0,4.0,4.0,10.0,10.0,8.0,5.0,2.0,9.0,6.0,0.0,64.6,10:15:52,2.0,0.1802,0.0105,4.57,5.83,11764433.94,-4212.9,164,4,6.71,,,,,,5.598181818181818,"{""industry"": ""轨交设备"", ""industry_zt_count"": 4, ""sector_pct_change"": 3.9, ""sector_up_ratio"": 0.91, ""sector_amount_rank"": 82, ""zt_score"": 20, ""pct_score"": 17.8, ""up_ratio_score"": 18.2, ""amount_score"": 0}"
520,600502.SH,20260331,9.333333333333334,2.0,2.0,6.0,10.0,9.0,9.0,2.0,5.0,3.0,0.0,57.74,10:09:56,0.0,0.0871,0.0085,5.32,9.82,37611699.23,19090.79,164,2,9.68,,,,,,2.1404210526315786,"{""industry"": ""基础建设"", ""industry_zt_count"": 2, ""sector_pct_change"": -1.14, ""sector_up_ratio"": 0.18, ""sector_amount_rank"": 66, ""zt_score"": 10, ""pct_score"": 7.7, ""up_ratio_score"": 3.7, ""amount_score"": 0}"
546,600528.SH,20260331,7.0,2.0,2.0,6.0,10.0,5.0,5.0,2.0,5.0,6.0,0.0,47.94,10:12:09,1.0,0.0837,0.0055,5.73,6.52,0.0,-35491.01,164,2,8.86,,,,,,2.1404210526315786,"{""industry"": ""基础建设"", ""industry_zt_count"": 2, ""sector_pct_change"": -1.14, ""sector_up_ratio"": 0.18, ""sector_amount_rank"": 66, ""zt_score"": 10, ""pct_score"": 7.7, ""up_ratio_score"": 3.7, ""amount_score"": 0}"
533,601908.SH,20260331,10.0,4.0,2.0,4.0,10.0,3.0,5.0,2.0,7.0,8.0,0.0,54.48,09:35:21,0.0,0.1088,0.0087,0.63,7.97,330744529.0,-64235.11,164,6,4.38,,,,,,4.284095238095238,"{""industry"": ""电力"", ""industry_zt_count"": 6, ""sector_pct_change"": -2.02, ""sector_up_ratio"": 0.12, ""sector_amount_rank"": 12, ""zt_score"": 30, ""pct_score"": 6.0, ""up_ratio_score"": 2.4, ""amount_score"": 4.5}"
548,603039.SH,20260331,7.666666666666667,4.0,2.0,8.0,6.0,5.0,5.0,2.0,2.0,6.0,0.0,47.6,09:30:51,1.0,0.2171,0.0053,2.17,2.46,0.0,-11249.93,164,1,6.51,,,,,,3.0,"{""industry"": ""软件开发"", ""industry_zt_count"": 1, ""sector_pct_change"": 0, ""sector_up_ratio"": 0, ""sector_amount_rank"": 0, ""zt_score"": 5, ""pct_score"": 10.0, ""up_ratio_score"": 10, ""amount_score"": 5}"
543,603657.SH,20260331,7.0,4.0,2.0,10.0,6.0,5.0,5.0,2.0,3.0,6.0,0.0,49.7,10:44:52,1.0,0.1926,0.0073,4.3,3.77,0.0,-2827.39,164,2,6.48,,,,,,3.5,"{""industry"": ""家电零部"", ""industry_zt_count"": 2, ""sector_pct_change"": 0, ""sector_up_ratio"": 0, ""sector_amount_rank"": 0, ""zt_score"": 10, ""pct_score"": 10.0, ""up_ratio_score"": 10, ""amount_score"": 5}"
516,603660.SH,20260331,6.333333333333333,6.0,4.0,8.0,10.0,7.0,9.0,2.0,2.0,6.0,0.0,60.0,14:03:00,0.0,0.3904,0.0236,2.95,6.05,23534579.8,7170.81,164,1,6.25,,,,,,3.0,"{""industry"": ""计算机设"", ""industry_zt_count"": 1, ""sector_pct_change"": 0, ""sector_up_ratio"": 0, ""sector_amount_rank"": 0, ""zt_score"": 5, ""pct_score"": 10.0, ""up_ratio_score"": 10, ""amount_score"": 5}"
536,605116.SH,20260331,6.333333333333333,4.0,2.0,8.0,6.0,5.0,8.0,2.0,6.0,6.0,0.0,52.03,14:25:30,0.0,0.2477,0.008,2.45,3.22,0.0,2052.98,164,3,6.5,,,,,,2.8345496183206107,"{""industry"": ""化学制药"", ""industry_zt_count"": 3, ""sector_pct_change"": -0.77, ""sector_up_ratio"": 0.24, ""sector_amount_rank"": 22, ""zt_score"": 15, ""pct_score"": 8.5, ""up_ratio_score"": 4.9, ""amount_score"": 0}"
511,605162.SH,20260331,8.0,4.0,4.0,6.0,10.0,5.0,9.0,2.0,7.0,8.0,0.0,62.48,10:49:33,0.0,0.2664,0.0208,1.12,7.82,28588731.0,3757.76,164,6,4.41,,,,,,4.284095238095238,"{""industry"": ""电力"", ""industry_zt_count"": 6, ""sector_pct_change"": -2.02, ""sector_up_ratio"": 0.12, ""sector_amount_rank"": 12, ""zt_score"": 30, ""pct_score"": 6.0, ""up_ratio_score"": 2.4, ""amount_score"": 4.5}"
504,000008.SZ,20260330,6.0,2.0,2.0,10.0,6.0,5.0,5.0,2.0,4.0,6.0,0.0,46.71,13:00:12,1.0,0.0797,0.0039,3.24,4.88,0.0,-26837.27,164,1,6.83,,,,,,2.9131515151515153,"{""industry"": ""轨交设备"", ""industry_zt_count"": 1, ""sector_pct_change"": -0.51, ""sector_up_ratio"": 0.76, ""sector_amount_rank"": 108, ""zt_score"": 5, ""pct_score"": 9.0, ""up_ratio_score"": 15.2, ""amount_score"": 0}"
482,000753.SZ,20260330,7.666666666666667,4.0,4.0,8.0,10.0,5.0,9.0,2.0,2.0,6.0,0.0,57.2,13:42:27,0.0,0.1689,0.0136,2.76,8.05,0.0,5403.18,164,1,6.13,,,,,,3.0,"{""industry"": ""综合Ⅱ"", ""industry_zt_count"": 1, ""sector_pct_change"": 0, ""sector_up_ratio"": 0, ""sector_amount_rank"": 0, ""zt_score"": 5, ""pct_score"": 10.0, ""up_ratio_score"": 10, ""amount_score"": 5}"
496,000890.SZ,20260330,9.0,4.0,4.0,4.0,10.0,5.0,5.0,2.0,4.0,3.0,0.0,50.72,09:34:27,1.0,0.2626,0.0241,0.5,9.17,0.0,-13359.47,164,1,9.69,,,,,,2.3168888888888888,"{""industry"": ""环保设备"", ""industry_zt_count"": 1, ""sector_pct_change"": -0.36, ""sector_up_ratio"": 0.44, ""sector_amount_rank"": 134, ""zt_score"": 5, ""pct_score"": 9.3, ""up_ratio_score"": 8.9, ""amount_score"": 0}"
479,001400.SZ,20260330,9.333333333333334,4.0,6.0,4.0,8.0,5.0,8.0,2.0,5.0,6.0,0.0,58.19,10:53:06,0.0,0.1862,0.0304,0.98,16.31,0.0,2433.52,164,2,6.29,,,,,,2.992666666666667,"{""industry"": ""专用设备"", ""industry_zt_count"": 2, ""sector_pct_change"": -0.22, ""sector_up_ratio"": 0.49, ""sector_amount_rank"": 20, ""zt_score"": 10, ""pct_score"": 9.6, ""up_ratio_score"": 9.9, ""amount_score"": 0.5}"
472,002160.SZ,20260330,8.666666666666666,10.0,4.0,4.0,6.0,5.0,5.0,2.0,9.0,6.0,0.0,63.26,09:25:00,0.0,1.4052,0.0272,0.58,1.94,0.0,-10963.91,164,6,7.16,,,,,,6.664491803278688,"{""industry"": ""工业金属"", ""industry_zt_count"": 6, ""sector_pct_change"": 2.72, ""sector_up_ratio"": 0.89, ""sector_amount_rank"": 14, ""zt_score"": 30, ""pct_score"": 15.4, ""up_ratio_score"": 17.7, ""amount_score"": 3.5}"
486,002222.SZ,20260330,7.0,2.0,2.0,6.0,10.0,10.0,8.0,2.0,4.0,6.0,0.0,56.34,11:06:24,0.0,0.0563,0.0048,1.59,8.53,96188405.94,20550.87,164,1,6.48,,,,,,2.339137254901961,"{""industry"": ""光学光电"", ""industry_zt_count"": 1, ""sector_pct_change"": -0.02, ""sector_up_ratio"": 0.42, ""sector_amount_rank"": 26, ""zt_score"": 5, ""pct_score"": 10.0, ""up_ratio_score"": 8.4, ""amount_score"": 0}"
467,002361.SZ,20260330,8.666666666666666,2.0,4.0,6.0,4.0,10.0,9.0,2.0,5.0,3.0,10.0,66.82,10:29:27,0.0,0.0863,0.0236,1.91,27.3,218220912.27,49803.17,164,2,9.65,,,,,,3.2182795698924727,"{""industry"": ""塑料"", ""industry_zt_count"": 2, ""sector_pct_change"": 0.5, ""sector_up_ratio"": 0.56, ""sector_amount_rank"": 45, ""zt_score"": 10, ""pct_score"": 11.0, ""up_ratio_score"": 11.2, ""amount_score"": 0}"
477,002370.SZ,20260330,6.666666666666667,4.0,4.0,10.0,10.0,5.0,5.0,2.0,7.0,6.0,0.0,60.18,09:56:30,2.0,0.146,0.015,3.71,10.26,0.0,-12873.2,164,6,8.08,,,,,,5.578571428571428,"{""industry"": ""化学制药"", ""industry_zt_count"": 6, ""sector_pct_change"": 0.75, ""sector_up_ratio"": 0.71, ""sector_amount_rank"": 25, ""zt_score"": 30, ""pct_score"": 11.5, ""up_ratio_score"": 14.3, ""amount_score"": 0}"
465,002532.SZ,20260330,8.666666666666666,10.0,2.0,4.0,6.0,5.0,5.0,2.0,9.0,6.0,10.0,70.86,09:25:00,0.0,1.2601,0.0077,0.33,0.61,0.0,-44668.1,164,6,7.13,,,,,,6.664491803278688,"{""industry"": ""工业金属"", ""industry_zt_count"": 6, ""sector_pct_change"": 2.72, ""sector_up_ratio"": 0.89, ""sector_amount_rank"": 14, ""zt_score"": 30, ""pct_score"": 15.4, ""up_ratio_score"": 17.7, ""amount_score"": 3.5}"
473,002578.SZ,20260330,8.666666666666666,10.0,4.0,4.0,6.0,5.0,5.0,2.0,9.0,6.0,0.0,63.26,09:25:00,0.0,1.0902,0.0243,0.64,2.23,0.0,-8171.36,164,6,6.86,,,,,,6.664491803278688,"{""industry"": ""工业金属"", ""industry_zt_count"": 6, ""sector_pct_change"": 2.72, ""sector_up_ratio"": 0.89, ""sector_amount_rank"": 14, ""zt_score"": 30, ""pct_score"": 15.4, ""up_ratio_score"": 17.7, ""amount_score"": 3.5}"
484,002634.SZ,20260330,7.0,4.0,4.0,6.0,10.0,5.0,8.0,2.0,5.0,6.0,0.0,56.71,13:15:12,0.0,0.1998,0.0142,1.84,7.1,0.0,2350.79,164,1,8.54,,,,,,3.511122807017544,"{""industry"": ""服装家纺"", ""industry_zt_count"": 1, ""sector_pct_change"": 1.81, ""sector_up_ratio"": 0.82, ""sector_amount_rank"": 92, ""zt_score"": 5, ""pct_score"": 13.6, ""up_ratio_score"": 16.5, ""amount_score"": 0}"
487,002675.SZ,20260330,8.666666666666666,6.0,2.0,6.0,6.0,5.0,5.0,2.0,7.0,6.0,0.0,55.78,09:25:00,0.0,0.4077,0.0079,1.34,1.93,0.0,-20760.12,164,6,8.03,,,,,,5.578571428571428,"{""industry"": ""化学制药"", ""industry_zt_count"": 6, ""sector_pct_change"": 0.75, ""sector_up_ratio"": 0.71, ""sector_amount_rank"": 25, ""zt_score"": 30, ""pct_score"": 11.5, ""up_ratio_score"": 14.3, ""amount_score"": 0}"
470,002686.SZ,20260330,8.666666666666666,8.0,6.0,8.0,10.0,5.0,5.0,2.0,5.0,6.0,0.0,63.82,09:37:12,0.0,0.6508,0.0426,2.29,6.55,0.0,-10015.56,164,2,7.01,,,,,,3.6160826446280994,"{""industry"": ""通用设备"", ""industry_zt_count"": 2, ""sector_pct_change"": 0.88, ""sector_up_ratio"": 0.6, ""sector_amount_rank"": 16, ""zt_score"": 10, ""pct_score"": 11.8, ""up_ratio_score"": 11.9, ""amount_score"": 2.5}"
499,002810.SZ,20260330,6.666666666666667,4.0,2.0,6.0,10.0,5.0,5.0,2.0,4.0,6.0,0.0,49.27,09:25:00,2.0,0.1065,0.0087,1.79,8.19,0.0,-10546.88,164,1,6.48,,,,,,2.6698297872340424,"{""industry"": ""化学制品"", ""industry_zt_count"": 1, ""sector_pct_change"": 0.53, ""sector_up_ratio"": 0.53, ""sector_amount_rank"": 32, ""zt_score"": 5, ""pct_score"": 11.1, ""up_ratio_score"": 10.6, ""amount_score"": 0}"
505,002850.SZ,20260330,8.666666666666666,2.0,2.0,6.0,6.0,5.0,5.0,2.0,4.0,6.0,0.0,46.41,09:32:45,0.0,0.0898,0.0037,1.47,4.08,0.0,-90469.98,164,1,6.88,,,,,,2.6073684210526316,"{""industry"": ""电池"", ""industry_zt_count"": 1, ""sector_pct_change"": -0.7, ""sector_up_ratio"": 0.27, ""sector_amount_rank"": 7, ""zt_score"": 5, ""pct_score"": 8.6, ""up_ratio_score"": 5.5, ""amount_score"": 7.0}"
469,002980.SZ,20260330,8.666666666666666,8.0,6.0,4.0,10.0,5.0,8.0,2.0,7.0,6.0,0.0,65.72,09:59:30,0.0,0.5106,0.0384,0.7,7.53,0.0,1863.93,164,5,6.88,,,,,,4.120822695035462,"{""industry"": ""电网设备"", ""industry_zt_count"": 5, ""sector_pct_change"": -1.02, ""sector_up_ratio"": 0.26, ""sector_amount_rank"": 15, ""zt_score"": 25, ""pct_score"": 8.0, ""up_ratio_score"": 5.2, ""amount_score"": 3.0}"
468,003042.SZ,20260330,10.0,6.0,6.0,8.0,10.0,10.0,5.0,2.0,3.0,3.0,0.0,65.9,09:37:27,0.0,0.4331,0.0478,2.17,11.03,33424676.0,-2543.21,164,2,9.67,,,,,,3.5,"{""industry"": ""农化制品"", ""industry_zt_count"": 2, ""sector_pct_change"": 0, ""sector_up_ratio"": 0, ""sector_amount_rank"": 0, ""zt_score"": 10, ""pct_score"": 10.0, ""up_ratio_score"": 10, ""amount_score"": 5}"
492,300385.SZ,20260330,7.666666666666667,2.0,4.0,6.0,6.0,10.0,8.0,2.0,4.0,3.0,0.0,54.4,11:11:57,0.0,0.0929,0.0188,1.18,20.22,198801602.77,7648.57,164,1,9.62,,,,,,2.2047096774193546,"{""industry"": ""环境治理"", ""industry_zt_count"": 1, ""sector_pct_change"": -0.67, ""sector_up_ratio"": 0.42, ""sector_amount_rank"": 44, ""zt_score"": 5, ""pct_score"": 8.7, ""up_ratio_score"": 8.4, ""amount_score"": 0}"
474,301008.SZ,20260330,7.666666666666667,8.0,6.0,10.0,10.0,8.0,5.0,2.0,2.0,1.0,0.0,61.8,09:25:00,1.0,0.5072,0.0318,4.57,6.27,96275265.88,-22214.04,164,1,13.11,,,,,,3.0,"{""industry"": ""家电零部"", ""industry_zt_count"": 1, ""sector_pct_change"": 0, ""sector_up_ratio"": 0, ""sector_amount_rank"": 0, ""zt_score"": 5, ""pct_score"": 10.0, ""up_ratio_score"": 10, ""amount_score"": 5}"
490,600127.SH,20260330,8.666666666666666,6.0,4.0,6.0,10.0,5.0,5.0,2.0,2.0,6.0,0.0,54.8,09:34:32,0.0,0.3759,0.0223,1.16,5.92,0.0,-15826.47,164,1,7.23,,,,,,3.0,"{""industry"": ""农产品加"", ""industry_zt_count"": 1, ""sector_pct_change"": 0, ""sector_up_ratio"": 0, ""sector_amount_rank"": 0, ""zt_score"": 5, ""pct_score"": 10.0, ""up_ratio_score"": 10, ""amount_score"": 5}"
488,600135.SH,20260330,7.0,4.0,4.0,4.0,10.0,3.0,10.0,2.0,5.0,8.0,0.0,55.62,13:19:28,0.0,0.2956,0.0273,0.98,9.23,90439117.12,4793.3,164,2,5.37,,,,,,3.2182795698924727,"{""industry"": ""塑料"", ""industry_zt_count"": 2, ""sector_pct_change"": 0.5, ""sector_up_ratio"": 0.56, ""sector_amount_rank"": 45, ""zt_score"": 10, ""pct_score"": 11.0, ""up_ratio_score"": 11.2, ""amount_score"": 0}"
481,600219.SH,20260330,5.666666666666667,2.0,2.0,8.0,6.0,5.0,9.0,2.0,9.0,8.0,0.0,57.66,14:54:34,0.0,0.0266,0.0013,2.7,4.8,0.0,55916.5,164,6,5.87,,,,,,6.664491803278688,"{""industry"": ""工业金属"", ""industry_zt_count"": 6, ""sector_pct_change"": 2.72, ""sector_up_ratio"": 0.89, ""sector_amount_rank"": 14, ""zt_score"": 30, ""pct_score"": 15.4, ""up_ratio_score"": 17.7, ""amount_score"": 3.5}"
498,600343.SH,20260330,6.666666666666667,2.0,2.0,8.0,10.0,5.0,5.0,2.0,5.0,6.0,0.0,50.62,09:41:14,2.0,0.0769,0.0074,2.21,9.69,0.0,-47936.7,164,2,6.45,,,,,,3.6160826446280994,"{""industry"": ""通用设备"", ""industry_zt_count"": 2, ""sector_pct_change"": 0.88, ""sector_up_ratio"": 0.6, ""sector_amount_rank"": 16, ""zt_score"": 10, ""pct_score"": 11.8, ""up_ratio_score"": 11.9, ""amount_score"": 2.5}"
476,600345.SH,20260330,8.333333333333334,4.0,4.0,6.0,10.0,5.0,7.0,2.0,7.0,6.0,0.0,60.33,13:00:03,0.0,0.1345,0.0117,1.28,8.72,0.0,429.36,164,3,6.02,,,,,,4.931684210526315,"{""industry"": ""通信设备"", ""industry_zt_count"": 3, ""sector_pct_change"": 1.04, ""sector_up_ratio"": 0.74, ""sector_amount_rank"": 6, ""zt_score"": 15, ""pct_score"": 12.1, ""up_ratio_score"": 14.7, ""amount_score"": 7.5}"
471,600359.SH,20260330,8.0,6.0,4.0,6.0,10.0,7.0,7.0,2.0,7.0,6.0,0.0,63.47,10:06:57,0.0,0.4336,0.0223,1.72,5.15,17937700.39,351.78,164,1,7.34,,,,,,4.068,"{""industry"": ""种植业"", ""industry_zt_count"": 1, ""sector_pct_change"": 3.34, ""sector_up_ratio"": 0.95, ""sector_amount_rank"": 80, ""zt_score"": 5, ""pct_score"": 16.7, ""up_ratio_score"": 19.0, ""amount_score"": 0}"
493,600487.SH,20260330,7.0,2.0,2.0,4.0,10.0,5.0,7.0,2.0,7.0,6.0,0.0,52.73,11:24:27,0.0,0.0583,0.0031,0.96,5.27,0.0,20514.71,164,3,7.21,,,,,,4.931684210526315,"{""industry"": ""通信设备"", ""industry_zt_count"": 3, ""sector_pct_change"": 1.04, ""sector_up_ratio"": 0.74, ""sector_amount_rank"": 6, ""zt_score"": 15, ""pct_score"": 12.1, ""up_ratio_score"": 14.7, ""amount_score"": 7.5}"
485,600502.SH,20260330,8.666666666666666,4.0,2.0,8.0,6.0,9.0,5.0,2.0,4.0,8.0,0.0,56.43,09:30:21,0.0,0.1203,0.0043,2.22,3.61,90266536.82,-16199.99,164,1,5.93,,,,,,3.0331794871794875,"{""industry"": ""基础建设"", ""industry_zt_count"": 1, ""sector_pct_change"": 0.23, ""sector_up_ratio"": 0.74, ""sector_amount_rank"": 63, ""zt_score"": 5, ""pct_score"": 10.5, ""up_ratio_score"": 14.9, ""amount_score"": 0}"
506,600602.SH,20260330,6.0,2.0,2.0,6.0,10.0,5.0,5.0,2.0,2.0,8.0,0.0,46.4,10:26:37,2.0,0.0447,0.0045,1.64,9.96,0.0,-13258.5,164,1,5.8,,,,,,3.0,"{""industry"": ""软件开发"", ""industry_zt_count"": 1, ""sector_pct_change"": 0, ""sector_up_ratio"": 0, ""sector_amount_rank"": 0, ""zt_score"": 5, ""pct_score"": 10.0, ""up_ratio_score"": 10, ""amount_score"": 5}"
503,600724.SH,20260330,7.0,4.0,2.0,8.0,6.0,5.0,5.0,2.0,2.0,6.0,0.0,46.8,13:30:27,0.0,0.1967,0.0033,2.25,1.7,0.0,-799.32,164,1,7.46,,,,,,3.0,"{""industry"": ""房地产服务"", ""industry_zt_count"": 1, ""sector_pct_change"": 0, ""sector_up_ratio"": 0, ""sector_amount_rank"": 0, ""zt_score"": 5, ""pct_score"": 10.0, ""up_ratio_score"": 10, ""amount_score"": 5}"
475,600996.SH,20260330,8.333333333333334,2.0,2.0,8.0,10.0,12.0,10.0,2.0,2.0,3.0,0.0,61.2,10:10:14,1.0,0.0589,0.0046,2.17,7.82,59728897.14,13295.08,164,1,9.65,,,,,,3.0,"{""industry"": ""电视广播"", ""industry_zt_count"": 1, ""sector_pct_change"": 0, ""sector_up_ratio"": 0, ""sector_amount_rank"": 0, ""zt_score"": 5, ""pct_score"": 10.0, ""up_ratio_score"": 10, ""amount_score"": 5}"
501,601068.SH,20260330,7.666666666666667,4.0,2.0,6.0,6.0,5.0,5.0,2.0,5.0,6.0,0.0,48.78,09:30:01,1.0,0.2731,0.0023,1.18,0.82,0.0,-9728.73,164,2,6.74,,,,,,3.3755121951219516,"{""industry"": ""专业工程"", ""industry_zt_count"": 2, ""sector_pct_change"": 0.78, ""sector_up_ratio"": 0.61, ""sector_amount_rank"": 79, ""zt_score"": 10, ""pct_score"": 11.6, ""up_ratio_score"": 12.2, ""amount_score"": 0}"
466,601388.SH,20260330,7.666666666666667,2.0,2.0,8.0,10.0,13.0,5.0,2.0,9.0,6.0,0.0,67.66,09:30:04,1.0,0.0769,0.0051,2.83,6.66,103315268.0,-15254.55,164,6,7.45,,,,,,6.664491803278688,"{""industry"": ""工业金属"", ""industry_zt_count"": 6, ""sector_pct_change"": 2.72, ""sector_up_ratio"": 0.89, ""sector_amount_rank"": 14, ""zt_score"": 30, ""pct_score"": 15.4, ""up_ratio_score"": 17.7, ""amount_score"": 3.5}"
502,601869.SH,20260330,7.666666666666667,2.0,2.0,4.0,6.0,5.0,5.0,2.0,7.0,6.0,0.0,48.33,13:00:10,0.0,0.0745,0.0026,0.76,3.55,0.0,-699.74,164,3,7.13,,,,,,4.931684210526315,"{""industry"": ""通信设备"", ""industry_zt_count"": 3, ""sector_pct_change"": 1.04, ""sector_up_ratio"": 0.74, ""sector_amount_rank"": 6, ""zt_score"": 15, ""pct_score"": 12.1, ""up_ratio_score"": 14.7, ""amount_score"": 7.5}"
494,603016.SH,20260330,8.0,2.0,2.0,4.0,6.0,5.0,9.0,2.0,7.0,6.0,0.0,51.92,10:58:23,0.0,0.0504,0.0023,0.81,4.61,0.0,3268.26,164,5,6.39,,,,,,4.120822695035462,"{""industry"": ""电网设备"", ""industry_zt_count"": 5, ""sector_pct_change"": -1.02, ""sector_up_ratio"": 0.26, ""sector_amount_rank"": 15, ""zt_score"": 25, ""pct_score"": 8.0, ""up_ratio_score"": 5.2, ""amount_score"": 3.0}"
489,603017.SH,20260330,8.0,4.0,4.0,6.0,10.0,5.0,7.0,2.0,2.0,8.0,0.0,55.2,10:31:01,0.0,0.1887,0.0205,1.02,10.87,0.0,968.04,164,1,5.8,,,,,,3.0,"{""industry"": ""工程咨询"", ""industry_zt_count"": 1, ""sector_pct_change"": 0, ""sector_up_ratio"": 0, ""sector_amount_rank"": 0, ""zt_score"": 5, ""pct_score"": 10.0, ""up_ratio_score"": 10, ""amount_score"": 5}"
508,603061.SH,20260330,7.0,2.0,2.0,6.0,6.0,5.0,5.0,2.0,5.0,6.0,0.0,46.2,11:21:18,0.0,0.0716,0.0028,1.23,3.88,0.0,-6202.97,164,2,6.72,,,,,,3.6012251308900525,"{""industry"": ""半导体"", ""industry_zt_count"": 2, ""sector_pct_change"": -0.13, ""sector_up_ratio"": 0.41, ""sector_amount_rank"": 5, ""zt_score"": 10, ""pct_score"": 9.7, ""up_ratio_score"": 8.3, ""amount_score"": 8.0}"
500,603122.SH,20260330,5.333333333333333,2.0,2.0,10.0,10.0,5.0,5.0,2.0,4.0,6.0,0.0,49.19,13:44:00,1.0,0.0535,0.0067,3.05,12.46,0.0,-922.91,164,1,6.93,,,,,,2.991818181818182,"{""industry"": ""医疗服务"", ""industry_zt_count"": 1, ""sector_pct_change"": 0.55, ""sector_up_ratio"": 0.69, ""sector_amount_rank"": 48, ""zt_score"": 5, ""pct_score"": 11.1, ""up_ratio_score"": 13.8, ""amount_score"": 0}"
497,603239.SH,20260330,5.0,2.0,2.0,10.0,6.0,5.0,9.0,2.0,5.0,6.0,0.0,50.64,13:04:18,2.0,0.0134,0.0005,3.89,3.83,0.0,1815.75,164,2,6.73,,,,,,3.2359999999999998,"{""industry"": ""汽车零部件"", ""industry_zt_count"": 2, ""sector_pct_change"": 0.34, ""sector_up_ratio"": 0.48, ""sector_amount_rank"": 17, ""zt_score"": 10, ""pct_score"": 10.7, ""up_ratio_score"": 9.7, ""amount_score"": 2.0}"
495,603358.SH,20260330,6.333333333333333,2.0,2.0,6.0,10.0,5.0,8.0,2.0,5.0,6.0,0.0,51.24,13:52:15,0.0,0.0818,0.0076,1.77,9.27,0.0,8162.28,164,2,7.49,,,,,,3.2359999999999998,"{""industry"": ""汽车零部件"", ""industry_zt_count"": 2, ""sector_pct_change"": 0.34, ""sector_up_ratio"": 0.48, ""sector_amount_rank"": 17, ""zt_score"": 10, ""pct_score"": 10.7, ""up_ratio_score"": 9.7, ""amount_score"": 2.0}"
478,603585.SH,20260330,10.0,4.0,4.0,8.0,10.0,8.0,5.0,2.0,3.0,3.0,0.0,59.1,09:40:03,0.0,0.2305,0.0124,2.84,5.38,24507161.84,-1071.88,164,2,9.66,,,,,,3.5,"{""industry"": ""农化制品"", ""industry_zt_count"": 2, ""sector_pct_change"": 0, ""sector_up_ratio"": 0, ""sector_amount_rank"": 0, ""zt_score"": 10, ""pct_score"": 10.0, ""up_ratio_score"": 10, ""amount_score"": 5}"
480,603716.SH,20260330,7.0,4.0,4.0,6.0,10.0,5.0,9.0,2.0,5.0,6.0,0.0,57.96,13:10:10,0.0,0.1618,0.0238,1.86,14.69,0.0,8005.99,164,1,7.23,,,,,,3.763891891891892,"{""industry"": ""医药商业"", ""industry_zt_count"": 1, ""sector_pct_change"": 1.86, ""sector_up_ratio"": 0.95, ""sector_amount_rank"": 99, ""zt_score"": 5, ""pct_score"": 13.7, ""up_ratio_score"": 18.9, ""amount_score"": 0}"
507,603778.SH,20260330,5.0,2.0,2.0,4.0,8.0,5.0,9.0,2.0,5.0,6.0,0.0,46.31,13:12:45,2.0,0.0509,0.0083,0.97,16.32,0.0,20831.74,164,2,7.83,,,,,,2.1143243243243246,"{""industry"": ""光伏设备"", ""industry_zt_count"": 2, ""sector_pct_change"": -3.3, ""sector_up_ratio"": 0.16, ""sector_amount_rank"": 12, ""zt_score"": 10, ""pct_score"": 3.4, ""up_ratio_score"": 3.2, ""amount_score"": 4.5}"
483,603897.SH,20260330,6.333333333333333,4.0,4.0,6.0,10.0,5.0,7.0,2.0,7.0,6.0,0.0,57.12,14:05:34,0.0,0.2027,0.0126,1.35,6.2,0.0,526.82,164,5,7.16,,,,,,4.120822695035462,"{""industry"": ""电网设备"", ""industry_zt_count"": 5, ""sector_pct_change"": -1.02, ""sector_up_ratio"": 0.26, ""sector_amount_rank"": 15, ""zt_score"": 25, ""pct_score"": 8.0, ""up_ratio_score"": 5.2, ""amount_score"": 3.0}"
491,605222.SH,20260330,4.333333333333333,2.0,2.0,10.0,10.0,5.0,8.0,2.0,7.0,6.0,0.0,54.52,13:33:30,2.0,0.0234,0.0012,3.3,5.12,0.0,3203.6,164,5,6.56,,,,,,4.120822695035462,"{""industry"": ""电网设备"", ""industry_zt_count"": 5, ""sector_pct_change"": -1.02, ""sector_up_ratio"": 0.26, ""sector_amount_rank"": 15, ""zt_score"": 25, ""pct_score"": 8.0, ""up_ratio_score"": 5.2, ""amount_score"": 3.0}"
456,000155.SZ,20260327,7.0,2.0,2.0,6.0,10.0,5.0,5.0,2.0,7.0,6.0,0.0,52.39,13:08:30,0.0,0.0874,0.0048,1.77,5.53,0.0,-5103.04,164,6,6.83,,,,,,4.993,"{""industry"": ""电力"", ""industry_zt_count"": 6, ""sector_pct_change"": -0.91, ""sector_up_ratio"": 0.26, ""sector_amount_rank"": 8, ""zt_score"": 30, ""pct_score"": 8.2, ""up_ratio_score"": 5.2, ""amount_score"": 6.5}"
441,000546.SZ,20260327,8.0,4.0,4.0,6.0,10.0,5.0,5.0,2.0,6.0,6.0,0.0,56.0,10:36:42,0.0,0.2464,0.0201,1.87,8.15,0.0,-4526.5,164,2,7.36,,,,,,3.7973763440860218,"{""industry"": ""环境治理"", ""industry_zt_count"": 2, ""sector_pct_change"": 1.46, ""sector_up_ratio"": 0.75, ""sector_amount_rank"": 43, ""zt_score"": 10, ""pct_score"": 12.9, ""up_ratio_score"": 15.1, ""amount_score"": 0}"
432,000553.SZ,20260327,8.0,8.0,2.0,6.0,6.0,5.0,7.0,2.0,5.0,6.0,0.0,57.3,10:25:27,0.0,0.5206,0.006,1.68,1.15,0.0,298.25,164,6,6.35,,,,,,5.5,"{""industry"": ""农化制品"", ""industry_zt_count"": 6, ""sector_pct_change"": 0, ""sector_up_ratio"": 0, ""sector_amount_rank"": 0, ""zt_score"": 30, ""pct_score"": 10.0, ""up_ratio_score"": 10, ""amount_score"": 5}"
412,000695.SZ,20260327,7.666666666666667,4.0,4.0,6.0,10.0,5.0,7.0,2.0,9.0,6.0,0.0,62.3,09:32:48,1.0,0.1973,0.026,1.83,13.18,0.0,1314.02,164,4,6.72,,,,,,6.095918367346938,"{""industry"": ""电池"", ""industry_zt_count"": 4, ""sector_pct_change"": 3.0, ""sector_up_ratio"": 0.9, ""sector_amount_rank"": 7, ""zt_score"": 20, ""pct_score"": 16.0, ""up_ratio_score"": 18.0, ""amount_score"": 7.0}"
429,000822.SZ,20260327,7.666666666666667,4.0,2.0,6.0,10.0,5.0,5.0,2.0,9.0,6.0,0.0,57.64,09:32:12,1.0,0.1001,0.0083,1.72,8.33,0.0,-5020.65,164,5,6.55,,,,,,5.83851282051282,"{""industry"": ""化学原料"", ""industry_zt_count"": 5, ""sector_pct_change"": 2.59, ""sector_up_ratio"": 0.91, ""sector_amount_rank"": 23, ""zt_score"": 25, ""pct_score"": 15.2, ""up_ratio_score"": 18.2, ""amount_score"": 0}"
420,000890.SZ,20260327,8.666666666666666,4.0,4.0,4.0,8.0,5.0,9.0,2.0,6.0,10.0,0.0,60.25,09:54:48,0.0,0.1146,0.0176,0.8,15.37,0.0,8624.69,164,2,2.8,,,,,,4.04723076923077,"{""industry"": ""环保设备"", ""industry_zt_count"": 2, ""sector_pct_change"": 1.39, ""sector_up_ratio"": 0.88, ""sector_amount_rank"": 125, ""zt_score"": 10, ""pct_score"": 12.8, ""up_ratio_score"": 17.7, ""amount_score"": 0}"
427,001313.SZ,20260327,8.666666666666666,8.0,4.0,8.0,6.0,5.0,5.0,2.0,5.0,6.0,0.0,58.37,09:52:00,0.0,0.6452,0.0164,2.03,2.55,0.0,-2095.1,164,1,6.68,,,,,,3.7707619047619048,"{""industry"": ""饲料"", ""industry_zt_count"": 1, ""sector_pct_change"": 1.83, ""sector_up_ratio"": 0.95, ""sector_amount_rank"": 124, ""zt_score"": 5, ""pct_score"": 13.7, ""up_ratio_score"": 19.0, ""amount_score"": 0}"
411,002038.SZ,20260327,8.333333333333334,4.0,2.0,6.0,10.0,5.0,5.0,2.0,10.0,8.0,0.0,62.73,10:08:09,1.0,0.1377,0.0091,1.71,6.6,0.0,-8502.78,164,8,5.09,,,,,,8.128149253731342,"{""industry"": ""化学制药"", ""industry_zt_count"": 8, ""sector_pct_change"": 5.79, ""sector_up_ratio"": 0.99, ""sector_amount_rank"": 22, ""zt_score"": 40, ""pct_score"": 21.6, ""up_ratio_score"": 19.7, ""amount_score"": 0}"
462,002068.SZ,20260327,4.333333333333333,2.0,2.0,6.0,10.0,5.0,5.0,2.0,6.0,8.0,0.0,47.94,14:01:39,2.0,0.0463,0.0032,1.86,6.95,0.0,-2533.55,164,1,5.75,,,,,,3.3433333333333337,"{""industry"": ""橡胶"", ""industry_zt_count"": 1, ""sector_pct_change"": 2.55, ""sector_up_ratio"": 0.67, ""sector_amount_rank"": 121, ""zt_score"": 5, ""pct_score"": 15.1, ""up_ratio_score"": 13.3, ""amount_score"": 0}"
440,002082.SZ,20260327,9.333333333333334,4.0,2.0,4.0,6.0,5.0,5.0,2.0,10.0,3.0,0.0,56.13,09:58:57,0.0,0.1177,0.0057,0.96,4.85,0.0,-8051.3,164,8,9.67,,,,,,8.128149253731342,"{""industry"": ""化学制药"", ""industry_zt_count"": 8, ""sector_pct_change"": 5.79, ""sector_up_ratio"": 0.99, ""sector_amount_rank"": 22, ""zt_score"": 40, ""pct_score"": 21.6, ""up_ratio_score"": 19.7, ""amount_score"": 0}"
460,002176.SZ,20260327,8.0,4.0,2.0,6.0,10.0,5.0,5.0,2.0,2.0,6.0,0.0,49.6,10:27:21,0.0,0.1758,0.0094,1.69,5.34,0.0,-9283.64,164,1,6.52,,,,,,3.0,"{""industry"": ""电机Ⅱ"", ""industry_zt_count"": 1, ""sector_pct_change"": 0, ""sector_up_ratio"": 0, ""sector_amount_rank"": 0, ""zt_score"": 5, ""pct_score"": 10.0, ""up_ratio_score"": 10, ""amount_score"": 5}"
422,002240.SZ,20260327,8.0,2.0,2.0,6.0,10.0,5.0,7.0,2.0,10.0,6.0,0.0,60.01,10:44:15,0.0,0.0848,0.005,1.08,5.86,0.0,10793.8,164,5,8.5,,,,,,7.006,"{""industry"": ""能源金属"", ""industry_zt_count"": 5, ""sector_pct_change"": 6.78, ""sector_up_ratio"": 1.0, ""sector_amount_rank"": 18, ""zt_score"": 25, ""pct_score"": 23.6, ""up_ratio_score"": 20.0, ""amount_score"": 1.5}"
407,002263.SZ,20260327,9.333333333333334,4.0,4.0,10.0,8.0,10.0,7.0,2.0,6.0,3.0,0.0,65.64,10:31:48,0.0,0.1071,0.0163,4.92,15.22,5738151.18,2503.13,164,2,9.7,,,,,,4.036297872340425,"{""industry"": ""塑料"", ""industry_zt_count"": 2, ""sector_pct_change"": 1.99, ""sector_up_ratio"": 0.82, ""sector_amount_rank"": 42, ""zt_score"": 10, ""pct_score"": 14.0, ""up_ratio_score"": 16.4, ""amount_score"": 0}"
453,002265.SZ,20260327,10.0,4.0,2.0,6.0,6.0,5.0,5.0,2.0,5.0,8.0,0.0,53.34,09:33:39,0.0,0.2275,0.0048,1.04,2.13,0.0,-19933.14,164,2,4.63,,,,,,3.9374071146245058,"{""industry"": ""汽车零部件"", ""industry_zt_count"": 2, ""sector_pct_change"": 0.69, ""sector_up_ratio"": 0.77, ""sector_amount_rank"": 16, ""zt_score"": 10, ""pct_score"": 11.4, ""up_ratio_score"": 15.5, ""amount_score"": 2.5}"
421,002272.SZ,20260327,5.666666666666667,6.0,8.0,4.0,10.0,5.0,5.0,2.0,6.0,8.0,0.0,60.16,14:55:30,0.0,0.4535,0.0529,0.92,11.68,0.0,-4935.21,164,3,4.99,,,,,,4.363421487603306,"{""industry"": ""通用设备"", ""industry_zt_count"": 3, ""sector_pct_change"": 0.97, ""sector_up_ratio"": 0.83, ""sector_amount_rank"": 21, ""zt_score"": 15, ""pct_score"": 11.9, ""up_ratio_score"": 16.7, ""amount_score"": 0}"
423,002294.SZ,20260327,7.0,2.0,2.0,6.0,6.0,5.0,9.0,2.0,10.0,8.0,0.0,59.93,13:30:24,0.0,0.0881,0.0009,1.67,1.08,0.0,7722.7,164,8,5.97,,,,,,8.128149253731342,"{""industry"": ""化学制药"", ""industry_zt_count"": 8, ""sector_pct_change"": 5.79, ""sector_up_ratio"": 0.99, ""sector_amount_rank"": 22, ""zt_score"": 40, ""pct_score"": 21.6, ""up_ratio_score"": 19.7, ""amount_score"": 0}"
418,002328.SZ,20260327,8.0,4.0,4.0,6.0,10.0,5.0,9.0,2.0,5.0,8.0,0.0,60.54,10:17:36,0.0,0.2371,0.0241,1.11,10.17,0.0,8224.54,164,2,5.1,,,,,,3.9374071146245058,"{""industry"": ""汽车零部件"", ""industry_zt_count"": 2, ""sector_pct_change"": 0.69, ""sector_up_ratio"": 0.77, ""sector_amount_rank"": 16, ""zt_score"": 10, ""pct_score"": 11.4, ""up_ratio_score"": 15.5, ""amount_score"": 2.5}"
433,002386.SZ,20260327,6.0,4.0,2.0,8.0,10.0,5.0,5.0,2.0,9.0,6.0,0.0,57.24,13:04:00,1.0,0.1037,0.0059,2.35,5.71,0.0,-10670.52,164,5,6.59,,,,,,5.83851282051282,"{""industry"": ""化学原料"", ""industry_zt_count"": 5, ""sector_pct_change"": 2.59, ""sector_up_ratio"": 0.91, ""sector_amount_rank"": 23, ""zt_score"": 25, ""pct_score"": 15.2, ""up_ratio_score"": 18.2, ""amount_score"": 0}"
439,002428.SZ,20260327,8.666666666666666,2.0,2.0,6.0,10.0,8.0,7.0,2.0,3.0,8.0,0.0,56.5,10:31:27,0.0,0.054,0.0062,1.02,11.54,176791198.78,18423.68,164,2,5.19,,,,,,3.5,"{""industry"": ""小金属"", ""industry_zt_count"": 2, ""sector_pct_change"": 0, ""sector_up_ratio"": 0, ""sector_amount_rank"": 0, ""zt_score"": 10, ""pct_score"": 10.0, ""up_ratio_score"": 10, ""amount_score"": 5}"
450,002432.SZ,20260327,4.333333333333333,2.0,2.0,6.0,10.0,6.0,7.0,2.0,8.0,8.0,0.0,54.4,13:49:51,2.0,0.0499,0.0054,1.06,10.75,193174751.87,6237.09,164,3,5.74,,,,,,5.002307692307693,"{""industry"": ""医疗器械"", ""industry_zt_count"": 3, ""sector_pct_change"": 2.8, ""sector_up_ratio"": 0.97, ""sector_amount_rank"": 50, ""zt_score"": 15, ""pct_score"": 15.6, ""up_ratio_score"": 19.4, ""amount_score"": 0}"
444,002455.SZ,20260327,8.666666666666666,4.0,4.0,4.0,10.0,5.0,5.0,2.0,6.0,6.0,0.0,55.58,09:36:48,0.0,0.1926,0.0272,0.65,14.12,0.0,-12252.4,164,2,8.13,,,,,,4.177070422535211,"{""industry"": ""化学制品"", ""industry_zt_count"": 2, ""sector_pct_change"": 1.66, ""sector_up_ratio"": 0.92, ""sector_amount_rank"": 32, ""zt_score"": 10, ""pct_score"": 13.3, ""up_ratio_score"": 18.5, ""amount_score"": 0}"
424,002470.SZ,20260327,8.666666666666666,6.0,4.0,4.0,10.0,5.0,5.0,2.0,5.0,8.0,0.0,59.3,09:32:09,0.0,0.324,0.0269,0.61,8.31,0.0,-45958.57,164,6,4.98,,,,,,5.5,"{""industry"": ""农化制品"", ""industry_zt_count"": 6, ""sector_pct_change"": 0, ""sector_up_ratio"": 0, ""sector_amount_rank"": 0, ""zt_score"": 30, ""pct_score"": 10.0, ""up_ratio_score"": 10, ""amount_score"": 5}"
458,002526.SZ,20260327,6.0,2.0,2.0,8.0,10.0,5.0,5.0,2.0,5.0,8.0,0.0,51.26,11:11:33,1.0,0.0573,0.0037,2.98,6.37,0.0,-3869.58,164,2,5.98,,,,,,3.857145374449339,"{""industry"": ""专用设备"", ""industry_zt_count"": 2, ""sector_pct_change"": 0.93, ""sector_up_ratio"": 0.81, ""sector_amount_rank"": 20, ""zt_score"": 10, ""pct_score"": 11.9, ""up_ratio_score"": 16.2, ""amount_score"": 0.5}"
413,002755.SZ,20260327,7.0,4.0,2.0,10.0,6.0,5.0,5.0,2.0,10.0,8.0,0.0,61.13,13:03:42,0.0,0.121,0.0034,3.01,2.77,0.0,-804.62,164,8,5.82,,,,,,8.128149253731342,"{""industry"": ""化学制药"", ""industry_zt_count"": 8, ""sector_pct_change"": 5.79, ""sector_up_ratio"": 0.99, ""sector_amount_rank"": 22, ""zt_score"": 40, ""pct_score"": 21.6, ""up_ratio_score"": 19.7, ""amount_score"": 0}"
445,002756.SZ,20260327,7.0,2.0,2.0,4.0,10.0,5.0,5.0,2.0,10.0,6.0,0.0,55.21,10:46:21,1.0,0.0759,0.0043,0.85,5.67,0.0,-5923.88,164,5,7.11,,,,,,7.006,"{""industry"": ""能源金属"", ""industry_zt_count"": 5, ""sector_pct_change"": 6.78, ""sector_up_ratio"": 1.0, ""sector_amount_rank"": 18, ""zt_score"": 25, ""pct_score"": 23.6, ""up_ratio_score"": 20.0, ""amount_score"": 1.5}"
447,002773.SZ,20260327,8.0,6.0,2.0,6.0,6.0,5.0,5.0,2.0,7.0,8.0,0.0,54.82,10:21:45,0.0,0.369,0.0043,1.75,1.17,0.0,-1705.57,164,1,5.93,,,,,,4.215747572815534,"{""industry"": ""生物制品"", ""industry_zt_count"": 1, ""sector_pct_change"": 3.87, ""sector_up_ratio"": 0.97, ""sector_amount_rank"": 34, ""zt_score"": 5, ""pct_score"": 17.7, ""up_ratio_score"": 19.4, ""amount_score"": 0}"
431,002842.SZ,20260327,8.0,4.0,4.0,6.0,10.0,5.0,8.0,2.0,3.0,8.0,0.0,57.5,10:51:36,0.0,0.1149,0.0148,1.37,12.9,0.0,4658.6,164,2,5.42,,,,,,3.5,"{""industry"": ""小金属"", ""industry_zt_count"": 2, ""sector_pct_change"": 0, ""sector_up_ratio"": 0, ""sector_amount_rank"": 0, ""zt_score"": 10, ""pct_score"": 10.0, ""up_ratio_score"": 10, ""amount_score"": 5}"
410,002995.SZ,20260327,8.666666666666666,8.0,8.0,4.0,10.0,5.0,5.0,2.0,5.0,8.0,0.0,64.32,09:40:00,0.0,0.5509,0.0557,0.56,10.12,0.0,-4596.65,164,1,4.96,,,,,,3.7154838709677422,"{""industry"": ""广告营销"", ""industry_zt_count"": 1, ""sector_pct_change"": 1.4, ""sector_up_ratio"": 0.97, ""sector_amount_rank"": 58, ""zt_score"": 5, ""pct_score"": 12.8, ""up_ratio_score"": 19.4, ""amount_score"": 0}"
409,003042.SZ,20260327,7.0,6.0,6.0,8.0,10.0,5.0,8.0,2.0,5.0,6.0,0.0,64.7,13:12:54,0.0,0.4473,0.0431,2.53,9.64,0.0,345.66,164,6,6.67,,,,,,5.5,"{""industry"": ""农化制品"", ""industry_zt_count"": 6, ""sector_pct_change"": 0, ""sector_up_ratio"": 0, ""sector_amount_rank"": 0, ""zt_score"": 30, ""pct_score"": 10.0, ""up_ratio_score"": 10, ""amount_score"": 5}"
405,300204.SZ,20260327,6.333333333333333,2.0,2.0,10.0,10.0,10.0,9.0,2.0,10.0,3.0,0.0,68.53,13:33:30,0.0,0.0721,0.0083,4.8,11.45,279024281.24,28322.09,164,8,11.8,,,,,,8.128149253731342,"{""industry"": ""化学制药"", ""industry_zt_count"": 8, ""sector_pct_change"": 5.79, ""sector_up_ratio"": 0.99, ""sector_amount_rank"": 22, ""zt_score"": 40, ""pct_score"": 21.6, ""up_ratio_score"": 19.7, ""amount_score"": 0}"
459,300461.SZ,20260327,7.0,4.0,4.0,6.0,10.0,4.0,9.0,2.0,2.0,1.0,0.0,50.6,10:35:21,1.0,0.1008,0.0104,1.55,10.35,-69239835.2,7040.8,164,1,12.66,,,,,,3.0,"{""industry"": ""自动化设"", ""industry_zt_count"": 1, ""sector_pct_change"": 0, ""sector_up_ratio"": 0, ""sector_amount_rank"": 0, ""zt_score"": 5, ""pct_score"": 10.0, ""up_ratio_score"": 10, ""amount_score"": 5}"
425,300858.SZ,20260327,8.0,4.0,4.0,10.0,10.0,7.0,5.0,2.0,6.0,1.0,0.0,58.98,10:07:45,0.0,0.1702,0.0126,4.91,7.42,67563368.81,-6613.52,164,2,12.01,,,,,,4.177070422535211,"{""industry"": ""化学制品"", ""industry_zt_count"": 2, ""sector_pct_change"": 1.66, ""sector_up_ratio"": 0.92, ""sector_amount_rank"": 32, ""zt_score"": 10, ""pct_score"": 13.3, ""up_ratio_score"": 18.5, ""amount_score"": 0}"
446,301292.SZ,20260327,6.0,2.0,4.0,6.0,2.0,10.0,7.0,2.0,9.0,1.0,0.0,54.9,13:05:30,1.0,0.036,0.0119,1.26,33.09,32013608.31,2507.42,164,4,17.65,,,,,,6.095918367346938,"{""industry"": ""电池"", ""industry_zt_count"": 4, ""sector_pct_change"": 3.0, ""sector_up_ratio"": 0.9, ""sector_amount_rank"": 7, ""zt_score"": 20, ""pct_score"": 16.0, ""up_ratio_score"": 18.0, ""amount_score"": 7.0}"
408,600110.SH,20260327,7.0,4.0,4.0,6.0,10.0,7.0,8.0,2.0,9.0,6.0,0.0,64.9,11:29:40,0.0,0.129,0.0124,1.47,9.65,275428656.98,8459.73,164,4,6.52,,,,,,6.095918367346938,"{""industry"": ""电池"", ""industry_zt_count"": 4, ""sector_pct_change"": 3.0, ""sector_up_ratio"": 0.9, ""sector_amount_rank"": 7, ""zt_score"": 20, ""pct_score"": 16.0, ""up_ratio_score"": 18.0, ""amount_score"": 7.0}"
452,600227.SH,20260327,7.666666666666667,2.0,4.0,6.0,6.0,3.0,9.0,2.0,5.0,8.0,0.0,54.1,09:34:14,1.0,0.0868,0.0214,1.04,24.61,156485060.88,15182.53,164,6,5.61,,,,,,5.5,"{""industry"": ""农化制品"", ""industry_zt_count"": 6, ""sector_pct_change"": 0, ""sector_up_ratio"": 0, ""sector_amount_rank"": 0, ""zt_score"": 30, ""pct_score"": 10.0, ""up_ratio_score"": 10, ""amount_score"": 5}"
455,600268.SH,20260327,7.666666666666667,2.0,2.0,6.0,10.0,5.0,5.0,2.0,6.0,8.0,0.0,53.06,09:40:37,1.0,0.0853,0.0044,1.52,5.18,0.0,-25972.46,164,3,4.83,,,,,,4.459177304964539,"{""industry"": ""电网设备"", ""industry_zt_count"": 3, ""sector_pct_change"": 0.67, ""sector_up_ratio"": 0.74, ""sector_amount_rank"": 14, ""zt_score"": 15, ""pct_score"": 11.3, ""up_ratio_score"": 14.8, ""amount_score"": 3.5}"
406,600310.SH,20260327,9.333333333333334,10.0,6.0,4.0,6.0,9.0,5.0,2.0,7.0,3.0,0.0,66.19,09:25:01,0.0,1.1153,0.0323,0.18,2.9,112041698.48,-28048.74,164,6,9.7,,,,,,4.993,"{""industry"": ""电力"", ""industry_zt_count"": 6, ""sector_pct_change"": -0.91, ""sector_up_ratio"": 0.26, ""sector_amount_rank"": 8, ""zt_score"": 30, ""pct_score"": 8.2, ""up_ratio_score"": 5.2, ""amount_score"": 6.5}"
435,600470.SH,20260327,7.0,4.0,4.0,6.0,8.0,3.0,9.0,2.0,5.0,8.0,0.0,56.9,13:15:12,0.0,0.1575,0.0241,1.38,15.28,42904412.46,4569.44,164,6,5.39,,,,,,5.5,"{""industry"": ""农化制品"", ""industry_zt_count"": 6, ""sector_pct_change"": 0, ""sector_up_ratio"": 0, ""sector_amount_rank"": 0, ""zt_score"": 30, ""pct_score"": 10.0, ""up_ratio_score"": 10, ""amount_score"": 5}"
414,600488.SH,20260327,8.0,4.0,2.0,10.0,6.0,5.0,5.0,2.0,10.0,6.0,0.0,61.13,10:19:45,0.0,0.1488,0.0052,3.87,3.51,0.0,-6035.0,164,8,6.21,,,,,,8.128149253731342,"{""industry"": ""化学制药"", ""industry_zt_count"": 8, ""sector_pct_change"": 5.79, ""sector_up_ratio"": 0.99, ""sector_amount_rank"": 22, ""zt_score"": 40, ""pct_score"": 21.6, ""up_ratio_score"": 19.7, ""amount_score"": 0}"
430,600727.SH,20260327,7.666666666666667,4.0,2.0,6.0,10.0,5.0,5.0,2.0,9.0,6.0,0.0,57.64,09:33:45,1.0,0.1232,0.0069,1.54,5.59,0.0,-6315.36,164,5,6.27,,,,,,5.83851282051282,"{""industry"": ""化学原料"", ""industry_zt_count"": 5, ""sector_pct_change"": 2.59, ""sector_up_ratio"": 0.91, ""sector_amount_rank"": 23, ""zt_score"": 25, ""pct_score"": 15.2, ""up_ratio_score"": 18.2, ""amount_score"": 0}"
451,600748.SH,20260327,6.333333333333333,4.0,2.0,8.0,6.0,7.0,9.0,2.0,4.0,6.0,0.0,54.29,14:22:40,0.0,0.1731,0.0033,2.45,1.9,7145713.66,2078.59,164,1,6.62,,,,,,3.289025641025641,"{""industry"": ""房地产开发"", ""industry_zt_count"": 1, ""sector_pct_change"": 0.74, ""sector_up_ratio"": 0.82, ""sector_amount_rank"": 62, ""zt_score"": 5, ""pct_score"": 11.5, ""up_ratio_score"": 16.4, ""amount_score"": 0}"
437,600769.SH,20260327,8.666666666666666,6.0,4.0,6.0,6.0,5.0,5.0,2.0,6.0,8.0,0.0,56.8,09:50:31,0.0,0.3243,0.0104,1.06,3.22,0.0,-31.07,164,2,5.92,,,,,,3.7973763440860218,"{""industry"": ""环境治理"", ""industry_zt_count"": 2, ""sector_pct_change"": 1.46, ""sector_up_ratio"": 0.75, ""sector_amount_rank"": 43, ""zt_score"": 10, ""pct_score"": 12.9, ""up_ratio_score"": 15.1, ""amount_score"": 0}"
416,600844.SH,20260327,9.333333333333334,4.0,4.0,4.0,10.0,7.0,5.0,2.0,9.0,3.0,0.0,61.04,09:34:36,0.0,0.195,0.0223,0.68,11.46,44120396.0,-11205.62,164,5,9.59,,,,,,5.83851282051282,"{""industry"": ""化学原料"", ""industry_zt_count"": 5, ""sector_pct_change"": 2.59, ""sector_up_ratio"": 0.91, ""sector_amount_rank"": 23, ""zt_score"": 25, ""pct_score"": 15.2, ""up_ratio_score"": 18.2, ""amount_score"": 0}"
438,600955.SH,20260327,7.0,4.0,2.0,6.0,6.0,5.0,8.0,2.0,9.0,6.0,0.0,56.64,13:06:57,0.0,0.2357,0.0048,1.83,2.05,0.0,658.55,164,5,6.7,,,,,,5.83851282051282,"{""industry"": ""化学原料"", ""industry_zt_count"": 5, ""sector_pct_change"": 2.59, ""sector_up_ratio"": 0.91, ""sector_amount_rank"": 23, ""zt_score"": 25, ""pct_score"": 15.2, ""up_ratio_score"": 18.2, ""amount_score"": 0}"
426,600982.SH,20260327,7.0,2.0,4.0,6.0,8.0,5.0,9.0,2.0,7.0,8.0,0.0,58.39,14:29:07,0.0,0.0704,0.0134,1.28,19.0,124706000.85,11495.5,164,6,5.35,,,,,,4.993,"{""industry"": ""电力"", ""industry_zt_count"": 6, ""sector_pct_change"": -0.91, ""sector_up_ratio"": 0.26, ""sector_amount_rank"": 8, ""zt_score"": 30, ""pct_score"": 8.2, ""up_ratio_score"": 5.2, ""amount_score"": 6.5}"
454,600996.SH,20260327,8.666666666666666,8.0,4.0,4.0,6.0,5.0,5.0,2.0,2.0,8.0,0.0,53.2,09:25:01,0.0,0.8596,0.0111,0.27,1.3,0.0,-15706.66,164,1,4.74,,,,,,3.0,"{""industry"": ""电视广播"", ""industry_zt_count"": 1, ""sector_pct_change"": 0, ""sector_up_ratio"": 0, ""sector_amount_rank"": 0, ""zt_score"": 5, ""pct_score"": 10.0, ""up_ratio_score"": 10, ""amount_score"": 5}"
463,603002.SH,20260327,7.0,4.0,2.0,6.0,6.0,5.0,5.0,2.0,2.0,8.0,0.0,46.4,13:14:10,0.0,0.2148,0.0074,1.17,3.45,0.0,-426.73,164,1,5.4,,,,,,3.0,"{""industry"": ""电子化学"", ""industry_zt_count"": 1, ""sector_pct_change"": 0, ""sector_up_ratio"": 0, ""sector_amount_rank"": 0, ""zt_score"": 5, ""pct_score"": 10.0, ""up_ratio_score"": 10, ""amount_score"": 5}"
403,603026.SH,20260327,7.666666666666667,2.0,2.0,6.0,10.0,10.0,6.0,2.0,9.0,3.0,10.0,71.1,13:08:20,0.0,0.0283,0.0037,1.41,13.02,110622656.79,-5487.43,164,4,9.67,,,,,,6.095918367346938,"{""industry"": ""电池"", ""industry_zt_count"": 4, ""sector_pct_change"": 3.0, ""sector_up_ratio"": 0.9, ""sector_amount_rank"": 7, ""zt_score"": 20, ""pct_score"": 16.0, ""up_ratio_score"": 18.0, ""amount_score"": 7.0}"
428,603076.SH,20260327,8.666666666666666,6.0,4.0,6.0,10.0,5.0,5.0,2.0,5.0,6.0,0.0,58.06,09:44:05,0.0,0.3154,0.0163,1.91,5.18,0.0,-3405.96,164,2,6.18,,,,,,3.857145374449339,"{""industry"": ""专用设备"", ""industry_zt_count"": 2, ""sector_pct_change"": 0.93, ""sector_up_ratio"": 0.81, ""sector_amount_rank"": 20, ""zt_score"": 10, ""pct_score"": 11.9, ""up_ratio_score"": 16.2, ""amount_score"": 0.5}"
457,603090.SH,20260327,6.333333333333333,2.0,2.0,8.0,10.0,5.0,5.0,2.0,6.0,6.0,0.0,51.76,14:21:32,0.0,0.0241,0.0014,2.47,5.93,0.0,-8522.8,164,3,6.12,,,,,,4.363421487603306,"{""industry"": ""通用设备"", ""industry_zt_count"": 3, ""sector_pct_change"": 0.97, ""sector_up_ratio"": 0.83, ""sector_amount_rank"": 21, ""zt_score"": 15, ""pct_score"": 11.9, ""up_ratio_score"": 16.7, ""amount_score"": 0}"
464,603115.SH,20260327,6.333333333333333,2.0,2.0,6.0,10.0,5.0,5.0,2.0,3.0,3.0,0.0,45.1,11:28:05,2.0,0.0621,0.0051,1.59,8.18,0.0,-7868.13,164,2,9.27,,,,,,3.5,"{""industry"": ""元件"", ""industry_zt_count"": 2, ""sector_pct_change"": 0, ""sector_up_ratio"": 0, ""sector_amount_rank"": 0, ""zt_score"": 10, ""pct_score"": 10.0, ""up_ratio_score"": 10, ""amount_score"": 5}"
449,603127.SH,20260327,8.0,4.0,2.0,6.0,6.0,5.0,7.0,2.0,7.0,8.0,0.0,54.63,10:29:26,0.0,0.2133,0.0066,1.35,3.09,0.0,516.08,164,1,5.71,,,,,,4.0289090909090906,"{""industry"": ""医疗服务"", ""industry_zt_count"": 1, ""sector_pct_change"": 3.19, ""sector_up_ratio"": 0.95, ""sector_amount_rank"": 46, ""zt_score"": 5, ""pct_score"": 16.4, ""up_ratio_score"": 18.9, ""amount_score"": 0}"
434,603132.SH,20260327,7.0,6.0,2.0,8.0,6.0,5.0,9.0,2.0,6.0,6.0,0.0,57.21,11:15:38,0.0,0.4374,0.0051,2.03,1.16,0.0,1092.18,164,2,6.45,,,,,,4.214491803278689,"{""industry"": ""工业金属"", ""industry_zt_count"": 2, ""sector_pct_change"": 1.72, ""sector_up_ratio"": 0.89, ""sector_amount_rank"": 19, ""zt_score"": 10, ""pct_score"": 13.4, ""up_ratio_score"": 17.7, ""amount_score"": 1.0}"
417,603248.SH,20260327,8.666666666666666,6.0,8.0,4.0,6.0,5.0,9.0,2.0,4.0,8.0,0.0,60.75,09:51:47,0.0,0.3586,0.0779,0.65,21.74,0.0,4032.32,164,1,4.16,,,,,,2.148,"{""industry"": ""风电设备"", ""industry_zt_count"": 1, ""sector_pct_change"": -0.76, ""sector_up_ratio"": 0.4, ""sector_amount_rank"": 39, ""zt_score"": 5, ""pct_score"": 8.5, ""up_ratio_score"": 8.0, ""amount_score"": 0}"
415,603324.SH,20260327,7.0,8.0,4.0,6.0,6.0,5.0,9.0,2.0,6.0,8.0,0.0,61.05,13:05:41,0.0,0.6036,0.024,1.4,3.98,0.0,1512.24,164,2,5.33,,,,,,4.04723076923077,"{""industry"": ""环保设备"", ""industry_zt_count"": 2, ""sector_pct_change"": 1.39, ""sector_up_ratio"": 0.88, ""sector_amount_rank"": 125, ""zt_score"": 10, ""pct_score"": 12.8, ""up_ratio_score"": 17.7, ""amount_score"": 0}"
448,603387.SH,20260327,7.0,4.0,2.0,4.0,10.0,5.0,5.0,2.0,8.0,8.0,0.0,54.8,10:06:00,1.0,0.1088,0.0089,0.78,8.21,0.0,-3833.56,164,3,5.81,,,,,,5.002307692307693,"{""industry"": ""医疗器械"", ""industry_zt_count"": 3, ""sector_pct_change"": 2.8, ""sector_up_ratio"": 0.97, ""sector_amount_rank"": 50, ""zt_score"": 15, ""pct_score"": 15.6, ""up_ratio_score"": 19.4, ""amount_score"": 0}"
404,603399.SH,20260327,7.0,2.0,2.0,8.0,10.0,11.0,9.0,2.0,10.0,6.0,0.0,69.61,10:44:06,1.0,0.0523,0.0047,2.26,9.05,18872139.26,4082.68,164,5,6.77,,,,,,7.006,"{""industry"": ""能源金属"", ""industry_zt_count"": 5, ""sector_pct_change"": 6.78, ""sector_up_ratio"": 1.0, ""sector_amount_rank"": 18, ""zt_score"": 25, ""pct_score"": 23.6, ""up_ratio_score"": 20.0, ""amount_score"": 1.5}"
443,603585.SH,20260327,7.666666666666667,8.0,4.0,4.0,6.0,5.0,5.0,2.0,5.0,6.0,0.0,55.7,09:30:45,1.0,0.7538,0.0133,0.92,1.76,0.0,-2891.82,164,6,6.47,,,,,,5.5,"{""industry"": ""农化制品"", ""industry_zt_count"": 6, ""sector_pct_change"": 0, ""sector_up_ratio"": 0, ""sector_amount_rank"": 0, ""zt_score"": 30, ""pct_score"": 10.0, ""up_ratio_score"": 10, ""amount_score"": 5}"
419,603618.SH,20260327,8.333333333333334,2.0,2.0,4.0,10.0,10.0,7.0,2.0,6.0,8.0,0.0,60.26,11:22:46,0.0,0.0365,0.0042,0.86,11.46,90835205.27,1289.42,164,3,5.34,,,,,,4.459177304964539,"{""industry"": ""电网设备"", ""industry_zt_count"": 3, ""sector_pct_change"": 0.67, ""sector_up_ratio"": 0.74, ""sector_amount_rank"": 14, ""zt_score"": 15, ""pct_score"": 11.3, ""up_ratio_score"": 14.8, ""amount_score"": 3.5}"
436,603738.SH,20260327,8.0,4.0,4.0,4.0,10.0,5.0,9.0,2.0,3.0,8.0,0.0,56.9,10:58:21,0.0,0.1229,0.0127,0.76,10.35,0.0,9829.88,164,2,4.23,,,,,,3.5,"{""industry"": ""元件"", ""industry_zt_count"": 2, ""sector_pct_change"": 0, ""sector_up_ratio"": 0, ""sector_amount_rank"": 0, ""zt_score"": 10, ""pct_score"": 10.0, ""up_ratio_score"": 10, ""amount_score"": 5}"
461,603978.SH,20260327,8.0,4.0,2.0,6.0,10.0,5.0,5.0,2.0,2.0,6.0,0.0,49.6,10:32:15,0.0,0.1182,0.0086,1.62,7.28,0.0,-1641.38,164,1,7.03,,,,,,3.0,"{""industry"": ""金属新材"", ""industry_zt_count"": 1, ""sector_pct_change"": 0, ""sector_up_ratio"": 0, ""sector_amount_rank"": 0, ""zt_score"": 5, ""pct_score"": 10.0, ""up_ratio_score"": 10, ""amount_score"": 5}"
442,605388.SH,20260327,8.666666666666666,6.0,4.0,6.0,6.0,5.0,5.0,2.0,5.0,8.0,0.0,55.88,09:41:12,0.0,0.4749,0.0155,1.93,3.27,0.0,-1711.54,164,1,5.54,,,,,,3.680666666666667,"{""industry"": ""饮料乳品"", ""industry_zt_count"": 1, ""sector_pct_change"": 1.57, ""sector_up_ratio"": 0.93, ""sector_amount_rank"": 122, ""zt_score"": 5, ""pct_score"": 13.1, ""up_ratio_score"": 18.7, ""amount_score"": 0}"
387,000037.SZ,20260326,7.0,4.0,4.0,6.0,8.0,5.0,5.0,2.0,7.0,6.0,0.0,56.7,11:15:00,0.0,0.1096,0.0213,1.09,19.42,0.0,-190.25,164,8,7.73,,,,,,6.497268292682927,"{""industry"": ""电力"", ""industry_zt_count"": 8, ""sector_pct_change"": -0.16, ""sector_up_ratio"": 0.41, ""sector_amount_rank"": 7, ""zt_score"": 40, ""pct_score"": 9.7, ""up_ratio_score"": 8.3, ""amount_score"": 7.0}"
377,000692.SZ,20260326,8.666666666666666,6.0,4.0,6.0,10.0,10.0,5.0,2.0,7.0,6.0,0.0,68.3,09:44:36,0.0,0.3712,0.0211,1.37,5.68,36088225.9,-3289.15,164,8,8.09,,,,,,6.497268292682927,"{""industry"": ""电力"", ""industry_zt_count"": 8, ""sector_pct_change"": -0.16, ""sector_up_ratio"": 0.41, ""sector_amount_rank"": 7, ""zt_score"": 40, ""pct_score"": 9.7, ""up_ratio_score"": 8.3, ""amount_score"": 7.0}"
375,000720.SZ,20260326,9.333333333333334,10.0,6.0,4.0,6.0,8.0,5.0,2.0,6.0,3.0,10.0,71.82,09:25:00,0.0,2.2416,0.0378,0.52,1.68,45441425.42,-10606.76,164,3,9.71,,,,,,2.6233521126760566,"{""industry"": ""电网设备"", ""industry_zt_count"": 3, ""sector_pct_change"": -2.26, ""sector_up_ratio"": 0.11, ""sector_amount_rank"": 14, ""zt_score"": 15, ""pct_score"": 5.5, ""up_ratio_score"": 2.3, ""amount_score"": 3.5}"
379,000767.SZ,20260326,6.666666666666667,4.0,4.0,4.0,10.0,10.0,5.0,2.0,7.0,3.0,0.0,60.5,09:30:54,2.0,0.1669,0.0119,0.9,7.13,135028788.64,-29598.54,164,8,9.11,,,,,,6.497268292682927,"{""industry"": ""电力"", ""industry_zt_count"": 8, ""sector_pct_change"": -0.16, ""sector_up_ratio"": 0.41, ""sector_amount_rank"": 7, ""zt_score"": 40, ""pct_score"": 9.7, ""up_ratio_score"": 8.3, ""amount_score"": 7.0}"
400,000965.SZ,20260326,6.666666666666667,2.0,2.0,10.0,10.0,5.0,5.0,2.0,4.0,6.0,0.0,49.39,09:25:00,2.0,0.0951,0.0065,3.05,6.88,0.0,-29151.71,164,1,7.64,,,,,,1.5930632911392404,"{""industry"": ""房地产开发"", ""industry_zt_count"": 1, ""sector_pct_change"": -1.56, ""sector_up_ratio"": 0.2, ""sector_amount_rank"": 68, ""zt_score"": 5, ""pct_score"": 6.9, ""up_ratio_score"": 4.1, ""amount_score"": 0}"
394,000968.SZ,20260326,7.0,4.0,4.0,4.0,10.0,5.0,5.0,2.0,6.0,8.0,0.0,54.5,13:19:51,0.0,0.1315,0.0127,0.87,9.66,0.0,-2041.68,164,1,4.59,,,,,,3.904,"{""industry"": ""油气开采"", ""industry_zt_count"": 1, ""sector_pct_change"": 2.02, ""sector_up_ratio"": 1.0, ""sector_amount_rank"": 66, ""zt_score"": 5, ""pct_score"": 14.0, ""up_ratio_score"": 20.0, ""amount_score"": 0}"
392,002109.SZ,20260326,8.666666666666666,4.0,4.0,6.0,10.0,5.0,5.0,2.0,5.0,6.0,0.0,54.91,09:58:24,0.0,0.2312,0.0194,1.01,8.38,0.0,-3177.0,164,2,6.93,,,,,,2.710842105263158,"{""industry"": ""化学原料"", ""industry_zt_count"": 2, ""sector_pct_change"": -0.13, ""sector_up_ratio"": 0.37, ""sector_amount_rank"": 26, ""zt_score"": 10, ""pct_score"": 9.7, ""up_ratio_score"": 7.4, ""amount_score"": 0}"
384,002149.SZ,20260326,5.666666666666667,2.0,4.0,8.0,8.0,10.0,9.0,2.0,2.0,6.0,0.0,57.2,14:36:06,0.0,0.0716,0.0133,2.4,18.64,256643215.47,38981.6,164,1,7.19,,,,,,3.0,"{""industry"": ""小金属"", ""industry_zt_count"": 1, ""sector_pct_change"": 0, ""sector_up_ratio"": 0, ""sector_amount_rank"": 0, ""zt_score"": 5, ""pct_score"": 10.0, ""up_ratio_score"": 10, ""amount_score"": 5}"
397,002263.SZ,20260326,8.666666666666666,4.0,4.0,6.0,6.0,5.0,5.0,2.0,5.0,6.0,0.0,51.22,09:40:18,0.0,0.282,0.0112,1.37,3.97,0.0,-15029.84,164,2,7.56,,,,,,2.221531914893617,"{""industry"": ""塑料"", ""industry_zt_count"": 2, ""sector_pct_change"": -1.02, ""sector_up_ratio"": 0.21, ""sector_amount_rank"": 48, ""zt_score"": 10, ""pct_score"": 8.0, ""up_ratio_score"": 4.3, ""amount_score"": 0}"
383,002361.SZ,20260326,6.333333333333333,2.0,4.0,8.0,8.0,8.0,9.0,2.0,5.0,6.0,0.0,57.22,14:01:51,0.0,0.0903,0.0169,2.61,18.7,77175155.91,18253.03,164,2,6.99,,,,,,2.221531914893617,"{""industry"": ""塑料"", ""industry_zt_count"": 2, ""sector_pct_change"": -1.02, ""sector_up_ratio"": 0.21, ""sector_amount_rank"": 48, ""zt_score"": 10, ""pct_score"": 8.0, ""up_ratio_score"": 4.3, ""amount_score"": 0}"
391,002471.SZ,20260326,8.666666666666666,4.0,4.0,6.0,10.0,5.0,5.0,2.0,6.0,6.0,0.0,55.62,09:25:00,0.0,0.2869,0.0281,1.3,9.8,0.0,-109256.05,164,3,6.74,,,,,,2.6233521126760566,"{""industry"": ""电网设备"", ""industry_zt_count"": 3, ""sector_pct_change"": -2.26, ""sector_up_ratio"": 0.11, ""sector_amount_rank"": 14, ""zt_score"": 15, ""pct_score"": 5.5, ""up_ratio_score"": 2.3, ""amount_score"": 3.5}"
393,002692.SZ,20260326,8.666666666666666,8.0,4.0,4.0,6.0,5.0,5.0,2.0,6.0,6.0,0.0,54.82,09:39:09,0.0,0.5413,0.0237,0.97,4.38,0.0,-9433.57,164,3,6.98,,,,,,2.6233521126760566,"{""industry"": ""电网设备"", ""industry_zt_count"": 3, ""sector_pct_change"": -2.26, ""sector_up_ratio"": 0.11, ""sector_amount_rank"": 14, ""zt_score"": 15, ""pct_score"": 5.5, ""up_ratio_score"": 2.3, ""amount_score"": 3.5}"
395,002902.SZ,20260326,8.333333333333334,4.0,6.0,4.0,8.0,7.0,5.0,2.0,4.0,3.0,0.0,53.03,09:30:24,1.0,0.2074,0.0322,0.55,15.52,148503707.49,-691.87,164,1,9.68,,,,,,2.2304511278195487,"{""industry"": ""通信设备"", ""industry_zt_count"": 1, ""sector_pct_change"": -1.75, ""sector_up_ratio"": 0.09, ""sector_amount_rank"": 3, ""zt_score"": 5, ""pct_score"": 6.5, ""up_ratio_score"": 1.8, ""amount_score"": 9.0}"
388,003018.SZ,20260326,8.666666666666666,6.0,4.0,4.0,10.0,5.0,5.0,2.0,6.0,6.0,0.0,56.28,09:34:18,0.0,0.3249,0.0272,0.88,8.36,0.0,-9102.77,164,3,7.34,,,,,,2.877,"{""industry"": ""包装印刷"", ""industry_zt_count"": 3, ""sector_pct_change"": -1.24, ""sector_up_ratio"": 0.31, ""sector_amount_rank"": 64, ""zt_score"": 15, ""pct_score"": 7.5, ""up_ratio_score"": 6.2, ""amount_score"": 0}"
380,600163.SH,20260326,9.0,4.0,4.0,4.0,6.0,9.0,5.0,2.0,7.0,3.0,0.0,58.9,09:25:02,1.0,0.2666,0.0108,0.86,4.06,62105615.51,-53553.87,164,8,9.66,,,,,,6.497268292682927,"{""industry"": ""电力"", ""industry_zt_count"": 8, ""sector_pct_change"": -0.16, ""sector_up_ratio"": 0.41, ""sector_amount_rank"": 7, ""zt_score"": 40, ""pct_score"": 9.7, ""up_ratio_score"": 8.3, ""amount_score"": 7.0}"
381,600207.SH,20260326,8.0,2.0,2.0,6.0,10.0,11.0,7.0,2.0,4.0,8.0,0.0,58.34,10:04:49,0.0,0.0776,0.0063,1.47,8.09,35116651.08,1614.05,164,1,5.34,,,,,,1.7372432432432432,"{""industry"": ""光伏设备"", ""industry_zt_count"": 1, ""sector_pct_change"": -2.53, ""sector_up_ratio"": 0.12, ""sector_amount_rank"": 11, ""zt_score"": 5, ""pct_score"": 4.9, ""up_ratio_score"": 2.4, ""amount_score"": 5.0}"
378,600310.SH,20260326,8.0,4.0,4.0,4.0,10.0,9.0,5.0,2.0,7.0,6.0,0.0,62.7,10:31:05,0.0,0.108,0.0137,0.98,12.72,154464703.68,-26089.91,164,8,8.3,,,,,,6.497268292682927,"{""industry"": ""电力"", ""industry_zt_count"": 8, ""sector_pct_change"": -0.16, ""sector_up_ratio"": 0.41, ""sector_amount_rank"": 7, ""zt_score"": 40, ""pct_score"": 9.7, ""up_ratio_score"": 8.3, ""amount_score"": 7.0}"
396,600682.SH,20260326,8.666666666666666,6.0,4.0,6.0,6.0,5.0,5.0,2.0,2.0,6.0,0.0,51.6,09:45:11,0.0,0.4546,0.0122,1.42,2.69,0.0,-3697.51,164,1,6.75,,,,,,3.0,"{""industry"": ""综合Ⅱ"", ""industry_zt_count"": 1, ""sector_pct_change"": 0, ""sector_up_ratio"": 0, ""sector_amount_rank"": 0, ""zt_score"": 5, ""pct_score"": 10.0, ""up_ratio_score"": 10, ""amount_score"": 5}"
398,600800.SH,20260326,8.0,4.0,2.0,6.0,10.0,7.0,5.0,2.0,2.0,3.0,0.0,50.2,09:31:05,2.0,0.1126,0.006,1.19,5.33,56028345.45,-9791.59,164,1,9.61,,,,,,3.0,"{""industry"": ""炼化及贸"", ""industry_zt_count"": 1, ""sector_pct_change"": 0, ""sector_up_ratio"": 0, ""sector_amount_rank"": 0, ""zt_score"": 5, ""pct_score"": 10.0, ""up_ratio_score"": 10, ""amount_score"": 5}"
386,600844.SH,20260326,7.666666666666667,4.0,6.0,6.0,6.0,5.0,9.0,2.0,5.0,6.0,0.0,56.91,13:45:23,0.0,0.1802,0.0383,1.33,21.27,0.0,5833.97,164,2,6.49,,,,,,2.710842105263158,"{""industry"": ""化学原料"", ""industry_zt_count"": 2, ""sector_pct_change"": -0.13, ""sector_up_ratio"": 0.37, ""sector_amount_rank"": 26, ""zt_score"": 10, ""pct_score"": 9.7, ""up_ratio_score"": 7.4, ""amount_score"": 0}"
402,601515.SH,20260326,8.666666666666666,4.0,2.0,4.0,6.0,5.0,5.0,2.0,6.0,6.0,0.0,48.68,09:35:21,0.0,0.1399,0.0025,0.95,1.76,0.0,-7419.88,164,3,6.61,,,,,,2.877,"{""industry"": ""包装印刷"", ""industry_zt_count"": 3, ""sector_pct_change"": -1.24, ""sector_up_ratio"": 0.31, ""sector_amount_rank"": 64, ""zt_score"": 15, ""pct_score"": 7.5, ""up_ratio_score"": 6.2, ""amount_score"": 0}"
376,601908.SH,20260326,8.0,4.0,4.0,6.0,10.0,13.0,7.0,2.0,7.0,6.0,0.0,71.1,10:39:24,0.0,0.1146,0.0126,1.4,10.96,133145613.04,2368.33,164,8,7.02,,,,,,6.497268292682927,"{""industry"": ""电力"", ""industry_zt_count"": 8, ""sector_pct_change"": -0.16, ""sector_up_ratio"": 0.41, ""sector_amount_rank"": 7, ""zt_score"": 40, ""pct_score"": 9.7, ""up_ratio_score"": 8.3, ""amount_score"": 7.0}"
401,603026.SH,20260326,6.666666666666667,2.0,2.0,6.0,10.0,5.0,5.0,2.0,5.0,6.0,0.0,48.95,09:52:39,2.0,0.0516,0.0052,1.22,10.1,0.0,-47677.64,164,1,6.08,,,,,,3.550081632653061,"{""industry"": ""电池"", ""industry_zt_count"": 1, ""sector_pct_change"": 1.23, ""sector_up_ratio"": 0.6, ""sector_amount_rank"": 9, ""zt_score"": 5, ""pct_score"": 12.5, ""up_ratio_score"": 12.0, ""amount_score"": 6.0}"
389,603217.SH,20260326,8.666666666666666,10.0,4.0,6.0,6.0,5.0,5.0,2.0,4.0,6.0,0.0,56.0,09:46:58,0.0,1.06,0.0194,1.45,1.83,0.0,-1960.14,164,1,7.16,,,,,,1.8004507042253521,"{""industry"": ""化学制品"", ""industry_zt_count"": 1, ""sector_pct_change"": -0.54, ""sector_up_ratio"": 0.2, ""sector_amount_rank"": 31, ""zt_score"": 5, ""pct_score"": 8.9, ""up_ratio_score"": 4.1, ""amount_score"": 0}"
399,603272.SH,20260326,9.333333333333334,2.0,2.0,6.0,10.0,5.0,5.0,2.0,4.0,6.0,0.0,49.61,10:12:51,0.0,0.0496,0.0035,1.21,7.13,0.0,-683.14,164,1,8.45,,,,,,1.8125352112676054,"{""industry"": ""家居用品"", ""industry_zt_count"": 1, ""sector_pct_change"": -0.55, ""sector_up_ratio"": 0.21, ""sector_amount_rank"": 105, ""zt_score"": 5, ""pct_score"": 8.9, ""up_ratio_score"": 4.2, ""amount_score"": 0}"
390,603520.SH,20260326,7.666666666666667,2.0,2.0,8.0,10.0,7.0,5.0,2.0,6.0,8.0,0.0,55.83,09:43:25,1.0,0.0595,0.0051,2.41,8.62,44923722.32,-3145.84,164,4,5.6,,,,,,3.2296183206106877,"{""industry"": ""化学制药"", ""industry_zt_count"": 4, ""sector_pct_change"": -1.6, ""sector_up_ratio"": 0.27, ""sector_amount_rank"": 35, ""zt_score"": 20, ""pct_score"": 6.8, ""up_ratio_score"": 5.5, ""amount_score"": 0}"
385,603937.SH,20260326,10.0,4.0,2.0,6.0,10.0,9.0,5.0,2.0,4.0,6.0,0.0,57.01,09:39:05,0.0,0.1295,0.0096,1.87,7.43,5200639.53,-8402.16,164,1,8.35,,,,,,1.6093333333333333,"{""industry"": ""工业金属"", ""industry_zt_count"": 1, ""sector_pct_change"": -1.87, ""sector_up_ratio"": 0.22, ""sector_amount_rank"": 20, ""zt_score"": 5, ""pct_score"": 6.3, ""up_ratio_score"": 4.3, ""amount_score"": 0.5}"
382,605555.SH,20260326,6.333333333333333,6.0,4.0,10.0,6.0,5.0,9.0,2.0,5.0,6.0,0.0,58.06,13:55:27,0.0,0.4223,0.0148,3.1,3.5,0.0,2496.35,164,2,7.69,,,,,,2.655384615384615,"{""industry"": ""小家电"", ""industry_zt_count"": 2, ""sector_pct_change"": 0.2, ""sector_up_ratio"": 0.31, ""sector_amount_rank"": 131, ""zt_score"": 10, ""pct_score"": 10.4, ""up_ratio_score"": 6.2, ""amount_score"": 0}"
335,000070.SZ,20260325,8.666666666666666,4.0,2.0,4.0,6.0,5.0,5.0,2.0,10.0,6.0,0.0,57.41,09:35:57,0.0,0.1814,0.0082,0.74,4.5,0.0,-23053.59,164,8,8.43,,,,,,8.413820895522388,"{""industry"": ""通信设备"", ""industry_zt_count"": 8, ""sector_pct_change"": 3.64, ""sector_up_ratio"": 0.92, ""sector_amount_rank"": 4, ""zt_score"": 40, ""pct_score"": 17.3, ""up_ratio_score"": 18.4, ""amount_score"": 8.5}"
360,000592.SZ,20260325,6.333333333333333,2.0,4.0,6.0,10.0,3.0,9.0,2.0,2.0,8.0,0.0,50.8,14:26:27,0.0,0.089,0.0132,1.58,14.82,471096349.66,57849.8,164,1,5.78,,,,,,3.0,"{""industry"": ""林业Ⅱ"", ""industry_zt_count"": 1, ""sector_pct_change"": 0, ""sector_up_ratio"": 0, ""sector_amount_rank"": 0, ""zt_score"": 5, ""pct_score"": 10.0, ""up_ratio_score"": 10, ""amount_score"": 5}"
325,000639.SZ,20260325,8.666666666666666,8.0,6.0,4.0,6.0,5.0,9.0,2.0,4.0,6.0,0.0,60.32,09:45:21,0.0,0.8748,0.042,0.68,4.8,0.0,1931.51,164,1,8.14,,,,,,3.3228421052631574,"{""industry"": ""食品加工"", ""industry_zt_count"": 1, ""sector_pct_change"": 0.43, ""sector_up_ratio"": 0.87, ""sector_amount_rank"": 122, ""zt_score"": 5, ""pct_score"": 10.9, ""up_ratio_score"": 17.4, ""amount_score"": 0}"
358,000659.SZ,20260325,7.0,4.0,2.0,6.0,6.0,5.0,9.0,2.0,4.0,6.0,0.0,51.15,13:00:54,0.0,0.2477,0.0094,1.27,3.79,0.0,3390.91,164,1,7.38,,,,,,3.3514693877551025,"{""industry"": ""包装印刷"", ""industry_zt_count"": 1, ""sector_pct_change"": 0.89, ""sector_up_ratio"": 0.84, ""sector_amount_rank"": 66, ""zt_score"": 5, ""pct_score"": 11.8, ""up_ratio_score"": 16.7, ""amount_score"": 0}"
329,000690.SZ,20260325,7.0,2.0,4.0,6.0,10.0,5.0,5.0,2.0,9.0,6.0,0.0,59.47,10:20:15,1.0,0.0819,0.01,1.79,12.21,0.0,-5769.17,164,15,8.37,,,,,,8.065658536585365,"{""industry"": ""电力"", ""industry_zt_count"": 15, ""sector_pct_change"": 2.56, ""sector_up_ratio"": 0.93, ""sector_amount_rank"": 7, ""zt_score"": 40, ""pct_score"": 15.1, ""up_ratio_score"": 18.5, ""amount_score"": 7.0}"
320,000720.SZ,20260325,10.0,10.0,6.0,4.0,6.0,5.0,5.0,2.0,7.0,3.0,0.0,62.75,09:25:00,0.0,2.8452,0.0407,0.39,1.43,0.0,-8171.04,164,4,9.64,,,,,,5.546251748251748,"{""industry"": ""电网设备"", ""industry_zt_count"": 4, ""sector_pct_change"": 1.99, ""sector_up_ratio"": 0.87, ""sector_amount_rank"": 13, ""zt_score"": 20, ""pct_score"": 14.0, ""up_ratio_score"": 17.5, ""amount_score"": 4.0}"
316,000722.SZ,20260325,10.0,10.0,4.0,4.0,6.0,5.0,5.0,2.0,9.0,3.0,0.0,64.47,09:25:00,0.0,1.5385,0.0204,0.25,1.33,0.0,-9120.62,164,15,9.65,,,,,,8.065658536585365,"{""industry"": ""电力"", ""industry_zt_count"": 15, ""sector_pct_change"": 2.56, ""sector_up_ratio"": 0.93, ""sector_amount_rank"": 7, ""zt_score"": 40, ""pct_score"": 15.1, ""up_ratio_score"": 18.5, ""amount_score"": 7.0}"
370,000753.SZ,20260325,5.666666666666667,4.0,2.0,8.0,6.0,5.0,8.0,2.0,2.0,6.0,0.0,48.2,14:50:30,0.0,0.2254,0.0092,2.25,4.09,0.0,1138.43,164,1,7.73,,,,,,3.0,"{""industry"": ""综合Ⅱ"", ""industry_zt_count"": 1, ""sector_pct_change"": 0, ""sector_up_ratio"": 0, ""sector_amount_rank"": 0, ""zt_score"": 5, ""pct_score"": 10.0, ""up_ratio_score"": 10, ""amount_score"": 5}"
354,000859.SZ,20260325,8.666666666666666,6.0,2.0,4.0,6.0,5.0,5.0,2.0,6.0,6.0,0.0,51.94,09:30:00,0.0,0.3935,0.0096,0.53,2.43,0.0,-12628.49,164,2,7.71,,,,,,4.138510638297872,"{""industry"": ""塑料"", ""industry_zt_count"": 2, ""sector_pct_change"": 1.65, ""sector_up_ratio"": 0.9, ""sector_amount_rank"": 54, ""zt_score"": 10, ""pct_score"": 13.3, ""up_ratio_score"": 18.1, ""amount_score"": 0}"
369,000889.SZ,20260325,8.666666666666666,4.0,2.0,6.0,6.0,5.0,5.0,2.0,3.0,6.0,0.0,48.5,09:30:00,0.0,0.1936,0.0052,1.19,2.69,0.0,-6764.71,164,2,8.37,,,,,,3.5,"{""industry"": ""通信服务"", ""industry_zt_count"": 2, ""sector_pct_change"": 0, ""sector_up_ratio"": 0, ""sector_amount_rank"": 0, ""zt_score"": 10, ""pct_score"": 10.0, ""up_ratio_score"": 10, ""amount_score"": 5}"
359,000927.SZ,20260325,8.0,4.0,2.0,4.0,6.0,5.0,7.0,2.0,6.0,6.0,0.0,50.86,10:08:18,0.0,0.2295,0.0033,0.89,1.45,0.0,660.5,164,1,7.93,,,,,,3.8647878787878787,"{""industry"": ""轨交设备"", ""industry_zt_count"": 1, ""sector_pct_change"": 2.43, ""sector_up_ratio"": 0.94, ""sector_amount_rank"": 131, ""zt_score"": 5, ""pct_score"": 14.9, ""up_ratio_score"": 18.8, ""amount_score"": 0}"
367,000978.SZ,20260325,8.0,2.0,2.0,8.0,10.0,5.0,5.0,2.0,2.0,6.0,0.0,49.2,10:39:00,0.0,0.0508,0.0036,2.32,7.14,0.0,-10165.9,164,1,7.95,,,,,,3.0,"{""industry"": ""旅游及景"", ""industry_zt_count"": 1, ""sector_pct_change"": 0, ""sector_up_ratio"": 0, ""sector_amount_rank"": 0, ""zt_score"": 5, ""pct_score"": 10.0, ""up_ratio_score"": 10, ""amount_score"": 5}"
315,000993.SZ,20260325,6.333333333333333,4.0,4.0,6.0,10.0,5.0,9.0,2.0,9.0,6.0,0.0,64.67,14:26:48,0.0,0.1304,0.0176,1.74,13.51,0.0,7896.19,164,15,7.98,,,,,,8.065658536585365,"{""industry"": ""电力"", ""industry_zt_count"": 15, ""sector_pct_change"": 2.56, ""sector_up_ratio"": 0.93, ""sector_amount_rank"": 7, ""zt_score"": 40, ""pct_score"": 15.1, ""up_ratio_score"": 18.5, ""amount_score"": 7.0}"
343,001316.SZ,20260325,8.0,10.0,4.0,6.0,6.0,5.0,5.0,2.0,3.0,6.0,0.0,56.1,10:30:27,0.0,1.0754,0.0247,1.48,2.3,0.0,-798.55,164,2,7.62,,,,,,3.5,"{""industry"": ""炼化及贸"", ""industry_zt_count"": 2, ""sector_pct_change"": 0, ""sector_up_ratio"": 0, ""sector_amount_rank"": 0, ""zt_score"": 10, ""pct_score"": 10.0, ""up_ratio_score"": 10, ""amount_score"": 5}"
313,001376.SZ,20260325,8.0,6.0,6.0,4.0,10.0,5.0,9.0,2.0,9.0,6.0,0.0,69.47,10:55:18,0.0,0.493,0.0363,0.97,7.36,0.0,3634.56,164,15,7.84,,,,,,8.065658536585365,"{""industry"": ""电力"", ""industry_zt_count"": 15, ""sector_pct_change"": 2.56, ""sector_up_ratio"": 0.93, ""sector_amount_rank"": 7, ""zt_score"": 40, ""pct_score"": 15.1, ""up_ratio_score"": 18.5, ""amount_score"": 7.0}"
317,001400.SZ,20260325,8.666666666666666,8.0,8.0,4.0,10.0,5.0,5.0,2.0,6.0,6.0,0.0,64.43,09:41:15,0.0,0.6484,0.0617,0.51,9.52,0.0,-1519.77,164,2,6.81,,,,,,4.230869565217391,"{""industry"": ""专用设备"", ""industry_zt_count"": 2, ""sector_pct_change"": 1.85, ""sector_up_ratio"": 0.93, ""sector_amount_rank"": 21, ""zt_score"": 10, ""pct_score"": 13.7, ""up_ratio_score"": 18.6, ""amount_score"": 0}"
337,002038.SZ,20260325,7.0,4.0,4.0,10.0,10.0,5.0,5.0,2.0,5.0,6.0,0.0,57.33,10:55:33,1.0,0.1827,0.0118,3.12,6.48,0.0,-239.27,164,2,7.57,,,,,,3.9324615384615385,"{""industry"": ""化学制药"", ""industry_zt_count"": 2, ""sector_pct_change"": 0.97, ""sector_up_ratio"": 0.87, ""sector_amount_rank"": 47, ""zt_score"": 10, ""pct_score"": 11.9, ""up_ratio_score"": 17.4, ""amount_score"": 0}"
347,002418.SZ,20260325,7.666666666666667,4.0,4.0,6.0,10.0,5.0,8.0,2.0,2.0,6.0,0.0,54.6,09:41:03,1.0,0.2612,0.0203,1.48,7.77,0.0,3048.02,164,1,8.07,,,,,,3.0,"{""industry"": ""家电零部"", ""industry_zt_count"": 1, ""sector_pct_change"": 0, ""sector_up_ratio"": 0, ""sector_amount_rank"": 0, ""zt_score"": 5, ""pct_score"": 10.0, ""up_ratio_score"": 10, ""amount_score"": 5}"
357,002467.SZ,20260325,7.666666666666667,4.0,4.0,4.0,10.0,5.0,5.0,2.0,3.0,6.0,0.0,51.3,09:33:12,1.0,0.1546,0.0145,0.82,9.39,0.0,-42688.66,164,2,8.05,,,,,,3.5,"{""industry"": ""通信服务"", ""industry_zt_count"": 2, ""sector_pct_change"": 0, ""sector_up_ratio"": 0, ""sector_amount_rank"": 0, ""zt_score"": 10, ""pct_score"": 10.0, ""up_ratio_score"": 10, ""amount_score"": 5}"
324,002475.SZ,20260325,7.0,2.0,2.0,8.0,6.0,10.0,8.0,2.0,9.0,6.0,0.0,61.96,10:18:15,1.0,0.0402,0.0014,2.66,3.52,1069139883.66,109115.46,164,3,6.48,,,,,,5.563960784313726,"{""industry"": ""消费电子"", ""industry_zt_count"": 3, ""sector_pct_change"": 4.06, ""sector_up_ratio"": 0.95, ""sector_amount_rank"": 14, ""zt_score"": 15, ""pct_score"": 18.1, ""up_ratio_score"": 19.0, ""amount_score"": 3.5}"
322,002479.SZ,20260325,8.666666666666666,6.0,4.0,6.0,6.0,5.0,5.0,2.0,9.0,6.0,0.0,62.27,09:48:36,0.0,0.3501,0.0127,1.46,3.62,0.0,-4409.86,164,15,8.69,,,,,,8.065658536585365,"{""industry"": ""电力"", ""industry_zt_count"": 15, ""sector_pct_change"": 2.56, ""sector_up_ratio"": 0.93, ""sector_amount_rank"": 7, ""zt_score"": 40, ""pct_score"": 15.1, ""up_ratio_score"": 18.5, ""amount_score"": 7.0}"
311,002491.SZ,20260325,10.0,6.0,4.0,4.0,6.0,5.0,7.0,2.0,10.0,3.0,10.0,73.61,09:31:18,0.0,0.4218,0.0146,0.35,3.47,0.0,713.97,164,8,9.69,,,,,,8.413820895522388,"{""industry"": ""通信设备"", ""industry_zt_count"": 8, ""sector_pct_change"": 3.64, ""sector_up_ratio"": 0.92, ""sector_amount_rank"": 4, ""zt_score"": 40, ""pct_score"": 17.3, ""up_ratio_score"": 18.4, ""amount_score"": 8.5}"
368,002580.SZ,20260325,6.0,2.0,2.0,8.0,8.0,5.0,5.0,2.0,5.0,6.0,0.0,48.79,13:19:57,1.0,0.0515,0.0088,2.0,17.12,0.0,-14895.77,164,2,7.1,,,,,,4.187020408163265,"{""industry"": ""电池"", ""industry_zt_count"": 2, ""sector_pct_change"": 0.68, ""sector_up_ratio"": 0.78, ""sector_amount_rank"": 11, ""zt_score"": 10, ""pct_score"": 11.4, ""up_ratio_score"": 15.5, ""amount_score"": 5.0}"
361,002718.SZ,20260325,6.333333333333333,8.0,4.0,6.0,6.0,5.0,5.0,2.0,2.0,6.0,0.0,50.8,13:36:33,0.0,0.6444,0.0142,1.19,2.2,0.0,-490.1,164,1,7.57,,,,,,3.0,"{""industry"": ""装修建材"", ""industry_zt_count"": 1, ""sector_pct_change"": 0, ""sector_up_ratio"": 0, ""sector_amount_rank"": 0, ""zt_score"": 5, ""pct_score"": 10.0, ""up_ratio_score"": 10, ""amount_score"": 5}"
366,002730.SZ,20260325,7.0,2.0,2.0,4.0,10.0,5.0,5.0,2.0,6.0,6.0,0.0,49.23,11:14:48,0.0,0.0267,0.0024,0.96,9.1,0.0,-867.51,164,2,7.6,,,,,,4.230869565217391,"{""industry"": ""专用设备"", ""industry_zt_count"": 2, ""sector_pct_change"": 1.85, ""sector_up_ratio"": 0.93, ""sector_amount_rank"": 21, ""zt_score"": 10, ""pct_score"": 13.7, ""up_ratio_score"": 18.6, ""amount_score"": 0}"
362,002761.SZ,20260325,8.0,4.0,2.0,6.0,6.0,5.0,5.0,2.0,6.0,6.0,0.0,50.56,10:40:09,0.0,0.2131,0.0048,1.97,2.24,0.0,-2772.4,164,1,7.61,,,,,,3.964,"{""industry"": ""房屋建设"", ""industry_zt_count"": 1, ""sector_pct_change"": 2.32, ""sector_up_ratio"": 1.0, ""sector_amount_rank"": 123, ""zt_score"": 5, ""pct_score"": 14.6, ""up_ratio_score"": 20.0, ""amount_score"": 0}"
365,002771.SZ,20260325,9.333333333333334,2.0,2.0,6.0,10.0,5.0,5.0,2.0,4.0,3.0,0.0,50.0,10:02:51,0.0,0.0468,0.006,1.58,12.75,0.0,-2022.38,164,3,9.67,,,,,,4.0,"{""industry"": ""IT服务Ⅱ"", ""industry_zt_count"": 3, ""sector_pct_change"": 0, ""sector_up_ratio"": 0, ""sector_amount_rank"": 0, ""zt_score"": 15, ""pct_score"": 10.0, ""up_ratio_score"": 10, ""amount_score"": 5}"
312,002902.SZ,20260325,8.666666666666666,10.0,8.0,4.0,6.0,5.0,5.0,2.0,10.0,6.0,0.0,70.61,09:25:00,0.0,1.2766,0.0516,0.14,4.04,0.0,-18616.79,164,8,7.63,,,,,,8.413820895522388,"{""industry"": ""通信设备"", ""industry_zt_count"": 8, ""sector_pct_change"": 3.64, ""sector_up_ratio"": 0.92, ""sector_amount_rank"": 4, ""zt_score"": 40, ""pct_score"": 17.3, ""up_ratio_score"": 18.4, ""amount_score"": 8.5}"
348,002941.SZ,20260325,7.0,4.0,2.0,8.0,6.0,5.0,9.0,2.0,5.0,6.0,0.0,53.93,11:11:06,0.0,0.1468,0.0069,2.16,4.67,0.0,9334.21,164,1,7.75,,,,,,3.7316585365853663,"{""industry"": ""基础建设"", ""industry_zt_count"": 1, ""sector_pct_change"": 1.89, ""sector_up_ratio"": 0.93, ""sector_amount_rank"": 46, ""zt_score"": 5, ""pct_score"": 13.8, ""up_ratio_score"": 18.5, ""amount_score"": 0}"
319,300069.SZ,20260325,7.0,4.0,6.0,6.0,8.0,10.0,7.0,2.0,7.0,1.0,0.0,63.15,11:10:33,0.0,0.161,0.0309,5.01,19.17,116678173.95,1953.06,164,4,15.97,,,,,,5.546251748251748,"{""industry"": ""电网设备"", ""industry_zt_count"": 4, ""sector_pct_change"": 1.99, ""sector_up_ratio"": 0.87, ""sector_amount_rank"": 13, ""zt_score"": 20, ""pct_score"": 14.0, ""up_ratio_score"": 17.5, ""amount_score"": 4.0}"
336,300245.SZ,20260325,7.0,2.0,4.0,6.0,10.0,10.0,8.0,2.0,4.0,1.0,0.0,57.4,11:19:36,0.0,0.0847,0.0102,5.1,12.06,92941949.56,2689.36,164,3,13.92,,,,,,4.0,"{""industry"": ""IT服务Ⅱ"", ""industry_zt_count"": 3, ""sector_pct_change"": 0, ""sector_up_ratio"": 0, ""sector_amount_rank"": 0, ""zt_score"": 15, ""pct_score"": 10.0, ""up_ratio_score"": 10, ""amount_score"": 5}"
327,300658.SZ,20260325,8.666666666666666,4.0,4.0,6.0,10.0,10.0,9.0,2.0,2.0,1.0,0.0,59.8,10:00:15,0.0,0.1915,0.0191,1.0,9.97,102035532.8,8415.85,164,1,14.65,,,,,,3.0,"{""industry"": ""个护用品"", ""industry_zt_count"": 1, ""sector_pct_change"": 0, ""sector_up_ratio"": 0, ""sector_amount_rank"": 0, ""zt_score"": 5, ""pct_score"": 10.0, ""up_ratio_score"": 10, ""amount_score"": 5}"
339,301196.SZ,20260325,7.0,2.0,2.0,6.0,10.0,10.0,8.0,2.0,6.0,1.0,0.0,56.74,13:23:06,0.0,0.0657,0.0087,1.86,13.31,163633727.42,9813.25,164,2,15.04,,,,,,4.138510638297872,"{""industry"": ""塑料"", ""industry_zt_count"": 2, ""sector_pct_change"": 1.65, ""sector_up_ratio"": 0.9, ""sector_amount_rank"": 54, ""zt_score"": 10, ""pct_score"": 13.3, ""up_ratio_score"": 18.1, ""amount_score"": 0}"
318,301419.SZ,20260325,8.666666666666666,4.0,4.0,4.0,10.0,8.0,5.0,2.0,10.0,1.0,0.0,63.61,09:33:15,0.0,0.1286,0.0123,0.95,9.59,61047770.71,-15646.85,164,8,13.89,,,,,,8.413820895522388,"{""industry"": ""通信设备"", ""industry_zt_count"": 8, ""sector_pct_change"": 3.64, ""sector_up_ratio"": 0.92, ""sector_amount_rank"": 4, ""zt_score"": 40, ""pct_score"": 17.3, ""up_ratio_score"": 18.4, ""amount_score"": 8.5}"
334,600152.SH,20260325,8.0,2.0,4.0,6.0,10.0,5.0,9.0,2.0,5.0,6.0,0.0,57.59,11:00:25,0.0,0.091,0.0133,1.1,14.62,0.0,5036.55,164,2,7.8,,,,,,4.187020408163265,"{""industry"": ""电池"", ""industry_zt_count"": 2, ""sector_pct_change"": 0.68, ""sector_up_ratio"": 0.78, ""sector_amount_rank"": 11, ""zt_score"": 10, ""pct_score"": 11.4, ""up_ratio_score"": 15.5, ""amount_score"": 5.0}"
321,600163.SH,20260325,8.666666666666666,4.0,2.0,6.0,6.0,9.0,5.0,2.0,9.0,6.0,0.0,62.67,09:53:58,0.0,0.1492,0.0069,1.12,4.62,74199744.51,-402.77,164,15,8.59,,,,,,8.065658536585365,"{""industry"": ""电力"", ""industry_zt_count"": 15, ""sector_pct_change"": 2.56, ""sector_up_ratio"": 0.93, ""sector_amount_rank"": 7, ""zt_score"": 40, ""pct_score"": 15.1, ""up_ratio_score"": 18.5, ""amount_score"": 7.0}"
341,600191.SH,20260325,6.333333333333333,8.0,4.0,6.0,6.0,5.0,8.0,2.0,3.0,8.0,0.0,56.3,13:45:34,0.0,0.6038,0.0134,1.27,2.22,0.0,741.95,164,2,5.46,,,,,,3.5,"{""industry"": ""农产品加"", ""industry_zt_count"": 2, ""sector_pct_change"": 0, ""sector_up_ratio"": 0, ""sector_amount_rank"": 0, ""zt_score"": 10, ""pct_score"": 10.0, ""up_ratio_score"": 10, ""amount_score"": 5}"
353,600251.SH,20260325,7.0,6.0,4.0,6.0,6.0,5.0,7.0,2.0,3.0,6.0,0.0,52.9,13:09:58,0.0,0.4816,0.0103,1.07,2.14,0.0,130.4,164,2,7.53,,,,,,3.5,"{""industry"": ""农产品加"", ""industry_zt_count"": 2, ""sector_pct_change"": 0, ""sector_up_ratio"": 0, ""sector_amount_rank"": 0, ""zt_score"": 10, ""pct_score"": 10.0, ""up_ratio_score"": 10, ""amount_score"": 5}"
314,600345.SH,20260325,5.666666666666667,4.0,4.0,6.0,10.0,5.0,9.0,2.0,10.0,6.0,0.0,65.01,14:34:33,0.0,0.2463,0.0248,1.83,10.05,0.0,9949.22,164,8,7.87,,,,,,8.413820895522388,"{""industry"": ""通信设备"", ""industry_zt_count"": 8, ""sector_pct_change"": 3.64, ""sector_up_ratio"": 0.92, ""sector_amount_rank"": 4, ""zt_score"": 40, ""pct_score"": 17.3, ""up_ratio_score"": 18.4, ""amount_score"": 8.5}"
372,600433.SH,20260325,4.333333333333333,2.0,2.0,6.0,6.0,9.0,5.0,2.0,5.0,6.0,0.0,47.82,13:34:30,2.0,0.045,0.0021,1.53,4.63,24918860.25,-4981.05,164,1,7.98,,,,,,3.6201818181818184,"{""industry"": ""造纸"", ""industry_zt_count"": 1, ""sector_pct_change"": 1.51, ""sector_up_ratio"": 0.91, ""sector_amount_rank"": 83, ""zt_score"": 5, ""pct_score"": 13.0, ""up_ratio_score"": 18.2, ""amount_score"": 0}"
352,600527.SH,20260325,7.333333333333333,2.0,2.0,6.0,10.0,5.0,9.0,2.0,6.0,3.0,0.0,53.12,11:06:42,1.0,0.0536,0.0051,1.12,9.43,0.0,5987.75,164,1,9.64,,,,,,3.9231764705882357,"{""industry"": ""纺织制造"", ""industry_zt_count"": 1, ""sector_pct_change"": 2.41, ""sector_up_ratio"": 0.97, ""sector_amount_rank"": 125, ""zt_score"": 5, ""pct_score"": 14.8, ""up_ratio_score"": 19.4, ""amount_score"": 0}"
364,600589.SH,20260325,7.666666666666667,4.0,2.0,4.0,10.0,5.0,5.0,2.0,4.0,6.0,0.0,50.2,09:36:43,1.0,0.1221,0.0088,0.56,7.22,0.0,-37826.94,164,3,7.74,,,,,,4.0,"{""industry"": ""IT服务Ⅱ"", ""industry_zt_count"": 3, ""sector_pct_change"": 0, ""sector_up_ratio"": 0, ""sector_amount_rank"": 0, ""zt_score"": 15, ""pct_score"": 10.0, ""up_ratio_score"": 10, ""amount_score"": 5}"
330,600698.SH,20260325,7.666666666666667,4.0,4.0,10.0,10.0,5.0,5.0,2.0,7.0,3.0,0.0,58.5,13:57:00,0.0,0.1996,0.0105,3.61,5.26,0.0,-657.25,164,2,9.65,,,,,,4.5029803921568625,"{""industry"": ""汽车零部件"", ""industry_zt_count"": 2, ""sector_pct_change"": 2.26, ""sector_up_ratio"": 0.93, ""sector_amount_rank"": 17, ""zt_score"": 10, ""pct_score"": 14.5, ""up_ratio_score"": 18.5, ""amount_score"": 2.0}"
371,600800.SH,20260325,7.0,4.0,2.0,4.0,6.0,5.0,8.0,2.0,3.0,6.0,0.0,47.9,10:55:50,1.0,0.2155,0.009,0.93,4.19,0.0,1166.33,164,2,7.56,,,,,,3.5,"{""industry"": ""炼化及贸"", ""industry_zt_count"": 2, ""sector_pct_change"": 0, ""sector_up_ratio"": 0, ""sector_amount_rank"": 0, ""zt_score"": 10, ""pct_score"": 10.0, ""up_ratio_score"": 10, ""amount_score"": 5}"
350,600802.SH,20260325,4.666666666666667,2.0,2.0,8.0,10.0,5.0,9.0,2.0,6.0,6.0,0.0,53.22,14:44:50,1.0,0.0915,0.0051,2.73,5.56,0.0,1235.92,164,1,8.04,,,,,,3.8150909090909098,"{""industry"": ""水泥"", ""industry_zt_count"": 1, ""sector_pct_change"": 2.03, ""sector_up_ratio"": 0.95, ""sector_amount_rank"": 128, ""zt_score"": 5, ""pct_score"": 14.1, ""up_ratio_score"": 19.1, ""amount_score"": 0}"
333,601002.SH,20260325,7.0,6.0,4.0,6.0,6.0,5.0,9.0,2.0,6.0,6.0,0.0,57.72,11:13:47,0.0,0.3789,0.0145,1.88,3.84,0.0,2662.87,164,1,7.57,,,,,,3.91744262295082,"{""industry"": ""通用设备"", ""industry_zt_count"": 1, ""sector_pct_change"": 2.12, ""sector_up_ratio"": 0.95, ""sector_amount_rank"": 19, ""zt_score"": 5, ""pct_score"": 14.2, ""up_ratio_score"": 18.9, ""amount_score"": 1.0}"
323,601016.SH,20260325,9.0,2.0,2.0,4.0,10.0,10.0,5.0,2.0,9.0,3.0,0.0,62.07,09:55:01,1.0,0.0777,0.0093,0.84,11.9,160418089.68,-41336.01,164,15,9.68,,,,,,8.065658536585365,"{""industry"": ""电力"", ""industry_zt_count"": 15, ""sector_pct_change"": 2.56, ""sector_up_ratio"": 0.93, ""sector_amount_rank"": 7, ""zt_score"": 40, ""pct_score"": 15.1, ""up_ratio_score"": 18.5, ""amount_score"": 7.0}"
363,601133.SH,20260325,7.666666666666667,2.0,2.0,4.0,8.0,5.0,5.0,2.0,8.0,6.0,0.0,50.33,09:36:11,1.0,0.0376,0.0075,0.91,19.86,0.0,-15404.67,164,2,7.5,,,,,,4.530976744186047,"{""industry"": ""专业工程"", ""industry_zt_count"": 2, ""sector_pct_change"": 3.12, ""sector_up_ratio"": 0.95, ""sector_amount_rank"": 60, ""zt_score"": 10, ""pct_score"": 16.2, ""up_ratio_score"": 19.1, ""amount_score"": 0}"
344,601606.SH,20260325,5.666666666666667,2.0,2.0,10.0,10.0,5.0,9.0,2.0,7.0,3.0,0.0,55.86,14:18:16,2.0,0.0296,0.0024,3.65,8.23,0.0,25263.61,164,1,9.66,,,,,,4.656000000000001,"{""industry"": ""地面兵装"", ""industry_zt_count"": 1, ""sector_pct_change"": 5.78, ""sector_up_ratio"": 1.0, ""sector_amount_rank"": 76, ""zt_score"": 5, ""pct_score"": 21.6, ""up_ratio_score"": 20.0, ""amount_score"": 0}"
346,601999.SH,20260325,8.0,8.0,4.0,4.0,6.0,5.0,9.0,2.0,2.0,6.0,0.0,55.2,10:19:57,0.0,0.65,0.023,0.71,3.54,0.0,1168.74,164,1,7.89,,,,,,3.0,"{""industry"": ""出版"", ""industry_zt_count"": 1, ""sector_pct_change"": 0, ""sector_up_ratio"": 0, ""sector_amount_rank"": 0, ""zt_score"": 5, ""pct_score"": 10.0, ""up_ratio_score"": 10, ""amount_score"": 5}"
332,603052.SH,20260325,8.666666666666666,4.0,4.0,4.0,6.0,5.0,7.0,2.0,9.0,6.0,0.0,58.16,09:49:10,0.0,0.2904,0.0111,0.56,3.82,0.0,174.47,164,3,8.02,,,,,,5.563960784313726,"{""industry"": ""消费电子"", ""industry_zt_count"": 3, ""sector_pct_change"": 4.06, ""sector_up_ratio"": 0.95, ""sector_amount_rank"": 14, ""zt_score"": 15, ""pct_score"": 18.1, ""up_ratio_score"": 19.0, ""amount_score"": 3.5}"
331,603118.SH,20260325,7.0,2.0,2.0,6.0,10.0,5.0,5.0,2.0,10.0,6.0,0.0,58.21,13:04:02,0.0,0.0525,0.0041,1.55,7.8,0.0,-4234.43,164,8,8.21,,,,,,8.413820895522388,"{""industry"": ""通信设备"", ""industry_zt_count"": 8, ""sector_pct_change"": 3.64, ""sector_up_ratio"": 0.92, ""sector_amount_rank"": 4, ""zt_score"": 40, ""pct_score"": 17.3, ""up_ratio_score"": 18.4, ""amount_score"": 8.5}"
351,603175.SH,20260325,8.666666666666666,6.0,4.0,4.0,10.0,5.0,5.0,2.0,2.0,6.0,0.0,53.2,09:38:04,0.0,0.3174,0.0203,0.33,6.4,0.0,-3658.27,164,1,7.22,,,,,,3.0,"{""industry"": ""元件"", ""industry_zt_count"": 1, ""sector_pct_change"": 0, ""sector_up_ratio"": 0, ""sector_amount_rank"": 0, ""zt_score"": 5, ""pct_score"": 10.0, ""up_ratio_score"": 10, ""amount_score"": 5}"
373,603179.SH,20260325,6.0,2.0,2.0,6.0,6.0,5.0,5.0,2.0,7.0,6.0,0.0,47.5,13:24:29,1.0,0.0602,0.002,1.21,3.34,0.0,-19375.74,164,2,6.36,,,,,,4.5029803921568625,"{""industry"": ""汽车零部件"", ""industry_zt_count"": 2, ""sector_pct_change"": 2.26, ""sector_up_ratio"": 0.93, ""sector_amount_rank"": 17, ""zt_score"": 10, ""pct_score"": 14.5, ""up_ratio_score"": 18.5, ""amount_score"": 2.0}"
328,603601.SH,20260325,8.666666666666666,4.0,4.0,4.0,10.0,5.0,7.0,2.0,8.0,6.0,0.0,59.53,09:30:53,0.0,0.1435,0.0136,0.65,9.46,0.0,1099.45,164,2,7.73,,,,,,4.530976744186047,"{""industry"": ""专业工程"", ""industry_zt_count"": 2, ""sector_pct_change"": 3.12, ""sector_up_ratio"": 0.95, ""sector_amount_rank"": 60, ""zt_score"": 10, ""pct_score"": 16.2, ""up_ratio_score"": 19.1, ""amount_score"": 0}"
349,603618.SH,20260325,8.666666666666666,2.0,2.0,4.0,10.0,5.0,5.0,2.0,7.0,6.0,0.0,53.35,09:39:37,0.0,0.0917,0.0083,0.68,9.0,0.0,-34753.67,164,4,6.94,,,,,,5.546251748251748,"{""industry"": ""电网设备"", ""industry_zt_count"": 4, ""sector_pct_change"": 1.99, ""sector_up_ratio"": 0.87, ""sector_amount_rank"": 13, ""zt_score"": 20, ""pct_score"": 14.0, ""up_ratio_score"": 17.5, ""amount_score"": 4.0}"
338,603629.SH,20260325,8.666666666666666,4.0,2.0,4.0,10.0,5.0,5.0,2.0,9.0,6.0,0.0,56.96,09:57:02,0.0,0.1019,0.0059,0.47,5.81,0.0,-6228.34,164,3,6.11,,,,,,5.563960784313726,"{""industry"": ""消费电子"", ""industry_zt_count"": 3, ""sector_pct_change"": 4.06, ""sector_up_ratio"": 0.95, ""sector_amount_rank"": 14, ""zt_score"": 15, ""pct_score"": 18.1, ""up_ratio_score"": 19.0, ""amount_score"": 3.5}"
340,603808.SH,20260325,9.0,2.0,2.0,10.0,10.0,5.0,6.0,2.0,7.0,3.0,0.0,56.54,09:55:32,1.0,0.0564,0.0035,3.8,6.29,-61731.15,-5891.65,164,2,9.68,,,,,,4.344736842105263,"{""industry"": ""服装家纺"", ""industry_zt_count"": 2, ""sector_pct_change"": 2.25, ""sector_up_ratio"": 0.95, ""sector_amount_rank"": 102, ""zt_score"": 10, ""pct_score"": 14.5, ""up_ratio_score"": 18.9, ""amount_score"": 0}"
355,603829.SH,20260325,7.0,4.0,2.0,6.0,6.0,5.0,5.0,2.0,7.0,6.0,0.0,51.75,13:19:26,0.0,0.209,0.0091,1.4,4.35,0.0,-4121.33,164,4,8.42,,,,,,5.546251748251748,"{""industry"": ""电网设备"", ""industry_zt_count"": 4, ""sector_pct_change"": 1.99, ""sector_up_ratio"": 0.87, ""sector_amount_rank"": 13, ""zt_score"": 20, ""pct_score"": 14.0, ""up_ratio_score"": 17.5, ""amount_score"": 4.0}"
345,603933.SH,20260325,7.0,6.0,4.0,8.0,6.0,5.0,5.0,2.0,6.0,6.0,0.0,55.34,13:11:09,0.0,0.4982,0.0159,2.24,3.19,0.0,-2350.57,164,1,7.87,,,,,,3.942,"{""industry"": ""其他电子"", ""industry_zt_count"": 1, ""sector_pct_change"": 2.81, ""sector_up_ratio"": 0.94, ""sector_amount_rank"": 35, ""zt_score"": 5, ""pct_score"": 15.6, ""up_ratio_score"": 18.8, ""amount_score"": 0}"
374,603938.SH,20260325,8.666666666666666,4.0,2.0,4.0,6.0,5.0,5.0,2.0,4.0,6.0,0.0,47.33,09:38:56,0.0,0.2204,0.0039,0.74,1.78,0.0,-6682.42,164,1,6.99,,,,,,3.133569620253165,"{""industry"": ""化学原料"", ""industry_zt_count"": 1, ""sector_pct_change"": -0.06, ""sector_up_ratio"": 0.82, ""sector_amount_rank"": 28, ""zt_score"": 5, ""pct_score"": 9.9, ""up_ratio_score"": 16.5, ""amount_score"": 0}"
342,603958.SH,20260325,8.0,6.0,4.0,6.0,6.0,5.0,5.0,2.0,7.0,6.0,0.0,56.14,10:08:17,0.0,0.4135,0.016,1.01,3.88,0.0,-227.12,164,2,7.04,,,,,,4.344736842105263,"{""industry"": ""服装家纺"", ""industry_zt_count"": 2, ""sector_pct_change"": 2.25, ""sector_up_ratio"": 0.95, ""sector_amount_rank"": 102, ""zt_score"": 10, ""pct_score"": 14.5, ""up_ratio_score"": 18.9, ""amount_score"": 0}"
326,605168.SH,20260325,8.0,8.0,4.0,6.0,6.0,5.0,9.0,2.0,5.0,6.0,0.0,59.92,10:40:13,0.0,0.6596,0.0133,1.48,2.01,0.0,2825.38,164,1,6.95,,,,,,3.724666666666667,"{""industry"": ""广告营销"", ""industry_zt_count"": 1, ""sector_pct_change"": 1.79, ""sector_up_ratio"": 0.93, ""sector_amount_rank"": 58, ""zt_score"": 5, ""pct_score"": 13.6, ""up_ratio_score"": 18.7, ""amount_score"": 0}"
356,605366.SH,20260325,8.0,6.0,4.0,4.0,6.0,5.0,5.0,2.0,6.0,3.0,0.0,51.43,09:33:39,2.0,0.3078,0.011,0.64,3.59,0.0,-4799.77,164,1,9.69,,,,,,3.826777777777778,"{""industry"": ""化学制品"", ""industry_zt_count"": 1, ""sector_pct_change"": 2.12, ""sector_up_ratio"": 0.95, ""sector_amount_rank"": 33, ""zt_score"": 5, ""pct_score"": 14.2, ""up_ratio_score"": 19.0, ""amount_score"": 0}"
289,000065.SZ,20260324,8.0,4.0,2.0,6.0,6.0,5.0,5.0,2.0,9.0,6.0,0.0,54.81,10:45:09,0.0,0.1076,0.0051,1.56,4.76,0.0,-5050.8,164,4,7.29,,,,,,5.807488372093023,"{""industry"": ""专业工程"", ""industry_zt_count"": 4, ""sector_pct_change"": 4.27, ""sector_up_ratio"": 0.98, ""sector_amount_rank"": 77, ""zt_score"": 20, ""pct_score"": 18.5, ""up_ratio_score"": 19.5, ""amount_score"": 0}"
296,000415.SZ,20260324,7.0,4.0,2.0,4.0,6.0,5.0,9.0,2.0,7.0,8.0,0.0,53.83,13:02:06,0.0,0.2221,0.0047,0.98,2.13,0.0,5163.77,164,1,5.15,,,,,,4.0340869565217385,"{""industry"": ""多元金融"", ""industry_zt_count"": 1, ""sector_pct_change"": 3.54, ""sector_up_ratio"": 0.91, ""sector_amount_rank"": 78, ""zt_score"": 5, ""pct_score"": 17.1, ""up_ratio_score"": 18.3, ""amount_score"": 0}"
253,000509.SZ,20260324,10.0,4.0,4.0,6.0,10.0,5.0,5.0,2.0,8.0,10.0,0.0,63.63,09:45:24,0.0,0.1629,0.0131,1.15,8.06,0.0,-11541.02,164,3,2.82,,,,,,5.02585046728972,"{""industry"": ""光学光电"", ""industry_zt_count"": 3, ""sector_pct_change"": 2.94, ""sector_up_ratio"": 0.94, ""sector_amount_rank"": 20, ""zt_score"": 15, ""pct_score"": 15.9, ""up_ratio_score"": 18.9, ""amount_score"": 0.5}"
255,000539.SZ,20260324,6.333333333333333,2.0,2.0,6.0,10.0,5.0,9.0,2.0,10.0,8.0,0.0,62.53,14:55:45,0.0,0.0406,0.0043,1.76,10.62,0.0,21578.83,164,13,3.78,,,,,,8.325999999999999,"{""industry"": ""电力"", ""industry_zt_count"": 13, ""sector_pct_change"": 3.38, ""sector_up_ratio"": 1.0, ""sector_amount_rank"": 8, ""zt_score"": 40, ""pct_score"": 16.8, ""up_ratio_score"": 20.0, ""amount_score"": 6.5}"
257,000677.SZ,20260324,9.333333333333334,4.0,4.0,6.0,10.0,10.0,5.0,2.0,2.0,10.0,0.0,62.0,10:35:15,0.0,0.2082,0.0225,1.03,10.82,80355631.87,-99.05,164,1,2.78,,,,,,3.0,"{""industry"": ""化学纤维"", ""industry_zt_count"": 1, ""sector_pct_change"": 0, ""sector_up_ratio"": 0, ""sector_amount_rank"": 0, ""zt_score"": 5, ""pct_score"": 10.0, ""up_ratio_score"": 10, ""amount_score"": 5}"
270,000688.SZ,20260324,5.666666666666667,2.0,2.0,6.0,6.0,8.0,10.0,2.0,9.0,6.0,0.0,58.34,14:52:42,0.0,0.0204,0.0008,1.46,3.84,21550990.85,21487.92,164,3,8.6,,,,,,5.536426229508196,"{""industry"": ""工业金属"", ""industry_zt_count"": 3, ""sector_pct_change"": 4.01, ""sector_up_ratio"": 0.97, ""sector_amount_rank"": 15, ""zt_score"": 15, ""pct_score"": 18.0, ""up_ratio_score"": 19.3, ""amount_score"": 3.0}"
251,000720.SZ,20260324,8.666666666666666,10.0,4.0,4.0,6.0,5.0,5.0,2.0,9.0,8.0,0.0,64.17,09:25:00,0.0,1.1649,0.024,0.53,2.06,0.0,-10728.23,164,5,4.99,,,,,,6.370041958041958,"{""industry"": ""电网设备"", ""industry_zt_count"": 5, ""sector_pct_change"": 2.56, ""sector_up_ratio"": 0.98, ""sector_amount_rank"": 13, ""zt_score"": 25, ""pct_score"": 15.1, ""up_ratio_score"": 19.6, ""amount_score"": 4.0}"
254,000722.SZ,20260324,8.666666666666666,6.0,4.0,4.0,6.0,5.0,5.0,2.0,10.0,8.0,0.0,62.93,09:34:21,0.0,0.4376,0.0191,0.85,4.37,0.0,-12971.64,164,13,5.22,,,,,,8.325999999999999,"{""industry"": ""电力"", ""industry_zt_count"": 13, ""sector_pct_change"": 3.38, ""sector_up_ratio"": 1.0, ""sector_amount_rank"": 8, ""zt_score"": 40, ""pct_score"": 16.8, ""up_ratio_score"": 20.0, ""amount_score"": 6.5}"
267,000811.SZ,20260324,6.333333333333333,4.0,2.0,8.0,6.0,5.0,8.0,2.0,9.0,8.0,0.0,58.54,13:38:42,0.0,0.1364,0.0048,2.11,3.53,0.0,3891.65,164,4,4.3,,,,,,5.740829268292683,"{""industry"": ""通用设备"", ""industry_zt_count"": 4, ""sector_pct_change"": 3.07, ""sector_up_ratio"": 0.96, ""sector_amount_rank"": 17, ""zt_score"": 20, ""pct_score"": 16.1, ""up_ratio_score"": 19.3, ""amount_score"": 2.0}"
279,002082.SZ,20260324,7.0,2.0,2.0,8.0,6.0,5.0,9.0,2.0,8.0,8.0,0.0,56.83,10:55:21,1.0,0.0528,0.0026,2.11,4.86,0.0,11558.29,164,3,5.01,,,,,,5.034149253731343,"{""industry"": ""化学制药"", ""industry_zt_count"": 3, ""sector_pct_change"": 2.82, ""sector_up_ratio"": 0.99, ""sector_amount_rank"": 42, ""zt_score"": 15, ""pct_score"": 15.6, ""up_ratio_score"": 19.7, ""amount_score"": 0}"
284,002083.SZ,20260324,7.666666666666667,2.0,2.0,8.0,10.0,5.0,5.0,2.0,8.0,8.0,0.0,56.36,09:30:39,1.0,0.074,0.0061,2.34,8.21,0.0,-2382.16,164,2,5.66,,,,,,4.557176470588235,"{""industry"": ""纺织制造"", ""industry_zt_count"": 2, ""sector_pct_change"": 3.08, ""sector_up_ratio"": 0.97, ""sector_amount_rank"": 128, ""zt_score"": 10, ""pct_score"": 16.2, ""up_ratio_score"": 19.4, ""amount_score"": 0}"
245,002218.SZ,20260324,9.0,4.0,6.0,6.0,10.0,9.0,8.0,2.0,10.0,3.0,0.0,73.33,09:30:42,1.0,0.2379,0.0312,1.65,13.12,445294091.23,11071.26,164,13,9.68,,,,,,8.325999999999999,"{""industry"": ""电力"", ""industry_zt_count"": 13, ""sector_pct_change"": 3.38, ""sector_up_ratio"": 1.0, ""sector_amount_rank"": 8, ""zt_score"": 40, ""pct_score"": 16.8, ""up_ratio_score"": 20.0, ""amount_score"": 6.5}"
275,002222.SZ,20260324,6.333333333333333,4.0,2.0,6.0,10.0,5.0,7.0,2.0,8.0,8.0,0.0,57.63,14:18:15,0.0,0.1022,0.0058,1.86,5.67,0.0,340.82,164,3,5.36,,,,,,5.02585046728972,"{""industry"": ""光学光电"", ""industry_zt_count"": 3, ""sector_pct_change"": 2.94, ""sector_up_ratio"": 0.94, ""sector_amount_rank"": 20, ""zt_score"": 15, ""pct_score"": 15.9, ""up_ratio_score"": 18.9, ""amount_score"": 0.5}"
287,002265.SZ,20260324,7.0,4.0,2.0,10.0,6.0,5.0,5.0,2.0,7.0,8.0,0.0,55.64,10:06:54,1.0,0.1324,0.0026,3.35,1.93,0.0,-9634.71,164,3,5.27,,,,,,5.0412332015810275,"{""industry"": ""汽车零部件"", ""industry_zt_count"": 3, ""sector_pct_change"": 1.97, ""sector_up_ratio"": 0.95, ""sector_amount_rank"": 16, ""zt_score"": 15, ""pct_score"": 13.9, ""up_ratio_score"": 19.0, ""amount_score"": 2.5}"
269,002309.SZ,20260324,9.333333333333334,10.0,6.0,4.0,6.0,5.0,5.0,2.0,5.0,3.0,0.0,58.51,09:25:00,0.0,1.7883,0.0427,0.33,2.39,0.0,-26474.91,164,2,9.67,,,,,,3.7144444444444447,"{""industry"": ""光伏设备"", ""industry_zt_count"": 2, ""sector_pct_change"": -0.15, ""sector_up_ratio"": 0.6, ""sector_amount_rank"": 10, ""zt_score"": 10, ""pct_score"": 9.7, ""up_ratio_score"": 11.9, ""amount_score"": 5.5}"
305,002316.SZ,20260324,6.666666666666667,2.0,2.0,8.0,8.0,5.0,6.0,2.0,2.0,10.0,0.0,49.4,09:30:45,2.0,0.0593,0.0098,2.13,16.58,0.0,-3848.91,164,1,2.7,,,,,,3.0,"{""industry"": ""通信服务"", ""industry_zt_count"": 1, ""sector_pct_change"": 0, ""sector_up_ratio"": 0, ""sector_amount_rank"": 0, ""zt_score"": 5, ""pct_score"": 10.0, ""up_ratio_score"": 10, ""amount_score"": 5}"
265,002350.SZ,20260324,8.666666666666666,6.0,4.0,4.0,6.0,5.0,5.0,2.0,9.0,6.0,0.0,58.97,09:30:18,0.0,0.4573,0.0188,0.56,4.12,0.0,-15963.91,164,5,6.34,,,,,,6.370041958041958,"{""industry"": ""电网设备"", ""industry_zt_count"": 5, ""sector_pct_change"": 2.56, ""sector_up_ratio"": 0.98, ""sector_amount_rank"": 13, ""zt_score"": 25, ""pct_score"": 15.1, ""up_ratio_score"": 19.6, ""amount_score"": 4.0}"
273,002428.SZ,20260324,7.666666666666667,2.0,2.0,8.0,10.0,10.0,7.0,2.0,2.0,8.0,0.0,58.0,14:09:54,0.0,0.0596,0.0074,2.01,12.35,62245266.67,8106.49,164,1,4.09,,,,,,3.0,"{""industry"": ""小金属"", ""industry_zt_count"": 1, ""sector_pct_change"": 0, ""sector_up_ratio"": 0, ""sector_amount_rank"": 0, ""zt_score"": 5, ""pct_score"": 10.0, ""up_ratio_score"": 10, ""amount_score"": 5}"
276,002519.SZ,20260324,6.333333333333333,4.0,2.0,6.0,10.0,5.0,5.0,2.0,9.0,8.0,0.0,57.53,13:39:15,0.0,0.1082,0.0078,1.55,7.25,0.0,-7256.13,164,3,4.67,,,,,,6.132,"{""industry"": ""地面兵装"", ""industry_zt_count"": 3, ""sector_pct_change"": 8.16, ""sector_up_ratio"": 1.0, ""sector_amount_rank"": 94, ""zt_score"": 15, ""pct_score"": 26.3, ""up_ratio_score"": 20.0, ""amount_score"": 0}"
271,002631.SZ,20260324,6.333333333333333,6.0,4.0,6.0,6.0,5.0,8.0,2.0,7.0,8.0,0.0,58.15,14:14:45,0.0,0.4263,0.0149,1.03,3.49,0.0,740.79,164,1,3.66,,,,,,4.153661971830987,"{""industry"": ""家居用品"", ""industry_zt_count"": 1, ""sector_pct_change"": 3.55, ""sector_up_ratio"": 0.97, ""sector_amount_rank"": 101, ""zt_score"": 5, ""pct_score"": 17.1, ""up_ratio_score"": 19.4, ""amount_score"": 0}"
310,002636.SZ,20260324,3.6666666666666665,2.0,2.0,4.0,10.0,5.0,5.0,2.0,3.0,10.0,0.0,44.5,14:31:06,2.0,0.0137,0.0009,0.86,6.61,0.0,-658.24,164,2,2.77,,,,,,3.5,"{""industry"": ""元件"", ""industry_zt_count"": 2, ""sector_pct_change"": 0, ""sector_up_ratio"": 0, ""sector_amount_rank"": 0, ""zt_score"": 10, ""pct_score"": 10.0, ""up_ratio_score"": 10, ""amount_score"": 5}"
260,002645.SZ,20260324,6.333333333333333,4.0,4.0,6.0,10.0,5.0,9.0,2.0,7.0,8.0,0.0,60.83,13:54:12,0.0,0.2649,0.0166,1.21,6.26,0.0,4498.62,164,1,4.98,,,,,,4.628,"{""industry"": ""环保设备"", ""industry_zt_count"": 1, ""sector_pct_change"": 5.64, ""sector_up_ratio"": 1.0, ""sector_amount_rank"": 121, ""zt_score"": 5, ""pct_score"": 21.3, ""up_ratio_score"": 20.0, ""amount_score"": 0}"
297,002663.SZ,20260324,6.333333333333333,4.0,2.0,6.0,6.0,5.0,9.0,2.0,6.0,8.0,0.0,53.76,14:11:18,0.0,0.1889,0.0083,1.19,4.4,0.0,3089.11,164,1,4.15,,,,,,3.959219512195122,"{""industry"": ""基础建设"", ""industry_zt_count"": 1, ""sector_pct_change"": 2.54, ""sector_up_ratio"": 0.98, ""sector_amount_rank"": 51, ""zt_score"": 5, ""pct_score"": 15.1, ""up_ratio_score"": 19.5, ""amount_score"": 0}"
307,002685.SZ,20260324,5.0,4.0,2.0,6.0,6.0,5.0,5.0,2.0,6.0,8.0,0.0,48.21,11:16:57,2.0,0.2148,0.0097,1.53,4.52,0.0,-6849.07,164,1,4.66,,,,,,4.013945945945946,"{""industry"": ""工程机械"", ""industry_zt_count"": 1, ""sector_pct_change"": 2.84, ""sector_up_ratio"": 0.97, ""sector_amount_rank"": 70, ""zt_score"": 5, ""pct_score"": 15.7, ""up_ratio_score"": 19.5, ""amount_score"": 0}"
282,002771.SZ,20260324,8.0,6.0,4.0,6.0,10.0,5.0,5.0,2.0,2.0,10.0,0.0,56.4,10:28:03,0.0,0.4069,0.0298,1.02,7.33,0.0,-2493.22,164,1,2.81,,,,,,3.0,"{""industry"": ""IT服务Ⅱ"", ""industry_zt_count"": 1, ""sector_pct_change"": 0, ""sector_up_ratio"": 0, ""sector_amount_rank"": 0, ""zt_score"": 5, ""pct_score"": 10.0, ""up_ratio_score"": 10, ""amount_score"": 5}"
247,002795.SZ,20260324,8.0,8.0,6.0,6.0,6.0,5.0,9.0,2.0,9.0,8.0,0.0,68.74,10:26:24,0.0,0.7096,0.0318,1.07,4.49,0.0,1835.07,164,4,3.52,,,,,,5.740829268292683,"{""industry"": ""通用设备"", ""industry_zt_count"": 4, ""sector_pct_change"": 3.07, ""sector_up_ratio"": 0.96, ""sector_amount_rank"": 17, ""zt_score"": 20, ""pct_score"": 16.1, ""up_ratio_score"": 19.3, ""amount_score"": 2.0}"
291,002887.SZ,20260324,7.0,4.0,2.0,6.0,6.0,5.0,5.0,2.0,9.0,8.0,0.0,54.63,13:16:18,0.0,0.1626,0.0068,1.67,4.18,0.0,-311.36,164,4,4.6,,,,,,5.631833333333333,"{""industry"": ""环境治理"", ""industry_zt_count"": 4, ""sector_pct_change"": 3.68, ""sector_up_ratio"": 0.95, ""sector_amount_rank"": 41, ""zt_score"": 20, ""pct_score"": 17.4, ""up_ratio_score"": 19.0, ""amount_score"": 0}"
246,300335.SZ,20260324,8.0,4.0,6.0,8.0,4.0,10.0,8.0,2.0,10.0,3.0,0.0,70.13,10:39:30,0.0,0.1151,0.0317,2.06,27.49,168373318.96,4883.35,164,13,9.8,,,,,,8.325999999999999,"{""industry"": ""电力"", ""industry_zt_count"": 13, ""sector_pct_change"": 3.38, ""sector_up_ratio"": 1.0, ""sector_amount_rank"": 8, ""zt_score"": 40, ""pct_score"": 16.8, ""up_ratio_score"": 20.0, ""amount_score"": 6.5}"
248,300385.SZ,20260324,10.0,4.0,4.0,6.0,10.0,10.0,5.0,2.0,9.0,1.0,0.0,65.63,09:30:42,0.0,0.1765,0.015,1.62,8.47,153692603.0,-20232.33,164,4,18.67,,,,,,5.631833333333333,"{""industry"": ""环境治理"", ""industry_zt_count"": 4, ""sector_pct_change"": 3.68, ""sector_up_ratio"": 0.95, ""sector_amount_rank"": 41, ""zt_score"": 20, ""pct_score"": 17.4, ""up_ratio_score"": 19.0, ""amount_score"": 0}"
283,301226.SZ,20260324,8.0,4.0,4.0,6.0,8.0,10.0,8.0,2.0,2.0,1.0,0.0,56.4,10:24:39,0.0,0.1466,0.0229,1.28,15.59,80834160.61,3631.67,164,1,12.52,,,,,,3.0,"{""industry"": ""电机Ⅱ"", ""industry_zt_count"": 1, ""sector_pct_change"": 0, ""sector_up_ratio"": 0, ""sector_amount_rank"": 0, ""zt_score"": 5, ""pct_score"": 10.0, ""up_ratio_score"": 10, ""amount_score"": 5}"
301,600026.SH,20260324,6.0,2.0,2.0,6.0,6.0,5.0,9.0,2.0,8.0,6.0,0.0,52.56,11:06:45,1.0,0.0057,0.0002,1.28,4.07,0.0,45822.41,164,2,6.53,,,,,,4.7620000000000005,"{""industry"": ""航运港口"", ""industry_zt_count"": 2, ""sector_pct_change"": 3.81, ""sector_up_ratio"": 1.0, ""sector_amount_rank"": 53, ""zt_score"": 10, ""pct_score"": 17.6, ""up_ratio_score"": 20.0, ""amount_score"": 0}"
288,600032.SH,20260324,6.0,2.0,2.0,6.0,10.0,4.0,6.0,2.0,10.0,3.0,0.0,54.93,14:47:45,1.0,0.0048,0.0003,1.58,6.99,-104472202.19,-1821.27,164,13,9.7,,,,,,8.325999999999999,"{""industry"": ""电力"", ""industry_zt_count"": 13, ""sector_pct_change"": 3.38, ""sector_up_ratio"": 1.0, ""sector_amount_rank"": 8, ""zt_score"": 40, ""pct_score"": 16.8, ""up_ratio_score"": 20.0, ""amount_score"": 6.5}"
298,600076.SH,20260324,7.0,4.0,2.0,6.0,6.0,5.0,7.0,2.0,7.0,8.0,0.0,53.48,13:05:21,0.0,0.2341,0.005,1.36,2.12,0.0,69.84,164,1,4.02,,,,,,4.076367346938776,"{""industry"": ""包装印刷"", ""industry_zt_count"": 1, ""sector_pct_change"": 3.29, ""sector_up_ratio"": 0.96, ""sector_amount_rank"": 64, ""zt_score"": 5, ""pct_score"": 16.6, ""up_ratio_score"": 19.2, ""amount_score"": 0}"
281,600137.SH,20260324,6.333333333333333,6.0,4.0,6.0,6.0,5.0,5.0,2.0,8.0,8.0,0.0,56.53,13:40:46,0.0,0.3831,0.0188,1.1,4.91,0.0,-770.84,164,2,4.01,,,,,,4.727824561403509,"{""industry"": ""服装家纺"", ""industry_zt_count"": 2, ""sector_pct_change"": 3.99, ""sector_up_ratio"": 0.96, ""sector_amount_rank"": 102, ""zt_score"": 10, ""pct_score"": 18.0, ""up_ratio_score"": 19.3, ""amount_score"": 0}"
277,600184.SH,20260324,5.666666666666667,4.0,2.0,6.0,6.0,5.0,9.0,2.0,9.0,8.0,0.0,57.53,14:42:35,0.0,0.1247,0.0037,1.74,2.93,0.0,1226.07,164,3,4.02,,,,,,6.132,"{""industry"": ""地面兵装"", ""industry_zt_count"": 3, ""sector_pct_change"": 8.16, ""sector_up_ratio"": 1.0, ""sector_amount_rank"": 94, ""zt_score"": 15, ""pct_score"": 26.3, ""up_ratio_score"": 20.0, ""amount_score"": 0}"
304,600186.SH,20260324,7.333333333333333,2.0,2.0,4.0,10.0,9.0,5.0,2.0,2.0,8.0,0.0,51.2,10:38:44,2.0,0.0508,0.0055,0.94,10.72,90146401.01,-6913.35,164,1,4.31,,,,,,3.0,"{""industry"": ""调味发酵"", ""industry_zt_count"": 1, ""sector_pct_change"": 0, ""sector_up_ratio"": 0, ""sector_amount_rank"": 0, ""zt_score"": 5, ""pct_score"": 10.0, ""up_ratio_score"": 10, ""amount_score"": 5}"
266,600192.SH,20260324,7.666666666666667,2.0,2.0,8.0,10.0,5.0,5.0,2.0,9.0,8.0,0.0,58.97,09:36:16,1.0,0.0922,0.006,2.8,6.48,0.0,-5404.31,164,5,4.19,,,,,,6.370041958041958,"{""industry"": ""电网设备"", ""industry_zt_count"": 5, ""sector_pct_change"": 2.56, ""sector_up_ratio"": 0.98, ""sector_amount_rank"": 13, ""zt_score"": 25, ""pct_score"": 15.1, ""up_ratio_score"": 19.6, ""amount_score"": 4.0}"
278,600475.SH,20260324,7.666666666666667,2.0,2.0,6.0,6.0,5.0,5.0,2.0,10.0,8.0,0.0,56.93,09:35:49,1.0,0.0719,0.0023,1.64,3.24,0.0,-10622.44,164,13,5.1,,,,,,8.325999999999999,"{""industry"": ""电力"", ""industry_zt_count"": 13, ""sector_pct_change"": 3.38, ""sector_up_ratio"": 1.0, ""sector_amount_rank"": 8, ""zt_score"": 40, ""pct_score"": 16.8, ""up_ratio_score"": 20.0, ""amount_score"": 6.5}"
259,600510.SH,20260324,5.666666666666667,6.0,2.0,6.0,6.0,9.0,9.0,2.0,7.0,8.0,0.0,61.1,14:44:38,0.0,0.4132,0.0055,1.56,1.32,6431504.7,1062.13,164,2,3.69,,,,,,4.5023809523809515,"{""industry"": ""房地产开发"", ""industry_zt_count"": 2, ""sector_pct_change"": 2.75, ""sector_up_ratio"": 0.98, ""sector_amount_rank"": 65, ""zt_score"": 10, ""pct_score"": 15.5, ""up_ratio_score"": 19.5, ""amount_score"": 0}"
285,600527.SH,20260324,7.0,2.0,2.0,4.0,10.0,5.0,9.0,2.0,8.0,8.0,0.0,56.36,10:56:57,1.0,0.0676,0.006,0.92,8.8,0.0,6325.9,164,2,3.9,,,,,,4.557176470588235,"{""industry"": ""纺织制造"", ""industry_zt_count"": 2, ""sector_pct_change"": 3.08, ""sector_up_ratio"": 0.97, ""sector_amount_rank"": 128, ""zt_score"": 10, ""pct_score"": 16.2, ""up_ratio_score"": 19.4, ""amount_score"": 0}"
306,600537.SH,20260324,4.333333333333333,2.0,2.0,6.0,8.0,5.0,8.0,2.0,5.0,8.0,0.0,48.91,14:01:59,2.0,0.0287,0.005,1.48,17.33,0.0,3954.16,164,2,5.69,,,,,,3.7144444444444447,"{""industry"": ""光伏设备"", ""industry_zt_count"": 2, ""sector_pct_change"": -0.15, ""sector_up_ratio"": 0.6, ""sector_amount_rank"": 10, ""zt_score"": 10, ""pct_score"": 9.7, ""up_ratio_score"": 11.9, ""amount_score"": 5.5}"
290,600539.SH,20260324,7.666666666666667,6.0,4.0,6.0,10.0,5.0,5.0,2.0,2.0,8.0,0.0,54.8,09:48:54,1.0,0.3616,0.0214,1.46,5.93,0.0,-800.6,164,1,4.02,,,,,,3.0,"{""industry"": ""互联网电"", ""industry_zt_count"": 1, ""sector_pct_change"": 0, ""sector_up_ratio"": 0, ""sector_amount_rank"": 0, ""zt_score"": 5, ""pct_score"": 10.0, ""up_ratio_score"": 10, ""amount_score"": 5}"
249,600666.SH,20260324,8.666666666666666,2.0,4.0,6.0,8.0,9.0,9.0,2.0,8.0,6.0,0.0,64.83,10:22:39,0.0,0.091,0.0138,1.06,15.18,213789487.15,14318.51,164,3,6.27,,,,,,5.02585046728972,"{""industry"": ""光学光电"", ""industry_zt_count"": 3, ""sector_pct_change"": 2.94, ""sector_up_ratio"": 0.94, ""sector_amount_rank"": 20, ""zt_score"": 15, ""pct_score"": 15.9, ""up_ratio_score"": 18.9, ""amount_score"": 0.5}"
256,600698.SH,20260324,8.0,6.0,2.0,8.0,6.0,9.0,5.0,2.0,7.0,8.0,0.0,62.04,10:03:55,0.0,0.3014,0.0086,2.65,2.87,13654289.0,-286.61,164,3,4.74,,,,,,5.0412332015810275,"{""industry"": ""汽车零部件"", ""industry_zt_count"": 3, ""sector_pct_change"": 1.97, ""sector_up_ratio"": 0.95, ""sector_amount_rank"": 16, ""zt_score"": 15, ""pct_score"": 13.9, ""up_ratio_score"": 19.0, ""amount_score"": 2.5}"
250,600744.SH,20260324,7.666666666666667,2.0,4.0,6.0,10.0,5.0,7.0,2.0,10.0,8.0,0.0,64.53,09:38:15,1.0,0.0729,0.0108,1.58,14.8,0.0,7145.44,164,13,5.07,,,,,,8.325999999999999,"{""industry"": ""电力"", ""industry_zt_count"": 13, ""sector_pct_change"": 3.38, ""sector_up_ratio"": 1.0, ""sector_amount_rank"": 8, ""zt_score"": 40, ""pct_score"": 16.8, ""up_ratio_score"": 20.0, ""amount_score"": 6.5}"
280,600758.SH,20260324,10.0,6.0,6.0,6.0,10.0,3.0,6.0,2.0,4.0,3.0,0.0,56.63,09:31:14,0.0,0.355,0.0337,1.28,9.5,-1522158.81,-5627.38,164,1,9.63,,,,,,2.4259999999999997,"{""industry"": ""煤炭开采"", ""industry_zt_count"": 1, ""sector_pct_change"": -1.37, ""sector_up_ratio"": 0.6, ""sector_amount_rank"": 59, ""zt_score"": 5, ""pct_score"": 7.3, ""up_ratio_score"": 12.0, ""amount_score"": 0}"
263,600868.SH,20260324,4.333333333333333,2.0,2.0,6.0,10.0,5.0,9.0,2.0,10.0,8.0,0.0,60.13,14:12:59,2.0,0.0442,0.0045,1.29,10.16,0.0,11543.2,164,13,4.32,,,,,,8.325999999999999,"{""industry"": ""电力"", ""industry_zt_count"": 13, ""sector_pct_change"": 3.38, ""sector_up_ratio"": 1.0, ""sector_amount_rank"": 8, ""zt_score"": 40, ""pct_score"": 16.8, ""up_ratio_score"": 20.0, ""amount_score"": 6.5}"
268,600982.SH,20260324,4.333333333333333,2.0,2.0,10.0,8.0,4.0,10.0,2.0,10.0,3.0,0.0,58.53,13:36:34,2.0,0.0271,0.0041,3.01,15.19,-95111883.15,6552.61,164,13,9.17,,,,,,8.325999999999999,"{""industry"": ""电力"", ""industry_zt_count"": 13, ""sector_pct_change"": 3.38, ""sector_up_ratio"": 1.0, ""sector_amount_rank"": 8, ""zt_score"": 40, ""pct_score"": 16.8, ""up_ratio_score"": 20.0, ""amount_score"": 6.5}"
293,601226.SH,20260324,6.666666666666667,4.0,2.0,6.0,6.0,5.0,5.0,2.0,9.0,8.0,0.0,54.41,09:34:00,2.0,0.1349,0.0054,1.18,4.02,0.0,-13616.48,164,4,5.29,,,,,,5.807488372093023,"{""industry"": ""专业工程"", ""industry_zt_count"": 4, ""sector_pct_change"": 4.27, ""sector_up_ratio"": 0.98, ""sector_amount_rank"": 77, ""zt_score"": 20, ""pct_score"": 18.5, ""up_ratio_score"": 19.5, ""amount_score"": 0}"
258,601606.SH,20260324,8.666666666666666,6.0,4.0,6.0,6.0,5.0,5.0,2.0,9.0,8.0,0.0,61.53,09:53:08,0.0,0.3103,0.0101,1.74,3.27,0.0,-11214.1,164,3,3.82,,,,,,6.132,"{""industry"": ""地面兵装"", ""industry_zt_count"": 3, ""sector_pct_change"": 8.16, ""sector_up_ratio"": 1.0, ""sector_amount_rank"": 94, ""zt_score"": 15, ""pct_score"": 26.3, ""up_ratio_score"": 20.0, ""amount_score"": 0}"
309,601858.SH,20260324,7.666666666666667,4.0,2.0,4.0,6.0,5.0,5.0,2.0,2.0,8.0,0.0,45.6,09:57:39,1.0,0.2814,0.0054,0.66,1.9,0.0,-4043.59,164,1,4.27,,,,,,3.0,"{""industry"": ""出版"", ""industry_zt_count"": 1, ""sector_pct_change"": 0, ""sector_up_ratio"": 0, ""sector_amount_rank"": 0, ""zt_score"": 5, ""pct_score"": 10.0, ""up_ratio_score"": 10, ""amount_score"": 5}"
294,601869.SH,20260324,5.666666666666667,2.0,2.0,6.0,6.0,5.0,9.0,2.0,8.0,8.0,0.0,54.37,14:31:45,0.0,0.0358,0.0016,1.29,4.56,0.0,37755.9,164,3,5.68,,,,,,5.773774436090226,"{""industry"": ""通信设备"", ""industry_zt_count"": 3, ""sector_pct_change"": 2.57, ""sector_up_ratio"": 0.95, ""sector_amount_rank"": 4, ""zt_score"": 15, ""pct_score"": 15.1, ""up_ratio_score"": 19.1, ""amount_score"": 8.5}"
302,601975.SH,20260324,7.0,2.0,2.0,4.0,10.0,5.0,5.0,2.0,8.0,8.0,0.0,52.56,10:52:45,1.0,0.0925,0.0065,0.78,7.03,0.0,-8600.88,164,2,5.46,,,,,,4.7620000000000005,"{""industry"": ""航运港口"", ""industry_zt_count"": 2, ""sector_pct_change"": 3.81, ""sector_up_ratio"": 1.0, ""sector_amount_rank"": 53, ""zt_score"": 10, ""pct_score"": 17.6, ""up_ratio_score"": 20.0, ""amount_score"": 0}"
274,603017.SH,20260324,8.0,8.0,6.0,4.0,10.0,5.0,5.0,2.0,2.0,8.0,0.0,58.0,10:32:54,0.0,0.5014,0.0327,0.83,6.52,0.0,-1323.2,164,1,4.27,,,,,,3.0,"{""industry"": ""工程咨询"", ""industry_zt_count"": 1, ""sector_pct_change"": 0, ""sector_up_ratio"": 0, ""sector_amount_rank"": 0, ""zt_score"": 5, ""pct_score"": 10.0, ""up_ratio_score"": 10, ""amount_score"": 5}"
308,603115.SH,20260324,8.0,4.0,2.0,4.0,6.0,5.0,5.0,2.0,3.0,6.0,0.0,46.1,10:41:59,0.0,0.2125,0.0086,0.93,4.04,0.0,-1318.63,164,2,6.62,,,,,,3.5,"{""industry"": ""元件"", ""industry_zt_count"": 2, ""sector_pct_change"": 0, ""sector_up_ratio"": 0, ""sector_amount_rank"": 0, ""zt_score"": 10, ""pct_score"": 10.0, ""up_ratio_score"": 10, ""amount_score"": 5}"
286,603165.SH,20260324,9.0,4.0,2.0,6.0,10.0,5.0,5.0,2.0,6.0,8.0,0.0,56.03,09:37:17,1.0,0.1176,0.0092,1.01,7.85,0.0,-16176.1,164,1,3.96,,,,,,3.8307878787878793,"{""industry"": ""造纸"", ""industry_zt_count"": 1, ""sector_pct_change"": 2.26, ""sector_up_ratio"": 0.94, ""sector_amount_rank"": 84, ""zt_score"": 5, ""pct_score"": 14.5, ""up_ratio_score"": 18.8, ""amount_score"": 0}"
295,603421.SH,20260324,7.666666666666667,2.0,2.0,4.0,10.0,5.0,5.0,2.0,8.0,8.0,0.0,54.37,09:54:09,1.0,0.0911,0.0069,0.73,7.57,0.0,-7966.78,164,3,5.07,,,,,,5.773774436090226,"{""industry"": ""通信设备"", ""industry_zt_count"": 3, ""sector_pct_change"": 2.57, ""sector_up_ratio"": 0.95, ""sector_amount_rank"": 4, ""zt_score"": 15, ""pct_score"": 15.1, ""up_ratio_score"": 19.1, ""amount_score"": 8.5}"
252,603527.SH,20260324,6.333333333333333,6.0,4.0,4.0,10.0,5.0,9.0,2.0,9.0,8.0,0.0,63.74,14:13:35,0.0,0.362,0.0299,0.93,8.25,0.0,1336.0,164,3,3.0,,,,,,5.536426229508196,"{""industry"": ""工业金属"", ""industry_zt_count"": 3, ""sector_pct_change"": 4.01, ""sector_up_ratio"": 0.97, ""sector_amount_rank"": 15, ""zt_score"": 15, ""pct_score"": 18.0, ""up_ratio_score"": 19.3, ""amount_score"": 3.0}"
261,603538.SH,20260324,10.0,4.0,4.0,4.0,10.0,5.0,5.0,2.0,8.0,8.0,0.0,60.83,09:40:06,0.0,0.1938,0.0166,0.6,8.59,0.0,-5097.03,164,3,5.09,,,,,,5.034149253731343,"{""industry"": ""化学制药"", ""industry_zt_count"": 3, ""sector_pct_change"": 2.82, ""sector_up_ratio"": 0.99, ""sector_amount_rank"": 42, ""zt_score"": 15, ""pct_score"": 15.6, ""up_ratio_score"": 19.7, ""amount_score"": 0}"
262,603759.SH,20260324,8.666666666666666,8.0,2.0,6.0,6.0,5.0,5.0,2.0,9.0,8.0,0.0,60.63,09:25:02,0.0,0.8075,0.0098,1.08,1.22,0.0,-5691.26,164,4,4.79,,,,,,5.631833333333333,"{""industry"": ""环境治理"", ""industry_zt_count"": 4, ""sector_pct_change"": 3.68, ""sector_up_ratio"": 0.95, ""sector_amount_rank"": 41, ""zt_score"": 20, ""pct_score"": 17.4, ""up_ratio_score"": 19.0, ""amount_score"": 0}"
300,603808.SH,20260324,5.333333333333333,6.0,2.0,6.0,6.0,5.0,5.0,2.0,8.0,8.0,0.0,52.93,14:20:42,1.0,0.346,0.0083,1.76,2.39,0.0,-147.2,164,2,3.08,,,,,,4.727824561403509,"{""industry"": ""服装家纺"", ""industry_zt_count"": 2, ""sector_pct_change"": 3.99, ""sector_up_ratio"": 0.96, ""sector_amount_rank"": 102, ""zt_score"": 10, ""pct_score"": 18.0, ""up_ratio_score"": 19.3, ""amount_score"": 0}"
272,603937.SH,20260324,6.333333333333333,6.0,4.0,6.0,6.0,5.0,5.0,2.0,9.0,8.0,0.0,58.14,13:59:09,0.0,0.4942,0.014,1.16,2.83,0.0,-646.82,164,3,4.86,,,,,,5.536426229508196,"{""industry"": ""工业金属"", ""industry_zt_count"": 3, ""sector_pct_change"": 4.01, ""sector_up_ratio"": 0.97, ""sector_amount_rank"": 15, ""zt_score"": 15, ""pct_score"": 18.0, ""up_ratio_score"": 19.3, ""amount_score"": 3.0}"
303,605056.SH,20260324,4.333333333333333,2.0,2.0,6.0,6.0,5.0,7.0,2.0,9.0,8.0,0.0,51.54,14:28:03,2.0,0.0388,0.0011,1.96,2.83,0.0,653.25,164,4,5.25,,,,,,5.740829268292683,"{""industry"": ""通用设备"", ""industry_zt_count"": 4, ""sector_pct_change"": 3.07, ""sector_up_ratio"": 0.96, ""sector_amount_rank"": 17, ""zt_score"": 20, ""pct_score"": 16.1, ""up_ratio_score"": 19.3, ""amount_score"": 2.0}"
292,605196.SH,20260324,6.333333333333333,2.0,2.0,6.0,6.0,5.0,7.0,2.0,9.0,8.0,0.0,54.57,14:29:45,0.0,0.0291,0.0011,1.14,3.86,0.0,579.1,164,5,4.71,,,,,,6.370041958041958,"{""industry"": ""电网设备"", ""industry_zt_count"": 5, ""sector_pct_change"": 2.56, ""sector_up_ratio"": 0.98, ""sector_amount_rank"": 13, ""zt_score"": 25, ""pct_score"": 15.1, ""up_ratio_score"": 19.6, ""amount_score"": 4.0}"
264,605299.SH,20260324,8.333333333333334,2.0,2.0,6.0,10.0,9.0,5.0,2.0,7.0,8.0,0.0,59.34,10:23:26,1.0,0.0142,0.0016,1.27,11.16,28297245.0,-507.33,164,1,5.01,,,,,,4.34,"{""industry"": ""文娱用品"", ""industry_zt_count"": 1, ""sector_pct_change"": 4.2, ""sector_up_ratio"": 1.0, ""sector_amount_rank"": 147, ""zt_score"": 5, ""pct_score"": 18.4, ""up_ratio_score"": 20.0, ""amount_score"": 0}"
299,605366.SH,20260324,5.333333333333333,2.0,2.0,6.0,10.0,5.0,8.0,2.0,5.0,10.0,0.0,52.98,13:37:28,1.0,0.0408,0.0032,1.55,7.94,0.0,1750.41,164,1,2.93,,,,,,3.78006993006993,"{""industry"": ""化学制品"", ""industry_zt_count"": 1, ""sector_pct_change"": 1.75, ""sector_up_ratio"": 0.97, ""sector_amount_rank"": 31, ""zt_score"": 5, ""pct_score"": 13.5, ""up_ratio_score"": 19.3, ""amount_score"": 0}"
169,000509.SZ,20260320,8.666666666666666,4.0,4.0,6.0,10.0,5.0,8.0,2.0,5.0,6.0,0.0,57.39,09:56:18,0.0,0.2912,0.0208,1.14,7.15,0.0,1406.37,164,2,6.07,2026-03-20 20:49:49.385276,,,,,2.1858095238095236,"{""industry"": ""光学光电"", ""industry_zt_count"": 2, ""sector_pct_change"": -0.69, ""sector_up_ratio"": 0.16, ""sector_amount_rank"": 21, ""zt_score"": 10, ""pct_score"": 8.6, ""up_ratio_score"": 3.2, ""amount_score"": 0}"
162,000601.SZ,20260320,9.333333333333334,4.0,6.0,6.0,10.0,5.0,8.0,2.0,7.0,3.0,0.0,64.43,09:30:30,0.0,0.2875,0.0343,1.39,11.93,0.0,8023.21,164,7,9.65,2026-03-20 20:49:49.385265,,,,,6.233185185185185,"{""industry"": ""电力"", ""industry_zt_count"": 7, ""sector_pct_change"": 0.24, ""sector_up_ratio"": 0.59, ""sector_amount_rank"": 11, ""zt_score"": 35, ""pct_score"": 10.5, ""up_ratio_score"": 11.9, ""amount_score"": 5.0}"
174,000677.SZ,20260320,8.666666666666666,4.0,2.0,4.0,10.0,5.0,5.0,2.0,2.0,8.0,0.0,50.0,09:25:00,0.0,0.1071,0.0073,0.59,6.8,0.0,-27565.94,164,1,5.21,2026-03-20 20:49:49.385278,,,,,3.0,"{""industry"": ""化学纤维"", ""industry_zt_count"": 1, ""sector_pct_change"": 0, ""sector_up_ratio"": 0, ""sector_amount_rank"": 0, ""zt_score"": 5, ""pct_score"": 10.0, ""up_ratio_score"": 10, ""amount_score"": 5}"
165,000862.SZ,20260320,7.0,2.0,4.0,8.0,6.0,10.0,5.0,2.0,7.0,6.0,0.0,60.43,11:06:45,0.0,0.0631,0.0135,2.07,21.38,185318855.9,-4586.37,164,7,7.06,2026-03-20 20:49:49.385273,,,,,6.233185185185185,"{""industry"": ""电力"", ""industry_zt_count"": 7, ""sector_pct_change"": 0.24, ""sector_up_ratio"": 0.59, ""sector_amount_rank"": 11, ""zt_score"": 35, ""pct_score"": 10.5, ""up_ratio_score"": 11.9, ""amount_score"": 5.0}"
166,002256.SZ,20260320,8.0,2.0,2.0,6.0,10.0,7.0,5.0,2.0,7.0,8.0,0.0,58.43,09:31:51,2.0,0.0689,0.0097,1.22,14.09,250687035.4,-86724.93,164,7,5.56,2026-03-20 20:49:49.385274,,,,,6.233185185185185,"{""industry"": ""电力"", ""industry_zt_count"": 7, ""sector_pct_change"": 0.24, ""sector_up_ratio"": 0.59, ""sector_amount_rank"": 11, ""zt_score"": 35, ""pct_score"": 10.5, ""up_ratio_score"": 11.9, ""amount_score"": 5.0}"
163,002309.SZ,20260320,8.666666666666666,4.0,4.0,6.0,10.0,5.0,5.0,2.0,10.0,8.0,0.0,63.89,09:35:15,0.0,0.1367,0.0118,1.26,8.66,0.0,-26765.58,164,5,5.93,2026-03-20 20:49:49.385272,,,,,6.487513513513514,"{""industry"": ""光伏设备"", ""industry_zt_count"": 5, ""sector_pct_change"": 4.37, ""sector_up_ratio"": 0.76, ""sector_amount_rank"": 9, ""zt_score"": 25, ""pct_score"": 18.7, ""up_ratio_score"": 15.1, ""amount_score"": 6.0}"
171,002428.SZ,20260320,8.666666666666666,8.0,4.0,4.0,6.0,5.0,5.0,2.0,2.0,8.0,0.0,53.2,09:30:00,0.0,0.6907,0.0205,0.49,2.96,0.0,-54092.47,164,1,5.38,2026-03-20 20:49:49.385276,,,,,3.0,"{""industry"": ""小金属"", ""industry_zt_count"": 1, ""sector_pct_change"": 0, ""sector_up_ratio"": 0, ""sector_amount_rank"": 0, ""zt_score"": 5, ""pct_score"": 10.0, ""up_ratio_score"": 10, ""amount_score"": 5}"
167,301658.SZ,20260320,7.0,4.0,8.0,6.0,2.0,4.0,8.0,2.0,10.0,1.0,0.0,57.89,11:16:54,0.0,0.1397,0.0715,1.25,51.17,98430967.45,9850.09,164,5,13.91,2026-03-20 20:49:49.385275,,,,,6.487513513513514,"{""industry"": ""光伏设备"", ""industry_zt_count"": 5, ""sector_pct_change"": 4.37, ""sector_up_ratio"": 0.76, ""sector_amount_rank"": 9, ""zt_score"": 25, ""pct_score"": 18.7, ""up_ratio_score"": 15.1, ""amount_score"": 6.0}"
177,600604.SH,20260320,5.0,2.0,2.0,6.0,10.0,6.0,5.0,2.0,5.0,6.0,0.0,46.58,13:19:00,2.0,0.0478,0.0025,8.22,5.3,22020774.36,-9530.95,164,2,6.67,2026-03-20 20:49:49.385280,,,,,1.97990243902439,"{""industry"": ""房地产开发"", ""industry_zt_count"": 2, ""sector_pct_change"": -1.32, ""sector_up_ratio"": 0.12, ""sector_amount_rank"": 67, ""zt_score"": 10, ""pct_score"": 7.4, ""up_ratio_score"": 2.4, ""amount_score"": 0}"
170,600617.SH,20260320,9.0,2.0,2.0,8.0,10.0,9.0,5.0,2.0,2.0,3.0,0.0,53.4,09:36:58,1.0,0.0847,0.0083,2.56,9.77,52443831.91,-12461.73,164,1,9.62,2026-03-20 20:49:49.385276,,,,,3.0,"{""industry"": ""燃气Ⅱ"", ""industry_zt_count"": 1, ""sector_pct_change"": 0, ""sector_up_ratio"": 0, ""sector_amount_rank"": 0, ""zt_score"": 5, ""pct_score"": 10.0, ""up_ratio_score"": 10, ""amount_score"": 5}"
172,603026.SH,20260320,6.666666666666667,2.0,2.0,6.0,10.0,5.0,5.0,2.0,7.0,8.0,0.0,52.42,09:38:14,2.0,0.0345,0.0028,1.21,8.0,0.0,-55725.69,164,2,4.9,2026-03-20 20:49:49.385277,,,,,4.218783505154638,"{""industry"": ""电池"", ""industry_zt_count"": 2, ""sector_pct_change"": 2.88, ""sector_up_ratio"": 0.55, ""sector_amount_rank"": 10, ""zt_score"": 10, ""pct_score"": 15.8, ""up_ratio_score"": 10.9, ""amount_score"": 5.5}"
175,603165.SH,20260320,7.0,2.0,2.0,8.0,10.0,5.0,5.0,2.0,4.0,8.0,0.0,49.14,10:07:18,1.0,0.054,0.0053,2.06,9.86,0.0,-8322.73,164,1,3.91,2026-03-20 20:49:49.385278,,,,,1.3361176470588236,"{""industry"": ""造纸"", ""industry_zt_count"": 1, ""sector_pct_change"": -2.29, ""sector_up_ratio"": 0.15, ""sector_amount_rank"": 88, ""zt_score"": 5, ""pct_score"": 5.4, ""up_ratio_score"": 2.9, ""amount_score"": 0}"
164,603381.SH,20260320,6.0,2.0,2.0,8.0,8.0,10.0,5.0,2.0,10.0,8.0,0.0,62.29,13:00:22,1.0,0.0193,0.003,2.31,15.74,57525373.9,-6037.9,164,5,5.57,2026-03-20 20:49:49.385273,,,,,6.487513513513514,"{""industry"": ""光伏设备"", ""industry_zt_count"": 5, ""sector_pct_change"": 4.37, ""sector_up_ratio"": 0.76, ""sector_amount_rank"": 9, ""zt_score"": 25, ""pct_score"": 18.7, ""up_ratio_score"": 15.1, ""amount_score"": 6.0}"
173,603538.SH,20260320,7.666666666666667,2.0,4.0,6.0,10.0,5.0,5.0,2.0,4.0,8.0,0.0,50.7,09:31:50,1.0,0.0826,0.0116,1.13,14.07,0.0,-41713.2,164,1,5.04,2026-03-20 20:49:49.385277,,,,,1.2964776119402983,"{""industry"": ""化学制药"", ""industry_zt_count"": 1, ""sector_pct_change"": -1.54, ""sector_up_ratio"": 0.05, ""sector_amount_rank"": 46, ""zt_score"": 5, ""pct_score"": 6.9, ""up_ratio_score"": 1.0, ""amount_score"": 0}"
168,603687.SH,20260320,9.333333333333334,10.0,6.0,4.0,6.0,7.0,5.0,2.0,4.0,3.0,0.0,57.57,09:25:02,0.0,5.8664,0.0495,0.27,0.84,33177983.02,-6213.25,164,1,9.69,2026-03-20 20:49:49.385275,,,,,1.1724489795918367,"{""industry"": ""包装印刷"", ""industry_zt_count"": 1, ""sector_pct_change"": -2.25, ""sector_up_ratio"": 0.06, ""sector_amount_rank"": 78, ""zt_score"": 5, ""pct_score"": 5.5, ""up_ratio_score"": 1.2, ""amount_score"": 0}"
178,605099.SH,20260320,7.0,4.0,2.0,6.0,6.0,5.0,5.0,2.0,4.0,8.0,0.0,46.25,10:33:18,1.0,0.1002,0.0017,1.84,1.66,0.0,-5905.72,164,1,5.74,2026-03-20 20:49:49.385280,,,,,1.2470140845070423,"{""industry"": ""家居用品"", ""industry_zt_count"": 1, ""sector_pct_change"": -2.11, ""sector_up_ratio"": 0.08, ""sector_amount_rank"": 102, ""zt_score"": 5, ""pct_score"": 5.8, ""up_ratio_score"": 1.7, ""amount_score"": 0}"
176,605299.SH,20260320,8.0,2.0,2.0,6.0,10.0,5.0,5.0,2.0,4.0,6.0,0.0,47.9,10:33:35,0.0,0.0644,0.0056,1.31,8.63,0.0,-2107.12,164,1,6.06,2026-03-20 20:49:49.385279,,,,,1.6977894736842107,"{""industry"": ""文娱用品"", ""industry_zt_count"": 1, ""sector_pct_change"": -0.59, ""sector_up_ratio"": 0.16, ""sector_amount_rank"": 147, ""zt_score"": 5, ""pct_score"": 8.8, ""up_ratio_score"": 3.2, ""amount_score"": 0}"
146,000539.SZ,20260319,8.0,2.0,2.0,8.0,10.0,10.0,6.0,2.0,5.0,3.0,0.0,59.8,09:31:51,2.0,0.0511,0.0027,2.69,5.36,27748286.62,-24175.18,13,7,9.66,2026-03-19 20:00:29.928324,,,,,6.0,"{""industry"": ""电力"", ""industry_zt_count"": 7, ""sector_pct_change"": 0, ""sector_up_ratio"": 0, ""sector_amount_rank"": 0, ""zt_score"": 35, ""pct_score"": 10.0, ""up_ratio_score"": 10, ""amount_score"": 5}"
142,000601.SZ,20260319,10.0,10.0,6.0,4.0,6.0,8.0,5.0,2.0,5.0,3.0,0.0,65.2,09:25:00,0.0,1.5265,0.047,0.25,3.08,94468062.0,-23889.64,22,7,9.63,2026-03-19 20:00:29.928313,,,,,6.0,"{""industry"": ""电力"", ""industry_zt_count"": 7, ""sector_pct_change"": 0, ""sector_up_ratio"": 0, ""sector_amount_rank"": 0, ""zt_score"": 35, ""pct_score"": 10.0, ""up_ratio_score"": 10, ""amount_score"": 5}"
148,000617.SZ,20260319,7.666666666666667,2.0,2.0,6.0,6.0,8.0,8.0,10.0,2.0,8.0,0.0,58.2,13:53:09,0.0,0.065,0.0028,1.84,4.24,540645858.18,55896.22,1,1,5.9,2026-03-19 20:00:29.928325,,,,,3.0,"{""industry"": ""多元金融"", ""industry_zt_count"": 1, ""sector_pct_change"": 0, ""sector_up_ratio"": 0, ""sector_amount_rank"": 0, ""zt_score"": 5, ""pct_score"": 10.0, ""up_ratio_score"": 10, ""amount_score"": 5}"
157,000815.SZ,20260319,9.0,4.0,4.0,4.0,10.0,4.0,5.0,4.0,3.0,3.0,0.0,51.5,09:31:09,1.0,0.226,0.023,0.56,10.17,196958562.82,-57921.69,6,2,9.69,2026-03-19 20:00:29.928329,,,,,3.5,"{""industry"": ""IT服务Ⅱ"", ""industry_zt_count"": 2, ""sector_pct_change"": 0, ""sector_up_ratio"": 0, ""sector_amount_rank"": 0, ""zt_score"": 10, ""pct_score"": 10.0, ""up_ratio_score"": 10, ""amount_score"": 5}"
155,000968.SZ,20260319,6.333333333333333,4.0,4.0,6.0,10.0,5.0,8.0,2.0,2.0,8.0,0.0,54.2,13:36:36,0.0,0.2222,0.0186,1.37,8.39,0.0,2987.43,14,1,5.48,2026-03-19 20:00:29.928328,,,,,3.0,"{""industry"": ""油气开采"", ""industry_zt_count"": 1, ""sector_pct_change"": 0, ""sector_up_ratio"": 0, ""sector_amount_rank"": 0, ""zt_score"": 5, ""pct_score"": 10.0, ""up_ratio_score"": 10, ""amount_score"": 5}"
147,001258.SZ,20260319,8.666666666666666,4.0,4.0,6.0,10.0,5.0,5.0,2.0,5.0,8.0,0.0,59.4,09:50:30,0.0,0.2241,0.0177,1.04,7.88,0.0,-6329.57,15,7,5.34,2026-03-19 20:00:29.928324,,,,,6.0,"{""industry"": ""电力"", ""industry_zt_count"": 7, ""sector_pct_change"": 0, ""sector_up_ratio"": 0, ""sector_amount_rank"": 0, ""zt_score"": 35, ""pct_score"": 10.0, ""up_ratio_score"": 10, ""amount_score"": 5}"
159,002109.SZ,20260319,8.666666666666666,4.0,2.0,4.0,10.0,5.0,5.0,2.0,2.0,8.0,0.0,50.0,09:25:00,0.0,0.1601,0.0098,0.78,6.1,0.0,-39796.56,20,1,5.04,2026-03-19 20:00:29.928330,,,,,3.0,"{""industry"": ""化学原料"", ""industry_zt_count"": 1, ""sector_pct_change"": 0, ""sector_up_ratio"": 0, ""sector_amount_rank"": 0, ""zt_score"": 5, ""pct_score"": 10.0, ""up_ratio_score"": 10, ""amount_score"": 5}"
145,002310.SZ,20260319,9.333333333333334,4.0,4.0,4.0,10.0,6.0,5.0,4.0,5.0,8.0,0.0,61.4,10:21:27,0.0,0.1622,0.0118,0.78,7.29,235040278.32,-11814.75,10,7,4.98,2026-03-19 20:00:29.928323,,,,,6.0,"{""industry"": ""电力"", ""industry_zt_count"": 7, ""sector_pct_change"": 0, ""sector_up_ratio"": 0, ""sector_amount_rank"": 0, ""zt_score"": 35, ""pct_score"": 10.0, ""up_ratio_score"": 10, ""amount_score"": 5}"
143,002902.SZ,20260319,6.333333333333333,4.0,6.0,10.0,6.0,10.0,9.0,4.0,2.0,6.0,0.0,64.0,14:09:06,0.0,0.1832,0.0393,3.09,21.46,161966140.61,9741.53,12,1,7.73,2026-03-19 20:00:29.928321,,,,,3.0,"{""industry"": ""通信设备"", ""industry_zt_count"": 1, ""sector_pct_change"": 0, ""sector_up_ratio"": 0, ""sector_amount_rank"": 0, ""zt_score"": 5, ""pct_score"": 10.0, ""up_ratio_score"": 10, ""amount_score"": 5}"
149,300332.SZ,20260319,6.333333333333333,2.0,4.0,8.0,6.0,10.0,9.0,4.0,4.0,1.0,0.0,57.6,13:40:03,0.0,0.0803,0.0178,2.8,22.19,109460458.26,13048.11,8,3,12.5,2026-03-19 20:00:29.928325,,,,,4.0,"{""industry"": ""燃气Ⅱ"", ""industry_zt_count"": 3, ""sector_pct_change"": 0, ""sector_up_ratio"": 0, ""sector_amount_rank"": 0, ""zt_score"": 15, ""pct_score"": 10.0, ""up_ratio_score"": 10, ""amount_score"": 5}"
152,600617.SH,20260319,7.0,4.0,4.0,8.0,10.0,5.0,5.0,2.0,4.0,8.0,0.0,56.2,10:27:51,1.0,0.1616,0.0121,2.14,7.48,0.0,-130.68,19,3,5.52,2026-03-19 20:00:29.928327,,,,,4.0,"{""industry"": ""燃气Ⅱ"", ""industry_zt_count"": 3, ""sector_pct_change"": 0, ""sector_up_ratio"": 0, ""sector_amount_rank"": 0, ""zt_score"": 15, ""pct_score"": 10.0, ""up_ratio_score"": 10, ""amount_score"": 5}"
144,600666.SH,20260319,10.0,4.0,4.0,6.0,10.0,11.0,5.0,4.0,3.0,3.0,0.0,62.7,09:33:58,0.0,0.1553,0.0177,1.19,11.41,196053206.6,-9975.9,7,2,9.58,2026-03-19 20:00:29.928322,,,,,3.5,"{""industry"": ""光学光电"", ""industry_zt_count"": 2, ""sector_pct_change"": 0, ""sector_up_ratio"": 0, ""sector_amount_rank"": 0, ""zt_score"": 10, ""pct_score"": 10.0, ""up_ratio_score"": 10, ""amount_score"": 5}"
150,600979.SH,20260319,8.666666666666666,4.0,4.0,4.0,10.0,5.0,5.0,2.0,5.0,6.0,0.0,56.6,09:37:11,0.0,0.1405,0.0129,0.99,9.16,0.0,-35539.3,18,7,7.29,2026-03-19 20:00:29.928326,,,,,6.0,"{""industry"": ""电力"", ""industry_zt_count"": 7, ""sector_pct_change"": 0, ""sector_up_ratio"": 0, ""sector_amount_rank"": 0, ""zt_score"": 35, ""pct_score"": 10.0, ""up_ratio_score"": 10, ""amount_score"": 5}"
154,600996.SH,20260319,8.666666666666666,4.0,2.0,8.0,10.0,5.0,9.0,2.0,2.0,6.0,0.0,56.0,09:56:36,0.0,0.152,0.0088,2.02,5.79,0.0,9048.56,17,1,7.91,2026-03-19 20:00:29.928328,,,,,3.0,"{""industry"": ""电视广播"", ""industry_zt_count"": 1, ""sector_pct_change"": 0, ""sector_up_ratio"": 0, ""sector_amount_rank"": 0, ""zt_score"": 5, ""pct_score"": 10.0, ""up_ratio_score"": 10, ""amount_score"": 5}"
158,601015.SH,20260319,6.666666666666667,2.0,2.0,6.0,10.0,7.0,5.0,4.0,2.0,8.0,0.0,51.2,09:34:36,2.0,0.079,0.0075,1.03,9.5,102452799.76,-32417.88,9,1,5.11,2026-03-19 20:00:29.928330,,,,,3.0,"{""industry"": ""焦炭Ⅱ"", ""industry_zt_count"": 1, ""sector_pct_change"": 0, ""sector_up_ratio"": 0, ""sector_amount_rank"": 0, ""zt_score"": 5, ""pct_score"": 10.0, ""up_ratio_score"": 10, ""amount_score"": 5}"
151,601218.SH,20260319,8.666666666666666,4.0,4.0,4.0,10.0,7.0,5.0,4.0,2.0,8.0,0.0,56.4,09:41:57,0.0,0.1787,0.0235,0.63,13.17,296181057.84,-28402.8,11,1,4.45,2026-03-19 20:00:29.928326,,,,,3.0,"{""industry"": ""风电设备"", ""industry_zt_count"": 1, ""sector_pct_change"": 0, ""sector_up_ratio"": 0, ""sector_amount_rank"": 0, ""zt_score"": 5, ""pct_score"": 10.0, ""up_ratio_score"": 10, ""amount_score"": 5}"
161,603130.SH,20260319,8.0,2.0,2.0,10.0,6.0,5.0,5.0,2.0,2.0,6.0,0.0,47.6,10:26:11,0.0,0.0747,0.0023,4.88,3.07,0.0,-3019.73,24,1,6.79,2026-03-19 20:00:29.928332,,,,,3.0,"{""industry"": ""纺织制造"", ""industry_zt_count"": 1, ""sector_pct_change"": 0, ""sector_up_ratio"": 0, ""sector_amount_rank"": 0, ""zt_score"": 5, ""pct_score"": 10.0, ""up_ratio_score"": 10, ""amount_score"": 5}"
156,603366.SH,20260319,7.666666666666667,4.0,4.0,6.0,10.0,5.0,5.0,2.0,2.0,8.0,0.0,52.8,09:34:33,1.0,0.2376,0.0202,1.02,8.49,0.0,-33835.7,16,1,5.53,2026-03-19 20:00:29.928329,,,,,3.0,"{""industry"": ""厨卫电器"", ""industry_zt_count"": 1, ""sector_pct_change"": 0, ""sector_up_ratio"": 0, ""sector_amount_rank"": 0, ""zt_score"": 5, ""pct_score"": 10.0, ""up_ratio_score"": 10, ""amount_score"": 5}"
153,603687.SH,20260319,10.0,10.0,6.0,4.0,6.0,5.0,5.0,2.0,2.0,3.0,0.0,56.2,09:25:03,0.0,5.5371,0.0494,0.27,0.89,8900902.77,-5976.24,25,1,9.71,2026-03-19 20:00:29.928327,,,,,3.0,"{""industry"": ""包装印刷"", ""industry_zt_count"": 1, ""sector_pct_change"": 0, ""sector_up_ratio"": 0, ""sector_amount_rank"": 0, ""zt_score"": 5, ""pct_score"": 10.0, ""up_ratio_score"": 10, ""amount_score"": 5}"
160,605389.SH,20260319,8.0,6.0,2.0,8.0,6.0,5.0,5.0,2.0,2.0,6.0,0.0,50.0,10:08:40,0.0,0.4231,0.0093,2.46,2.21,0.0,-1327.2,23,1,8.32,2026-03-19 20:00:29.928331,,,,,3.0,"{""industry"": ""工程机械"", ""industry_zt_count"": 1, ""sector_pct_change"": 0, ""sector_up_ratio"": 0, ""sector_amount_rank"": 0, ""zt_score"": 5, ""pct_score"": 10.0, ""up_ratio_score"": 10, ""amount_score"": 5}"
93,000020.SZ,20260318,9.333333333333334,10.0,10.0,4.0,6.0,5.0,5.0,2.0,6.0,3.0,10.0,74.5,09:25:00,0.0,9.5237,0.152,0.68,1.6,0.0,-5575.93,164,2,9.65,2026-03-18 23:28:30.948774,,,,,4.0972307692307695,"{""industry"": ""光学光电"", ""industry_zt_count"": 2, ""sector_pct_change"": 1.64, ""sector_up_ratio"": 0.88, ""sector_amount_rank"": 26, ""zt_score"": 10, ""pct_score"": 13.3, ""up_ratio_score"": 17.7, ""amount_score"": 0}"
122,000037.SZ,20260318,8.666666666666666,6.0,4.0,4.0,6.0,5.0,5.0,2.0,6.0,6.0,0.0,55.04,09:30:18,0.0,0.3521,0.0136,0.91,3.85,0.0,-10717.77,164,4,6.25,2026-03-18 23:28:30.948800,,,,,4.843,"{""industry"": ""电力"", ""industry_zt_count"": 4, ""sector_pct_change"": 0.09, ""sector_up_ratio"": 0.66, ""sector_amount_rank"": 11, ""zt_score"": 20, ""pct_score"": 10.2, ""up_ratio_score"": 13.2, ""amount_score"": 5.0}"
133,000048.SZ,20260318,8.0,8.0,4.0,4.0,6.0,5.0,5.0,2.0,4.0,8.0,0.0,52.74,10:25:09,0.0,0.5417,0.0141,0.83,2.61,0.0,-5351.62,164,1,5.06,2026-03-18 23:28:30.948807,,,,,1.744952380952381,"{""industry"": ""养殖业"", ""industry_zt_count"": 1, ""sector_pct_change"": -0.68, ""sector_up_ratio"": 0.19, ""sector_amount_rank"": 105, ""zt_score"": 5, ""pct_score"": 8.6, ""up_ratio_score"": 3.8, ""amount_score"": 0}"
128,000539.SZ,20260318,8.666666666666666,8.0,2.0,4.0,6.0,5.0,5.0,2.0,6.0,6.0,0.0,54.64,09:25:00,0.0,0.828,0.0085,0.47,1.03,0.0,-14713.29,164,4,6.38,2026-03-18 23:28:30.948804,,,,,4.843,"{""industry"": ""电力"", ""industry_zt_count"": 4, ""sector_pct_change"": 0.09, ""sector_up_ratio"": 0.66, ""sector_amount_rank"": 11, ""zt_score"": 20, ""pct_score"": 10.2, ""up_ratio_score"": 13.2, ""amount_score"": 5.0}"
99,000601.SZ,20260318,8.666666666666666,10.0,6.0,4.0,6.0,5.0,5.0,2.0,6.0,8.0,0.0,62.64,09:25:00,0.0,1.6673,0.0497,0.18,2.98,0.0,-21059.46,164,4,5.43,2026-03-18 23:28:30.948787,,,,,4.843,"{""industry"": ""电力"", ""industry_zt_count"": 4, ""sector_pct_change"": 0.09, ""sector_up_ratio"": 0.66, ""sector_amount_rank"": 11, ""zt_score"": 20, ""pct_score"": 10.2, ""up_ratio_score"": 13.2, ""amount_score"": 5.0}"
115,000815.SZ,20260318,8.0,4.0,4.0,4.0,10.0,10.0,5.0,2.0,2.0,8.0,0.0,57.6,10:03:06,0.0,0.1643,0.018,0.51,10.94,154472980.91,-7245.5,164,1,5.0,2026-03-18 23:28:30.948796,,,,,3.0,"{""industry"": ""IT服务Ⅱ"", ""industry_zt_count"": 1, ""sector_pct_change"": 0, ""sector_up_ratio"": 0, ""sector_amount_rank"": 0, ""zt_score"": 5, ""pct_score"": 10.0, ""up_ratio_score"": 10, ""amount_score"": 5}"
140,000990.SZ,20260318,8.666666666666666,4.0,2.0,4.0,10.0,5.0,5.0,2.0,4.0,6.0,0.0,49.45,09:39:30,0.0,0.1581,0.0091,0.81,5.77,0.0,-2474.97,164,1,6.03,2026-03-18 23:28:30.948812,,,,,2.052,"{""industry"": ""化学原料"", ""industry_zt_count"": 1, ""sector_pct_change"": -0.99, ""sector_up_ratio"": 0.38, ""sector_amount_rank"": 22, ""zt_score"": 5, ""pct_score"": 8.0, ""up_ratio_score"": 7.5, ""amount_score"": 0}"
100,001287.SZ,20260318,8.0,4.0,4.0,8.0,10.0,5.0,8.0,2.0,6.0,8.0,0.0,61.84,10:03:12,0.0,0.1436,0.0137,2.83,9.56,0.0,7119.88,164,1,5.19,2026-03-18 23:28:30.948787,,,,,3.836705882352941,"{""industry"": ""其他电子"", ""industry_zt_count"": 1, ""sector_pct_change"": 2.86, ""sector_up_ratio"": 0.88, ""sector_amount_rank"": 37, ""zt_score"": 5, ""pct_score"": 15.7, ""up_ratio_score"": 17.6, ""amount_score"": 0}"
107,001389.SZ,20260318,7.0,4.0,2.0,4.0,10.0,10.0,8.0,2.0,4.0,8.0,0.0,60.1,11:17:54,0.0,0.1209,0.007,0.99,5.81,111058145.99,5223.95,164,4,3.92,2026-03-18 23:28:30.948791,,,,,4.5,"{""industry"": ""元件"", ""industry_zt_count"": 4, ""sector_pct_change"": 0, ""sector_up_ratio"": 0, ""sector_amount_rank"": 0, ""zt_score"": 20, ""pct_score"": 10.0, ""up_ratio_score"": 10, ""amount_score"": 5}"
102,001400.SZ,20260318,6.333333333333333,6.0,6.0,4.0,10.0,5.0,5.0,2.0,8.0,8.0,0.0,61.38,13:37:06,0.0,0.3252,0.0456,0.99,14.03,0.0,-135.6,164,5,5.12,2026-03-18 23:28:30.948788,,,,,5.579781659388646,"{""industry"": ""专用设备"", ""industry_zt_count"": 5, ""sector_pct_change"": 1.65, ""sector_up_ratio"": 0.72, ""sector_amount_rank"": 15, ""zt_score"": 25, ""pct_score"": 13.3, ""up_ratio_score"": 14.5, ""amount_score"": 3.0}"
119,002323.SZ,20260318,9.333333333333334,6.0,4.0,4.0,10.0,5.0,5.0,2.0,6.0,3.0,0.0,55.87,09:30:15,0.0,0.4308,0.0229,0.41,5.31,0.0,-5627.98,164,3,9.78,2026-03-18 23:28:30.948799,,,,,3.4657209302325582,"{""industry"": ""专业工程"", ""industry_zt_count"": 3, ""sector_pct_change"": 0.41, ""sector_up_ratio"": 0.44, ""sector_amount_rank"": 72, ""zt_score"": 15, ""pct_score"": 10.8, ""up_ratio_score"": 8.8, ""amount_score"": 0}"
105,002339.SZ,20260318,8.666666666666666,4.0,4.0,4.0,10.0,5.0,5.0,2.0,8.0,8.0,0.0,60.4,09:39:36,0.0,0.2419,0.0184,0.8,7.62,0.0,-5875.89,164,5,5.13,2026-03-18 23:28:30.948790,,,,,6.196223776223777,"{""industry"": ""电网设备"", ""industry_zt_count"": 5, ""sector_pct_change"": 1.6, ""sector_up_ratio"": 0.89, ""sector_amount_rank"": 9, ""zt_score"": 25, ""pct_score"": 13.2, ""up_ratio_score"": 17.8, ""amount_score"": 6.0}"
111,002432.SZ,20260318,7.0,2.0,2.0,6.0,10.0,10.0,9.0,2.0,5.0,6.0,0.0,59.39,13:26:18,0.0,0.0962,0.0081,1.04,8.44,149089514.68,37767.98,164,2,6.54,2026-03-18 23:28:30.948794,,,,,3.59,"{""industry"": ""医疗器械"", ""industry_zt_count"": 2, ""sector_pct_change"": 0.35, ""sector_up_ratio"": 0.76, ""sector_amount_rank"": 56, ""zt_score"": 10, ""pct_score"": 10.7, ""up_ratio_score"": 15.2, ""amount_score"": 0}"
96,002565.SZ,20260318,8.333333333333334,2.0,4.0,10.0,6.0,10.0,9.0,2.0,7.0,3.0,0.0,63.79,10:43:06,1.0,0.0432,0.0102,4.16,23.73,45657380.75,87335.83,164,3,9.65,2026-03-18 23:28:30.948785,,,,,4.194333333333333,"{""industry"": ""包装印刷"", ""industry_zt_count"": 3, ""sector_pct_change"": 1.18, ""sector_up_ratio"": 0.73, ""sector_amount_rank"": 66, ""zt_score"": 15, ""pct_score"": 12.4, ""up_ratio_score"": 14.6, ""amount_score"": 0}"
103,002667.SZ,20260318,8.0,4.0,4.0,4.0,10.0,5.0,8.0,2.0,8.0,6.0,0.0,60.78,10:37:57,0.0,0.1725,0.0151,0.59,8.75,0.0,5310.54,164,5,6.09,2026-03-18 23:28:30.948789,,,,,5.579781659388646,"{""industry"": ""专用设备"", ""industry_zt_count"": 5, ""sector_pct_change"": 1.65, ""sector_up_ratio"": 0.72, ""sector_amount_rank"": 15, ""zt_score"": 25, ""pct_score"": 13.3, ""up_ratio_score"": 14.5, ""amount_score"": 3.0}"
121,002913.SZ,20260318,8.0,6.0,2.0,4.0,6.0,5.0,9.0,2.0,4.0,8.0,0.0,55.1,10:20:12,0.0,0.3359,0.009,0.69,2.68,0.0,3949.97,164,4,4.41,2026-03-18 23:28:30.948800,,,,,4.5,"{""industry"": ""元件"", ""industry_zt_count"": 4, ""sector_pct_change"": 0, ""sector_up_ratio"": 0, ""sector_amount_rank"": 0, ""zt_score"": 20, ""pct_score"": 10.0, ""up_ratio_score"": 10, ""amount_score"": 5}"
95,003018.SZ,20260318,8.0,6.0,6.0,4.0,10.0,5.0,8.0,2.0,7.0,8.0,0.0,64.19,10:16:45,0.0,0.3204,0.0438,0.96,13.68,0.0,2221.79,164,3,4.07,2026-03-18 23:28:30.948784,,,,,4.194333333333333,"{""industry"": ""包装印刷"", ""industry_zt_count"": 3, ""sector_pct_change"": 1.18, ""sector_up_ratio"": 0.73, ""sector_amount_rank"": 66, ""zt_score"": 15, ""pct_score"": 12.4, ""up_ratio_score"": 14.6, ""amount_score"": 0}"
141,300042.SZ,20260318,7.0,2.0,2.0,6.0,6.0,6.0,9.0,2.0,3.0,1.0,0.0,46.7,14:55:12,0.0,0.0331,0.0079,1.63,23.95,-203616122.6,21763.82,164,2,16.28,2026-03-18 23:28:30.948813,,,,,3.5,"{""industry"": ""计算机设"", ""industry_zt_count"": 2, ""sector_pct_change"": 0, ""sector_up_ratio"": 0, ""sector_amount_rank"": 0, ""zt_score"": 10, ""pct_score"": 10.0, ""up_ratio_score"": 10, ""amount_score"": 5}"
112,300302.SZ,20260318,6.666666666666667,4.0,4.0,10.0,6.0,10.0,8.0,2.0,3.0,3.0,0.0,58.9,09:53:21,2.0,0.1082,0.0229,3.36,21.2,163220540.32,20910.56,164,2,11.91,2026-03-18 23:28:30.948794,,,,,3.5,"{""industry"": ""计算机设"", ""industry_zt_count"": 2, ""sector_pct_change"": 0, ""sector_up_ratio"": 0, ""sector_amount_rank"": 0, ""zt_score"": 10, ""pct_score"": 10.0, ""up_ratio_score"": 10, ""amount_score"": 5}"
108,300571.SZ,20260318,7.0,4.0,6.0,10.0,8.0,5.0,9.0,2.0,4.0,3.0,0.0,60.1,13:03:15,0.0,0.2083,0.0351,4.33,16.87,0.0,15038.08,164,4,10.93,2026-03-18 23:28:30.948792,,,,,4.5,"{""industry"": ""通信服务"", ""industry_zt_count"": 4, ""sector_pct_change"": 0, ""sector_up_ratio"": 0, ""sector_amount_rank"": 0, ""zt_score"": 20, ""pct_score"": 10.0, ""up_ratio_score"": 10, ""amount_score"": 5}"
97,301128.SZ,20260318,6.333333333333333,2.0,2.0,10.0,10.0,10.0,8.0,2.0,8.0,3.0,0.0,63.38,14:08:09,0.0,0.0506,0.0074,3.06,14.68,113277598.77,12750.13,164,5,11.36,2026-03-18 23:28:30.948785,,,,,5.579781659388646,"{""industry"": ""专用设备"", ""industry_zt_count"": 5, ""sector_pct_change"": 1.65, ""sector_up_ratio"": 0.72, ""sector_amount_rank"": 15, ""zt_score"": 25, ""pct_score"": 13.3, ""up_ratio_score"": 14.5, ""amount_score"": 3.0}"
98,301191.SZ,20260318,5.666666666666667,2.0,4.0,6.0,10.0,10.0,9.0,2.0,8.0,3.0,0.0,62.71,14:55:06,0.0,0.0857,0.0106,1.78,12.4,112606890.48,11186.09,164,2,9.24,2026-03-18 23:28:30.948786,,,,,5.505970149253732,"{""industry"": ""通信设备"", ""industry_zt_count"": 2, ""sector_pct_change"": 4.25, ""sector_up_ratio"": 0.9, ""sector_amount_rank"": 4, ""zt_score"": 10, ""pct_score"": 18.5, ""up_ratio_score"": 18.1, ""amount_score"": 8.5}"
127,301306.SZ,20260318,6.0,2.0,4.0,6.0,6.0,10.0,7.0,2.0,7.0,1.0,0.0,54.75,11:18:36,1.0,0.0561,0.0123,1.99,21.92,155312014.33,3986.6,164,2,13.94,2026-03-18 23:28:30.948803,,,,,4.345586206896551,"{""industry"": ""军工电子"", ""industry_zt_count"": 2, ""sector_pct_change"": 2.59, ""sector_up_ratio"": 0.91, ""sector_amount_rank"": 28, ""zt_score"": 10, ""pct_score"": 15.2, ""up_ratio_score"": 18.3, ""amount_score"": 0}"
124,301428.SZ,20260318,8.0,4.0,6.0,8.0,2.0,5.0,9.0,2.0,4.0,3.0,0.0,54.9,11:00:18,0.0,0.121,0.0369,2.41,30.51,0.0,13818.63,164,4,10.76,2026-03-18 23:28:30.948802,,,,,4.5,"{""industry"": ""通信服务"", ""industry_zt_count"": 4, ""sector_pct_change"": 0, ""sector_up_ratio"": 0, ""sector_amount_rank"": 0, ""zt_score"": 20, ""pct_score"": 10.0, ""up_ratio_score"": 10, ""amount_score"": 5}"
126,600307.SH,20260318,7.333333333333333,2.0,2.0,6.0,10.0,13.0,5.0,2.0,4.0,3.0,0.0,54.88,09:41:52,2.0,0.0504,0.0047,1.76,9.26,68396797.93,-11270.71,164,1,9.67,2026-03-18 23:28:30.948803,,,,,1.6833333333333331,"{""industry"": ""普钢"", ""industry_zt_count"": 1, ""sector_pct_change"": -0.75, ""sector_up_ratio"": 0.17, ""sector_amount_rank"": 77, ""zt_score"": 5, ""pct_score"": 8.5, ""up_ratio_score"": 3.3, ""amount_score"": 0}"
118,600396.SH,20260318,9.333333333333334,8.0,4.0,4.0,6.0,5.0,5.0,2.0,6.0,3.0,0.0,56.04,09:25:03,0.0,0.6775,0.0295,0.41,4.35,0.0,-16369.3,164,4,9.69,2026-03-18 23:28:30.948798,,,,,4.843,"{""industry"": ""电力"", ""industry_zt_count"": 4, ""sector_pct_change"": 0.09, ""sector_up_ratio"": 0.66, ""sector_amount_rank"": 11, ""zt_score"": 20, ""pct_score"": 10.2, ""up_ratio_score"": 13.2, ""amount_score"": 5.0}"
129,600468.SH,20260318,7.666666666666667,4.0,2.0,4.0,10.0,3.0,5.0,2.0,8.0,8.0,0.0,54.4,09:32:15,1.0,0.1312,0.0077,0.7,5.86,166673262.0,-42828.57,164,5,4.67,2026-03-18 23:28:30.948805,,,,,6.196223776223777,"{""industry"": ""电网设备"", ""industry_zt_count"": 5, ""sector_pct_change"": 1.6, ""sector_up_ratio"": 0.89, ""sector_amount_rank"": 9, ""zt_score"": 25, ""pct_score"": 13.2, ""up_ratio_score"": 17.8, ""amount_score"": 6.0}"
109,600513.SH,20260318,7.0,6.0,4.0,6.0,10.0,5.0,8.0,2.0,5.0,8.0,0.0,59.88,11:15:04,0.0,0.3561,0.0183,1.36,5.13,0.0,1324.59,164,2,4.96,2026-03-18 23:28:30.948793,,,,,3.480330708661417,"{""industry"": ""化学制药"", ""industry_zt_count"": 2, ""sector_pct_change"": 0.63, ""sector_up_ratio"": 0.68, ""sector_amount_rank"": 44, ""zt_score"": 10, ""pct_score"": 11.3, ""up_ratio_score"": 13.5, ""amount_score"": 0}"
110,600590.SH,20260318,5.666666666666667,4.0,4.0,6.0,10.0,5.0,9.0,2.0,7.0,8.0,0.0,59.75,14:36:50,0.0,0.1372,0.0149,1.33,10.82,0.0,14592.54,164,2,5.71,2026-03-18 23:28:30.948793,,,,,4.345586206896551,"{""industry"": ""军工电子"", ""industry_zt_count"": 2, ""sector_pct_change"": 2.59, ""sector_up_ratio"": 0.91, ""sector_amount_rank"": 28, ""zt_score"": 10, ""pct_score"": 15.2, ""up_ratio_score"": 18.3, ""amount_score"": 0}"
117,600602.SH,20260318,5.0,2.0,2.0,6.0,10.0,10.0,9.0,2.0,3.0,8.0,0.0,56.5,13:25:44,2.0,0.0434,0.0044,1.21,10.11,201453505.36,43994.06,164,2,5.21,2026-03-18 23:28:30.948797,,,,,3.5,"{""industry"": ""软件开发"", ""industry_zt_count"": 2, ""sector_pct_change"": 0, ""sector_up_ratio"": 0, ""sector_amount_rank"": 0, ""zt_score"": 10, ""pct_score"": 10.0, ""up_ratio_score"": 10, ""amount_score"": 5}"
116,603052.SH,20260318,6.333333333333333,2.0,2.0,6.0,10.0,8.0,7.0,2.0,5.0,10.0,0.0,56.69,11:01:38,2.0,0.0255,0.0023,1.71,8.86,214395491.3,2067.82,164,1,2.77,2026-03-18 23:28:30.948797,,,,,3.6878431372549016,"{""industry"": ""消费电子"", ""industry_zt_count"": 1, ""sector_pct_change"": 1.65, ""sector_up_ratio"": 0.8, ""sector_amount_rank"": 16, ""zt_score"": 5, ""pct_score"": 13.3, ""up_ratio_score"": 16.1, ""amount_score"": 2.5}"
123,603088.SH,20260318,6.666666666666667,2.0,2.0,8.0,10.0,5.0,5.0,2.0,7.0,8.0,0.0,55.0,09:39:00,2.0,0.0557,0.0066,2.76,11.92,0.0,-5909.38,164,4,4.69,2026-03-18 23:28:30.948801,,,,,5.196666666666667,"{""industry"": ""通用设备"", ""industry_zt_count"": 4, ""sector_pct_change"": 1.65, ""sector_up_ratio"": 0.83, ""sector_amount_rank"": 17, ""zt_score"": 20, ""pct_score"": 13.3, ""up_ratio_score"": 16.7, ""amount_score"": 2.0}"
136,603098.SH,20260318,7.666666666666667,2.0,2.0,6.0,10.0,5.0,5.0,2.0,6.0,8.0,0.0,52.07,09:46:48,1.0,0.0512,0.0029,1.86,5.66,0.0,-8609.05,164,3,5.4,2026-03-18 23:28:30.948809,,,,,3.4657209302325582,"{""industry"": ""专业工程"", ""industry_zt_count"": 3, ""sector_pct_change"": 0.41, ""sector_up_ratio"": 0.44, ""sector_amount_rank"": 72, ""zt_score"": 15, ""pct_score"": 10.8, ""up_ratio_score"": 8.8, ""amount_score"": 0}"
135,603115.SH,20260318,6.333333333333333,4.0,4.0,4.0,6.0,5.0,8.0,2.0,4.0,8.0,0.0,52.5,14:10:25,0.0,0.2784,0.0112,0.89,4.01,0.0,1479.48,164,4,3.66,2026-03-18 23:28:30.948808,,,,,4.5,"{""industry"": ""元件"", ""industry_zt_count"": 4, ""sector_pct_change"": 0, ""sector_up_ratio"": 0, ""sector_amount_rank"": 0, ""zt_score"": 20, ""pct_score"": 10.0, ""up_ratio_score"": 10, ""amount_score"": 5}"
120,603168.SH,20260318,8.666666666666666,4.0,4.0,6.0,10.0,5.0,5.0,2.0,5.0,6.0,0.0,55.68,09:45:15,0.0,0.2951,0.0235,6.78,7.98,0.0,-5071.46,164,2,6.12,2026-03-18 23:28:30.948799,,,,,3.480330708661417,"{""industry"": ""化学制药"", ""industry_zt_count"": 2, ""sector_pct_change"": 0.63, ""sector_up_ratio"": 0.68, ""sector_amount_rank"": 44, ""zt_score"": 10, ""pct_score"": 11.3, ""up_ratio_score"": 13.5, ""amount_score"": 0}"
125,603189.SH,20260318,5.333333333333333,2.0,2.0,8.0,10.0,7.0,9.0,2.0,3.0,8.0,0.0,54.9,13:40:21,1.0,0.0737,0.005,2.46,6.79,40693481.0,3250.0,164,2,5.98,2026-03-18 23:28:30.948802,,,,,3.5,"{""industry"": ""软件开发"", ""industry_zt_count"": 2, ""sector_pct_change"": 0, ""sector_up_ratio"": 0, ""sector_amount_rank"": 0, ""zt_score"": 10, ""pct_score"": 10.0, ""up_ratio_score"": 10, ""amount_score"": 5}"
138,603220.SH,20260318,5.0,2.0,2.0,6.0,10.0,5.0,7.0,2.0,4.0,8.0,0.0,50.3,13:21:57,2.0,0.0582,0.0071,1.26,12.29,0.0,3930.92,164,4,5.31,2026-03-18 23:28:30.948810,,,,,4.5,"{""industry"": ""通信服务"", ""industry_zt_count"": 4, ""sector_pct_change"": 0, ""sector_up_ratio"": 0, ""sector_amount_rank"": 0, ""zt_score"": 20, ""pct_score"": 10.0, ""up_ratio_score"": 10, ""amount_score"": 5}"
130,603311.SH,20260318,7.0,6.0,4.0,8.0,6.0,5.0,8.0,2.0,2.0,6.0,0.0,54.2,13:14:16,0.0,0.3522,0.0163,2.7,4.64,0.0,962.8,164,1,6.74,2026-03-18 23:28:30.948805,,,,,3.0,"{""industry"": ""家电零部"", ""industry_zt_count"": 1, ""sector_pct_change"": 0, ""sector_up_ratio"": 0, ""sector_amount_rank"": 0, ""zt_score"": 5, ""pct_score"": 10.0, ""up_ratio_score"": 10, ""amount_score"": 5}"
132,603316.SH,20260318,7.666666666666667,4.0,4.0,6.0,10.0,5.0,5.0,2.0,4.0,8.0,0.0,53.87,09:49:42,1.0,0.1731,0.0123,1.01,7.09,0.0,-10974.71,164,1,4.04,2026-03-18 23:28:30.948806,,,,,2.4696097560975607,"{""industry"": ""基础建设"", ""industry_zt_count"": 1, ""sector_pct_change"": -0.03, ""sector_up_ratio"": 0.49, ""sector_amount_rank"": 39, ""zt_score"": 5, ""pct_score"": 9.9, ""up_ratio_score"": 9.8, ""amount_score"": 0}"
94,603387.SH,20260318,9.0,4.0,4.0,8.0,10.0,9.0,5.0,2.0,5.0,3.0,10.0,70.78999999999999,09:30:48,1.0,0.22,0.0143,2.61,6.52,88233107.49,-5606.23,164,2,9.65,2026-03-18 23:28:30.948783,,,,,3.59,"{""industry"": ""医疗器械"", ""industry_zt_count"": 2, ""sector_pct_change"": 0.35, ""sector_up_ratio"": 0.76, ""sector_amount_rank"": 56, ""zt_score"": 10, ""pct_score"": 10.7, ""up_ratio_score"": 15.2, ""amount_score"": 0}"
137,603489.SH,20260318,7.666666666666667,4.0,2.0,6.0,6.0,5.0,9.0,2.0,2.0,8.0,0.0,51.2,09:39:31,1.0,0.2607,0.0082,1.27,3.15,0.0,2281.63,164,1,5.23,2026-03-18 23:28:30.948810,,,,,3.0,"{""industry"": ""电机Ⅱ"", ""industry_zt_count"": 1, ""sector_pct_change"": 0, ""sector_up_ratio"": 0, ""sector_amount_rank"": 0, ""zt_score"": 5, ""pct_score"": 10.0, ""up_ratio_score"": 10, ""amount_score"": 5}"
139,603615.SH,20260318,7.0,4.0,2.0,6.0,6.0,7.0,5.0,2.0,4.0,8.0,0.0,50.29,13:23:50,0.0,0.1916,0.0051,1.48,2.68,20169962.66,-2115.6,164,1,5.2,2026-03-18 23:28:30.948811,,,,,2.885943661971831,"{""industry"": ""家居用品"", ""industry_zt_count"": 1, ""sector_pct_change"": 0.31, ""sector_up_ratio"": 0.66, ""sector_amount_rank"": 99, ""zt_score"": 5, ""pct_score"": 10.6, ""up_ratio_score"": 13.2, ""amount_score"": 0}"
114,603618.SH,20260318,5.666666666666667,2.0,2.0,6.0,10.0,5.0,9.0,2.0,8.0,8.0,0.0,58.0,14:40:16,0.0,0.0467,0.005,1.01,10.66,0.0,17040.99,164,5,5.0,2026-03-18 23:28:30.948796,,,,,6.196223776223777,"{""industry"": ""电网设备"", ""industry_zt_count"": 5, ""sector_pct_change"": 1.6, ""sector_up_ratio"": 0.89, ""sector_amount_rank"": 9, ""zt_score"": 25, ""pct_score"": 13.2, ""up_ratio_score"": 17.8, ""amount_score"": 6.0}"
101,603687.SH,20260318,7.0,4.0,4.0,8.0,10.0,5.0,9.0,2.0,7.0,6.0,0.0,61.59,11:13:51,0.0,0.1944,0.0122,2.53,6.3,3220331.5,4900.54,164,3,6.83,2026-03-18 23:28:30.948788,,,,,4.194333333333333,"{""industry"": ""包装印刷"", ""industry_zt_count"": 3, ""sector_pct_change"": 1.18, ""sector_up_ratio"": 0.73, ""sector_amount_rank"": 66, ""zt_score"": 15, ""pct_score"": 12.4, ""up_ratio_score"": 14.6, ""amount_score"": 0}"
113,603757.SH,20260318,8.666666666666666,4.0,4.0,4.0,10.0,5.0,5.0,2.0,7.0,8.0,0.0,58.6,09:58:16,0.0,0.2463,0.013,0.48,5.28,0.0,-1060.0,164,4,3.43,2026-03-18 23:28:30.948795,,,,,5.196666666666667,"{""industry"": ""通用设备"", ""industry_zt_count"": 4, ""sector_pct_change"": 1.65, ""sector_up_ratio"": 0.83, ""sector_amount_rank"": 17, ""zt_score"": 20, ""pct_score"": 13.3, ""up_ratio_score"": 16.7, ""amount_score"": 2.0}"
134,603881.SH,20260318,5.0,4.0,4.0,6.0,10.0,5.0,5.0,2.0,4.0,8.0,0.0,52.7,13:00:45,2.0,0.1164,0.0116,1.69,9.95,0.0,-72466.69,164,4,5.89,2026-03-18 23:28:30.948808,,,,,4.5,"{""industry"": ""通信服务"", ""industry_zt_count"": 4, ""sector_pct_change"": 0, ""sector_up_ratio"": 0, ""sector_amount_rank"": 0, ""zt_score"": 20, ""pct_score"": 10.0, ""up_ratio_score"": 10, ""amount_score"": 5}"
106,603912.SH,20260318,8.666666666666666,4.0,4.0,6.0,10.0,5.0,5.0,2.0,7.0,8.0,0.0,60.2,09:51:04,0.0,0.1859,0.0154,1.13,8.27,0.0,-6825.35,164,4,4.45,2026-03-18 23:28:30.948791,,,,,5.196666666666667,"{""industry"": ""通用设备"", ""industry_zt_count"": 4, ""sector_pct_change"": 1.65, ""sector_up_ratio"": 0.83, ""sector_amount_rank"": 17, ""zt_score"": 20, ""pct_score"": 13.3, ""up_ratio_score"": 16.7, ""amount_score"": 2.0}"
131,605058.SH,20260318,6.666666666666667,4.0,2.0,8.0,10.0,5.0,5.0,2.0,4.0,8.0,0.0,53.9,09:43:41,2.0,0.1346,0.0095,2.65,7.08,0.0,-5932.17,164,4,4.4,2026-03-18 23:28:30.948806,,,,,4.5,"{""industry"": ""元件"", ""industry_zt_count"": 4, ""sector_pct_change"": 0, ""sector_up_ratio"": 0, ""sector_amount_rank"": 0, ""zt_score"": 20, ""pct_score"": 10.0, ""up_ratio_score"": 10, ""amount_score"": 5}"
104,605286.SH,20260318,8.666666666666666,8.0,4.0,4.0,6.0,5.0,5.0,2.0,8.0,8.0,0.0,60.58,09:41:34,0.0,0.8435,0.0174,0.49,2.07,0.0,-1894.13,164,5,5.61,2026-03-18 23:28:30.948790,,,,,5.579781659388646,"{""industry"": ""专用设备"", ""industry_zt_count"": 5, ""sector_pct_change"": 1.65, ""sector_up_ratio"": 0.72, ""sector_amount_rank"": 15, ""zt_score"": 25, ""pct_score"": 13.3, ""up_ratio_score"": 14.5, ""amount_score"": 3.0}"
59,000010.SZ,20260313,8.666666666666666,6.0,4.0,4.0,10.0,5.0,5.0,2.0,3.0,8.0,0.0,52.2,0,,0.3173,0.0175,0.88,0.0,0.0,0.0,47,0,4.7,2026-03-15 14:23:18.700565,,,,,,
60,000677.SZ,20260313,8.666666666666666,10.0,4.0,4.0,6.0,5.0,5.0,2.0,2.0,8.0,0.0,52.2,0,,1.0491,0.0272,0.34,0.0,0.0,0.0,53,0,5.91,2026-03-15 14:23:18.700566,,,,,,
81,001366.SZ,20260313,8.0,6.0,4.0,6.0,6.0,5.0,5.0,2.0,2.0,6.0,0.0,47.8,0,,0.4698,0.017,1.53,0.0,0.0,0.0,55,0,6.03,2026-03-15 14:23:18.700576,,,,,,
82,002084.SZ,20260313,7.0,2.0,2.0,10.0,10.0,5.0,5.0,2.0,2.0,8.0,0.0,47.8,0,,0.0877,0.0075,3.64,0.0,0.0,0.0,43,0,5.75,2026-03-15 14:23:18.700577,,,,,,
85,002109.SZ,20260313,7.666666666666667,2.0,2.0,6.0,10.0,5.0,8.0,2.0,2.0,6.0,0.0,47.2,0,,0.0703,0.0051,1.13,0.0,0.0,0.0,31,0,6.88,2026-03-15 14:23:18.700578,,,,,,
65,002165.SZ,20260313,8.666666666666666,2.0,4.0,6.0,4.0,8.0,5.0,6.0,2.0,8.0,0.0,51.0,0,,0.0666,0.0171,1.33,0.0,0.0,0.0,7,0,5.48,2026-03-15 14:23:18.700568,,,,,,
68,002323.SZ,20260313,7.0,2.0,2.0,8.0,8.0,5.0,9.0,4.0,2.0,8.0,0.0,50.2,0,,0.0442,0.0074,2.12,0.0,0.0,0.0,20,0,5.83,2026-03-15 14:23:18.700570,,,,,,
70,002382.SZ,20260313,8.666666666666666,4.0,4.0,6.0,10.0,5.0,5.0,2.0,2.0,6.0,0.0,49.8,0,,0.2126,0.0115,1.93,0.0,0.0,0.0,35,0,7.0,2026-03-15 14:23:18.700571,,,,,,
52,002438.SZ,20260313,6.333333333333333,4.0,4.0,8.0,10.0,5.0,9.0,4.0,2.0,8.0,0.0,55.4,0,,0.1841,0.0118,2.61,0.0,0.0,0.0,27,0,5.86,2026-03-15 14:23:18.700562,,,,,,
62,002470.SZ,20260313,8.666666666666666,4.0,4.0,4.0,10.0,5.0,5.0,4.0,3.0,8.0,0.0,51.8,0,,0.1583,0.017,0.59,0.0,0.0,0.0,15,0,5.46,2026-03-15 14:23:18.700567,,,,,,
47,002487.SZ,20260313,6.333333333333333,2.0,2.0,8.0,10.0,10.0,5.0,8.0,4.0,3.0,10.0,64.8,0,,0.0529,0.0041,2.58,0.0,0.0,0.0,4,0,9.67,2026-03-15 14:23:18.700559,,,,,,
83,002531.SZ,20260313,8.0,2.0,2.0,6.0,10.0,5.0,5.0,4.0,4.0,6.0,0.0,47.8,0,,0.0636,0.0039,1.89,0.0,0.0,0.0,13,0,7.19,2026-03-15 14:23:18.700577,,,,,,
79,002637.SZ,20260313,7.0,6.0,4.0,4.0,6.0,5.0,7.0,2.0,2.0,8.0,0.0,48.2,0,,0.3848,0.0153,0.74,0.0,0.0,0.0,41,0,5.82,2026-03-15 14:23:18.700575,,,,,,
58,002669.SZ,20260313,5.666666666666667,4.0,4.0,10.0,10.0,5.0,8.0,2.0,2.0,6.0,0.0,52.4,0,,0.1165,0.0121,4.36,0.0,0.0,0.0,30,0,6.4,2026-03-15 14:23:18.700565,,,,,,
71,002931.SZ,20260313,8.666666666666666,6.0,4.0,4.0,6.0,5.0,5.0,4.0,2.0,8.0,0.0,49.8,0,,0.454,0.0178,0.44,0.0,0.0,0.0,26,0,4.66,2026-03-15 14:23:18.700571,,,,,,
73,002950.SZ,20260313,8.0,6.0,4.0,8.0,6.0,5.0,5.0,2.0,2.0,6.0,0.0,49.4,0,,0.3402,0.0125,2.74,0.0,0.0,0.0,48,0,6.04,2026-03-15 14:23:18.700572,,,,,,
74,002969.SZ,20260313,7.0,2.0,2.0,6.0,10.0,3.0,9.0,6.0,2.0,8.0,0.0,49.4,0,,0.0101,0.0009,1.15,0.0,0.0,0.0,6,0,4.82,2026-03-15 14:23:18.700573,,,,,,
50,003027.SZ,20260313,8.0,6.0,6.0,10.0,10.0,5.0,7.0,2.0,2.0,8.0,0.0,59.8,0,,0.4418,0.0416,3.47,0.0,0.0,0.0,42,0,5.55,2026-03-15 14:23:18.700561,,,,,,
48,300185.SZ,20260313,8.0,2.0,4.0,10.0,6.0,12.0,9.0,8.0,4.0,1.0,0.0,62.8,0,,0.073,0.0161,3.27,0.0,0.0,0.0,5,0,13.68,2026-03-15 14:23:18.700559,,,,,,
76,300981.SZ,20260313,6.333333333333333,2.0,2.0,6.0,10.0,8.0,9.0,4.0,2.0,1.0,0.0,48.8,0,,0.0807,0.0087,8.89,0.0,0.0,0.0,25,0,13.18,2026-03-15 14:23:18.700574,,,,,,
56,600121.SH,20260313,10.0,6.0,4.0,4.0,10.0,8.0,5.0,2.0,2.0,3.0,0.0,53.6,0,,0.4203,0.0247,0.92,0.0,0.0,0.0,36,0,9.64,2026-03-15 14:23:18.700564,,,,,,
54,600226.SH,20260313,5.333333333333333,2.0,2.0,10.0,10.0,7.0,9.0,4.0,2.0,8.0,0.0,53.8,0,,0.0183,0.0011,3.22,0.0,0.0,0.0,16,0,5.8,2026-03-15 14:23:18.700563,,,,,,
66,600232.SH,20260313,8.0,8.0,4.0,6.0,6.0,5.0,5.0,2.0,2.0,8.0,0.0,51.0,0,,0.5089,0.0179,1.75,0.0,0.0,0.0,52,0,5.87,2026-03-15 14:23:18.700569,,,,,,
63,600234.SH,20260313,7.0,8.0,4.0,10.0,6.0,5.0,5.0,2.0,2.0,6.0,0.0,51.8,0,,0.6625,0.0188,3.81,0.0,0.0,0.0,54,0,6.67,2026-03-15 14:23:18.700567,,,,,,
89,600336.SH,20260313,6.0,2.0,2.0,6.0,10.0,5.0,5.0,2.0,2.0,6.0,0.0,42.2,0,,0.0578,0.0037,7.86,0.0,0.0,0.0,34,0,6.46,2026-03-15 14:23:18.700580,,,,,,
77,600370.SH,20260313,7.0,2.0,2.0,10.0,10.0,6.0,6.0,4.0,2.0,3.0,0.0,48.6,0,,0.0309,0.0021,3.97,0.0,0.0,0.0,23,0,9.79,2026-03-15 14:23:18.700574,,,,,,
53,600408.SH,20260313,8.0,2.0,4.0,8.0,8.0,7.0,9.0,4.0,2.0,6.0,0.0,55.0,0,,0.0856,0.0144,2.69,0.0,0.0,0.0,24,0,7.46,2026-03-15 14:23:18.700562,,,,,,
86,600683.SH,20260313,7.666666666666667,4.0,2.0,6.0,10.0,5.0,5.0,2.0,2.0,6.0,0.0,46.2,0,,0.1395,0.0078,1.06,0.0,0.0,0.0,37,0,8.68,2026-03-15 14:23:18.700579,,,,,,
80,600691.SH,20260313,9.0,6.0,4.0,4.0,6.0,7.0,5.0,2.0,2.0,3.0,0.0,48.0,0,,0.3398,0.0101,0.6,0.0,0.0,0.0,40,0,9.65,2026-03-15 14:23:18.700576,,,,,,
91,600746.SH,20260313,6.0,2.0,2.0,8.0,6.0,5.0,5.0,2.0,2.0,6.0,0.0,40.6,0,,0.0326,0.0014,2.29,0.0,0.0,0.0,32,0,7.3,2026-03-15 14:23:18.700581,,,,,,
67,600756.SH,20260313,6.0,4.0,4.0,10.0,10.0,5.0,5.0,2.0,2.0,8.0,0.0,51.0,0,,0.1913,0.0173,4.36,0.0,0.0,0.0,29,0,5.97,2026-03-15 14:23:18.700569,,,,,,
55,600847.SH,20260313,7.0,8.0,6.0,8.0,6.0,5.0,5.0,2.0,2.0,8.0,0.0,53.8,0,,0.713,0.0343,2.83,0.0,0.0,0.0,51,0,5.63,2026-03-15 14:23:18.700563,,,,,,
88,601218.SH,20260313,4.333333333333333,2.0,2.0,10.0,6.0,5.0,5.0,6.0,4.0,6.0,0.0,45.0,0,,0.0336,0.0073,3.22,0.0,0.0,0.0,11,0,7.99,2026-03-15 14:23:18.700580,,,,,,
49,601669.SH,20260313,7.666666666666667,2.0,2.0,6.0,10.0,5.0,5.0,10.0,3.0,6.0,10.0,61.4,0,,0.0534,0.0073,1.96,0.0,0.0,0.0,1,0,7.26,2026-03-15 14:23:18.700560,,,,,,
51,603029.SH,20260313,8.0,8.0,6.0,8.0,10.0,5.0,5.0,2.0,2.0,8.0,0.0,58.2,0,,0.6873,0.0369,2.87,0.0,0.0,0.0,49,0,5.64,2026-03-15 14:23:18.700561,,,,,,
61,603062.SH,20260313,7.0,6.0,6.0,6.0,10.0,5.0,5.0,2.0,2.0,6.0,0.0,52.2,0,,0.4497,0.0486,5.0,0.0,0.0,0.0,45,0,6.6,2026-03-15 14:23:18.700566,,,,,,
72,603169.SH,20260313,8.0,4.0,2.0,8.0,10.0,5.0,5.0,4.0,2.0,6.0,0.0,49.8,0,,0.1155,0.0095,2.48,0.0,0.0,0.0,12,0,8.14,2026-03-15 14:23:18.700572,,,,,,
92,603248.SH,20260313,5.0,2.0,2.0,10.0,2.0,1.0,5.0,4.0,4.0,6.0,0.0,36.2,0,,0.0198,0.0089,3.27,0.0,0.0,0.0,21,0,8.29,2026-03-15 14:23:18.700582,,,,,,
46,603280.SH,20260313,7.0,10.0,10.0,10.0,4.0,7.0,8.0,2.0,2.0,8.0,10.0,76.0,0,,1.0141,0.2958,4.4,0.0,0.0,0.0,38,0,5.85,2026-03-15 14:23:18.700554,,,,,,
69,603366.SH,20260313,8.0,2.0,2.0,6.0,10.0,5.0,9.0,4.0,2.0,6.0,0.0,50.2,0,,0.0899,0.009,7.82,0.0,0.0,0.0,22,0,7.09,2026-03-15 14:23:18.700570,,,,,,
57,603538.SH,20260313,7.0,4.0,4.0,8.0,10.0,5.0,7.0,2.0,2.0,8.0,0.0,52.6,0,,0.2015,0.0204,2.01,0.0,0.0,0.0,28,0,5.96,2026-03-15 14:23:18.700564,,,,,,
75,603558.SH,20260313,8.666666666666666,6.0,2.0,8.0,6.0,5.0,5.0,2.0,2.0,8.0,0.0,49.0,0,,0.3293,0.0093,2.63,0.0,0.0,0.0,50,0,5.58,2026-03-15 14:23:18.700573,,,,,,
64,603607.SH,20260313,8.666666666666666,4.0,2.0,10.0,10.0,5.0,5.0,2.0,2.0,8.0,0.0,51.8,0,,0.1547,0.0083,3.49,0.0,0.0,0.0,44,0,5.65,2026-03-15 14:23:18.700568,,,,,,
87,603659.SH,20260313,8.666666666666666,2.0,2.0,6.0,6.0,5.0,5.0,6.0,2.0,6.0,0.0,45.4,0,,0.0408,0.0013,1.15,0.0,0.0,0.0,9,0,6.24,2026-03-15 14:23:18.700579,,,,,,
78,603803.SH,20260313,9.333333333333334,2.0,4.0,6.0,8.0,5.0,5.0,4.0,2.0,6.0,0.0,48.6,0,,0.0909,0.0159,1.95,0.0,0.0,0.0,17,0,7.56,2026-03-15 14:23:18.700575,,,,,,
84,603929.SH,20260313,8.666666666666666,8.0,2.0,4.0,6.0,5.0,5.0,2.0,2.0,8.0,0.0,47.8,0,,0.6856,0.0073,0.73,0.0,0.0,0.0,39,0,5.58,2026-03-15 14:23:18.700578,,,,,,
90,605222.SH,20260313,7.0,2.0,2.0,8.0,6.0,5.0,5.0,2.0,2.0,6.0,0.0,41.8,0,,0.0546,0.0026,2.49,0.0,0.0,0.0,33,0,6.07,2026-03-15 14:23:18.700581,,,,,,
38,000537.SZ,20260312,9.333333333333334,6.0,4.0,6.0,6.0,6.0,8.0,4.0,2.0,3.0,10.0,63.4,09:31:57,0.0,0.307,0.0108,1.41,3.53,0.0,5.54,15,0,9.67,2026-03-14 01:35:21.021450,,,,,,
40,002869.SZ,20260312,6.333333333333333,8.0,6.0,10.0,10.0,5.0,9.0,2.0,2.0,6.0,0.0,60.6,14:12:15,0.0,0.5432,0.0399,4.65,7.35,0.0,15.78,39,0,6.15,2026-03-14 01:35:21.021452,,,,,,
37,600121.SH,20260312,7.0,4.0,6.0,8.0,10.0,9.0,9.0,2.0,2.0,6.0,10.0,70.6,11:04:59,0.0,0.2797,0.0305,2.19,10.89,40042808.0,30.89,27,0,6.42,2026-03-14 01:35:21.021445,,,,,,
39,600703.SH,20260312,7.666666666666667,2.0,2.0,6.0,10.0,5.0,7.0,10.0,2.0,6.0,10.0,62.6,09:49:29,1.0,0.0443,0.0038,1.62,8.52,0.0,2.12,2,0,8.34,2026-03-14 01:35:21.021451,,,,,,
44,600868.SH,20260312,8.666666666666666,4.0,4.0,8.0,10.0,5.0,5.0,4.0,2.0,6.0,0.0,53.0,09:41:49,0.0,0.117,0.0121,2.03,10.3,0.0,-17.48,17,0,7.27,2026-03-14 01:35:21.021454,,,,,,
43,601015.SH,20260312,7.0,4.0,4.0,6.0,10.0,5.0,9.0,4.0,2.0,6.0,0.0,53.4,13:02:20,0.0,0.2491,0.0239,1.28,9.58,0.0,34.77,13,0,6.89,2026-03-14 01:35:21.021453,,,,,,
45,601038.SH,20260312,7.0,6.0,4.0,10.0,6.0,5.0,8.0,2.0,2.0,6.0,0.0,52.8,13:02:11,0.0,0.3064,0.0113,3.22,3.69,0.0,8.17,34,0,6.39,2026-03-14 01:35:21.021454,,,,,,
41,603978.SH,20260312,8.666666666666666,8.0,6.0,6.0,10.0,5.0,5.0,2.0,2.0,6.0,0.0,56.2,09:34:40,0.0,0.7252,0.0371,1.91,5.11,0.0,-38.96,38,0,7.22,2026-03-14 01:35:21.021452,,,,,,
42,605305.SH,20260312,6.333333333333333,4.0,4.0,10.0,10.0,5.0,9.0,4.0,2.0,6.0,0.0,55.8,14:09:07,0.0,0.1543,0.0124,4.17,8.06,0.0,15.48,22,0,6.73,2026-03-14 01:35:21.021453,,,,,,
28,000537.SZ,20260311,10.0,4.0,2.0,10.0,10.0,6.0,5.0,4.0,2.0,3.0,10.0,63.2,09:42:12,0.0,0.1772,0.0094,3.24,5.32,0.0,-1.48,18,0,9.64,2026-03-14 01:35:21.007542,,,,,,
30,000545.SZ,20260311,9.333333333333334,6.0,8.0,4.0,10.0,5.0,5.0,2.0,2.0,8.0,0.0,57.0,10:23:45,0.0,0.3987,0.0537,0.86,13.47,0.0,-10.19,39,0,5.12,2026-03-14 01:35:21.007548,,,,,,
34,002177.SZ,20260311,8.0,2.0,4.0,6.0,4.0,9.0,9.0,6.0,2.0,6.0,0.0,54.2,10:38:18,0.0,0.0961,0.0274,1.67,28.47,294845511.0,18.55,10,0,6.69,2026-03-14 01:35:21.007550,,,,,,
33,002432.SZ,20260311,7.0,2.0,2.0,6.0,10.0,9.0,8.0,6.0,2.0,6.0,0.0,54.4,10:50:39,1.0,0.0919,0.0088,1.23,9.57,314533910.0,9.11,6,0,8.35,2026-03-14 01:35:21.007550,,,,,,
32,002445.SZ,20260311,9.333333333333334,10.0,8.0,4.0,6.0,5.0,5.0,2.0,2.0,3.0,0.0,54.8,09:25:00,0.0,14.9584,0.0514,0.09,0.34,0.0,-69.96,50,0,9.76,2026-03-14 01:35:21.007549,,,,,,
29,300246.SZ,20260311,8.0,6.0,6.0,8.0,10.0,6.0,9.0,2.0,2.0,1.0,0.0,57.2,10:27:24,0.0,0.3035,0.0418,2.82,13.77,0.0,12.79,41,0,15.12,2026-03-14 01:35:21.007547,,,,,,
35,600769.SH,20260311,8.333333333333334,2.0,2.0,10.0,10.0,8.0,9.0,2.0,2.0,3.0,0.0,54.0,11:08:42,0.0,0.0568,0.006,4.12,10.49,11289442.0,27.37,35,0,9.69,2026-03-14 01:35:21.007551,,,,,,
31,601016.SH,20260311,8.0,2.0,2.0,8.0,10.0,9.0,7.0,6.0,2.0,6.0,0.0,56.2,10:15:43,0.0,0.0807,0.0075,2.03,9.27,275346040.0,2.57,8,0,8.53,2026-03-14 01:35:21.007549,,,,,,
36,601700.SH,20260311,7.666666666666667,4.0,4.0,6.0,10.0,9.0,5.0,2.0,2.0,6.0,0.0,53.4,09:25:00,1.0,0.2025,0.0108,1.39,5.34,99479724.0,-56.69,44,0,6.48,2026-03-14 01:35:21.007551,,,,,,
