ts_code,trade_date,buy_sm_vol,buy_sm_amount,sell_sm_vol,sell_sm_amount,buy_md_vol,buy_md_amount,sell_md_vol,sell_md_amount,buy_lg_vol,buy_lg_amount,sell_lg_vol,sell_lg_amount,buy_elg_vol,buy_elg_amount,sell_elg_vol,sell_elg_amount,net_mf_vol,net_mf_amount
000001.SZ,20260403,210687,23492.18,160021,17858.48,232208,25905.59,195319,21791.13,205307,22906.53,181328,20223.79,109556,12224.06,221090,24654.97,-171291,-19078.06
000002.SZ,20260403,412478,15831.58,235785,9045.98,307140,11790.72,326579,12536.09,194218,7447.55,288553,11073.79,121584,4666.31,184504,7080.3,-333682,-12833.86
000004.SZ,20260403,3989,155.97,341,13.33,1222,47.78,1833,71.67,1680,65.69,4717,184.43,0,0.0,0,0.0,6891,269.44
000006.SZ,20260403,137569,11489.13,167709,13955.9,179418,14968.04,136127,11356.51,124597,10374.17,128477,10763.12,29744,2489.53,39016,3245.33,-61381,-5107.61
000007.SZ,20260403,17689,2221.25,12906,1617.75,25499,3197.1,17862,2239.25,19260,2415.42,22030,2762.22,3939,497.01,13590,1711.55,554,79.54
000008.SZ,20260403,1203862,34629.45,855954,24651.86,1065276,30677.39,1027813,29601.25,714645,20614.46,917627,26464.76,418935,12116.25,601325,17319.69,-667674,-19274.47
000009.SZ,20260403,73194,6228.07,61041,5193.13,61767,5259.58,51587,4389.98,22466,1908.88,33093,2816.05,6459,546.52,18165,1543.89,-38786,-3286.28
000010.SZ,20260403,115111,4259.79,108400,4011.26,93037,3438.77,78532,2906.56,58091,2148.0,70858,2615.36,4213,154.32,12662,467.7,-63606,-2343.11
000011.SZ,20260403,22360,1828.68,35451,2896.91,18628,1523.01,11565,945.78,10133,826.9,5454,447.06,1349,111.16,0,0.0,-15776,-1290.04
000012.SZ,20260403,84045,3675.84,83264,3643.45,69128,3024.67,58115,2542.86,43576,1907.25,43822,1917.36,2346,102.29,13894,606.39,-65588,-2867.99
000014.SZ,20260403,44273,5686.24,40870,5246.01,33049,4241.36,30505,3916.89,14441,1850.0,19917,2555.44,791,102.41,1262,161.67,-14047,-1803.7
000016.SZ,20260403,229201,7114.63,213853,6641.38,159697,4969.77,149807,4662.54,156523,4862.11,104897,3258.45,21260,659.15,98124,3043.28,-79214,-2440.26
000017.SZ,20260403,32789,2172.31,28015,1856.89,9887,653.73,12440,823.46,2904,192.7,5125,338.39,0,0.0,0,0.0,-5912,-391.75
000019.SZ,20260403,125015,9043.04,130425,9423.28,87528,6332.44,76228,5519.53,32434,2338.76,36687,2651.91,2546,186.93,4183,306.46,-31510,-2286.91
000020.SZ,20260403,38986,5843.7,28530,4280.59,36598,5489.18,43905,6584.71,25350,3802.77,28891,4333.33,5038,758.83,4646,695.85,-17627,-2646.96
000021.SZ,20260403,148717,38333.84,148325,38280.04,135901,35050.03,142595,36787.4,107856,27833.89,109949,28346.83,55745,14390.5,47350,12193.98,-32219,-8203.14
000025.SZ,20260403,14164,2222.5,9735,1528.19,10100,1584.66,11320,1777.49,3198,500.97,4733,742.24,1194,187.28,2868,447.48,-5181,-815.57
000026.SZ,20260403,19296,2768.75,19842,2849.11,17098,2455.46,15143,2176.2,6365,915.35,7596,1088.51,769,109.27,947,135.02,-2751,-386.24
000027.SZ,20260403,148978,9912.07,97457,6487.32,159893,10646.88,153012,10187.29,105357,7015.5,142608,9498.42,26698,1783.79,47847,3185.2,-92182,-6121.28
000028.SZ,20260403,33882,8987.31,31476,8354.62,24543,6515.97,23592,6262.98,17598,4673.74,15482,4106.66,236,62.3,5709,1515.06,-11918,-3165.08
000029.SZ,20260403,15335,2950.09,19209,3696.87,13120,2522.09,8937,1719.34,9779,1877.42,6002,1155.32,3466,669.09,7552,1447.15,-4034,-770.34
000030.SZ,20260403,175052,8550.61,146202,7147.32,155298,7608.28,176428,8628.5,125042,6117.24,122828,6014.52,2159,104.71,12093,590.5,-118410,-5808.43
000031.SZ,20260403,63098,1776.16,81525,2295.32,36555,1027.74,42367,1192.82,35776,1007.18,20716,582.48,18574,523.67,9395,264.13,-26277,-735.18
000032.SZ,20260403,57073,9834.91,60044,10354.11,57634,9937.21,62179,10721.22,36153,6234.43,33084,5696.94,8349,1438.11,3903,672.39,-31624,-5435.5
000034.SZ,20260403,47532,15312.21,42728,13789.17,42426,13669.18,41865,13494.34,25749,8300.46,28217,9079.91,6262,2019.77,9159,2938.19,2503,822.0
000035.SZ,20260403,161454,10611.96,128883,8482.68,145416,9563.65,134937,8875.77,98752,6486.5,101594,6680.72,32606,2131.0,72815,4753.94,-76162,-4996.89
000036.SZ,20260403,111575,5223.3,87158,4080.12,68671,3214.02,72863,3412.47,42740,1998.6,59659,2788.7,13352,624.2,16658,778.83,-24567,-1153.88
000037.SZ,20260403,209774,20917.96,147861,14756.84,176474,17582.05,192594,19219.24,91052,9092.17,123079,12256.09,8282,817.76,22049,2177.78,-86722,-8609.46
000039.SZ,20260403,182006,19371.35,179330,19149.91,150089,16021.8,120629,12847.45,91401,9726.44,95520,10146.98,14991,1594.42,43007,4569.67,-6780,-697.99
000042.SZ,20260403,14822,1282.62,22195,1920.31,19860,1718.83,15154,1312.24,4357,377.61,4762,412.81,3072,266.3,0,0.0,-10623,-917.5
000045.SZ,20260403,56137,6933.38,43812,5417.5,53760,6638.14,56267,6948.58,26725,3303.69,35342,4369.95,5638,699.7,6839,838.89,-20575,-2536.71
000048.SZ,20260403,90105,15690.26,101696,17726.89,127623,22239.25,105274,18390.25,114152,19933.63,88094,15375.75,61673,10826.19,98488,17196.44,19538,3481.3
000049.SZ,20260403,39623,9863.64,35620,8870.1,33310,8289.18,34364,8562.25,23494,5851.94,21954,5469.43,3336,833.47,7825,1936.45,-26970,-6702.12
000050.SZ,20260403,72191,5648.6,52889,4139.67,46324,3625.03,48489,3795.28,19752,1545.0,35044,2742.58,6611,518.96,8456,660.05,-16102,-1253.98
000055.SZ,20260403,50332,1746.96,42942,1492.4,25396,882.36,22227,771.68,9468,326.98,17027,587.53,0,0.0,3000,104.7,-25387,-877.54
000056.SZ,20260403,247043,4519.95,228758,4185.59,178545,3263.47,148999,2730.38,125825,2301.06,175047,3188.24,60991,1113.58,59600,1093.85,-188160,-3437.68
000058.SZ,20260403,30028,2331.29,31486,2446.14,17951,1392.41,15828,1227.84,10986,852.8,11651,902.53,0,0.0,0,0.0,-10747,-837.34
000059.SZ,20260403,111422,5752.33,102026,5273.5,86430,4462.15,106986,5518.57,47728,2463.71,50248,2596.25,20000,1034.45,6320,324.32,-78650,-4047.0
000060.SZ,20260403,250888,15085.23,150928,9074.89,163488,9833.57,166275,10003.48,113159,6804.21,167438,10064.17,46690,2802.24,89582,5382.71,-96621,-5786.55
000061.SZ,20260403,78947,5661.25,48038,3460.9,68826,4938.48,50450,3626.87,28435,2039.39,66709,4767.19,4208,300.03,15219,1084.19,-29378,-2116.89
000062.SZ,20260403,83710,20711.2,93009,23075.51,92690,22948.94,100913,24992.09,72629,18029.9,66431,16431.95,21278,5286.91,9954,2477.4,28277,7157.16
000063.SZ,20260403,140979,45528.25,149061,48193.93,139607,45115.73,157322,50851.85,125539,40601.57,114701,37067.83,62459,20204.94,47501,15336.88,5507,1905.78
000065.SZ,20260403,229348,32740.44,178610,25530.67,226507,32461.91,236249,33749.77,179827,25784.32,218121,31329.0,82721,11887.27,85425,12264.49,-101831,-14720.72
000066.SZ,20260403,167874,24017.33,118195,16933.04,137523,19686.43,139500,19972.53,71191,10197.43,90050,12879.87,13109,1876.98,41952,5992.73,-65516,-9356.7
000068.SZ,20260403,63617,2041.9,84051,2696.68,43344,1388.48,42880,1373.26,43235,1385.64,26417,848.71,6970,224.43,3818,121.79,-51780,-1659.03
000069.SZ,20260403,105636,2284.77,97210,2104.92,110876,2401.1,121413,2628.36,102706,2222.17,100243,2168.03,43895,951.65,44247,958.39,-48911,-1044.36
000070.SZ,20260403,519849,98953.4,430037,81887.2,452025,86196.87,457329,87226.99,317071,60545.83,419406,80092.09,143069,27342.82,125242,23832.65,-55355,-10369.3
000078.SZ,20260403,1324777,47115.93,1303920,46436.18,1129732,40254.58,1063303,37788.11,693219,24649.56,642252,22816.34,141917,5077.35,280170,10056.79,7217,523.76
000088.SZ,20260403,82135,3743.12,94800,4318.41,89897,4094.86,80499,3668.37,51217,2334.2,45997,2095.24,20816,947.04,22768,1037.22,-40937,-1856.46
000089.SZ,20260403,23506,1628.53,28036,1942.5,11224,777.25,16939,1173.41,12538,867.99,11807,816.99,16123,1114.95,6609,455.83,-20021,-1383.17
000090.SZ,20260403,68307,2401.43,81454,2866.69,59391,2089.67,57182,2012.27,52391,1843.46,30017,1057.3,14535,513.41,25970,911.72,-51900,-1824.64
000096.SZ,20260403,46350,4602.14,37672,3744.7,42910,4262.63,37719,3748.36,16791,1670.65,23782,2360.77,1694,167.03,8572,848.61,-35299,-3502.4
000099.SZ,20260403,34562,5744.97,20334,3383.54,24275,4032.44,27532,4575.41,9284,1546.74,18550,3086.81,2677,446.73,4382,725.12,-12958,-2152.8
000100.SZ,20260403,498263,20774.69,399420,16652.63,589478,24585.77,596904,24889.44,500295,20865.56,591110,24647.16,501909,20912.76,502511,20949.54,-404030,-16782.77
000151.SZ,20260403,29351,3387.91,27669,3188.54,11497,1324.11,9843,1138.56,3617,415.55,5193,597.93,0,0.0,1760,202.53,-6309,-734.74
000153.SZ,20260403,93459,6233.76,72724,4859.37,44439,2970.97,53906,3602.73,20917,1404.82,34920,2331.07,2735,183.61,0,0.0,-15610,-1023.58
000155.SZ,20260403,352727,57394.38,286021,46626.41,410798,66862.05,455545,74096.09,287682,46875.83,261507,42651.77,120946,19705.04,169079,27463.03,-125049,-20308.73
000156.SZ,20260403,47399,3437.93,49453,3584.41,27813,2015.63,27806,2016.0,17794,1286.31,14142,1024.22,0,0.0,1605,115.24,-22382,-1618.18
000157.SZ,20260403,180304,15276.68,173253,14683.16,151124,12798.36,137158,11622.82,76036,6443.93,82371,6968.42,15756,1335.75,30438,2580.32,-41554,-3497.24
000158.SZ,20260403,82028,13989.49,62828,10724.42,53430,9117.9,59091,10088.23,22954,3918.27,33155,5653.96,6925,1185.84,10263,1744.91,-29078,-4949.08
000159.SZ,20260403,64650,4038.16,66393,4143.57,58575,3668.7,44918,2807.02,30277,1893.95,37294,2336.62,1630,101.06,6527,414.66,-36534,-2286.55
000166.SZ,20260403,141359,6584.24,129213,6019.08,180926,8429.37,162297,7564.43,149947,6986.71,156442,7287.48,29484,1372.77,53764,2502.1,-11533,-517.93
000301.SZ,20260403,77337,8593.38,113266,12606.31,81041,9016.86,94195,10480.49,99169,11057.18,60902,6794.65,35831,3997.04,25016,2783.0,-18335,-2010.46
000333.SZ,20260403,53411,40960.74,43735,33559.98,57814,44347.32,50564,38792.39,43652,33502.45,60676,46531.53,17895,13735.68,17798,13662.29,-36112,-27684.85
000338.SZ,20260403,242891,61410.0,202748,51353.68,207421,52591.29,224904,56999.5,142525,36200.46,152195,38589.02,51858,13152.94,64848,16412.49,14390,3760.01
000400.SZ,20260403,63559,17209.39,39047,10589.34,50513,13688.63,52364,14190.19,29832,8089.54,36351,9846.18,14055,3795.97,30197,8157.82,-12261,-3308.3
000401.SZ,20260403,73127,3476.96,99650,4737.48,56969,2711.43,37737,1797.74,41418,1972.18,29400,1400.56,7402,351.15,12129,575.94,-53654,-2554.31
000402.SZ,20260403,42820,1059.79,34594,857.08,32110,795.16,36840,912.59,20517,507.93,24013,593.21,0,0.0,0,0.0,-30619,-756.5
000403.SZ,20260403,29122,3738.2,24743,3175.85,24634,3161.22,21601,2775.83,11722,1503.8,13195,1689.73,2000,255.8,7939,1017.61,-18949,-2430.51
000404.SZ,20260403,40798,2837.06,36542,2544.3,23223,1615.94,21504,1496.58,12274,855.99,18248,1268.11,0,0.0,0,0.0,-20729,-1441.66
000407.SZ,20260403,107274,4860.3,66348,3005.4,99243,4498.07,98500,4462.87,57606,2608.61,77308,3506.79,0,0.0,21967,991.92,-92036,-4175.54
000408.SZ,20260403,27173,22137.64,22989,18735.04,23845,19434.26,25840,21058.8,16977,13831.87,21654,17643.2,11888,9687.96,9400,7654.7,-9685,-7873.07
000409.SZ,20260403,24826,2503.52,23181,2338.63,16231,1635.42,12959,1305.06,4255,427.81,9173,923.05,0,0.0,0,0.0,-14283,-1438.92
000410.SZ,20260403,36272,2339.95,28045,1812.1,37415,2413.85,31310,2022.25,22757,1470.94,22298,1439.13,9391,604.19,24182,1555.44,-27717,-1789.09
000411.SZ,20260403,22859,2529.49,16712,1851.56,14993,1660.25,14928,1652.56,3999,442.24,10211,1127.86,0,0.0,0,0.0,-4779,-527.95
000415.SZ,20260403,173561,7484.98,177269,7637.79,111964,4822.17,128240,5524.77,97828,4210.66,120859,5209.15,92170,3969.61,49155,2115.71,-51707,-2214.27
000417.SZ,20260403,46356,2982.55,37534,2416.0,33750,2170.36,31610,2034.94,19245,1236.56,26134,1677.04,0,0.0,4074,261.5,-28270,-1816.99
000419.SZ,20260403,34783,1990.92,35445,2027.63,25234,1444.06,17635,1009.33,4816,274.9,9943,569.58,0,0.0,1810,103.35,-10416,-595.75
000420.SZ,20260403,453668,20452.48,342221,15411.85,333370,15038.19,321132,14484.17,207082,9334.87,285777,12893.92,53098,2391.62,98088,4427.23,-222109,-10004.47
000421.SZ,20260403,53495,3409.66,69791,4450.9,35218,2249.02,22033,1405.58,11304,719.24,8193,521.43,0,0.0,0,0.0,-26139,-1673.45
000422.SZ,20260403,131630,20167.15,105600,16180.27,112325,17224.06,120042,18414.11,84377,12935.49,97894,15015.81,34461,5287.42,39257,6003.92,-55069,-8447.57
000423.SZ,20260403,26585,14926.45,22645,12713.72,12300,6908.23,14182,7964.69,7302,4103.15,7991,4488.85,1591,892.67,2960,1663.25,-7402,-4152.59
000425.SZ,20260403,119736,12240.01,121364,12407.1,105821,10820.6,104775,10711.58,86460,8835.01,71030,7259.45,10528,1076.96,25375,2594.44,-40081,-4075.91
000426.SZ,20260403,120549,47872.25,91580,36365.95,89451,35576.47,90399,35953.09,60875,24202.77,64690,25727.05,25879,10286.94,50085,19892.35,-8812,-3426.2
000428.SZ,20260403,123671,4843.2,99975,3920.71,54821,2153.4,60089,2354.32,32935,1289.91,42552,1667.96,0,0.0,8811,343.51,-35287,-1377.96
000429.SZ,20260403,32571,4245.17,38635,5037.3,27570,3594.17,23943,3120.11,9333,1216.65,5786,754.11,0,0.0,1110,144.47,10103,1320.64
000430.SZ,20260403,5800,423.81,5646,412.73,7119,520.02,7018,513.05,3431,251.07,3686,269.12,0,0.0,0,0.0,-4576,-334.31
000488.SZ,20260403,56561,1523.7,49730,1344.44,75736,2044.45,68859,1859.79,57685,1559.81,59056,1591.86,6556,175.96,18893,507.83,-26654,-708.69
000498.SZ,20260403,53913,3066.85,68612,3902.63,54059,3076.09,59627,3393.24,35156,1999.54,20943,1192.04,10000,569.75,3946,224.32,-27595,-1567.64
000501.SZ,20260403,21580,1797.94,15569,1297.04,14412,1200.5,18440,1535.9,8499,707.04,10040,835.63,0,0.0,442,36.91,-4560,-378.82
000503.SZ,20260403,43017,3374.35,38036,2983.75,25779,2019.27,26553,2083.18,13888,1089.72,18426,1441.04,3902,305.53,3571,280.89,-24026,-1883.12
000504.SZ,20260403,9213,912.33,8032,795.23,16150,1601.2,14921,1480.24,6654,660.59,8394,831.9,0,0.0,670,66.74,-17933,-1780.52
000505.SZ,20260403,76890,5066.48,60116,3965.49,49354,3259.97,45967,3034.28,17462,1152.06,35823,2364.08,1500,100.35,3300,215.01,-37931,-2501.12
000506.SZ,20260403,107812,17828.89,73935,12239.64,55148,9122.65,56345,9326.85,33439,5528.6,54728,9034.13,3660,607.54,15051,2487.05,-6701,-1104.18
000507.SZ,20260403,113096,6072.67,137982,7402.04,122990,6605.54,98453,5290.63,64244,3450.41,63736,3421.7,10700,565.36,10859,579.62,-49854,-2650.72
000509.SZ,20260403,254103,8964.99,173932,6136.6,118744,4195.79,129106,4570.68,65670,2320.99,93850,3320.65,3000,104.1,44628,1557.95,-88407,-3110.6
000510.SZ,20260403,129476,18194.18,145615,20485.56,115236,16209.23,105928,14897.65,56240,7912.53,61194,8595.82,21057,2957.24,9272,1294.15,-3537,-484.27
000513.SZ,20260403,26414,9130.85,19618,6779.34,21263,7353.59,17526,6059.63,8603,2975.01,14783,5110.52,1358,470.54,5711,1980.5,-8058,-2775.13
000514.SZ,20260403,35037,1596.53,34170,1556.51,23518,1070.81,19975,908.52,6818,310.87,11228,513.17,0,0.0,0,0.0,-14829,-675.19
000516.SZ,20260403,287609,14084.27,168849,8275.33,197632,9689.6,219966,10785.01,87975,4311.98,143264,7012.87,22434,1093.47,63570,3106.11,-183905,-8993.53
000517.SZ,20260403,105838,1992.78,126869,2387.35,59409,1116.89,48103,907.11,51043,961.3,35042,659.16,0,0.0,6275,117.34,-60073,-1129.68
000518.SZ,20260403,48986,1373.31,22575,633.34,66512,1862.04,41430,1161.71,49379,1382.52,82002,2295.93,4622,129.67,23492,656.56,-54456,-1526.55
000519.SZ,20260403,83543,13845.88,59971,9943.82,54752,9075.75,57073,9461.07,31219,5172.32,41715,6907.45,4439,735.67,15193,2517.29,-3622,-599.75
000520.SZ,20260403,76106,3094.74,90817,3691.03,74747,3042.7,66472,2702.89,37255,1514.47,41941,1703.23,20400,821.28,9278,376.04,-58210,-2348.9
000521.SZ,20260403,140369,8213.81,160734,9389.35,108207,6325.84,97925,5741.22,65110,3807.4,42080,2466.99,4742,276.62,17690,1026.11,-98522,-5751.86
000523.SZ,20260403,150511,4812.07,136400,4356.46,109870,3520.82,64207,2053.97,45097,1445.99,102801,3302.12,7674,245.57,9743,311.9,-78304,-2514.34
000524.SZ,20260403,67948,7141.56,59325,6232.58,43228,4545.32,42067,4423.02,25166,2638.41,33806,3548.16,10830,1135.72,11974,1257.24,-38856,-4074.66
000525.SZ,20260403,64827,3707.66,77254,4422.26,81460,4660.05,72289,4136.93,61528,3521.1,45100,2579.39,1941,111.8,15113,862.03,-52842,-3014.78
000526.SZ,20260403,8947,2716.52,8258,2509.23,5189,1576.98,4096,1244.7,3055,926.74,2229,674.58,400,122.12,3008,913.85,-1333,-405.97
000528.SZ,20260403,60291,5592.03,59508,5519.84,54849,5088.47,55046,5105.18,33736,3127.86,36130,3348.54,14114,1306.24,12306,1141.05,-32988,-3047.89
000529.SZ,20260403,31197,1761.47,33175,1872.29,21391,1208.49,18905,1069.09,10546,597.55,13555,766.38,2500,140.25,0,0.0,-23949,-1351.38
000530.SZ,20260403,55298,3203.83,46247,2680.03,25250,1463.33,31518,1826.58,14898,863.83,13726,797.12,2099,124.67,6054,351.94,-13418,-775.95
000531.SZ,20260403,84289,5520.41,58752,3853.0,88300,5790.65,80560,5278.27,55617,3638.34,79424,5197.7,16646,1085.15,26116,1705.58,-47909,-3135.7
000532.SZ,20260403,34556,4578.22,55044,7287.66,34426,4563.67,23086,3064.99,14335,1898.39,10224,1355.08,6000,794.38,963,126.93,-1031,-136.69
000533.SZ,20260403,247742,34337.06,182680,25347.06,131274,18256.16,171675,23857.75,70446,9798.68,89025,12373.19,19159,2672.46,25241,3486.37,-15788,-2141.93
000534.SZ,20260403,74761,28102.16,68947,25954.41,46986,17703.52,40265,15159.85,25721,9710.61,32701,12310.57,9491,3577.3,15046,5668.76,2563,1066.2
000536.SZ,20260403,129560,5411.98,95551,3991.46,99315,4149.7,116483,4866.59,47511,1984.6,48040,2006.07,0,0.0,16312,682.15,-102580,-4275.97
000537.SZ,20260403,167636,16340.92,114386,11156.56,122282,11931.01,138442,13508.06,88615,8643.6,108218,10555.87,23272,2256.52,40758,3951.56,-44911,-4350.99
000538.SZ,20260403,33687,19094.73,22138,12545.64,23812,13489.59,32342,18323.79,14185,8034.69,15071,8544.71,2494,1414.68,4627,2619.56,-4829,-2709.2
000539.SZ,20260403,409125,22045.98,279360,15071.9,281165,15175.02,310671,16753.46,183385,9914.9,233207,12580.77,43334,2344.23,93771,5073.98,-142352,-7626.76
000541.SZ,20260403,27143,1492.15,25109,1382.79,17139,942.13,14620,803.83,11034,607.4,11514,631.7,2000,110.2,6073,333.55,-20062,-1102.78
000543.SZ,20260403,133951,10734.0,156212,12507.55,150284,12053.32,130546,10462.49,115114,9228.41,110286,8856.74,62500,5000.05,64805,5189.0,-111595,-8947.98
000544.SZ,20260403,54373,4412.68,91864,7441.22,69415,5620.62,36185,2937.17,25614,2070.42,22713,1837.15,3000,245.4,1640,133.58,-38474,-3115.18
000545.SZ,20260403,286600,8299.94,213231,6176.49,172161,4991.83,192457,5582.81,117970,3413.6,147585,4273.91,16626,482.65,40084,1154.81,-74387,-2143.22
000546.SZ,20260403,278783,17023.99,230003,14042.54,159859,9782.04,175717,10761.15,102594,6295.18,126151,7714.93,17387,1065.43,26752,1648.02,-89859,-5466.72
000547.SZ,20260403,553365,146248.41,338670,89812.95,400611,105995.1,436055,115411.87,230872,61055.09,308908,81671.6,141417,37485.77,242632,63887.95,-146331,-38337.08
000548.SZ,20260403,53136,2813.04,63325,3348.83,32734,1731.81,29407,1560.56,19558,1037.14,12696,672.6,0,0.0,0,0.0,-22864,-1210.16
000550.SZ,20260403,37505,6975.15,31989,5946.95,15776,2929.71,15455,2874.96,5259,972.33,11000,2037.62,0,0.0,96,17.65,-878,-166.91
000551.SZ,20260403,31863,4094.85,23700,3046.03,19126,2454.23,18065,2317.93,9411,1208.67,7760,995.2,3728,476.23,14604,1874.83,-4195,-537.83
000553.SZ,20260403,70787,4295.81,68982,4185.72,45745,2774.77,39591,2405.25,12826,775.49,20785,1255.11,0,0.0,0,0.0,-17968,-1088.03
000554.SZ,20260403,122987,10124.15,128770,10597.07,133827,11024.71,130707,10766.24,103538,8526.39,90321,7441.1,5839,482.84,16393,1353.68,-63885,-5230.53
000555.SZ,20260403,120949,16808.58,82379,11458.79,68996,9601.72,83361,11597.9,33376,4640.41,53111,7374.77,4283,591.89,8753,1211.13,-1518,-214.83
000557.SZ,20260403,32172,1474.3,35407,1624.91,26756,1226.29,17084,782.77,11804,540.49,15241,696.22,0,0.0,3000,137.17,-13146,-601.49
000558.SZ,20260403,102659,4515.15,78878,3469.27,65217,2870.73,63256,2781.04,35822,1577.1,45916,2019.34,5990,264.85,21638,958.18,-67180,-2946.24
000559.SZ,20260403,195898,29253.82,114456,17096.75,140887,21043.21,145209,21691.81,63011,9422.81,105335,15726.93,25735,3831.45,60532,9035.8,-24106,-3584.76
000560.SZ,20260403,200407,5699.91,157848,4488.7,206196,5864.55,216309,6153.01,217047,6173.29,175257,4983.79,19597,557.55,93832,2669.8,-235366,-6676.62
000561.SZ,20260403,34439,3222.17,29297,2740.84,22542,2107.65,26861,2512.11,7023,657.92,7850,734.72,1104,102.67,1100,102.74,-11540,-1076.75
000563.SZ,20260403,131626,4401.96,131104,4382.18,115418,3863.92,112961,3779.4,77298,2583.67,97319,3257.1,70750,2360.74,53708,1791.62,-61146,-2029.88
000564.SZ,20260403,690528,12504.86,601659,10886.19,675733,12245.54,669578,12135.49,750486,13607.13,841411,15253.32,401996,7281.88,406095,7364.41,-806771,-14621.49
000565.SZ,20260403,64931,4572.47,60320,4242.36,27931,1965.61,24948,1759.96,8543,601.17,17989,1266.57,1852,129.64,0,0.0,-9121,-641.78
000566.SZ,20260403,322257,17451.54,215835,11698.76,201496,10940.81,212402,11516.27,86008,4671.29,139310,7547.43,15887,861.87,58101,3163.04,-128563,-6954.01
000567.SZ,20260403,42846,2177.54,38509,1958.05,24582,1249.93,24062,1224.53,9613,489.39,14469,734.29,0,0.0,0,0.0,-22569,-1146.83
000568.SZ,20260403,14399,15063.48,10075,10541.95,17267,18061.48,16271,17031.2,7745,8113.66,10763,11268.21,4053,4255.69,6355,6652.95,-9091,-9521.73
000570.SZ,20260403,66333,3563.26,81253,4353.59,53529,2871.0,30885,1664.55,19199,1026.24,24977,1339.36,3260,175.71,5206,278.71,-23317,-1248.96
000571.SZ,20260403,63454,3447.73,41390,2256.12,49867,2711.47,60452,3292.22,53899,2934.81,45039,2455.42,3869,212.36,24208,1302.61,4722,257.82
000572.SZ,20260403,307586,16725.72,234818,12762.81,233090,12672.46,254743,13854.0,147138,7985.98,170668,9272.97,38368,2088.7,65954,3583.1,-84265,-4582.76
000573.SZ,20260403,92648,3648.93,123334,4856.43,58946,2328.02,60363,2376.35,58764,2306.87,35370,1395.17,12792,504.29,4083,160.17,-23021,-909.93
000576.SZ,20260403,35621,3194.06,34417,3087.22,20469,1835.62,19861,1781.14,5976,537.68,11818,1059.56,4030,360.55,0,0.0,-7456,-664.92
000581.SZ,20260403,44041,8900.62,45999,9295.75,26861,5426.61,23299,4709.61,19620,3964.1,20763,4196.17,11154,2254.07,11615,2343.86,-23537,-4753.0
000582.SZ,20260403,92112,9582.53,71294,7424.64,89887,9369.94,76780,8009.26,54597,5684.87,56238,5861.51,4436,462.06,36721,3803.98,-46429,-4809.36
000586.SZ,20260403,4243,800.65,7009,1322.51,4792,904.21,11111,2096.65,10067,1899.62,16145,3046.59,22681,4279.9,7518,1418.65,-25839,-4875.85
000589.SZ,20260403,119289,5472.92,89833,4121.15,71852,3297.34,78254,3593.5,27382,1257.15,52313,2398.78,28055,1290.27,26179,1204.26,-39520,-1822.42
000590.SZ,20260403,27900,3240.75,35150,4076.01,25916,3009.96,16146,1875.67,5807,673.44,10135,1179.95,1925,221.04,117,13.56,-14342,-1663.46
000591.SZ,20260403,283397,14844.8,209206,10961.02,276843,14503.09,289429,15173.08,197677,10351.29,250537,13116.95,102744,5374.25,111489,5822.37,-194052,-10153.86
000592.SZ,20260403,1245597,148241.51,994908,118407.5,1211383,144258.6,1100181,131080.93,803014,95762.98,987100,117582.15,336558,40189.13,514362,61381.65,-503066,-59658.43
000593.SZ,20260403,73640,12510.24,86848,14774.47,95959,16337.67,94084,16024.82,71002,12096.18,66060,11253.93,30990,5290.93,24599,4181.79,-31014,-5230.78
000595.SZ,20260403,34460,2139.95,24461,1521.85,58543,3634.96,43655,2715.58,32916,2051.14,52413,3259.17,948,60.2,6338,389.65,-16783,-1032.68
000596.SZ,20260403,8930,9580.36,9643,10341.49,8489,9109.77,7897,8476.05,4395,4716.17,4453,4777.6,1870,2010.41,1691,1821.57,-4815,-5151.88
000597.SZ,20260403,143156,7649.72,102770,5493.56,70977,3793.59,78234,4183.19,39679,2119.21,54162,2893.39,3873,208.01,22520,1200.39,-51692,-2755.65
000598.SZ,20260403,81604,5430.21,109335,7276.38,84925,5654.3,69747,4639.65,53049,3528.22,34692,2305.8,6265,414.54,12069,805.44,-49034,-3254.57
000599.SZ,20260403,90094,4808.67,70987,3787.02,57058,3048.02,64229,3430.86,32283,1722.94,43607,2328.7,2433,128.95,3045,162.01,-9502,-497.74
000600.SZ,20260403,91928,8050.51,85092,7450.29,99243,8688.52,83793,7335.42,51966,4542.02,74974,6559.66,17504,1534.62,16783,1470.3,-30909,-2708.53
000601.SZ,20260403,418527,26693.78,364502,23243.94,291764,18626.42,308463,19695.43,254399,16238.33,210335,13441.23,77936,5003.02,159325,10180.96,-172228,-10950.7
000603.SZ,20260403,54930,21136.18,46606,17950.01,29225,11253.96,36361,14007.42,25939,9999.39,23766,9152.14,8358,3223.66,11719,4503.63,9781,3769.01
000605.SZ,20260403,36023,2341.4,49191,3192.63,31454,2042.43,24683,1606.53,7889,510.52,6768,441.36,7555,495.9,2279,149.73,-21933,-1431.16
000607.SZ,20260403,105293,4150.59,106798,4207.73,60136,2371.59,51835,2046.68,30714,1207.84,37510,1475.62,0,0.0,0,0.0,-32526,-1291.85
000608.SZ,20260403,44442,1720.53,39821,1548.0,72375,2807.65,69156,2683.93,34473,1336.92,48934,1887.4,7023,269.78,402,15.56,-28094,-1076.09
000609.SZ,20260403,26458,2150.29,21190,1724.44,47893,3897.12,33938,2763.2,27626,2240.43,25728,2092.25,7494,609.23,28616,2317.17,-24742,-2008.52
000610.SZ,20260403,69129,5613.88,50839,4127.17,47162,3830.81,46126,3751.6,12613,1024.96,28687,2334.27,3000,245.1,6252,501.71,-37921,-3066.54
000612.SZ,20260403,126047,14376.77,67267,7684.0,97107,11096.13,85967,9814.0,80441,9181.95,119008,13578.53,29104,3326.29,60457,6904.61,-42393,-4809.03
000615.SZ,20260403,24755,832.31,26675,900.5,37149,1250.58,53159,1793.35,46653,1571.8,28406,950.59,4199,141.93,4515,152.17,-24534,-816.62
000617.SZ,20260403,974159,104918.05,1497252,162121.03,1289427,139002.81,2185136,236673.73,1262104,136266.68,2020968,218976.43,4304321,467929.79,2126655,230346.15,-2059901,-224224.57
000619.SZ,20260403,61658,3458.31,68674,3847.7,38694,2167.96,36002,2017.68,14217,795.65,9269,518.28,2186,121.1,2810,159.37,-11875,-667.19
000620.SZ,20260403,421218,11124.34,315627,8330.44,337711,8913.1,430968,11377.48,282564,7459.18,280362,7398.91,60497,1592.04,75033,1981.83,-244344,-6418.22
000623.SZ,20260403,29232,5128.05,22077,3877.42,23224,4075.92,21663,3802.68,10497,1840.58,9809,1720.53,3049,536.64,12453,2180.57,-10256,-1802.34
000625.SZ,20260403,117140,11768.17,135607,13628.69,168964,16976.9,159776,16060.11,112252,11288.4,128579,12918.35,60542,6082.48,34937,3508.8,41375,4188.96
000626.SZ,20260403,83235,6378.02,71710,5484.64,45877,3521.11,52033,3993.3,26239,2009.53,30374,2336.89,1660,125.85,2894,219.68,-28523,-2190.88
000628.SZ,20260403,15908,7941.76,17116,8553.2,16725,8353.27,16010,8000.58,15437,7693.59,11923,5948.39,8780,4384.38,11801,5870.83,-1574,-769.73
000629.SZ,20260403,342912,11080.26,242265,7841.2,221019,7139.55,212392,6876.19,155220,5019.1,199529,6452.06,80177,2600.4,145142,4669.87,-194121,-6245.25
000630.SZ,20260403,565645,32619.35,380980,21976.27,347500,20042.08,382371,22062.38,232408,13403.25,293428,16918.87,58585,3383.75,147359,8490.91,-294361,-16926.89
000631.SZ,20260403,255239,8625.2,222459,7530.05,248653,8410.06,255833,8667.23,172420,5828.1,190077,6432.57,54210,1855.43,62153,2088.95,-171368,-5803.47
000632.SZ,20260403,222101,9980.77,144099,6494.83,180994,8182.37,162149,7295.78,71367,3241.29,126508,5721.54,3351,147.78,45057,2040.05,-60061,-2681.36
000633.SZ,20260403,38136,2450.44,45690,2934.93,21760,1400.14,18119,1165.34,12359,793.44,8368,537.21,1597,102.21,1675,108.75,-21202,-1360.34
000635.SZ,20260403,39254,3194.38,46929,3811.98,25384,2065.12,17268,1409.24,13930,1130.85,10512,854.55,1564,127.78,5423,442.36,-3746,-304.44
000636.SZ,20260403,116377,21753.89,107909,20183.3,84747,15848.64,93434,17472.41,61408,11484.0,56679,10595.1,21678,4054.58,26188,4890.3,-3809,-661.76
000637.SZ,20260403,85191,3713.25,84079,3668.19,57136,2493.1,49821,2178.99,17814,778.62,34584,1508.06,8343,370.28,0,0.0,-48866,-2136.35
000638.SZ,20260403,9036,103.91,2645,30.42,1800,20.7,4295,49.39,2000,23.0,5896,67.8,0,0.0,0,0.0,12836,147.61
000639.SZ,20260403,424487,9582.07,425311,9588.47,329289,7449.65,279817,6337.79,210991,4784.7,241360,5476.16,54856,1234.92,73135,1648.92,-50350,-1104.49
000650.SZ,20260403,103848,6090.67,100212,5885.59,71965,4223.89,73531,4315.44,57608,3385.41,64876,3804.09,21007,1231.57,15807,926.42,-11903,-679.84
000651.SZ,20260403,67140,25216.13,51966,19526.89,61958,23277.97,60901,22873.01,30993,11645.4,40388,15170.93,12044,4523.49,18880,7092.16,-44704,-16777.0
000652.SZ,20260403,59928,2300.85,42118,1616.91,30815,1184.1,28230,1083.92,14187,547.01,38434,1475.63,13734,524.22,9882,379.72,-32106,-1233.78
000655.SZ,20260403,27063,2304.25,27001,2299.53,16794,1430.69,14520,1238.05,7021,596.73,9357,794.1,0,0.0,0,0.0,-9717,-828.71
000656.SZ,20260403,63684,860.56,70237,946.32,117042,1581.35,133450,1801.57,219404,2962.21,188217,2545.18,0,0.0,8227,111.06,-86306,-1154.18
000657.SZ,20260403,124946,58045.16,115013,53467.48,112786,52457.73,119800,55711.26,81320,37849.89,87928,40916.18,36262,16900.91,32573,15158.78,29054,13602.26
000661.SZ,20260403,12346,10520.82,7975,6802.48,14149,12056.02,12998,11080.32,7305,6224.13,12230,10418.75,3334,2842.46,3931,3341.89,-8100,-6903.22
000663.SZ,20260403,46400,2981.61,61682,3955.04,34023,2186.84,24558,1579.84,10244,654.9,10105,651.22,7678,490.95,2000,128.2,-11677,-754.62
000665.SZ,20260403,44283,2085.55,33111,1559.94,36315,1712.75,31660,1492.25,10656,503.37,28750,1357.16,2267,107.68,0,0.0,-22579,-1059.2
000668.SZ,20260403,2649,378.77,4551,651.26,4165,595.86,4393,628.32,3817,547.06,1687,242.12,0,0.0,0,0.0,-3554,-508.17
000669.SZ,20260403,60987,2997.42,67340,3328.92,116235,5732.26,126334,6235.45,86071,4262.9,74597,3680.79,8596,435.82,3618,183.23,18287,911.15
000670.SZ,20260403,371227,27052.44,272467,19854.52,254312,18541.96,291387,21213.54,129671,9448.23,188977,13796.96,25557,1842.82,27936,2020.42,-147503,-10638.59
000672.SZ,20260403,36863,4690.56,32840,4179.02,17135,2179.16,18036,2295.62,8073,1026.23,11195,1421.31,0,0.0,0,0.0,337,42.53
000676.SZ,20260403,51459,3827.15,43836,3263.2,34993,2601.92,32719,2433.25,16531,1235.22,26855,1999.62,1803,134.5,1377,102.72,-26669,-1984.83
000677.SZ,20260403,305953,13929.33,253267,11561.05,315773,14381.56,318596,14518.75,182499,8309.39,209593,9568.46,37919,1750.67,60688,2722.7,-171067,-7723.68
000678.SZ,20260403,136151,17810.92,123177,16130.11,121921,15970.88,122487,16043.66,55669,7296.75,71742,9397.75,13524,1774.25,9859,1281.28,-15834,-2056.7
000679.SZ,20260403,22921,1464.61,30823,1968.81,20417,1302.47,11993,765.29,10611,676.3,8620,549.31,0,0.0,2513,159.97,-9385,-595.86
000680.SZ,20260403,68270,7664.05,59828,6716.66,37065,4156.96,43113,4840.49,18620,2093.17,18286,2053.23,900,101.52,3628,405.32,-799,-78.7
000681.SZ,20260403,92999,18011.89,53892,10456.37,54783,10624.79,64426,12488.83,30689,5957.53,45613,8837.41,4814,932.28,19354,3743.89,-17252,-3345.91
000682.SZ,20260403,54495,6462.4,39568,4708.17,40785,4840.44,48501,5753.05,38577,4574.2,33194,3932.5,2343,276.71,14937,1760.03,-27994,-3320.81
000683.SZ,20260403,168756,14098.2,117097,9774.6,97239,8113.33,138404,11538.15,120156,9998.74,122737,10242.03,19902,1649.11,27816,2304.61,17773,1500.0
000685.SZ,20260403,50240,5412.93,69986,7544.92,48481,5226.26,33023,3572.77,22803,2462.96,25411,2736.98,6896,752.51,0,0.0,-16365,-1762.46
000686.SZ,20260403,41753,3341.05,31217,2500.53,33176,2655.01,38037,3046.27,25282,2024.39,32199,2573.2,7046,564.74,5804,465.19,-18678,-1490.69
000688.SZ,20260403,67104,26606.34,78146,31076.12,69724,27740.26,65256,25919.43,46713,18633.96,42614,16956.86,20244,8054.88,17769,7083.02,6483,2677.08
000690.SZ,20260403,254240,11792.18,204353,9481.56,300230,13926.43,299414,13900.57,287328,13320.18,286406,13288.78,71297,3311.37,122922,5679.24,-303405,-14036.8
000691.SZ,20260403,14514,1123.94,10536,817.3,18456,1429.85,17243,1335.63,8310,643.45,13500,1044.3,0,0.0,0,0.0,-6808,-524.31
000692.SZ,20260403,158790,6420.54,149999,6062.01,139559,5645.08,144959,5862.4,88094,3560.45,94921,3839.41,14741,600.26,11305,462.5,-62896,-2541.48
000695.SZ,20260403,95552,11515.51,101255,12153.55,93154,11254.61,89737,10828.61,61297,7358.91,63270,7662.11,14985,1803.72,10726,1288.48,-68162,-8243.44
000697.SZ,20260403,10846,1002.79,9153,846.76,19033,1759.49,14720,1361.87,12536,1157.75,14628,1350.51,2283,210.33,6197,571.22,-13830,-1274.69
000698.SZ,20260403,23862,890.16,18527,691.75,33209,1240.29,22989,858.37,6402,239.52,21957,819.84,0,0.0,0,0.0,-25779,-962.66
000700.SZ,20260403,95442,11077.79,73641,8549.2,65842,7644.56,56766,6590.6,58514,6800.11,66342,7701.03,21123,2458.93,44172,5140.57,-48316,-5595.07
000701.SZ,20260403,47074,2742.91,54067,3154.6,35961,2097.76,31748,1857.29,20004,1171.19,21960,1280.22,6439,381.93,1703,101.67,-20152,-1175.14
000702.SZ,20260403,45449,2847.65,41052,2574.18,22419,1409.58,21292,1338.61,5569,349.43,11093,693.88,0,0.0,0,0.0,-10420,-651.07
000703.SZ,20260403,82158,10541.27,99487,12764.32,104598,13435.44,74766,9604.62,81716,10491.47,78794,10116.44,16536,2121.79,31962,4104.59,39072,5047.38
000705.SZ,20260403,37997,3389.18,34841,3106.8,21761,1943.73,27102,2419.56,15013,1342.23,15319,1371.72,2491,222.94,0,0.0,-8566,-755.56
000707.SZ,20260403,57439,3343.27,73893,4296.48,52058,3029.74,40702,2371.91,26300,1528.92,18978,1104.77,0,0.0,2224,128.77,-38183,-2223.45
000708.SZ,20260403,51988,8648.84,62019,10322.99,64724,10777.34,49630,8263.05,13162,2193.87,19036,3173.04,4178,697.07,3366,558.03,895,156.84
000709.SZ,20260403,205584,4702.01,172251,3938.69,218657,5000.13,205319,4693.95,192009,4390.64,210128,4807.35,86536,1977.1,115088,2629.89,-137734,-3133.67
000710.SZ,20260403,97021,10118.94,68774,7173.06,38820,4058.49,51591,5389.38,17482,1831.48,25472,2663.58,2655,278.51,10141,1061.4,-20596,-2139.68
000711.SZ,20260403,547248,22315.72,471097,19251.7,886838,36193.29,824645,33679.25,753413,30786.35,745291,30412.41,144160,5884.47,290625,11836.48,-41722,-1463.16
000712.SZ,20260403,48398,4844.38,53556,5361.38,34760,3479.82,32920,3295.12,25890,2590.26,17103,1712.73,2803,280.56,8272,825.8,-13630,-1361.08
000713.SZ,20260403,46211,2911.07,44702,2812.57,30349,1912.13,26190,1650.92,21343,1340.6,17472,1101.07,0,0.0,9540,599.25,-21507,-1358.55
000715.SZ,20260403,38937,2217.48,39253,2235.12,17626,1003.78,15850,902.79,6606,377.17,4360,248.11,0,0.0,3706,212.41,-12846,-731.56
000716.SZ,20260403,32728,1677.87,25206,1293.95,19081,979.08,22593,1158.61,8791,451.45,12801,655.84,0,0.0,0,0.0,-19170,-982.72
000717.SZ,20260403,103701,2476.97,71239,1701.07,66598,1590.78,75051,1792.21,50724,1211.06,67433,1608.87,9700,231.33,17000,408.0,-60811,-1448.07
000718.SZ,20260403,122732,2474.0,147554,2976.58,108614,2187.81,88389,1786.1,61036,1230.15,55609,1122.16,22327,456.02,23157,463.14,-103292,-2073.27
000719.SZ,20260403,28026,3633.82,23861,3095.44,14689,1905.9,14740,1909.76,3718,483.05,7832,1017.56,0,0.0,0,0.0,-9859,-1276.18
000720.SZ,20260403,804286,45575.42,494491,28181.81,769225,43659.75,696171,39729.85,628596,35884.57,761009,43283.87,744461,42962.99,994897,56887.19,56097,3019.55
000721.SZ,20260403,29788,2250.79,28668,2168.25,19157,1450.02,22420,1695.65,12181,920.86,13817,1044.55,3779,286.78,0,0.0,-20187,-1529.08
000722.SZ,20260403,143657,18762.37,102179,13342.89,137241,17923.23,144880,18909.82,91396,11900.98,106149,13855.95,21912,2867.16,40998,5345.08,-73614,-9622.04
000723.SZ,20260403,348365,15602.35,179428,8037.41,322249,14434.02,300021,13439.43,157476,7044.74,273689,12250.39,58328,2608.96,133281,5962.84,-286917,-12829.8
000725.SZ,20260403,645251,25400.75,678983,26723.43,622056,24491.77,641657,25266.02,680717,26806.33,639638,25190.37,822490,32400.65,810237,31919.68,-570553,-22383.07
000726.SZ,20260403,30413,2073.62,30301,2069.28,21835,1489.53,18661,1273.42,12158,831.07,11808,804.76,5364,363.74,9000,610.5,-13082,-895.86
000727.SZ,20260403,254241,6448.44,263515,6684.67,208500,5289.31,191211,4852.99,189403,4807.56,188679,4787.84,53195,1351.27,61934,1571.07,-104185,-2629.03
000728.SZ,20260403,54252,4122.32,37577,2857.7,35605,2704.42,37096,2818.11,31515,2396.0,44795,3401.54,3218,245.46,5123,390.85,-12370,-935.59
000729.SZ,20260403,296156,41186.89,334752,46594.91,261927,36537.36,256301,35790.13,208256,29087.19,211276,29571.63,113208,15943.27,77219,10798.05,-44537,-6211.61
000731.SZ,20260403,99027,6873.42,118571,8215.1,108683,7544.77,92797,6451.54,77226,5356.1,63607,4418.8,9226,638.63,19187,1327.48,-60931,-4258.45
000733.SZ,20260403,24390,10797.33,18609,8243.47,25324,11216.83,21211,9397.13,16861,7468.39,19894,8810.78,3242,1434.52,10103,4465.69,-11232,-4968.81
000735.SZ,20260403,132176,8571.88,101702,6599.47,77846,5061.5,79893,5186.78,27409,1775.34,43553,2825.77,10839,701.86,23122,1498.56,-67345,-4373.83
000736.SZ,20260403,16009,774.59,8932,432.76,22712,1100.3,18966,920.67,11879,575.38,22811,1107.03,3000,148.66,2891,138.48,-15388,-747.63
000737.SZ,20260403,107415,13913.06,71806,9303.59,62692,8122.77,75933,9841.7,30135,3907.54,45651,5910.21,5284,683.89,12136,1571.75,-38417,-4962.81
000738.SZ,20260403,61807,12961.45,41038,8610.22,44691,9380.5,48913,10263.37,38252,8013.98,45618,9570.18,18367,3849.12,27548,5761.27,-12031,-2524.43
000739.SZ,20260403,67884,12115.54,56666,10104.84,29837,5328.83,35135,6274.85,13203,2351.42,19123,3416.1,0,0.0,0,0.0,-14045,-2506.11
000750.SZ,20260403,124384,4671.9,110549,4151.63,108270,4067.25,108687,4084.87,91278,3430.19,90656,3404.85,26634,999.23,40676,1527.22,-48928,-1828.76
000751.SZ,20260403,169771,8680.2,140505,7192.08,99038,5069.48,102030,5221.32,45796,2341.63,72672,3708.89,9661,497.78,9059,466.8,-49508,-2524.18
000752.SZ,20260403,2217,203.74,0,0.0,2673,245.65,300,27.57,2072,190.42,0,0.0,0,0.0,6662,612.24,6962,639.81
000753.SZ,20260403,190123,13462.22,160308,11358.41,174963,12400.26,161163,11410.92,77599,5492.97,108505,7678.22,11802,829.34,24511,1737.23,-113945,-8047.6
000755.SZ,20260403,40365,2030.73,50966,2562.4,27384,1377.84,23486,1183.51,14783,740.77,20371,1022.06,20649,1037.28,8358,418.66,-10281,-520.26
000756.SZ,20260403,37793,5614.52,23755,3532.32,19882,2954.41,22240,3307.13,6910,1025.05,16420,2435.27,1000,148.9,3170,468.16,-12221,-1813.42
000757.SZ,20260403,47531,2189.12,67391,3096.35,42476,1951.63,44159,2033.14,28912,1334.36,16248,752.59,8879,406.96,0,0.0,-23990,-1093.99
000758.SZ,20260403,100059,6413.6,70261,4505.93,63178,4051.52,73187,4694.81,41529,2662.99,59085,3786.18,5285,338.6,7517,479.78,-35028,-2243.76
000759.SZ,20260403,65092,3527.29,55149,2988.87,32784,1775.24,30912,1675.32,12511,678.17,16826,910.23,0,0.0,7500,406.28,-33229,-1793.98
000761.SZ,20260403,128444,3855.85,105347,3175.46,72436,2173.49,41883,1263.35,38665,1161.26,92002,2741.04,6887,205.25,7200,216.0,-49199,-1475.39
000762.SZ,20260403,189186,58008.57,156039,47914.19,166737,51379.1,169995,52301.67,115291,35677.31,144849,44801.28,61488,19067.23,61820,19115.07,27803,8575.05
000766.SZ,20260403,45147,8749.01,37461,7263.6,38634,7481.65,43574,8452.23,32774,6358.44,31048,6019.94,18629,3586.77,23102,4440.11,-24400,-4759.43
000767.SZ,20260403,883613,31579.13,566672,20277.48,618507,22137.09,721161,25816.87,452449,16186.25,619433,22143.54,173865,6186.65,221167,7851.24,-437709,-15649.56
000768.SZ,20260403,65506,15755.77,46688,11237.61,57816,13914.61,62085,14942.52,38428,9245.62,47046,11322.17,17691,4268.65,23622,5682.36,-32681,-7870.54
000776.SZ,20260403,83743,15028.69,66023,11853.28,83294,14955.85,68293,12262.29,46051,8269.45,72306,12983.28,19575,3520.0,26041,4675.15,-30552,-5452.14
000777.SZ,20260403,30969,6644.74,18671,4013.03,22725,4882.71,27608,5926.85,13223,2837.41,19058,4090.53,2702,582.29,4282,916.73,208,38.46
000778.SZ,20260403,164923,7557.72,139894,6416.85,145429,6665.1,121542,5573.89,84661,3879.79,126405,5788.85,38944,1790.79,46116,2113.82,20168,946.43
000779.SZ,20260403,31217,2670.21,35356,3021.44,24192,2069.22,19236,1646.12,10515,898.51,11332,970.38,0,0.0,0,0.0,-9602,-820.59
000782.SZ,20260403,48402,2531.66,50173,2625.77,44196,2311.82,35865,1876.26,18736,980.85,21608,1131.59,9135,477.32,12823,668.04,-34173,-1782.83
000783.SZ,20260403,101868,6975.22,77997,5336.72,84776,5804.46,82929,5682.55,78027,5343.97,75141,5140.37,21488,1469.24,50093,3433.25,-62351,-4253.68
000785.SZ,20260403,151358,3568.72,109061,2569.05,131803,3108.15,145641,3430.13,90136,2121.03,124034,2925.79,31116,733.56,25677,606.49,-123391,-2904.46
000786.SZ,20260403,67162,17302.8,54584,14066.46,26807,6906.7,29262,7541.32,9903,2553.06,15806,4072.89,4491,1157.95,8711,2239.85,-15065,-3862.67
000788.SZ,20260403,787289,58753.61,695344,51838.17,697066,52101.31,615244,45917.42,490751,36793.65,521757,38977.83,182672,13571.94,325433,24487.09,-108190,-8137.93
000789.SZ,20260403,41757,2147.73,50612,2601.73,40827,2101.38,27670,1427.49,27585,1418.42,27883,1433.23,3533,180.82,7537,385.9,-45502,-2341.67
000790.SZ,20260403,140661,5761.98,134945,5519.43,67771,2775.94,56601,2320.68,36937,1520.13,53823,2217.93,0,0.0,0,0.0,-55703,-2263.3
000791.SZ,20260403,167313,12199.78,204302,14922.54,179442,13104.61,170458,12461.64,148394,10854.06,126497,9228.3,42458,3102.06,36350,2648.03,-47032,-3345.54
000792.SZ,20260403,155362,56061.47,125557,45366.43,180100,65037.05,170072,61434.71,151461,54665.69,146197,52802.0,78420,28329.33,123517,44490.41,-34270,-12288.55
000793.SZ,20260403,26587,691.97,19659,513.49,48096,1253.56,43616,1138.3,44584,1163.14,49804,1297.91,8907,233.02,15095,392.0,-19138,-493.46
000795.SZ,20260403,38427,3306.15,32062,2760.12,21397,1840.99,22912,1971.61,5727,492.36,10577,907.77,0,0.0,0,0.0,-7233,-619.22
000796.SZ,20260403,144503,7358.93,126242,6428.85,92474,4714.83,88620,4515.77,55305,2822.01,61889,3151.84,15210,770.69,30741,1569.99,-68627,-3483.31
000797.SZ,20260403,127449,3524.17,103741,2869.93,91558,2529.23,84379,2334.97,60499,1674.0,82769,2289.35,4278,120.21,12896,353.35,-106795,-2950.82
000798.SZ,20260403,53827,5369.42,47706,4762.01,34424,3435.57,31966,3186.72,15757,1573.28,22136,2211.06,685,68.02,2885,286.51,-24473,-2440.64
000799.SZ,20260403,26956,11326.94,16932,7127.61,22992,9664.47,25705,10794.16,11049,4627.88,16127,6769.0,1539,646.65,3773,1575.17,-14964,-6298.96
000800.SZ,20260403,50108,3332.25,39199,2607.69,34244,2277.67,39109,2603.43,21625,1440.35,26137,1736.51,0,0.0,1532,102.64,-19253,-1279.0
000801.SZ,20260403,60079,8008.72,42978,5722.44,32644,4350.94,31359,4178.99,20330,2708.8,29940,3995.64,5094,681.34,13871,1852.73,-15137,-2003.79
000802.SZ,20260403,53938,2051.28,38365,1459.82,27069,1030.3,31528,1201.29,8695,331.65,19809,752.11,0,0.0,0,0.0,-11396,-432.21
000803.SZ,20260403,50895,4195.32,59627,4918.42,38230,3157.03,31899,2635.25,31737,2619.77,25751,2128.63,5337,443.22,8922,733.04,-8434,-699.58
000807.SZ,20260403,133225,42519.05,120545,38484.47,141867,45307.59,141761,45261.75,106028,33853.06,103174,32962.71,45220,14449.24,60860,19420.01,-49850,-15832.63
000809.SZ,20260403,125789,4311.45,106831,3656.89,80659,2763.06,103038,3533.72,72728,2485.55,37471,1281.45,23894,814.39,55729,1902.37,-39358,-1351.38
000810.SZ,20260403,60893,6470.06,50761,5394.3,19838,2108.0,25149,2673.99,7840,834.4,11873,1261.12,1212,129.65,2000,212.7,3455,370.21
000811.SZ,20260403,49175,8281.77,57473,9681.16,41211,6943.04,35841,6039.38,19638,3312.8,17642,2972.45,8643,1455.34,7712,1299.97,-10074,-1682.42
000812.SZ,20260403,59936,2451.49,53825,2202.41,35970,1472.66,40312,1648.35,16047,655.93,17816,729.31,0,0.0,0,0.0,-35679,-1460.03
000813.SZ,20260403,193482,6834.09,117344,4154.08,114963,4064.66,103049,3642.56,51487,1819.59,116780,4122.22,6692,237.76,29450,1037.24,-110884,-3895.3
000815.SZ,20260403,605190,119581.84,660407,130652.03,582330,115380.28,528615,104624.25,347792,69036.44,410114,81485.88,123121,24516.15,59297,11752.56,74944,15417.63
000816.SZ,20260403,158347,4961.25,98261,3077.53,84672,2654.81,98011,3070.68,50894,1590.93,80181,2511.07,5556,174.46,23016,722.18,-78922,-2470.0
000818.SZ,20260403,90513,17651.83,66566,13011.89,72372,14125.69,83129,16223.56,51841,10116.51,48252,9406.7,11141,2176.11,27920,5428.0,-9131,-1770.52
000819.SZ,20260403,14455,2059.73,11104,1585.36,9388,1338.59,9877,1409.13,6217,890.0,8348,1189.96,0,0.0,732,103.87,-7943,-1131.98
000820.SZ,20260403,10072,340.26,12751,431.36,15691,531.07,10155,343.34,5851,197.49,9176,309.89,468,15.77,0,0.0,-7356,-247.1
000821.SZ,20260403,73830,8241.48,37587,4201.87,92828,10370.97,73140,8170.89,67025,7479.33,101289,11301.35,14688,1627.09,36355,4044.76,-69481,-7755.81
000822.SZ,20260403,304315,19636.05,378629,24509.14,323841,20974.99,292711,18948.94,258436,16762.12,179911,11677.87,72857,4792.16,108198,7029.37,3620,494.46
000823.SZ,20260403,53369,6801.1,49652,6333.04,42277,5390.66,39910,5091.28,25931,3309.37,29126,3709.78,3004,384.66,5893,751.69,-20655,-2617.81
000825.SZ,20260403,97036,4174.96,86085,3707.09,102982,4436.31,98664,4249.04,72191,3111.44,71904,3095.46,4652,199.7,20208,870.81,-46729,-2009.92
000826.SZ,20260403,170143,3348.69,145562,2863.45,121689,2393.8,107198,2111.93,82593,1626.88,109700,2160.67,13213,257.65,25178,490.97,-107978,-2112.69
000828.SZ,20260403,15146,1497.08,19644,1941.31,16553,1636.12,21521,2126.67,10696,1056.77,7202,711.09,17360,1712.9,11388,1123.8,-18276,-1802.21
000829.SZ,20260403,97023,9868.05,136764,13953.74,103844,10584.7,94039,9588.55,75555,7744.33,47178,4814.8,4480,452.65,2921,292.64,18955,1969.82
000830.SZ,20260403,96740,14803.82,84682,12956.72,91292,13985.5,96709,14808.09,66987,10257.79,64341,9863.14,10017,1527.13,19304,2946.28,-31344,-4786.95
000831.SZ,20260403,45404,21446.98,48124,22747.46,58975,27877.47,52870,24998.75,38536,18228.0,38623,18263.73,12125,5732.59,15422,7275.1,-8487,-3938.85
000833.SZ,20260403,149283,35516.61,119314,28383.04,154012,36635.75,152648,36340.02,114616,27268.18,123389,29380.25,46534,11058.97,69094,16376.19,-71960,-17088.1
000837.SZ,20260403,44994,4596.32,37114,3793.48,32450,3313.64,31810,3247.89,17816,1819.38,24109,2458.66,1027,104.14,3254,333.44,-24778,-2525.61
000838.SZ,20260403,100763,2051.24,112693,2300.19,96468,1966.22,101912,2078.08,73335,1499.22,54661,1114.23,10699,217.66,11999,241.84,-17967,-357.35
000839.SZ,20260403,391206,12200.28,271555,8472.33,243890,7610.51,286603,8932.55,168127,5244.02,246226,7699.5,52974,1660.38,51813,1610.81,-258160,-8059.73
000848.SZ,20260403,25474,2018.97,26836,2129.74,20089,1592.12,22161,1757.33,14670,1167.58,11236,891.6,0,0.0,0,0.0,-6667,-525.04
000850.SZ,20260403,40466,1933.01,37890,1805.74,21703,1034.17,15094,720.69,20471,973.38,23463,1118.02,2205,104.74,8398,400.85,-16885,-804.53
000852.SZ,20260403,130825,8969.57,111204,7624.86,95068,6542.58,91998,6307.24,69691,4780.51,84048,5786.46,12063,823.62,20397,1397.73,-44364,-3044.49
000856.SZ,20260403,96177,9908.46,88337,9069.66,55560,5721.86,54822,5651.68,19301,1972.37,30778,3176.46,5289,539.25,2390,244.14,-10209,-1061.31
000858.SZ,20260403,31426,32670.03,19745,20539.37,31385,32648.98,31394,32656.01,16166,16821.98,21566,22423.41,4111,4277.12,10384,10799.33,-16476,-17121.93
000859.SZ,20260403,111846,10789.64,117919,11394.7,111869,10814.75,97994,9458.83,56647,5472.11,60750,5869.07,9128,881.71,12827,1235.62,1524,182.37
000860.SZ,20260403,22995,2924.31,15748,2003.83,15264,1942.67,18641,2371.67,4833,614.73,10336,1312.87,1633,206.66,0,0.0,-13311,-1690.8
000862.SZ,20260403,173616,10882.03,139340,8735.84,125858,7891.73,155163,9739.36,107196,6723.78,102279,6415.43,31784,2009.27,41672,2616.17,-94002,-5888.13
000863.SZ,20260403,50051,2621.81,68187,3573.12,76138,3987.15,71338,3736.79,65881,3449.4,46490,2432.66,2760,144.68,8814,460.47,-37899,-1963.22
000868.SZ,20260403,43443,1924.61,31907,1414.18,22212,984.08,23787,1053.12,14096,622.82,21703,960.17,0,0.0,2354,104.05,-20589,-911.69
000869.SZ,20260403,3514,672.7,4051,775.17,3060,585.69,1643,314.85,1530,291.24,2410,459.61,0,0.0,0,0.0,-346,-66.01
000875.SZ,20260403,180597,10995.0,151972,9258.51,168592,10267.85,187818,11441.35,142242,8664.07,163531,9953.66,74607,4539.14,62718,3812.53,-19938,-1198.41
000876.SZ,20260403,77218,6378.02,58890,4865.92,82913,6849.9,86818,7171.4,45539,3762.76,64017,5288.24,10281,848.62,6226,513.74,-17812,-1456.11
000877.SZ,20260403,61905,3024.63,59857,2925.95,38089,1862.48,41523,2032.47,19506,955.58,25503,1244.86,10594,518.58,3211,157.98,-24862,-1211.72
000878.SZ,20260403,135931,23866.17,68334,12003.2,92497,16238.12,100976,17749.13,45888,8079.05,79436,13962.18,19282,3375.15,44852,7843.97,-38187,-6685.43
000880.SZ,20260403,49950,12995.47,31072,8092.68,28475,7406.72,38055,9893.55,15107,3930.04,22222,5772.57,4044,1049.52,6227,1622.95,-7910,-2056.44
000881.SZ,20260403,37348,2773.6,35975,2672.12,28331,2105.06,31203,2318.16,23581,1749.3,21430,1589.24,1248,92.23,1900,140.65,-16152,-1199.02
000882.SZ,20260403,208254,3263.73,136670,2141.59,147076,2306.63,130096,2039.04,163586,2563.7,218452,3427.05,19784,310.59,53482,836.97,-168996,-2637.12
000883.SZ,20260403,118809,5502.17,120195,5575.26,139226,6453.7,122900,5696.5,91874,4260.23,112139,5201.65,63627,2955.18,58301,2697.86,-150644,-6978.87
000885.SZ,20260403,18145,2423.42,25959,3467.92,18502,2472.85,9926,1327.22,9137,1219.69,10448,1394.99,3628,482.45,3079,408.28,-11112,-1489.7
000886.SZ,20260403,51645,2855.0,46196,2555.54,38643,2136.38,37521,2075.27,21992,1217.25,28497,1575.05,2163,120.05,2229,122.82,-9941,-547.32
000887.SZ,20260403,41378,7324.36,26870,4758.21,29029,5137.61,30699,5437.08,16676,2953.41,20126,3558.74,4548,803.2,13936,2464.55,-12459,-2195.17
000888.SZ,20260403,50605,6259.31,47800,5905.79,43536,5382.38,32269,3993.11,21906,2703.36,27764,3431.01,3636,445.41,11850,1460.55,-27655,-3419.6
000889.SZ,20260403,93666,3018.41,85963,2769.49,38733,1248.98,44066,1421.23,32676,1050.48,24111,776.14,3671,117.47,14606,468.48,-22958,-737.37
000890.SZ,20260403,336383,53507.3,290369,46167.87,341784,54401.83,349521,55579.87,225572,35932.34,215415,34314.4,87224,13902.99,135657,21682.31,-119202,-18922.7
000892.SZ,20260403,113526,6760.0,107993,6430.59,72555,4325.95,60855,3625.06,37395,2221.99,49224,2929.62,2430,142.64,7834,465.3,-23876,-1397.31
000893.SZ,20260403,36555,21789.79,27651,16517.28,40169,23931.16,39344,23469.75,34488,20562.37,31012,18450.99,10135,6015.28,23339,13860.58,-1459,-805.4
000895.SZ,20260403,58271,16352.61,37404,10506.04,32136,9016.18,44663,12532.3,15294,4284.57,19473,5460.18,1978,553.57,6139,1708.4,-12525,-3520.92
000897.SZ,20260403,99282,2005.05,110057,2222.39,97645,1972.94,60369,1219.0,50913,1029.02,71381,1444.27,10373,209.47,16406,330.83,-84433,-1703.32
000898.SZ,20260403,122313,2823.1,109710,2531.92,98728,2278.84,100649,2325.03,65686,1516.98,80503,1859.06,26078,603.58,21943,506.48,-72199,-1663.12
000899.SZ,20260403,171391,21352.74,88779,11096.45,91363,11430.16,116060,14463.93,66001,8240.59,83578,10434.66,16148,2012.74,56485,7041.19,-37675,-4694.23
000900.SZ,20260403,99265,4003.82,164594,6642.03,106533,4313.14,77948,3151.0,65401,2642.8,29173,1184.18,13909,560.06,13393,542.6,-43075,-1752.45
000901.SZ,20260403,67862,14558.02,48769,10465.81,40283,8643.16,46403,9956.41,22691,4865.14,27162,5827.86,2620,562.39,11121,2378.63,-7015,-1496.13
000902.SZ,20260403,33013,5079.41,27287,4208.35,20634,3186.61,23227,3576.14,12396,1904.63,14747,2266.26,1000,153.5,1782,273.41,-251,-30.62
000903.SZ,20260403,40458,1037.94,38302,982.72,40881,1049.27,54577,1400.61,46418,1193.18,41791,1073.13,11711,299.37,4798,123.31,-48590,-1244.37
000905.SZ,20260403,67599,7711.81,56454,6430.61,59039,6738.86,61481,7015.94,36565,4171.37,41581,4750.1,6025,681.29,9712,1106.69,-20774,-2359.75
000906.SZ,20260403,23523,1329.55,27429,1549.31,15860,895.35,13286,750.45,6611,373.33,5279,298.47,0,0.0,0,0.0,-8179,-460.47
000908.SZ,20260403,86985,6379.7,66414,4879.73,104614,7676.55,100040,7348.84,70486,5164.49,85364,6249.99,3408,248.39,13675,990.57,-63098,-4586.01
000909.SZ,20260403,9904,567.1,9742,558.55,18203,1044.05,14904,854.06,10391,596.26,11328,650.87,0,0.0,2524,143.94,-17904,-1024.03
000910.SZ,20260403,18079,1227.5,18964,1289.66,18786,1276.3,15412,1046.56,6685,452.72,9174,620.31,0,0.0,0,0.0,-12560,-853.86
000911.SZ,20260403,57893,3583.45,56475,3490.84,47206,2920.15,37955,2355.24,22941,1423.04,28861,1782.23,5412,335.42,10161,633.74,-36246,-2235.96
000912.SZ,20260403,344881,16659.23,270255,13030.25,229913,11120.82,225535,10904.23,132094,6377.39,191840,9289.28,44575,2150.35,63833,3084.03,-152579,-7401.29
000913.SZ,20260403,58325,8685.66,59948,8943.74,54246,8102.05,49479,7377.11,26470,3941.21,30496,4540.47,4281,644.01,3399,511.6,-30132,-4469.61
000915.SZ,20260403,17853,5596.38,18008,5646.28,12652,3960.0,15764,4936.07,9462,2963.69,7414,2324.35,1219,386.63,0,0.0,-18012,-5644.75
000917.SZ,20260403,117443,10681.05,84940,7735.03,118536,10782.6,113068,10286.28,72577,6593.73,84813,7704.05,12672,1150.46,38407,3482.47,-80603,-7310.61
000919.SZ,20260403,67707,4981.62,71350,5247.93,37015,2727.56,37741,2781.97,24095,1777.22,23038,1699.19,3312,242.7,0,0.0,-6173,-447.15
000920.SZ,20260403,37697,4137.13,24926,2740.1,26072,2855.27,26466,2906.29,16319,1786.21,20995,2297.91,5294,575.2,12995,1409.51,314,21.08
000921.SZ,20260403,22978,4951.29,31036,6681.63,20362,4382.37,13528,2912.54,8999,1935.73,4945,1065.33,1599,343.65,4429,953.54,-13639,-2931.05
000922.SZ,20260403,32099,4209.81,36350,4773.76,25128,3301.68,21502,2820.0,15980,2094.72,10400,1363.36,0,0.0,4955,649.1,-17539,-2309.46
000923.SZ,20260403,33279,5925.87,30475,5422.83,19313,3436.64,18014,3206.53,5436,965.77,7818,1391.67,1122,199.28,2843,506.54,236,48.62
000925.SZ,20260403,52573,3634.53,46604,3223.22,32110,2218.41,29992,2072.81,16405,1132.06,18302,1262.79,4822,332.27,11012,758.44,-23600,-1627.48
000926.SZ,20260403,120697,2390.95,96793,1916.95,71305,1412.34,59316,1177.46,60674,1202.61,63597,1262.58,21643,432.65,54613,1081.55,-107837,-2138.38
000927.SZ,20260403,855137,27039.5,901148,28550.71,933195,29640.85,979398,31023.57,662347,21053.5,696345,22099.58,467073,14723.3,340862,10783.29,-182777,-5326.13
000928.SZ,20260403,173610,11532.39,158971,10542.44,164966,10965.96,143466,9525.4,110949,7386.36,121379,8102.22,13736,908.1,39445,2622.75,-94344,-6292.08
000929.SZ,20260403,6004,541.54,5503,496.01,12581,1134.19,10607,955.89,6853,616.3,9259,833.95,0,0.0,69,6.18,-4072,-368.65
000930.SZ,20260403,183280,12068.24,130148,8591.43,127120,8394.51,129696,8551.13,85712,5638.5,110027,7236.39,17987,1185.79,44228,2908.08,-45070,-2942.73
000931.SZ,20260403,100877,5267.65,77607,4052.56,47286,2473.96,44699,2338.53,30033,1572.18,43870,2290.61,6487,341.38,18507,973.49,-30814,-1605.29
000932.SZ,20260403,131190,6521.45,133699,6645.04,146555,7285.78,122151,6075.89,116656,5799.2,116335,5786.12,17752,883.04,39968,1982.42,-95317,-4716.95
000933.SZ,20260403,82274,25349.71,79363,24474.41,101745,31384.87,92271,28461.98,71620,22098.91,79665,24580.19,44989,13886.71,49329,15203.62,-44338,-13600.64
000935.SZ,20260403,15200,3865.66,16344,4170.34,11984,3048.36,10375,2640.36,10174,2586.28,6751,1710.94,976,246.47,4864,1225.12,-8158,-2074.21
000936.SZ,20260403,66811,4776.3,61279,4387.11,40394,2889.6,37944,2715.36,28219,2018.65,28950,2069.75,5002,357.39,12253,869.7,-14858,-1056.78
000937.SZ,20260403,116035,6401.32,98177,5415.9,85019,4689.75,73899,4077.57,37781,2084.01,33987,1876.51,6784,374.86,39556,2179.96,-46121,-2544.95
000938.SZ,20260403,300799,76189.02,458460,116112.11,372098,94121.08,488341,123690.27,440926,111616.53,374472,94941.23,332582,84602.7,125131,31785.72,403961,102754.32
000948.SZ,20260403,15358,2280.9,15487,2301.86,10000,1486.9,9774,1453.59,4605,682.53,4680,691.65,0,0.0,22,3.24,-4336,-642.0
000949.SZ,20260403,193709,12121.82,134632,8452.49,150925,9442.67,162578,10183.01,126207,7900.4,153943,9609.82,48524,3030.82,68211,4250.4,-69510,-4328.36
000950.SZ,20260403,204713,14280.53,285004,20058.71,271231,18935.97,363604,25552.29,332490,23347.93,422822,29731.62,742477,52296.84,479481,33518.65,-677908,-47873.77
000951.SZ,20260403,75448,18440.92,105302,25718.99,88198,21525.8,95625,23337.22,90315,22041.76,56583,13823.16,30485,7455.69,26936,6584.79,108,51.13
000952.SZ,20260403,61400,4431.44,64693,4672.13,28173,2034.45,30587,2210.27,13274,962.17,10086,728.88,2519,183.22,0,0.0,-14063,-1007.85
000953.SZ,20260403,35962,2452.55,39752,2708.89,33580,2291.53,25506,1740.47,12831,869.1,15031,1023.36,0,0.0,2084,140.46,-22447,-1532.51
000955.SZ,20260403,62110,2944.77,65390,3097.03,37071,1756.45,33841,1603.57,12396,586.61,12346,587.24,0,0.0,0,0.0,-21949,-1037.32
000957.SZ,20260403,63561,6981.92,72630,7978.05,60720,6671.05,53930,5929.23,39562,4347.86,34208,3758.13,7844,861.07,10919,1196.49,-56807,-6241.23
000958.SZ,20260403,144489,8766.5,136855,8308.71,132231,8021.76,87359,5305.43,88821,5383.23,93334,5665.84,48392,2928.87,96386,5820.38,-88202,-5334.92
000960.SZ,20260403,98329,30000.31,69327,21166.27,67675,20661.72,80318,24518.36,52116,15904.75,65576,20029.46,37405,11424.46,40304,12277.16,-41342,-12585.84
000962.SZ,20260403,87864,35980.47,49158,20155.91,65036,26620.61,64552,26421.41,23815,9768.99,54443,22281.43,7233,2957.08,15794,6468.39,348,154.29
000963.SZ,20260403,43417,15755.44,35678,12949.97,34909,12671.17,41597,15102.2,31898,11588.52,28837,10464.11,5148,1863.5,9261,3362.34,-16901,-6118.96
000965.SZ,20260403,100761,3582.84,80300,2854.72,75860,2696.51,79421,2821.62,48162,1713.83,58511,2084.95,6166,220.13,12718,452.02,-66772,-2369.64
000966.SZ,20260403,255924,11226.36,174671,7662.82,297805,13067.83,309880,13603.14,242249,10625.22,293643,12882.77,101589,4451.71,119374,5222.39,-270037,-11827.37
000967.SZ,20260403,188577,17058.29,197873,17907.42,254848,23048.33,218526,19775.95,276705,25039.68,248448,22504.83,84923,7679.7,140206,12637.81,-59963,-5330.71
000968.SZ,20260403,297111,30735.82,297542,30765.14,276971,28672.96,287459,29743.22,210328,21773.54,193131,20013.52,65993,6839.82,72269,7500.26,-133825,-13840.28
000969.SZ,20260403,70525,14260.79,43478,8797.21,38742,7838.41,45173,9134.84,18494,3733.89,32817,6631.52,5346,1075.75,11640,2345.28,-655,-123.48
000970.SZ,20260403,47231,5417.84,43688,5012.76,30718,3524.05,34248,3929.35,19842,2275.63,15784,1809.65,3352,384.07,7422,849.83,-9452,-1079.16
000972.SZ,20260403,31746,1186.65,20678,772.87,43216,1614.34,35685,1334.98,14421,540.33,29787,1112.55,0,0.0,3233,120.91,-32489,-1214.75
000973.SZ,20260403,160371,27795.47,161848,28130.77,156935,27241.24,155299,26953.16,119269,20674.83,119460,20693.29,47919,8309.01,47888,8243.33,371,146.26
000975.SZ,20260403,99201,29635.83,90235,26956.71,63829,19086.9,79487,23723.16,39150,11687.21,32280,9663.97,14388,4293.7,14567,4359.78,-2210,-658.44
000977.SZ,20260403,65810,37602.76,72008,41191.81,92067,52638.43,94674,54141.56,64738,37023.85,62222,35561.97,26166,14979.86,19877,11349.56,9652,5598.32
000978.SZ,20260403,170682,12061.53,163943,11553.42,121987,8624.34,108608,7693.05,68808,4869.3,82312,5837.44,5441,381.75,12055,853.02,-49050,-3496.6
000980.SZ,20260403,536632,11239.7,327017,6857.6,415960,8716.84,427149,8963.42,251192,5257.32,359337,7531.31,50597,1062.88,140878,2924.38,-242174,-5043.51
000981.SZ,20260403,754938,30806.6,543763,22189.33,642487,26222.84,661642,27011.66,405199,16543.61,536108,21883.19,125020,5109.81,186131,7598.68,-547819,-22285.16
000983.SZ,20260403,224659,14559.88,162876,10551.32,221415,14360.44,217028,14065.21,216449,14027.48,218864,14177.19,48043,3105.22,111798,7259.31,-142542,-9251.23
000985.SZ,20260403,12501,2331.7,10694,1997.38,6306,1181.29,6609,1236.98,1472,272.52,2276,422.39,0,0.0,700,128.77,-1223,-226.59
000987.SZ,20260403,171475,13871.82,115066,9305.0,182639,14770.07,164760,13331.06,119129,9653.84,132206,10704.42,43211,3495.55,104423,8450.79,-53695,-4244.08
000988.SZ,20260403,127735,132976.83,153158,159499.55,199324,207474.98,210030,218671.73,190012,197904.19,180532,188003.66,168075,174907.03,141427,147088.1,90217,93826.7
000989.SZ,20260403,117673,11226.14,85655,8179.77,83911,8013.59,103490,9881.05,48410,4627.9,57124,5451.22,7664,732.17,11388,1087.77,-28794,-2729.99
000990.SZ,20260403,184142,17018.18,168143,15554.79,164600,15207.5,161862,14959.05,103911,9613.76,110490,10205.66,13482,1241.83,25641,2361.77,-12886,-1141.04
000993.SZ,20260403,158290,20957.3,99493,13193.69,135844,18003.83,137217,18200.63,63247,8377.07,93105,12326.13,17420,2328.08,44986,5945.82,-23257,-3064.89
000995.SZ,20260403,102734,13191.32,70747,9088.26,73881,9498.97,89153,11458.01,40472,5195.72,56045,7196.0,19202,2454.53,20344,2598.27,-25527,-3266.31
000997.SZ,20260403,44911,8842.63,39406,7764.62,32315,6370.03,31131,6141.21,14601,2882.2,18367,3613.07,1326,261.65,4248,837.62,-17264,-3385.51
000998.SZ,20260403,102061,9810.1,80122,7699.53,102412,9840.84,99322,9547.49,67951,6523.36,68386,6571.29,10456,1002.85,35050,3358.84,-69903,-6718.24
000999.SZ,20260403,48460,13691.62,55283,15599.82,36797,10405.07,28228,7980.24,24036,6785.16,23456,6633.44,5715,1609.87,8041,2278.21,-31714,-8960.44
001201.SZ,20260403,29720,3777.4,19731,2512.52,26304,3341.35,23713,3017.25,15840,2003.95,24952,3155.4,955,122.02,4422,559.56,-17188,-2188.73
001202.SZ,20260403,9545,1576.49,8648,1429.08,3519,582.45,3670,606.13,1791,294.69,1444,238.99,0,0.0,1094,179.43,-339,-57.27
001203.SZ,20260403,71253,28307.59,67227,26741.97,64107,25513.16,66585,26461.88,46862,18621.41,44231,17591.37,11622,4621.49,15802,6268.43,3920,1561.17
001205.SZ,20260403,13570,1937.89,13020,1860.84,11871,1697.22,10034,1433.41,3451,490.5,5130,731.18,0,0.0,708,100.19,-10839,-1541.36
001206.SZ,20260403,16216,3348.34,14398,2972.1,5880,1214.13,6402,1322.29,2571,529.72,3367,695.3,0,0.0,500,102.51,-3254,-670.72
001207.SZ,20260403,14695,4379.04,11642,3471.98,15316,4562.27,14603,4351.8,5747,1713.6,7928,2359.48,949,280.63,2535,752.28,-4000,-1189.58
001208.SZ,20260403,163988,31039.92,126825,24025.84,119138,22605.06,121615,23060.36,54684,10398.03,65668,12471.1,10349,1946.36,34051,6432.07,-57977,-10873.96
001209.SZ,20260403,15240,2994.73,16693,3279.77,7288,1430.24,5573,1093.46,3526,693.58,4333,851.43,545,106.11,0,0.0,-1895,-374.96
001210.SZ,20260403,10469,2150.03,11343,2330.38,4652,955.42,4700,964.3,2168,445.65,1806,370.67,560,114.24,0,0.0,-3979,-819.19
001211.SZ,20260403,19367,5367.59,28538,7908.0,18582,5151.87,11455,3176.8,6614,1833.89,4836,1342.4,1628,449.61,1362,375.76,4396,1218.87
001212.SZ,20260403,7729,3832.78,8581,4258.08,10105,5009.73,10162,5042.08,10849,5389.98,8469,4200.96,564,277.84,2035,1009.21,-4721,-2322.6
001213.SZ,20260403,84439,3469.07,147081,6056.17,93514,3849.11,80452,3323.76,86860,3591.95,42665,1759.64,13985,588.02,8600,358.58,-9849,-373.89
001215.SZ,20260403,11149,4372.44,9354,3680.49,8711,3427.93,7813,3070.67,4413,1732.82,6369,2488.3,1560,606.84,2297,900.55,-4228,-1667.36
001216.SZ,20260403,32148,6086.03,41569,7883.96,29675,5619.01,28112,5323.0,20846,3970.18,16235,3083.44,6477,1226.81,3230,611.63,-18594,-3519.75
001217.SZ,20260403,22402,2573.84,21340,2451.81,14456,1661.53,11528,1323.63,2579,295.94,5658,651.55,945,107.73,1856,212.04,-7538,-865.93
001218.SZ,20260403,11434,2759.44,10674,2574.58,2510,605.02,3216,777.09,310,75.24,364,88.04,0,0.0,0,0.0,-2231,-539.14
001219.SZ,20260403,20563,2968.43,22232,3207.07,9383,1351.37,6901,997.74,2873,414.84,3498,503.38,697,102.43,885,128.88,-4918,-710.46
001220.SZ,20260403,6997,2746.84,6940,2725.28,6528,2562.47,5934,2329.01,2022,793.72,2579,1012.87,300,116.66,394,152.52,-4610,-1807.76
001221.SZ,20260403,7840,4936.18,5765,3633.12,3974,2501.9,5054,3180.88,1747,1093.41,2205,1382.18,0,0.0,537,335.31,-2940,-1843.56
001222.SZ,20260403,8308,1555.05,7575,1417.88,2129,398.14,2323,434.77,560,104.64,1099,205.17,0,0.0,0,0.0,-101,-19.48
001223.SZ,20260403,7655,3992.78,12133,6336.22,11406,5971.44,8340,4363.09,5833,3054.75,4652,2439.48,1043,542.24,812,422.42,4086,2146.88
001225.SZ,20260403,6000,2802.46,5379,2513.74,2684,1255.21,2972,1388.71,940,437.91,1539,716.81,664,308.54,398,184.85,1210,563.52
001226.SZ,20260403,5919,2473.91,7520,3139.52,5916,2476.82,6855,2872.55,5815,2437.39,3212,1344.62,776,327.97,839,359.4,-5252,-2188.27
001227.SZ,20260403,230491,5129.31,207335,4613.62,216110,4807.24,244422,5435.83,143525,3192.67,188187,4188.62,99542,2216.15,49725,1107.29,-175934,-3912.2
001228.SZ,20260403,4375,1321.93,5248,1584.5,3061,923.74,2540,767.13,1804,543.14,959,288.94,346,103.79,839,252.05,-1208,-362.43
001229.SZ,20260403,4983,1765.2,5503,1950.31,5535,1961.83,4828,1710.76,3435,1216.91,3322,1176.82,0,0.0,300,106.05,3490,1238.88
001230.SZ,20260403,10649,2659.26,13051,3260.34,4980,1243.66,5021,1253.49,4637,1157.33,2580,647.09,972,253.5,586,152.83,-3042,-747.82
001231.SZ,20260403,12043,2720.71,11762,2657.86,4837,1095.06,5730,1296.11,1266,286.53,2254,509.76,1600,361.44,0,0.0,-4128,-933.22
001233.SZ,20260403,6479,4138.76,8430,5389.27,7783,4988.02,6623,4240.65,4738,3035.13,3753,2406.21,973,624.48,1168,750.27,-2286,-1452.28
001234.SZ,20260403,7971,1935.76,6772,1646.35,3746,909.63,4335,1051.26,1648,398.98,2147,520.23,0,0.0,110,26.53,-805,-196.42
001236.SZ,20260403,53941,4813.81,47490,4239.76,40631,3631.24,41075,3668.8,16063,1429.97,22502,2004.52,3224,287.4,2792,249.34,-14187,-1265.32
001238.SZ,20260403,1312,619.51,1847,870.94,801,376.98,645,304.23,598,281.14,219,102.45,0,0.0,0,0.0,-169,-78.62
001239.SZ,20260403,19224,2833.22,23069,3397.65,17477,2575.87,15488,2286.07,8723,1287.21,6179,912.11,0,0.0,688,100.46,-13637,-2009.46
001255.SZ,20260403,7213,2529.23,6235,2186.1,2745,961.54,2885,1010.53,956,334.1,1801,630.68,7,2.45,0,0.0,-429,-150.27
001256.SZ,20260403,20103,4264.23,14085,2988.48,16459,3485.59,15165,3215.09,5364,1130.29,9286,1960.55,691,149.81,4081,865.79,-3695,-776.96
001257.SZ,20260403,218758,51238.35,172111,40460.91,182987,43002.83,206397,48448.75,111866,26311.24,141905,33297.21,31620,7458.14,24818,5803.7,-97074,-22571.7
001258.SZ,20260403,163500,13906.21,109963,9353.36,99319,8460.02,122890,10459.09,60250,5133.32,80657,6871.06,8267,698.38,17826,1514.42,-32020,-2707.76
001259.SZ,20260403,7654,2317.69,8631,2613.11,3239,981.61,2378,719.65,1347,408.22,1231,374.77,0,0.0,0,0.0,-680,-204.25
001260.SZ,20260403,12312,2477.3,10735,2163.63,4517,909.68,5363,1078.45,766,155.24,1497,300.14,0,0.0,0,0.0,-510,-103.08
001266.SZ,20260403,7687,2322.07,7856,2374.48,3011,909.33,3709,1121.02,1902,575.31,1332,402.06,820,249.36,523,158.52,-2254,-681.58
001267.SZ,20260403,128361,53191.88,154211,63872.5,160644,66477.92,170496,70679.93,153915,63890.1,142317,59057.52,107529,44586.25,83425,34536.2,-14243,-5271.03
001268.SZ,20260403,4682,1376.87,5402,1589.75,3387,996.88,2611,767.1,830,243.03,886,259.94,0,0.0,0,0.0,-1429,-417.13
001269.SZ,20260403,15537,3187.91,10271,2109.33,8980,1845.45,10749,2207.26,2956,606.23,6351,1302.47,880,178.9,981,199.44,766,155.81
001270.SZ,20260403,15117,17231.08,13404,15342.01,24334,27767.28,23758,27161.45,19462,22235.96,21920,25023.93,8535,9820.17,8366,9527.1,-7381,-8362.26
001277.SZ,20260403,3494,1200.47,3919,1347.28,2681,921.55,2277,782.22,951,326.72,930,319.24,0,0.0,0,0.0,-653,-225.16
001278.SZ,20260403,11429,2309.16,10727,2169.04,4695,948.9,4372,883.46,1754,353.06,2727,551.16,549,112.82,601,120.27,-545,-112.32
001279.SZ,20260403,4136,1254.51,4495,1362.14,2302,697.58,2157,654.84,1265,383.03,1051,318.14,0,0.0,0,0.0,-1701,-516.26
001280.SZ,20260403,21417,17111.96,12780,10221.99,18850,15082.6,19839,15874.98,11562,9248.32,17334,13850.93,5711,4562.02,7588,6056.99,-4542,-3629.95
001282.SZ,20260403,11378,2185.0,10655,2046.59,7523,1443.85,7008,1345.94,2116,406.97,2679,514.41,4,0.77,679,129.65,-6079,-1167.28
001283.SZ,20260403,18528,12077.47,17619,11505.35,20432,13310.76,17520,11428.75,13041,8507.53,15974,10391.35,3934,2562.43,4822,3132.75,-5397,-3510.44
001285.SZ,20260403,5098,2612.21,6865,3516.12,6566,3367.34,5278,2708.8,2918,1494.58,2995,1533.22,556,284.0,0,0.0,-3194,-1630.47
001286.SZ,20260403,73389,8025.45,70233,7682.55,42118,4613.72,44283,4850.19,30795,3378.54,29192,3199.75,11739,1289.57,14333,1574.79,-7961,-864.73
001287.SZ,20260403,83023,18696.77,60458,13622.22,50714,11432.51,58023,13082.87,27342,6157.38,41268,9284.73,4939,1106.53,6269,1403.37,-14057,-3166.6
001288.SZ,20260403,15226,4272.76,8299,2333.49,9051,2542.52,4961,1393.5,6018,1695.16,16822,4724.67,530,149.88,742,208.66,6972,1971.22
001289.SZ,20260403,53371,8374.92,56770,8916.11,36654,5763.55,31670,4976.48,17420,2734.32,11054,1741.14,7492,1172.14,15444,2411.21,-8397,-1321.9
001296.SZ,20260403,6853,1626.64,6855,1628.22,3307,785.18,2717,644.14,632,150.07,1220,289.53,0,0.0,0,0.0,16,4.29
001298.SZ,20260403,20726,5600.09,16775,4536.34,12083,3264.25,13210,3570.25,4419,1196.22,6515,1758.68,377,101.38,1104,296.66,-2978,-803.19
001299.SZ,20260403,37656,5010.65,34108,4544.47,20664,2765.61,20387,2725.51,4153,552.2,6524,867.28,0,0.0,1454,191.2,-16483,-2196.82
001300.SZ,20260403,12850,1987.1,13761,2124.56,9577,1480.15,7861,1216.62,7874,1215.9,5569,858.12,1367,209.99,4477,693.85,-8044,-1240.36
001301.SZ,20260403,15870,11293.46,14283,10165.57,12117,8625.45,12303,8753.47,6459,4586.31,6093,4339.93,1077,758.98,2844,2005.23,-6084,-4320.17
001306.SZ,20260403,2555,1675.84,2040,1339.67,1261,827.48,1448,949.49,345,225.15,673,439.31,0,0.0,0,0.0,-1307,-856.01
001308.SZ,20260403,7252,1444.47,7029,1399.61,2609,518.91,2440,485.16,242,48.2,635,126.81,0,0.0,0,0.0,-2802,-556.23
001309.SZ,20260403,31636,113055.6,22473,80447.19,28730,102837.84,25821,92461.55,30156,108065.06,35201,126034.8,24234,86848.81,31261,111863.78,-10521,-37523.25
001311.SZ,20260403,18258,5540.94,15983,4849.09,6918,2106.95,8101,2465.71,2016,611.57,2608,794.6,0,0.0,500,150.07,-5135,-1555.74
001313.SZ,20260403,82006,6504.56,87418,6939.57,59577,4735.9,67231,5342.43,39231,3119.85,28042,2227.17,3277,260.71,1400,111.86,-6633,-516.31
001314.SZ,20260403,8328,3226.65,4917,1906.93,3498,1355.04,5688,2201.94,834,322.68,2335,903.95,280,108.44,0,0.0,-1446,-559.97
001316.SZ,20260403,9619,4556.25,10948,5190.45,9867,4676.88,9156,4335.65,5908,2801.13,4773,2264.77,0,0.0,518,243.39,-3104,-1467.86
001317.SZ,20260403,9842,4529.87,7061,3250.66,5471,2517.56,6490,2988.9,3346,1541.58,4808,2212.32,0,0.0,300,137.13,-930,-430.94
001318.SZ,20260403,10988,1458.23,8590,1139.91,4262,566.78,4954,657.64,1400,186.48,1641,218.36,0,0.0,1465,195.58,-1312,-172.4
001319.SZ,20260403,10148,2436.2,9503,2281.25,3453,828.75,4047,970.87,1804,434.0,1855,446.83,0,0.0,0,0.0,-1273,-304.5
001322.SZ,20260403,18869,1355.32,17993,1292.77,10483,752.89,9268,665.25,2854,205.12,4945,355.3,0,0.0,0,0.0,-6832,-490.41
001323.SZ,20260403,2283,551.24,3715,896.58,2194,529.12,1616,389.57,889,214.08,535,128.94,500,120.65,0,0.0,-1789,-431.55
001324.SZ,20260403,13962,2724.82,16635,3246.17,11799,2301.27,10130,1986.59,4688,922.52,4272,833.36,3974,795.17,3387,677.67,-5479,-1068.85
001325.SZ,20260403,8924,5169.9,12682,7344.8,12696,7357.7,15642,9062.49,18204,10530.59,12838,7437.87,6334,3697.58,4997,2910.61,387,254.44
001326.SZ,20260403,4113,2085.33,4000,2027.7,2191,1109.57,2165,1096.15,1020,515.55,504,255.61,319,160.78,974,491.77,869,436.48
001328.SZ,20260403,4000,1275.0,4192,1335.99,2025,644.94,1461,465.9,428,135.4,800,253.46,0,0.0,0,0.0,-125,-37.6
001330.SZ,20260403,190649,12726.54,105101,7027.33,103171,6895.37,109927,7343.39,49139,3280.1,103538,6919.2,14297,952.77,38690,2564.86,-90094,-6022.77
001331.SZ,20260403,14879,8137.39,13708,7503.04,17730,9706.59,18922,10353.46,14446,7902.49,14122,7721.6,2443,1334.74,2747,1503.11,-4064,-2198.75
001332.SZ,20260403,5592,2942.83,4807,2529.65,3989,2098.16,4582,2411.42,2129,1116.91,2219,1164.93,256,134.46,358,186.36,-1175,-612.65
001333.SZ,20260403,8751,2144.61,9095,2228.75,8585,2104.75,10032,2457.64,5006,1224.46,3277,801.51,468,114.24,406,100.16,-2650,-642.18
001335.SZ,20260403,3271,1300.94,3120,1242.41,2779,1104.89,3043,1208.68,2826,1125.79,2713,1080.54,0,0.0,0,0.0,1247,499.3
001336.SZ,20260403,16666,4111.22,17680,4355.64,8401,2068.07,7568,1865.85,1815,447.75,1634,405.56,0,0.0,0,0.0,-3420,-841.48
001337.SZ,20260403,37434,17638.88,31507,14849.11,25136,11849.41,28522,13451.13,16427,7743.09,20840,9820.53,7472,3525.41,5600,2636.03,-4795,-2272.45
001338.SZ,20260403,52950,6974.32,35008,4618.99,32326,4269.93,37094,4894.17,17030,2251.75,28151,3712.68,790,103.65,2844,373.81,-16777,-2199.24
001339.SZ,20260403,18631,10927.16,16471,9666.73,10618,6232.22,12145,7127.28,5627,3298.7,6226,3647.81,1642,964.93,1676,981.19,1280,754.11
001356.SZ,20260403,16010,1727.98,15986,1725.12,10801,1163.95,9148,987.23,2129,229.0,4766,510.81,960,102.24,0,0.0,-7227,-780.39
001358.SZ,20260403,5644,1471.28,7158,1865.02,4220,1098.6,2764,721.15,1340,349.41,1282,333.12,0,0.0,0,0.0,1092,284.63
001359.SZ,20260403,2680,1918.71,3073,2199.93,1720,1231.01,2197,1573.57,2535,1815.02,1564,1118.48,0,0.0,101,72.76,-709,-504.97
001360.SZ,20260403,11233,2298.77,8506,1740.72,3306,675.65,3978,813.94,1521,310.65,3213,656.55,0,0.0,363,73.87,384,76.4
001366.SZ,20260403,23128,3062.33,24300,3216.41,11620,1539.52,9479,1258.66,1521,203.25,2490,330.02,0,0.0,0,0.0,-4620,-611.19
001367.SZ,20260403,33414,8686.41,39767,10351.78,29562,7693.29,26857,6982.72,14927,3887.68,11896,3094.01,2909,757.61,2292,596.48,2367,621.18
001368.SZ,20260403,10669,2558.66,11595,2780.02,4986,1194.68,4696,1125.65,2604,622.94,1968,470.6,0,0.0,0,0.0,-4035,-963.06
001369.SZ,20260403,70643,10425.91,50688,7491.95,54060,7984.29,61649,9103.6,25679,3794.22,33418,4927.46,4435,654.08,9061,1335.48,-21469,-3177.07
001373.SZ,20260403,9388,3124.73,8693,2894.53,3680,1227.48,3178,1058.37,857,284.52,2040,679.2,0,0.0,14,4.63,-2001,-666.3
001376.SZ,20260403,59557,8833.89,37792,5609.19,37390,5544.89,32086,4763.56,16290,2412.48,34871,5170.0,2912,432.29,11400,1680.81,4417,641.05
001378.SZ,20260403,9784,2208.71,8286,1872.2,5830,1315.69,3749,847.82,2127,480.27,5040,1135.09,0,0.0,666,149.55,-2999,-678.57
001379.SZ,20260403,9844,2020.67,10374,2128.47,5022,1031.87,4244,871.56,1622,332.09,1870,384.6,0,0.0,0,0.0,-396,-81.35
001380.SZ,20260403,23071,4518.28,23891,4682.21,18335,3589.39,12936,2539.68,6327,1240.86,10738,2100.83,1412,280.7,1581,306.51,-11755,-2305.41
001382.SZ,20260403,44652,9183.96,45469,9308.11,38105,7820.79,31642,6514.09,16488,3355.7,20175,4146.13,3445,722.89,5403,1115.0,-29864,-6099.53
001386.SZ,20260403,23500,4489.94,10170,1950.23,15855,3031.93,15923,3041.1,7448,1416.45,16072,3059.17,105,20.55,4743,908.37,-8907,-1702.81
001387.SZ,20260403,15367,1965.49,16885,2158.27,6762,864.02,6274,801.74,2582,328.24,1551,197.74,0,0.0,0,0.0,-3166,-402.72
001388.SZ,20260403,7037,2652.7,4187,1579.14,4950,1865.0,5652,2129.59,2567,967.08,4714,1775.31,0,0.0,2,0.75,-587,-224.45
001389.SZ,20260403,21126,24893.05,25356,29937.92,24642,29079.95,28658,33799.09,22916,27098.64,17519,20729.22,9621,11385.99,6772,7991.39,1769,2226.55
001390.SZ,20260403,6958,1489.9,7701,1649.07,5247,1122.96,5713,1222.59,2364,505.97,1223,261.91,69,14.73,0,0.0,-2260,-480.29
001391.SZ,20260403,63130,3301.72,47226,2469.74,53615,2804.48,53198,2783.38,26041,1361.32,39534,2067.09,4445,232.27,7273,379.58,-46639,-2432.55
001395.SZ,20260403,2448,932.14,2335,889.93,1166,443.54,1331,506.28,764,290.79,712,270.25,0,0.0,0,0.0,-300,-114.23
001396.SZ,20260403,4670,2045.41,4178,1830.45,2681,1174.13,2992,1309.71,901,393.45,832,363.09,0,0.0,250,109.75,-304,-133.7
001400.SZ,20260403,9347,15316.84,8433,13899.29,9498,15624.61,9699,15962.39,6845,11260.42,6977,11441.94,3026,4952.25,3607,5850.5,-2212,-3544.85
001696.SZ,20260403,98332,18500.75,60070,11328.04,76475,14402.31,75947,14319.09,33901,6384.33,50738,9542.76,4589,868.29,26542,4965.78,-59633,-11207.27
001872.SZ,20260403,11934,2636.94,12112,2675.22,6842,1514.21,5434,1200.47,3480,768.66,4771,1056.94,2381,526.3,2320,513.47,-137,-26.88
001896.SZ,20260403,525796,66160.34,394055,49654.42,371904,46867.18,414690,52175.43,285518,35915.63,328556,41360.98,117261,14757.98,163178,20510.29,45696,6013.68
001914.SZ,20260403,25178,2437.34,25783,2497.35,18391,1780.36,12334,1195.67,5877,569.18,6331,612.48,0,0.0,4998,481.37,-10074,-973.42
001965.SZ,20260403,174229,15925.9,253831,23160.16,199711,18257.3,155123,14204.28,137607,12572.59,101377,9279.75,39279,3588.25,40495,3699.85,-45442,-4103.95
001979.SZ,20260403,205746,16364.25,128128,10190.41,200279,15942.05,204830,16287.58,124282,9905.66,168473,13436.7,58249,4643.69,87125,6940.97,-151733,-12062.06
002001.SZ,20260403,127796,45401.7,207053,73657.37,176162,62701.57,180353,64263.96,202999,72365.12,123756,44179.78,80007,28669.94,75802,27037.21,59298,21475.47
002003.SZ,20260403,33573,3259.36,16150,1571.66,16426,1594.25,24367,2361.25,6193,601.08,11430,1112.02,1158,113.25,5403,523.02,-13534,-1310.1
002004.SZ,20260403,131769,6824.64,110580,5728.44,78175,4054.66,70593,3659.96,43380,2248.36,60846,3154.33,2000,103.6,13305,688.54,-62074,-3209.78
002005.SZ,20260403,16958,456.9,13529,364.72,31997,862.21,24097,649.61,25700,693.2,25820,695.81,0,0.0,11209,302.17,-13985,-375.06
002006.SZ,20260403,25832,4347.55,18220,3070.26,21755,3661.06,23679,3985.98,9262,1561.3,16035,2697.03,3285,552.5,2200,369.15,-6042,-1019.2
002007.SZ,20260403,36573,5375.91,28317,4167.28,23662,3480.67,24818,3651.89,14771,2172.65,16653,2447.15,1749,255.35,6967,1018.27,-13211,-1943.29
002008.SZ,20260403,80235,51207.77,113508,72459.01,102237,65298.34,92913,59326.57,65808,42047.27,50713,32384.8,35565,22661.08,26710,17044.09,27387,17500.62
002009.SZ,20260403,111246,26506.78,70741,16874.62,66344,15836.97,77196,18408.58,27107,6479.12,49769,11879.34,4387,1051.31,11377,2711.63,-36610,-8733.63
002010.SZ,20260403,79878,4495.26,57228,3222.75,58813,3308.77,50227,2827.03,35816,2013.03,49333,2772.95,3667,206.09,21385,1200.41,-44245,-2484.89
002011.SZ,20260403,34777,4023.64,31800,3674.66,27142,3135.81,27715,3198.86,17156,1978.97,21116,2444.76,4000,461.7,2443,281.84,-22151,-2559.03
002012.SZ,20260403,56564,3526.86,61189,3813.65,31085,1938.67,35315,2200.95,24351,1515.03,15596,972.94,2000,124.4,1900,117.42,-22872,-1422.78
002014.SZ,20260403,17224,2017.45,17289,2024.17,9695,1135.83,9501,1113.47,2194,257.04,2323,272.68,0,0.0,0,0.0,-5675,-662.65
002015.SZ,20260403,343283,56172.8,340650,55809.78,310773,50923.95,306909,50271.16,200059,32797.57,219328,35929.98,72459,11900.09,59687,9783.48,-56871,-9185.04
002016.SZ,20260403,67655,3804.46,73177,4113.71,32835,1843.92,31490,1771.6,20483,1148.89,12745,714.05,0,0.0,3561,197.91,-16373,-920.52
002017.SZ,20260403,38474,7277.26,37093,7011.26,28044,5302.7,23576,4458.86,10635,2009.03,14192,2686.74,2793,530.65,5085,962.78,-5314,-978.52
002019.SZ,20260403,88415,11370.21,69826,8988.35,73769,9488.85,67369,8681.51,43014,5533.19,51429,6617.35,13407,1733.48,29982,3838.51,-40112,-5152.8
002020.SZ,20260403,74368,12293.88,57643,9530.0,54585,9032.39,60580,10021.46,20643,3421.21,31743,5254.53,10824,1796.66,10454,1738.14,-10691,-1755.5
002021.SZ,20260403,139398,4188.75,175001,5254.89,109908,3297.05,87527,2627.45,112335,3377.15,91415,2745.53,23030,686.84,30728,921.92,-73882,-2207.76
002022.SZ,20260403,40605,2369.88,43895,2561.46,26555,1550.27,26155,1527.98,6892,402.59,5915,344.63,1913,111.34,0,0.0,-6845,-394.89
002023.SZ,20260403,38658,3856.86,30134,3005.33,23092,2303.22,24522,2446.81,6855,682.16,12449,1240.84,0,0.0,1500,149.26,-5599,-554.1
002024.SZ,20260403,90568,1214.88,58348,783.28,90443,1215.58,108918,1463.79,130948,1759.0,134692,1808.38,0,0.0,10000,134.0,-113725,-1518.55
002025.SZ,20260403,71349,43382.11,56439,34499.83,75125,45731.38,79096,48203.2,61787,37752.8,65855,40058.88,29883,18212.05,36752,22316.44,18693,11451.62
002026.SZ,20260403,21443,2698.93,13542,1704.49,13244,1665.68,12448,1565.55,7480,939.31,9440,1186.79,2201,275.36,8938,1122.45,-5310,-667.05
002027.SZ,20260403,381552,24315.41,298760,19045.05,240726,15361.73,308573,19679.87,142126,9089.47,190443,12168.86,170103,10846.55,136730,8719.39,-196566,-12521.24
002028.SZ,20260403,12493,26151.71,13751,28801.29,20882,43735.3,21562,45154.21,10845,22729.06,10874,22791.86,5978,12522.13,4010,8390.85,1225,2599.94
002029.SZ,20260403,119833,11645.81,113739,11074.82,96583,9409.42,74470,7272.75,55522,5396.65,63522,6152.01,9457,915.82,29664,2868.13,-56383,-5523.33
002030.SZ,20260403,55544,3311.31,50282,2999.06,45228,2698.09,43759,2612.56,25640,1529.96,29048,1731.48,8604,513.6,11927,709.87,-36252,-2160.71
002031.SZ,20260403,251903,14998.61,145398,8658.0,140023,8329.41,153359,9129.17,57072,3396.49,117025,6963.61,11302,669.74,44519,2643.47,-133306,-7930.28
002032.SZ,20260403,12491,5744.07,13673,6290.07,13694,6295.59,13254,6095.78,9170,4218.14,9042,4153.71,1802,826.32,1188,544.56,5909,2716.12
002033.SZ,20260403,67728,6040.35,52299,4673.39,50403,4506.56,47296,4221.35,18698,1667.95,29177,2604.75,1151,102.44,9209,817.81,-42051,-3752.8
002034.SZ,20260403,17038,2857.07,18801,3155.06,13037,2186.31,16097,2698.63,9521,1598.54,5785,970.19,3169,531.15,2082,349.19,-7715,-1290.59
002035.SZ,20260403,179772,12142.33,308262,20864.83,164737,11149.0,130011,8800.39,176162,11946.76,76150,5150.05,9998,673.85,16247,1096.68,-146603,-9898.01
002036.SZ,20260403,108649,9572.67,144817,12818.11,130205,11492.35,126474,11160.32,83529,7388.85,71526,6292.53,29309,2595.28,8875,778.19,30858,2807.93
002037.SZ,20260403,22223,1731.98,20607,1607.32,11518,896.46,8572,665.18,4432,343.86,7058,548.69,0,0.0,1936,151.11,-8593,-667.53
002038.SZ,20260403,737794,66772.5,629013,56872.4,676999,61261.52,729946,65974.59,478213,43134.76,550412,49663.8,289956,25941.72,273590,24599.71,129673,11938.07
002039.SZ,20260403,53815,9931.77,54832,10130.78,64208,11852.83,65793,12155.03,38198,7053.87,34339,6326.25,8953,1652.72,10210,1879.12,-8505,-1550.73
002040.SZ,20260403,59440,6072.85,56209,5742.25,36306,3719.29,36179,3707.02,16143,1653.3,18625,1907.52,5101,522.72,5977,611.36,-13100,-1324.49
002041.SZ,20260403,103328,10294.85,86610,8630.68,73816,7357.97,59543,5935.62,29126,2895.79,41832,4168.63,6535,651.53,24820,2465.21,-41947,-4179.71
002042.SZ,20260403,121106,5019.98,103385,4289.15,94743,3930.4,75468,3129.62,87257,3616.85,97397,4042.36,4148,171.27,31003,1277.37,-80448,-3333.91
002043.SZ,20260403,114103,16031.29,98257,13788.7,68301,9596.64,76774,10797.66,32602,4583.65,39939,5615.92,2312,330.83,2348,340.14,-21857,-3046.68
002044.SZ,20260403,295478,16236.69,175397,9642.29,167434,9209.16,169494,9324.96,103520,5686.51,185511,10183.49,41943,2298.49,77974,4280.11,-159618,-8748.36
002045.SZ,20260403,24047,2762.09,20451,2349.97,13576,1558.94,19991,2297.12,9592,1103.38,6773,777.33,0,0.0,0,0.0,-8343,-956.1
002046.SZ,20260403,22998,9775.46,15851,6750.82,21478,9137.11,23992,10199.25,13916,5919.48,17870,7597.39,7460,3180.47,8138,3465.06,-1910,-789.01
002047.SZ,20260403,39977,1920.25,26378,1270.33,83553,4014.3,60702,2922.17,80490,3878.22,101557,4884.67,11207,537.67,26591,1273.27,-43246,-2063.35
002048.SZ,20260403,44165,11067.5,25826,6472.35,22490,5634.92,25605,6419.21,13227,3314.34,18507,4632.11,3541,888.1,13485,3381.19,1853,476.03
002049.SZ,20260403,36822,24039.58,21146,13826.96,28802,18818.67,30705,20072.53,17152,11208.83,23630,15429.17,5956,3897.69,13251,8636.1,-7441,-4876.8
002050.SZ,20260403,155599,65721.91,97912,41389.72,166369,70322.14,152202,64343.67,96062,40623.2,133261,56321.36,38806,16444.18,73462,31056.68,-57097,-24066.99
002051.SZ,20260403,388058,37360.68,444791,42664.12,415235,40020.3,350810,33816.56,338212,32699.48,277841,26976.49,112900,10958.05,180962,17581.33,-7608,-674.86
002052.SZ,20260403,33035,3288.81,26678,2659.53,38504,3834.35,36454,3630.53,21812,2175.14,30346,3022.78,1000,101.4,873,86.86,-3201,-312.85
002053.SZ,20260403,84364,9469.37,70542,7924.14,91575,10249.6,55196,6207.58,74284,8271.8,52219,5853.49,37531,4146.19,109797,12151.76,-5636,-687.82
002054.SZ,20260403,72760,6022.88,58795,4866.3,24478,2025.56,30388,2517.65,7628,631.31,18683,1543.45,3000,247.65,0,0.0,4548,379.62
002055.SZ,20260403,40377,2246.66,32408,1804.43,65230,3633.2,59822,3332.69,44502,2479.29,47787,2661.7,148,8.18,10240,568.51,-30491,-1688.3
002056.SZ,20260403,97002,17513.11,72417,13077.27,73950,13376.15,74404,13457.15,39590,7152.92,47856,8642.54,5122,928.22,20986,3793.44,-47438,-8549.1
002057.SZ,20260403,45182,4099.63,32163,2918.8,29107,2640.01,25442,2307.96,17632,1599.98,21908,1985.25,12733,1158.62,25142,2286.23,4868,448.54
002058.SZ,20260403,3201,685.49,4880,1049.9,6104,1319.4,5846,1257.39,5092,1096.75,3143,677.52,0,0.0,528,116.84,1644,367.76
002059.SZ,20260403,43253,2148.0,40841,2030.03,28387,1410.31,35203,1748.44,23197,1153.5,13444,667.62,2546,126.28,7895,391.99,-25303,-1254.08
002060.SZ,20260403,238486,8996.4,216400,8177.46,157188,5936.38,131980,4985.6,78929,2983.46,92491,3490.0,22360,849.86,56092,2113.04,-119662,-4516.84
002061.SZ,20260403,85848,3301.67,97141,3736.59,57316,2206.6,54124,2080.93,40912,1572.83,43958,1689.41,20107,769.6,8960,343.76,-42610,-1635.65
002062.SZ,20260403,52703,3805.55,40372,2913.37,24558,1770.94,26234,1893.7,11873,855.95,20086,1448.07,1504,108.74,3946,286.04,-9458,-681.82
002063.SZ,20260403,215481,13499.95,198092,12420.29,188659,11829.12,177459,11134.03,122357,7671.69,112797,7076.77,14518,916.02,52667,3285.69,-116009,-7232.23
002064.SZ,20260403,101766,10510.83,69638,7195.46,54092,5585.68,55355,5715.38,22875,2360.49,50834,5245.77,1928,197.43,4834,497.82,-26624,-2728.89
002065.SZ,20260403,91381,7209.56,74260,5860.8,59916,4728.07,66821,5273.92,37171,2932.29,36794,2900.02,1698,133.97,12291,969.15,-14807,-1158.6
002066.SZ,20260403,8362,1657.25,8169,1619.18,10103,2002.88,9274,1838.43,4734,936.72,6284,1243.46,528,104.23,0,0.0,-3073,-609.83
002067.SZ,20260403,171151,7940.42,103129,4791.16,135417,6289.75,150811,7002.24,70454,3268.46,112265,5209.21,14121,657.01,24938,1153.03,-100679,-4678.2
002068.SZ,20260403,101284,8407.01,98988,8213.88,89236,7399.3,62873,5227.45,44674,3702.61,53702,4459.68,2422,205.01,22053,1812.92,-55463,-4579.87
002069.SZ,20260403,84894,3054.61,61819,2227.21,41541,1493.87,57931,2081.6,18872,678.42,25557,918.09,0,0.0,0,0.0,-59541,-2138.84
002072.SZ,20260403,51044,3803.18,55543,4139.67,41372,3089.82,38107,2840.79,19764,1471.77,16734,1249.62,0,0.0,1796,134.7,-15784,-1172.77
002073.SZ,20260403,247341,17340.76,309152,21551.32,223380,15670.71,148490,10424.95,153780,10774.57,132594,9343.67,36312,2543.71,70577,5009.82,-107973,-7564.58
002074.SZ,20260403,119534,40524.06,62360,21162.65,97813,33196.46,101291,34385.94,57877,19636.77,85210,28884.72,30103,10190.05,56467,19114.04,-44910,-15215.64
002075.SZ,20260403,75954,3501.65,72004,3319.86,74625,3438.27,68667,3165.96,49777,2294.37,52060,2397.85,11456,528.14,19082,878.76,-40584,-1866.98
002076.SZ,20260403,43435,880.92,38093,773.69,62142,1260.17,62327,1267.38,51401,1044.79,58654,1189.21,15543,314.69,13447,270.28,-83917,-1702.38
002077.SZ,20260403,146227,21947.08,102448,15400.33,106362,15965.13,111976,16790.61,36981,5537.59,67324,10085.15,1676,248.05,9499,1421.76,-59018,-8819.81
002078.SZ,20260403,34460,5178.69,35355,5316.6,29836,4485.96,34588,5204.16,18070,2719.91,14691,2209.06,4730,714.39,2462,369.13,-7786,-1170.63
002079.SZ,20260403,61430,5725.07,55722,5197.31,53350,4975.02,48479,4525.38,17202,1607.66,27437,2562.05,8252,775.71,8596,798.74,-44760,-4166.08
002080.SZ,20260403,86074,34520.22,94550,37984.03,101946,40929.14,97569,39221.11,75816,30516.1,61638,24764.76,19475,7848.16,29554,11843.72,11281,4678.82
002081.SZ,20260403,80073,2640.64,77985,2573.86,70788,2335.8,55937,1844.41,26594,877.11,36168,1194.48,3576,118.37,10941,359.16,-48589,-1598.69
002082.SZ,20260403,177932,60845.23,180843,61920.16,210921,72187.36,204448,70016.21,155252,53188.6,155226,53016.91,88320,30015.9,91909,31283.81,57875,20127.93
002083.SZ,20260403,204644,24556.51,164112,19709.6,165338,19869.46,167921,20188.56,119435,14343.92,120333,14456.04,27829,3330.43,64880,7746.12,-77656,-9307.9
002084.SZ,20260403,166011,5968.83,177454,6364.13,85128,3059.25,80027,2878.37,64837,2321.08,50189,1814.58,12047,436.07,20353,728.15,-37276,-1371.48
002085.SZ,20260403,79200,10754.16,46311,6290.59,73511,9983.6,74916,10173.56,34899,4734.98,52368,7110.31,5801,784.86,19816,2683.13,-57026,-7734.66
002086.SZ,20260403,208251,4254.74,139286,2846.18,148118,3028.47,131407,2688.42,99774,2040.18,169058,3457.17,28198,576.56,44590,908.17,-189037,-3858.73
002088.SZ,20260403,12737,1246.8,13399,1313.25,10991,1076.12,7768,760.89,2766,271.53,5217,509.45,8000,790.79,8110,801.65,3249,326.81
002090.SZ,20260403,37383,3915.77,33043,3463.39,25957,2717.5,24528,2571.09,11561,1209.64,16433,1716.9,2137,226.12,3033,317.67,-10862,-1138.47
002091.SZ,20260403,55687,4985.72,71829,6431.33,51365,4598.84,49976,4474.37,42800,3833.68,33324,2982.89,5277,470.35,0,0.0,-10562,-937.25
002092.SZ,20260403,313325,19847.56,204409,12955.78,233733,14827.24,299502,18999.54,200413,12703.73,240157,15211.23,84416,5348.02,87819,5560.01,-97352,-6161.89
002093.SZ,20260403,38703,3581.8,27527,2548.99,18736,1733.29,21313,1971.6,3975,366.86,10456,965.23,2881,266.78,4999,462.91,-9167,-846.9
002094.SZ,20260403,89635,5753.21,93913,6036.09,58259,3745.03,46493,2990.74,31533,2029.87,33187,2128.17,1240,78.62,7074,451.73,-38649,-2461.99
002095.SZ,20260403,10895,1752.17,12247,1970.24,8925,1436.82,7270,1169.95,4946,795.03,3649,586.98,0,0.0,1600,256.86,-5795,-933.4
002096.SZ,20260403,27380,3114.62,39349,4474.96,25098,2853.79,19782,2251.37,13743,1563.51,10061,1145.21,6130,700.28,3159,360.65,-17667,-2006.41
002097.SZ,20260403,76874,7447.59,51418,4983.84,44917,4356.65,55520,5381.55,13057,1265.56,29106,2821.02,2408,233.57,1212,116.96,-25504,-2465.61
002098.SZ,20260403,20049,1780.17,29527,2620.38,16674,1495.43,12398,1114.3,7354,656.49,4292,393.03,2140,195.63,0,0.0,-3501,-302.37
002099.SZ,20260403,202786,14044.35,136223,9440.87,131712,9142.94,121752,8439.21,90288,6269.36,131060,9099.43,21133,1480.06,56883,3957.2,-67275,-4703.71
002100.SZ,20260403,108182,8048.55,119989,8917.66,88212,6558.37,87747,6533.63,51012,3794.66,32884,2442.88,4493,332.1,11279,839.52,-49959,-3706.41
002101.SZ,20260403,24230,2647.45,28377,3100.06,12799,1398.12,9968,1088.12,6726,733.3,5410,590.7,0,0.0,0,0.0,-7683,-837.26
002102.SZ,20260403,437975,12707.38,648956,18904.61,510733,14835.74,557008,16182.4,564898,16463.5,441424,12828.56,340091,9901.78,206309,5992.82,106123,3144.36
002103.SZ,20260403,26120,2157.27,26842,2218.4,11834,976.25,13338,1102.41,6944,575.59,3798,313.17,580,48.02,1500,123.15,-11910,-984.64
002104.SZ,20260403,113501,17482.3,150766,23176.56,95533,14739.92,70885,10953.08,51583,7959.8,39544,6134.4,7730,1193.6,7152,1111.6,-27513,-4227.06
002105.SZ,20260403,50182,3060.84,60030,3663.72,23669,1450.04,18485,1127.55,11000,668.58,6336,388.18,0,0.0,0,0.0,-13465,-825.58
002106.SZ,20260403,33624,3402.51,28796,2915.09,31432,3178.99,29137,2948.83,14647,1480.37,15263,1541.24,0,0.0,6507,656.72,-5715,-576.35
002107.SZ,20260403,122426,8356.83,177781,12168.12,104438,7163.92,89964,6171.08,87768,6030.17,53895,3696.27,12767,886.45,5760,401.9,2896,219.49
002108.SZ,20260403,270017,12633.91,200321,9366.82,222300,10413.15,212161,9930.68,134457,6287.44,169807,7950.07,41701,1945.8,86186,4032.72,-149167,-6989.97
002109.SZ,20260403,253473,10458.25,232669,9594.99,279592,11546.8,268071,11066.6,227552,9395.58,248305,10250.25,47454,1935.26,59026,2424.05,-208942,-8577.87
002110.SZ,20260403,86639,3261.68,60070,2263.5,44524,1676.71,46798,1759.93,35189,1322.06,52299,1967.12,3000,113.4,10186,383.3,-37784,-1419.64
002111.SZ,20260403,36478,3470.83,34561,3288.86,16660,1581.46,18787,1782.14,3927,371.3,5987,566.88,2270,214.29,0,0.0,-13804,-1308.32
002112.SZ,20260403,72613,14629.17,61825,12480.15,57691,11640.62,68752,13853.02,40079,8080.19,39104,7871.5,12013,2410.37,12715,2555.67,-124,-24.59
002114.SZ,20260403,50550,4161.5,42821,3525.92,27748,2284.55,31437,2589.3,11981,985.94,14882,1223.92,1550,127.1,2689,219.96,-16407,-1349.45
002115.SZ,20260403,111910,13180.41,100352,11822.81,72909,8587.55,79099,9312.07,30762,3616.96,32193,3789.74,5185,605.92,9121,1066.23,-24997,-2933.69
002116.SZ,20260403,28237,2829.22,33463,3347.54,17739,1775.25,12475,1249.71,7523,750.74,7562,757.96,0,0.0,0,0.0,-5242,-526.85
002117.SZ,20260403,28596,2732.8,23046,2203.64,25326,2422.64,20110,1919.44,11093,1058.6,21320,2039.43,8440,807.38,8980,858.91,-8688,-835.28
002119.SZ,20260403,59695,11534.15,45644,8830.41,30184,5832.69,33762,6526.94,13223,2555.93,18149,3501.29,3810,732.7,9357,1796.82,-5148,-991.81
002120.SZ,20260403,49239,3289.75,43352,2896.27,40716,2718.56,39192,2619.17,23298,1555.8,30392,2027.7,3515,234.31,3832,255.28,-39892,-2660.23
002121.SZ,20260403,147563,10918.93,84389,6252.57,84880,6284.98,92806,6878.92,50052,3721.23,88201,6535.08,18150,1335.66,35249,2594.24,-47063,-3482.72
002122.SZ,20260403,52596,1508.08,32729,938.81,47626,1366.37,50368,1444.54,23232,666.88,31530,905.6,5000,143.5,13827,395.88,-56042,-1607.08
002123.SZ,20260403,44536,4283.5,38084,3666.14,28587,2748.27,35994,3462.33,13309,1281.28,12395,1190.37,2952,285.08,2911,279.29,-12942,-1245.66
002124.SZ,20260403,156783,3625.33,158279,3660.0,126611,2931.3,120135,2785.83,61414,1419.94,91329,2118.76,42282,988.46,17346,400.43,-121490,-2820.21
002125.SZ,20260403,72208,9111.03,53900,6805.1,56484,7120.34,49807,6290.6,25289,3185.68,36851,4643.36,5284,677.85,18707,2355.83,-36058,-4505.53
002126.SZ,20260403,39428,16596.44,40070,16890.24,33598,14157.23,34822,14680.46,27550,11622.98,17084,7191.65,2690,1129.44,11290,4743.74,-9242,-3848.92
002127.SZ,20260403,92202,2472.89,77185,2071.37,50767,1361.26,59446,1595.71,31649,850.12,40065,1073.87,10000,269.0,7922,212.31,-47934,-1286.63
002128.SZ,20260403,43477,13102.13,37245,11235.83,31814,9588.73,31846,9585.83,25660,7721.53,25745,7743.71,8818,2653.31,14933,4500.33,-4762,-1423.88
002129.SZ,20260403,407071,33620.99,225260,18624.15,384710,31813.42,332932,27561.6,197501,16343.93,309358,25536.25,88914,7346.29,210645,17402.63,-161930,-13400.59
002130.SZ,20260403,83481,19281.91,60094,13902.69,76458,17673.59,65321,15106.92,55752,12895.59,65517,15143.99,15890,3687.16,40650,9384.63,-37752,-8682.32
002131.SZ,20260403,1406043,101212.22,887771,63916.41,994245,71577.17,1052041,75747.29,565161,40717.84,805151,57979.38,164649,11842.03,385135,27706.17,-678540,-48634.62
002132.SZ,20260403,154258,5683.36,183457,6756.82,123882,4565.3,108760,4008.2,102569,3777.08,77797,2865.37,11195,411.74,21890,807.09,-52558,-1931.05
002133.SZ,20260403,90479,2925.26,114173,3686.04,65980,2131.71,48170,1555.98,28826,925.11,22942,740.06,0,0.0,0,0.0,-16703,-543.99
002134.SZ,20260403,16229,3208.18,13526,2675.94,10444,2064.28,8084,1600.57,4259,841.51,6400,1264.54,1394,275.47,4316,848.4,-5040,-1002.07
002135.SZ,20260403,108211,7058.73,148619,9745.68,129045,8442.72,105516,6919.08,88117,5768.75,94233,6154.21,36715,2453.93,13720,905.15,8953,692.9
002136.SZ,20260403,37566,4482.34,37308,4448.73,25470,3038.24,21751,2597.11,7846,938.22,14777,1760.84,8303,987.4,5349,639.52,-19935,-2375.13
002137.SZ,20260403,41250,3207.93,48932,3806.95,32576,2533.84,27407,2134.42,12427,965.75,13900,1086.22,3986,320.08,0,0.0,-15259,-1188.64
002138.SZ,20260403,46776,15241.46,54674,17822.99,38123,12428.61,29864,9733.77,27110,8831.8,24121,7858.55,9246,3009.24,12596,4095.8,-8942,-2894.48
002139.SZ,20260403,51939,6179.17,32552,3871.9,33464,3977.08,34366,4086.49,13212,1570.77,28257,3360.18,1135,135.29,4575,543.75,-26091,-3101.44
002140.SZ,20260403,59406,7247.47,64232,7867.59,38450,4708.22,32347,3956.45,23682,2897.35,18382,2241.83,4289,528.76,10866,1315.94,-26884,-3295.58
002141.SZ,20260403,73815,2664.44,63499,2290.95,39595,1429.78,43586,1575.57,37140,1342.73,45168,1631.41,6828,245.48,5125,184.5,-40382,-1457.46
002142.SZ,20260403,57110,17164.36,42526,12795.2,38411,11544.29,34268,10307.57,27636,8304.06,47623,14287.2,13889,4168.22,12629,3790.97,-32896,-9892.69
002144.SZ,20260403,21894,3175.35,25327,3669.42,13540,1961.47,10003,1453.58,2740,395.84,3687,531.89,843,122.24,0,0.0,-2306,-335.47
002145.SZ,20260403,171146,7575.93,117152,5191.41,154460,6842.11,167132,7401.09,79553,3518.55,107265,4749.07,23324,1040.15,36934,1635.18,-114049,-5042.18
002146.SZ,20260403,284465,3891.71,280474,3837.3,256699,3510.74,291984,3996.52,271215,3707.7,251993,3451.14,124238,1704.31,112165,1529.5,-186013,-2532.32
002148.SZ,20260403,34126,2496.97,31471,2303.19,15920,1163.09,12567,918.62,2939,214.6,8947,652.85,0,0.0,0,0.0,-12945,-945.34
002149.SZ,20260403,164838,79364.31,147386,71104.41,170079,81987.33,162019,78001.42,123751,59629.48,139494,67136.71,49505,23701.62,59274,28440.21,4796,2486.62
002150.SZ,20260403,87502,25586.03,59456,17398.53,54580,15976.6,67558,19762.29,30994,9071.01,51638,15095.55,16937,4937.79,11361,3315.07,-9805,-2897.29
002151.SZ,20260403,71481,25826.65,39722,14368.05,42476,15357.44,49766,17995.97,23274,8400.17,38661,13946.78,11748,4224.8,20829,7498.26,3638,1300.04
002152.SZ,20260403,73195,8379.51,72663,8321.69,62992,7212.5,60882,6971.7,36781,4212.91,31694,3630.88,8523,973.88,16253,1854.53,6612,764.02
002153.SZ,20260403,76220,7088.85,56501,5254.46,46441,4316.02,46963,4368.83,22431,2080.33,30428,2823.95,1800,166.75,13000,1204.71,-6826,-635.84
002154.SZ,20260403,57861,2063.53,51736,1845.57,48345,1727.81,36817,1315.56,27485,980.6,34063,1215.83,0,0.0,11075,394.99,-52565,-1879.67
002155.SZ,20260403,164756,47993.71,124611,36328.04,119351,34773.5,115074,33537.41,83258,24259.73,95529,27833.84,21957,6410.68,54108,15738.33,-15787,-4560.18
002156.SZ,20260403,103676,42272.94,84843,34609.64,100070,40817.36,103339,42171.36,56887,23217.49,72449,29548.7,20706,8456.53,20708,8434.62,-19599,-7929.65
002157.SZ,20260403,348618,10529.69,287940,8695.99,409456,12368.65,304690,9204.14,319365,9647.41,363729,10996.08,73219,2213.09,194299,5862.63,-187760,-5650.86
002158.SZ,20260403,12428,2688.86,11540,2499.14,9097,1969.35,7164,1550.73,4160,899.79,5884,1272.31,464,101.52,1561,337.35,1610,350.86
002159.SZ,20260403,24015,4492.37,25475,4761.19,16613,3106.41,15398,2883.34,4990,931.91,4745,886.16,0,0.0,0,0.0,-4154,-779.06
002160.SZ,20260403,309867,14938.58,262476,12656.6,263030,12681.52,225373,10882.6,118417,5736.48,195349,9455.39,18875,926.49,26991,1288.5,-138779,-6674.0
002161.SZ,20260403,71241,5179.94,63312,4602.95,41605,3025.22,37110,2699.38,22567,1638.76,33042,2400.29,0,0.0,1949,141.3,-17644,-1277.56
002162.SZ,20260403,76062,3501.43,50506,2329.16,42647,1963.94,46858,2159.36,28382,1309.31,41374,1903.0,0,0.0,8354,383.16,-43805,-2022.02
002163.SZ,20260403,98608,12276.01,84751,10549.32,55997,6967.23,57387,7147.11,27392,3408.39,37531,4662.79,5693,704.62,8021,997.05,-36010,-4486.39
002164.SZ,20260403,25833,3062.88,23325,2767.81,16298,1933.27,15113,1792.24,7052,835.45,10694,1265.5,0,0.0,51,6.04,-6573,-778.73
002165.SZ,20260403,376671,34069.43,273782,24768.29,224205,20289.42,273455,24742.67,107270,9709.98,164285,14869.77,42196,3830.6,38821,3518.71,-47333,-4279.99
002166.SZ,20260403,78784,7233.12,57542,5277.15,43340,3967.91,39672,3642.06,18545,1695.44,35088,3215.79,7265,663.81,15632,1425.29,-26533,-2426.08
002167.SZ,20260403,66855,7836.73,48782,5721.65,45537,5341.01,42060,4933.44,25752,3020.15,40788,4785.39,10463,1225.41,16977,1982.81,-18206,-2132.55
002168.SZ,20260403,34784,1364.09,25225,990.89,35712,1401.9,34308,1347.9,31271,1228.71,38265,1500.1,2652,103.96,6621,259.77,-19969,-780.5
002169.SZ,20260403,79811,11295.59,71062,10091.98,90231,12784.6,79834,11345.11,70543,10045.67,75296,10691.91,16265,2307.09,30658,4303.96,-26039,-3589.57
002170.SZ,20260403,45801,5742.81,38548,4836.74,49393,6196.61,46668,5853.82,36090,4525.08,44158,5536.65,13017,1629.86,14927,1867.15,-28816,-3609.51
002171.SZ,20260403,82689,8974.86,50240,5457.82,61781,6708.02,64824,7040.06,38417,4167.87,52397,5682.5,7536,814.98,22961,2485.35,-7956,-855.52
002172.SZ,20260403,105080,4112.95,85572,3353.31,42885,1682.04,55137,2158.22,23848,933.4,31104,1216.86,0,0.0,0,0.0,-50617,-1978.28
002173.SZ,20260403,143021,35237.7,93412,23036.24,106632,26283.02,114418,28203.6,51801,12760.64,85576,21069.18,11263,2782.33,19311,4754.68,-74704,-18420.28
002174.SZ,20260403,55974,5276.24,38701,3649.52,31670,2989.3,34174,3222.19,14431,1360.13,21167,1996.63,3836,361.18,11869,1118.51,-13067,-1229.81
002175.SZ,20260403,338767,9519.03,229462,6435.71,227684,6391.48,272298,7648.37,94427,2650.45,174243,4884.13,40865,1136.8,25740,729.57,-121802,-3418.74
002176.SZ,20260403,349304,35537.33,259656,26456.98,288569,29415.12,286451,29205.11,209320,21366.63,244113,24881.63,47080,4803.89,104053,10579.26,-140137,-14140.6
002177.SZ,20260403,322388,24015.61,358510,26741.86,270894,20214.62,242132,18082.01,169994,12700.32,149250,11131.17,32728,2452.13,46113,3427.63,-35386,-2543.65
002178.SZ,20260403,64597,3896.05,62132,3744.61,41990,2529.45,42241,2547.63,18607,1119.48,26138,1571.48,8876,532.35,3559,213.61,-37954,-2285.85
002179.SZ,20260403,50970,16859.12,65075,21532.56,62239,20600.36,43338,14348.0,40695,13462.96,35652,11797.77,7587,2506.62,17425,5750.72,-17789,-5880.56
002180.SZ,20260403,24423,3956.61,24789,4018.66,25598,4150.68,22445,3641.51,13407,2172.21,16488,2668.3,1948,316.76,1654,267.79,-15242,-2466.24
002181.SZ,20260403,324497,36081.49,203919,22711.95,261897,29177.94,269713,30015.05,144321,16059.72,215463,23950.62,38482,4281.54,80103,8923.07,-128405,-14177.14
002182.SZ,20260403,60135,9420.49,54491,8542.77,49014,7683.28,50462,7912.24,46875,7339.71,39517,6192.94,9600,1499.33,21153,3294.86,-27603,-4321.57
002183.SZ,20260403,385544,20190.61,344465,18136.34,491613,25808.78,476858,25051.37,350958,18454.98,367665,19258.78,118085,6194.46,157212,8202.35,-138326,-7087.54
002184.SZ,20260403,18594,2065.95,18296,2032.72,10565,1173.84,10348,1149.6,3638,403.93,4017,446.32,0,0.0,136,15.08,-1807,-199.35
002185.SZ,20260403,225924,25769.33,191398,21841.81,170890,19501.96,177674,20273.8,113660,12948.32,109353,12468.52,70802,8058.61,102851,11694.1,-49597,-5629.97
002186.SZ,20260403,14577,1486.79,14628,1493.06,9037,919.86,9063,924.04,3956,406.13,3879,395.67,0,0.0,0,0.0,-5086,-521.34
002187.SZ,20260403,48617,3013.54,47428,2943.31,22104,1373.92,25502,1582.61,12507,775.95,10403,644.03,105,6.54,0,0.0,-13533,-839.86
002188.SZ,20260403,66793,4068.16,73379,4468.69,45683,2782.17,39972,2435.02,10068,615.1,9193,561.71,0,0.0,0,0.0,-13564,-824.78
002189.SZ,20260403,23255,4409.83,26734,5100.64,17780,3391.09,16756,3191.96,10052,1923.71,6811,1292.93,1428,272.89,2214,411.98,-2677,-508.18
002190.SZ,20260403,14425,4369.25,10895,3302.18,7205,2183.34,9272,2807.87,3548,1073.64,5011,1516.18,0,0.0,0,0.0,-913,-279.48
002191.SZ,20260403,45317,1620.42,48517,1735.34,32048,1144.98,29580,1057.37,18567,664.05,17835,636.74,0,0.0,0,0.0,-33754,-1206.0
002192.SZ,20260403,110692,77730.31,91088,64084.07,98146,68961.27,113666,79985.82,80493,56560.09,90276,63333.76,38776,27425.02,33076,23273.03,1872,1697.31
002193.SZ,20260403,49427,2688.93,66035,3593.15,38837,2117.3,28007,1524.68,10248,555.82,6930,376.08,2460,131.86,0,0.0,-3542,-188.77
002194.SZ,20260403,41984,4269.23,31475,3202.84,19887,2020.36,20968,2131.66,9722,989.65,15799,1602.52,1143,115.21,4494,457.44,2450,253.93
002195.SZ,20260403,741051,63731.05,470875,40493.69,595735,51243.84,648130,55762.22,301312,25951.3,444622,38257.13,71315,6125.34,145785,12538.48,-392325,-33692.84
002196.SZ,20260403,78046,10535.14,48370,6530.08,40647,5490.18,50560,6827.93,17934,2419.24,30209,4077.55,1795,242.21,9283,1251.2,-20900,-2818.15
002197.SZ,20260403,55594,4128.76,50015,3716.31,48477,3601.01,53634,3983.37,33002,2446.02,29779,2206.8,2415,178.23,6060,447.53,4522,339.23
002198.SZ,20260403,66997,5040.41,66154,4983.18,54360,4097.97,41842,3158.85,45385,3422.83,35026,2637.81,14877,1113.57,38597,2894.93,-8605,-664.99
002199.SZ,20260403,6694,551.84,7745,638.73,9869,809.96,10757,885.57,4886,402.47,6383,528.69,3436,288.73,0,0.0,-5639,-462.62
002200.SZ,20260403,3286,233.75,4607,327.53,5873,417.88,4459,317.42,1680,119.27,1668,118.47,0,0.0,105,7.48,-3091,-220.01
002201.SZ,20260403,179698,19993.0,105348,11727.98,85273,9502.74,110102,12263.14,29774,3315.59,72713,8091.29,4478,498.81,11060,1227.73,-46917,-5228.69
002202.SZ,20260403,719700,169661.87,620600,146644.27,785885,185740.72,743120,175134.75,583106,137693.42,576979,135684.11,332449,78183.12,480441,113816.0,37812,9202.63
002203.SZ,20260403,110532,16386.68,120581,17966.91,137578,20515.37,120757,17980.31,98042,14674.38,101638,15173.33,33636,5035.65,36811,5491.52,46046,6816.46
002204.SZ,20260403,113767,7435.09,111414,7288.82,92569,6056.44,98944,6475.63,61762,4043.1,68517,4481.96,25438,1668.58,14662,956.8,1696,131.62
002205.SZ,20260403,16311,2039.19,19324,2418.47,9985,1250.4,6550,822.37,2773,349.36,3869,486.05,1500,196.8,826,108.87,-3281,-401.21
002206.SZ,20260403,50352,3029.16,62686,3770.93,34778,2091.35,31779,1910.95,26611,1601.54,21831,1312.32,8015,479.84,3460,207.7,-22502,-1353.01
002207.SZ,20260403,145671,13632.47,135439,12658.56,111640,10473.53,104174,9779.92,58427,5496.42,70111,6588.47,16264,1524.31,22278,2099.78,-58954,-5430.49
002208.SZ,20260403,115443,13083.62,83810,9516.75,92216,10471.13,90142,10224.04,43090,4878.19,72708,8243.75,6507,739.03,10596,1187.44,-19494,-2222.0
002209.SZ,20260403,27648,4239.37,29508,4527.5,17345,2662.06,15841,2429.26,4468,686.37,4112,631.05,0,0.0,0,0.0,-3516,-540.03
002210.SZ,20260403,244749,6162.34,169547,4268.6,154997,3906.45,165309,4163.44,92162,2318.62,128854,3244.92,12968,328.0,41166,1038.44,-121236,-3041.18
002211.SZ,20260403,18428,633.19,19273,661.89,24924,856.84,18171,622.45,8772,300.7,14680,506.39,0,0.0,0,0.0,-16976,-584.71
002212.SZ,20260403,72357,5208.23,48808,3515.95,48770,3512.44,54139,3899.78,26225,1887.82,38947,2802.31,2500,179.75,7958,570.21,-36246,-2598.46
002213.SZ,20260403,107867,29627.94,71188,19554.31,95260,26185.03,98420,27003.46,51286,14083.1,71272,19587.05,12627,3483.76,26160,7235.01,-63813,-17508.96
002214.SZ,20260403,2936,523.25,1770,316.08,6686,1191.64,5226,932.68,2712,483.64,4533,807.79,813,145.85,1618,287.84,-718,-126.18
002215.SZ,20260403,29560,2986.95,23630,2388.46,22479,2271.42,19324,1954.2,11098,1121.95,14832,1497.72,1996,201.2,7347,741.12,-5197,-523.41
002216.SZ,20260403,58945,7466.93,36083,4573.73,20366,2577.95,29352,3717.06,12964,1638.89,27434,3468.87,3000,378.18,2407,302.31,1314,167.55
002217.SZ,20260403,413273,9156.38,302534,6711.88,401753,8914.94,479003,10620.23,326369,7238.66,346298,7677.35,159128,3526.03,172688,3826.55,-91839,-1967.95
002218.SZ,20260403,1027014,61984.72,724346,43705.93,674066,40712.3,710945,42991.9,347503,21008.11,439921,26679.38,85299,5212.06,258670,15539.98,-542300,-32685.12
002219.SZ,20260403,541668,12909.51,410745,9780.56,334759,7989.11,373595,8914.96,247658,5906.61,255952,6099.02,76062,1817.37,159855,3828.05,-326807,-7805.03
002221.SZ,20260403,147743,11779.76,103869,8294.97,173712,13884.99,155982,12454.04,100365,8008.08,140804,11233.42,50154,3997.44,71319,5687.84,-101733,-8146.32
002222.SZ,20260403,59966,43604.28,102320,75196.25,92798,67644.31,134425,99007.38,103203,75693.45,148066,109330.53,232623,173915.08,103780,77322.96,-37418,-29512.73
002223.SZ,20260403,23373,7792.48,15958,5320.5,14962,4990.39,17615,5875.92,6376,2126.23,10576,3524.46,1397,465.61,1959,653.82,-13891,-4631.65
002224.SZ,20260403,160921,6937.3,148422,6402.23,186929,8068.77,118585,5132.79,93995,4051.46,112517,4862.39,12327,521.72,74648,3181.85,-81669,-3544.63
002225.SZ,20260403,93292,4876.13,105166,5487.71,75862,3969.22,70567,3691.69,51194,2671.7,48187,2518.89,7814,405.13,4242,223.9,-35631,-1861.5
002226.SZ,20260403,54241,2904.54,38056,2038.28,45641,2442.81,44249,2370.44,17812,954.85,30060,1609.11,2233,119.69,7561,404.06,-27550,-1470.97
002227.SZ,20260403,25957,2271.79,27891,2438.01,17360,1516.12,16194,1417.31,5686,494.58,4918,427.19,0,0.0,0,0.0,-15351,-1335.49
002228.SZ,20260403,115405,4395.69,102386,3903.98,61504,2344.89,64210,2449.61,63168,2417.05,48653,1853.25,11323,430.02,36151,1380.82,-59180,-2254.84
002229.SZ,20260403,230574,41221.32,317596,56957.94,290040,51979.6,281570,50475.52,233927,42033.42,146172,26201.81,34335,6197.86,43537,7796.94,103197,18883.21
002230.SZ,20260403,56155,25768.41,50343,23112.05,64008,29380.51,61696,28324.37,53410,24517.34,51580,23676.09,13388,6144.74,23342,10698.49,-8050,-3675.16
002232.SZ,20260403,15562,2681.59,15564,2681.42,9503,1635.78,9749,1678.47,2310,397.08,2062,354.54,0,0.0,0,0.0,-6066,-1043.72
002233.SZ,20260403,36913,3384.39,37391,3425.56,30158,2765.28,29956,2750.37,9564,878.19,7440,679.48,0,0.0,1848,172.46,-14709,-1347.05
002234.SZ,20260403,38771,3115.47,44555,3576.95,24668,1983.45,18803,1513.52,11574,928.66,9578,771.75,1256,100.35,3333,265.71,-17315,-1385.03
002235.SZ,20260403,108075,10809.14,97153,9723.19,95237,9540.65,85055,8522.37,50074,5011.19,64035,6406.43,7576,758.58,14719,1467.58,-56222,-5614.75
002236.SZ,20260403,44569,7482.11,35140,5901.21,41252,6925.75,42184,7083.77,26916,4520.48,34632,5813.94,5426,911.13,6207,1040.55,-3064,-507.72
002237.SZ,20260403,77090,11219.82,59624,8686.89,52884,7694.29,43024,6268.69,33258,4841.35,24537,3574.78,18677,2710.45,54724,7935.54,15568,2254.07
002238.SZ,20260403,22874,1647.37,27113,1952.22,17180,1238.51,12785,921.76,5235,376.35,5391,388.25,0,0.0,0,0.0,-11063,-796.11
002239.SZ,20260403,275829,8128.86,223678,6596.21,223916,6597.5,177498,5236.66,107854,3180.59,151737,4473.81,32004,945.68,86690,2545.96,-125990,-3703.59
002240.SZ,20260403,147213,56952.24,136410,52861.23,139380,54090.18,129202,50099.36,99538,38595.2,106314,41201.48,29072,11305.95,43276,16781.5,8602,3466.15
002241.SZ,20260403,130953,29235.68,88038,19668.45,108543,24243.83,113897,25454.35,79351,17720.93,92543,20665.74,41466,9258.68,65837,14670.57,-74562,-16633.41
002242.SZ,20260403,24320,2311.56,27460,2610.79,15737,1496.24,10781,1024.94,2101,199.51,5195,495.55,1278,123.96,0,0.0,-6032,-572.88
002243.SZ,20260403,50225,4179.92,34728,2893.43,34737,2887.53,37629,3130.26,23062,1919.56,30571,2536.43,4974,411.92,10070,838.81,-2318,-195.29
002244.SZ,20260403,49251,4688.96,49181,4685.95,56758,5405.49,63521,6048.31,31047,2952.63,36792,3500.53,22095,2105.96,9657,918.25,-29062,-2759.35
002245.SZ,20260403,175747,29243.39,106620,17796.45,151781,25267.21,152164,25345.98,90573,15080.26,127770,21236.08,36898,6130.07,68444,11342.43,-65405,-10845.95
002246.SZ,20260403,83503,19845.62,45477,10819.96,62880,14927.06,69352,16488.44,48689,11563.37,66641,15808.02,18641,4422.76,32243,7642.39,-6171,-1458.37
002247.SZ,20260403,150701,4041.33,176512,4711.67,112971,3021.05,83346,2229.19,64607,1715.78,67186,1804.11,4654,122.87,5889,156.06,-84341,-2243.86
002248.SZ,20260403,49108,5713.18,36748,4276.12,27640,3211.24,30765,3577.86,11227,1301.2,17714,2055.69,3441,403.34,6189,719.29,-1984,-231.2
002249.SZ,20260403,106359,9451.63,71828,6386.88,88667,7881.63,106524,9467.28,60041,5336.3,67783,6024.04,19045,1691.08,27977,2482.44,-29705,-2634.9
002250.SZ,20260403,50766,8037.91,45203,7161.86,37311,5910.43,39693,6290.07,22199,3517.94,26391,4174.13,13904,2192.64,12893,2032.87,-2286,-353.49
002251.SZ,20260403,149433,6177.69,111952,4626.32,104491,4320.38,107126,4429.02,64022,2643.87,84988,3510.9,6100,250.1,19980,825.8,-93143,-3843.46
002252.SZ,20260403,88139,5109.15,101132,5864.13,103205,5984.24,82054,4760.4,68047,3948.49,69727,4045.28,6000,348.4,12478,720.47,-96967,-5627.9
002253.SZ,20260403,7170,819.69,10036,1149.15,15689,1794.61,16034,1836.62,16578,1900.69,12787,1464.36,2192,249.96,2772,314.82,5719,655.15
002254.SZ,20260403,66370,6672.52,65616,6595.43,43784,4399.76,44235,4446.71,26089,2625.25,22489,2260.73,9000,904.8,12904,1299.47,-23773,-2381.78
002255.SZ,20260403,85594,8896.41,44753,4657.32,56993,5929.61,58415,6079.08,25621,2663.04,55491,5770.39,3329,351.54,12879,1333.82,-32530,-3383.33
002256.SZ,20260403,589716,21707.61,536626,19811.28,417332,15372.83,489347,17988.76,317677,11723.67,321714,11824.85,207816,7625.64,184855,6804.86,-74382,-2551.4
002258.SZ,20260403,29304,4187.92,31815,4545.96,20500,2928.63,20245,2894.47,10350,1480.32,10422,1487.91,3896,555.9,1569,224.44,-11918,-1704.24
002259.SZ,20260403,79408,4052.12,68455,3494.23,39265,2002.21,39588,2020.7,35324,1798.98,41911,2134.07,4041,205.59,8084,409.9,-33146,-1687.63
002261.SZ,20260403,218811,73759.72,233124,78761.49,228163,76977.4,229742,77533.01,152858,51629.22,144277,48646.61,59871,20262.21,52560,17687.45,7839,2840.92
002262.SZ,20260403,26010,5919.15,21743,4945.15,11931,2714.39,17653,4017.83,8871,2017.07,9752,2216.74,3474,786.99,1138,257.87,-7528,-1708.2
002263.SZ,20260403,2274553,106001.1,1829128,85122.93,2142437,99802.73,1920495,89568.0,1391613,64829.5,1647887,76699.89,454184,21444.0,865278,40686.52,-498121,-21793.12
002264.SZ,20260403,74276,5894.72,48261,3830.96,28569,2266.57,35833,2846.94,14464,1147.52,25284,2003.21,2887,229.74,10818,857.43,-17282,-1368.49
002265.SZ,20260403,90182,20095.38,72884,16244.28,76777,17113.67,81396,18130.43,44497,9911.32,55287,12310.86,11379,2534.95,13269,2969.75,-26562,-5914.57
002266.SZ,20260403,129153,5285.1,105984,4337.51,136119,5573.11,106461,4356.7,119672,4898.25,126000,5156.06,30486,1247.21,76984,3153.41,-74264,-3029.42
002267.SZ,20260403,43053,3349.8,54861,4262.77,37874,2948.04,35082,2728.88,23438,1822.26,24406,1904.8,12000,932.59,2016,156.24,-36779,-2859.6
002268.SZ,20260403,30896,5058.17,20798,3406.66,21202,3471.17,25609,4191.72,15839,2591.99,17365,2840.26,1292,211.76,5457,894.43,-5851,-954.91
002269.SZ,20260403,453061,7542.55,277275,4622.45,339002,5649.15,303545,5057.75,236479,3933.76,282862,4711.41,9253,152.67,174113,2886.53,-262261,-4345.47
002270.SZ,20260403,49495,13164.56,38916,10361.89,29519,7852.32,28523,7588.18,11508,3061.85,19628,5211.12,5333,1418.16,8788,2335.72,-5196,-1364.29
002271.SZ,20260403,104430,15830.29,93397,14165.49,68970,10461.0,79736,12078.34,28945,4382.18,35941,5452.05,11547,1751.93,4818,729.51,-18797,-2852.55
002272.SZ,20260403,277240,49313.48,364532,64993.88,280417,49932.3,261736,46668.42,203345,36419.93,156859,28022.49,71094,12762.68,48970,8743.59,120966,21997.8
002273.SZ,20260403,250115,62250.31,182722,45562.03,184130,45909.55,192021,47906.46,153330,38288.67,201832,50326.86,65063,16324.46,76063,18977.63,-31973,-7880.58
002274.SZ,20260403,136022,8170.08,106424,6401.36,119341,7163.62,87024,5236.63,66385,3991.56,104915,6283.26,12907,767.17,36292,2171.18,-17025,-1046.9
002275.SZ,20260403,20506,2958.43,15637,2254.91,6941,1002.05,8085,1167.6,2453,353.87,3761,542.29,0,0.0,2417,349.55,-3152,-449.74
002276.SZ,20260403,59422,8168.71,38645,5317.25,46752,6426.51,48865,6720.45,24594,3373.95,37615,5162.86,5890,809.33,11533,1577.93,-23274,-3191.88
002277.SZ,20260403,65795,3726.19,42921,2433.98,56558,3202.45,56712,3210.86,39992,2265.76,53885,3050.17,5095,286.51,13922,785.9,-29994,-1699.72
002278.SZ,20260403,68085,7708.84,49502,5609.26,46297,5243.45,56226,6365.46,24184,2737.67,28888,3267.67,8144,916.63,12095,1364.21,-34565,-3917.78
002279.SZ,20260403,92608,7258.94,61854,4851.35,50448,3955.94,53080,4159.15,20291,1588.62,48102,3771.9,1822,146.12,2133,167.23,-28697,-2248.2
002281.SZ,20260403,177802,160066.69,184736,165451.54,227360,204148.45,305774,274003.82,243699,217850.9,233044,209014.08,191726,171680.88,117033,105277.48,169519,152716.65
002282.SZ,20260403,24773,1670.14,24901,1681.41,19810,1337.18,16872,1138.48,11749,794.14,14296,963.64,1630,109.86,1893,127.78,-21302,-1436.96
002283.SZ,20260403,123861,11786.2,153790,14647.81,112313,10698.28,85220,8120.46,65627,6255.4,54621,5203.3,10299,984.71,18469,1753.01,3091,317.56
002284.SZ,20260403,52465,7044.65,58548,7857.76,30772,4129.46,24488,3288.04,9804,1315.03,10890,1460.93,2723,364.39,1838,246.81,-2632,-352.54
002285.SZ,20260403,164971,4671.77,177030,5010.56,88489,2504.48,120578,3414.09,112082,3171.35,58162,1647.61,14000,396.2,23772,671.54,-86940,-2460.45
002286.SZ,20260403,29076,2786.13,36160,3467.79,24928,2393.7,24639,2365.73,18592,1786.28,9513,912.77,2602,251.91,4886,471.73,-3590,-341.01
002287.SZ,20260403,12831,2990.32,9216,2150.03,6176,1439.47,7756,1808.1,1982,462.85,4017,934.51,0,0.0,0,0.0,-2678,-624.55
002289.SZ,20260403,1773,467.31,1286,339.21,2754,725.86,3144,829.08,1458,384.94,1555,409.82,0,0.0,0,0.0,744,197.6
002290.SZ,20260403,7664,4697.25,8143,5001.23,11681,7166.72,9875,6060.57,10840,6653.6,9387,5758.19,2435,1501.22,5214,3198.8,-8459,-5189.22
002291.SZ,20260403,97222,6034.61,79623,4941.6,72436,4497.66,72620,4507.57,48595,3010.95,61106,3790.1,6694,414.92,11598,718.87,-48213,-2985.07
002292.SZ,20260403,94738,7053.95,63605,4738.84,53382,3980.81,57725,4301.97,28853,2149.73,49322,3675.15,4129,308.02,10450,776.55,-51536,-3832.94
002293.SZ,20260403,32937,3326.12,34477,3481.01,15623,1578.89,13646,1379.31,4909,495.11,5141,519.05,0,0.0,205,20.75,6748,687.47
002294.SZ,20260403,33766,22490.47,30630,20414.5,37268,24847.59,35702,23797.45,21587,14402.82,23970,15996.44,10953,7301.79,13271,8834.3,29,45.4
002295.SZ,20260403,17826,1830.93,18053,1854.63,9150,940.04,8342,856.41,871,89.13,1452,149.07,0,0.0,0,0.0,-4381,-449.28
002296.SZ,20260403,46180,5121.22,30227,3353.18,24612,2728.49,30357,3367.03,18970,2102.08,23186,2566.83,915,102.39,6907,767.14,-5327,-588.12
002297.SZ,20260403,67329,7231.19,54997,5907.36,30796,3309.96,42781,4598.08,19082,2051.2,21578,2319.96,2149,233.06,0,0.0,-16236,-1740.21
002298.SZ,20260403,252441,24099.98,194752,18599.93,177646,16980.25,200851,19183.12,90852,8673.2,123422,11791.87,14888,1412.15,16802,1590.66,-65442,-6221.34
002299.SZ,20260403,42578,7622.77,35751,6398.32,17791,3190.94,18436,3307.41,8410,1505.46,12748,2283.92,0,0.0,1844,329.52,-8406,-1508.26
002300.SZ,20260403,189834,17355.32,135364,12375.42,144985,13262.04,156900,14342.9,74596,6814.16,90893,8313.81,14251,1298.22,40510,3697.61,-125826,-11480.28
002301.SZ,20260403,39559,2692.73,42131,2867.17,24577,1669.64,20722,1411.13,16517,1125.46,16000,1087.83,2200,148.5,4000,270.2,-10702,-728.11
002302.SZ,20260403,83564,4826.11,69992,4047.93,52931,3058.53,49443,2858.27,19316,1119.53,29901,1730.53,1800,107.28,8275,474.71,-22923,-1330.01
002303.SZ,20260403,307099,10344.43,329159,11064.51,204569,6894.09,163875,5542.41,111821,3761.87,109649,3704.39,16244,553.7,37050,1242.79,-122683,-4114.41
002304.SZ,20260403,13621,6950.4,12353,6308.76,14434,7371.27,12979,6624.59,7378,3767.61,8789,4485.27,268,137.0,1581,807.66,-11610,-5928.77
002305.SZ,20260403,30253,647.74,28095,602.56,53984,1156.75,55438,1188.93,46569,999.5,38243,818.65,10000,214.0,19030,407.86,-42618,-909.86
002306.SZ,20260403,60828,1441.3,49602,1177.8,129919,3079.47,115411,2740.84,111273,2638.5,114750,2720.49,14980,353.53,37237,873.69,-53124,-1254.68
002307.SZ,20260403,252215,11615.55,200243,9224.12,329154,15154.2,256624,11814.63,123928,5717.13,187381,8636.22,24922,1142.41,85971,3954.32,-53347,-2439.83
002309.SZ,20260403,3351848,164067.93,2195052,107788.66,3404482,166906.13,2622864,128598.96,2416098,118512.62,2606586,127885.34,1099235,54071.36,2847160,139285.08,313871,16742.49
002310.SZ,20260403,1300234,37359.42,1030184,29630.07,1014713,29161.9,1198551,34448.83,782327,22530.15,796668,22914.0,185653,5341.12,257523,7399.69,-460412,-13109.49
002311.SZ,20260403,13412,6979.71,14972,7791.91,17664,9196.41,15527,8079.2,7131,3708.43,7530,3920.93,720,375.6,898,468.11,-6523,-3395.73
002312.SZ,20260403,138206,15262.09,101955,11259.03,104430,11535.24,93413,10319.3,52918,5845.07,77119,8520.07,9799,1078.37,32866,3622.37,-76588,-8438.76
002313.SZ,20260403,46937,3971.42,44866,3796.16,20754,1758.59,19148,1621.4,3054,258.3,6731,570.75,0,0.0,0,0.0,4941,425.37
002314.SZ,20260403,108702,2568.55,127685,3017.54,70944,1676.48,63005,1489.57,41474,981.19,30430,719.12,0,0.0,0,0.0,-63140,-1489.88
002315.SZ,20260403,20926,8046.83,16218,6242.04,11137,4285.01,14537,5595.39,6885,2653.64,7072,2715.8,1025,394.09,2146,826.35,-8532,-3276.8
002316.SZ,20260403,127839,6598.22,146988,7597.79,101474,5311.62,86411,4516.69,44771,2341.34,35127,1854.42,847,47.18,6405,329.45,-25719,-1328.87
002317.SZ,20260403,149882,27886.61,101186,18848.12,111323,20738.86,112063,20867.67,67449,12564.14,88335,16448.18,18927,3516.75,45997,8542.39,-26598,-4950.43
002318.SZ,20260403,35536,10763.55,30881,9358.46,26064,7900.57,37448,11346.21,14284,4344.82,8282,2524.22,2035,618.23,1308,398.28,-4672,-1407.55
002319.SZ,20260403,36959,3938.55,39323,4193.24,26188,2801.41,20276,2169.23,8148,865.81,11696,1243.3,0,0.0,0,0.0,-7221,-765.1
002320.SZ,20260403,85303,7194.89,59340,5003.95,29819,2513.7,42012,3544.31,7146,601.87,19603,1651.66,0,0.0,1313,110.55,-19481,-1641.58
002321.SZ,20260403,187313,3877.61,121441,2514.24,109047,2265.34,89317,1850.16,54084,1122.82,86662,1808.52,0,0.0,53024,1092.85,-89166,-1830.22
002322.SZ,20260403,40430,5290.23,32648,4272.95,23002,3010.94,20414,2671.87,6947,907.43,15717,2056.18,0,0.0,1600,207.6,-9115,-1194.14
002323.SZ,20260403,867027,18555.76,665459,14258.8,613083,13121.95,663997,14207.25,353631,7575.29,422680,9049.69,63906,1378.52,145510,3115.77,-367141,-7820.03
002324.SZ,20260403,58304,8587.59,39572,5830.14,30935,4555.86,37397,5506.93,9827,1445.98,21057,3098.34,2986,438.35,4026,592.36,-13866,-2034.39
002326.SZ,20260403,79700,17730.34,56506,12585.21,66386,14778.31,69502,15471.59,45439,10102.56,60996,13552.66,18243,4064.74,22763,5066.49,-18162,-4031.26
002327.SZ,20260403,20667,1428.08,22823,1576.96,11872,820.68,16049,1109.09,14065,971.37,9040,624.06,1308,89.99,0,0.0,-13916,-960.26
002328.SZ,20260403,278674,21252.22,403746,30922.05,316247,24195.51,325130,24864.68,256700,19635.23,199784,15257.15,122160,9408.83,45121,3447.91,100862,7945.46
002329.SZ,20260403,167622,6396.52,160575,6124.41,141144,5401.79,124602,4759.72,80903,3090.29,93497,3578.75,8712,327.57,19707,753.3,-118851,-4540.05
002330.SZ,20260403,68992,3172.11,67898,3118.9,31481,1446.06,29724,1367.55,10883,501.61,13734,633.34,0,0.0,0,0.0,-26095,-1198.71
002331.SZ,20260403,30390,2427.5,28106,2244.28,17933,1432.66,18024,1440.04,13563,1083.13,15756,1258.97,0,0.0,0,0.0,-6572,-524.14
002332.SZ,20260403,46784,4216.4,43281,3902.01,46926,4230.48,45437,4096.01,15659,1411.01,31095,2802.21,26145,2357.02,15701,1414.68,-51464,-4638.88
002333.SZ,20260403,58260,3073.31,60896,3212.21,47561,2511.75,42975,2271.64,28174,1491.49,33841,1788.21,3717,195.51,0,0.0,-37124,-1960.64
002334.SZ,20260403,76527,6044.8,68901,5446.69,50999,4032.31,44587,3523.98,33408,2638.58,31841,2516.59,3419,270.5,19024,1498.93,-26525,-2092.14
002335.SZ,20260403,43289,23222.6,43213,23211.5,50413,27063.87,50526,27131.35,31930,17148.12,36075,19353.11,14910,8018.65,10728,5757.28,-8295,-4420.82
002337.SZ,20260403,38279,2274.57,34850,2069.79,20818,1237.0,20068,1193.93,6175,367.21,10162,603.62,0,0.0,192,11.44,-10552,-625.88
002338.SZ,20260403,10420,4907.6,9195,4333.72,8273,3899.81,8528,4021.0,3976,1871.97,4587,2160.33,1046,493.89,1405,658.21,2382,1126.09
002339.SZ,20260403,128129,12656.27,86360,8541.48,95826,9479.34,102800,10164.98,42474,4193.49,74969,7404.79,13523,1349.41,15823,1567.25,-27388,-2697.09
002340.SZ,20260403,333232,25540.58,211169,16190.38,230744,17696.99,235793,18079.75,161617,12396.82,225252,17269.39,112068,8597.6,165447,12692.47,-177094,-13549.64
002342.SZ,20260403,744014,96828.53,528002,68772.34,478762,62428.64,539621,70329.21,279425,36491.3,380147,49606.91,76793,10042.68,131224,17082.69,-171640,-22414.73
002343.SZ,20260403,50993,3162.37,38650,2397.31,24701,1534.5,27942,1735.44,9747,608.02,17241,1071.65,0,0.0,1608,100.5,-19038,-1174.31
002344.SZ,20260403,32984,1437.18,31024,1354.94,31483,1370.55,25554,1115.26,17172,751.87,18161,790.9,2789,121.04,9689,419.54,-23762,-1037.29
002345.SZ,20260403,58177,6061.91,58801,6128.08,27799,2897.03,29056,3030.12,12344,1285.75,12867,1341.07,2563,271.08,159,16.5,-15353,-1601.9
002346.SZ,20260403,10519,1962.24,9645,1799.18,6307,1174.32,7200,1342.3,3205,597.2,2932,545.14,0,0.0,254,47.14,-4277,-796.91
002347.SZ,20260403,66458,5258.63,53132,4205.31,27342,2164.06,32430,2567.01,10165,804.21,18403,1454.59,0,0.0,0,0.0,-15039,-1188.67
002348.SZ,20260403,35535,2628.06,48862,3610.95,40880,3016.36,30904,2283.83,27187,2008.08,17435,1287.88,1634,122.88,8035,592.72,-15454,-1136.15
002349.SZ,20260403,103711,7764.86,84124,6303.52,48603,3641.93,55658,4171.24,30438,2277.91,37537,2805.19,2123,158.59,7556,563.34,-39961,-2983.25
002350.SZ,20260403,56725,7706.95,58057,7892.51,59068,8026.37,62221,8455.51,44332,6022.62,41163,5587.7,6890,938.23,5574,758.45,-15723,-2122.61
002351.SZ,20260403,21230,2361.83,18030,2007.43,16787,1869.39,16445,1830.81,3609,402.21,7151,795.19,0,0.0,0,0.0,-3096,-341.92
002352.SZ,20260403,73642,27854.73,52399,19837.47,47896,18127.56,49897,18887.14,21361,8084.95,33922,12826.44,9660,3652.82,16339,6169.02,-21194,-8001.75
002353.SZ,20260403,59715,64498.81,56281,60837.87,71850,77652.39,80281,86780.44,66197,71569.24,66859,72334.57,41486,44912.9,35826,38680.44,544,866.87
002354.SZ,20260403,157957,8618.73,129139,7049.41,103375,5642.33,116123,6341.37,62912,3433.21,70531,3847.77,23431,1282.07,31882,1737.79,-51575,-2817.9
002355.SZ,20260403,95119,5843.52,81164,4985.8,66531,4088.46,70211,4315.57,42954,2638.81,57502,3532.25,17604,1076.87,13331,814.05,-30223,-1855.45
002356.SZ,20260403,146319,4819.74,87176,2874.0,121926,4020.2,119489,3937.92,78144,2576.35,110273,3635.89,0,0.0,29451,968.48,-105601,-3483.91
002357.SZ,20260403,72983,8759.82,53415,6452.6,79647,9585.64,66031,7964.38,62127,7484.97,74247,8892.95,6007,713.68,27071,3234.17,12414,1491.16
002358.SZ,20260403,136388,9698.71,93518,6653.84,95029,6764.95,93945,6684.3,40682,2894.86,69458,4937.63,12073,861.34,27251,1944.09,-17730,-1240.75
002360.SZ,20260403,47861,3010.21,67351,4232.94,42942,2701.03,32620,2054.22,27297,1712.34,18420,1155.06,6663,415.91,6372,397.25,-7955,-489.05
002361.SZ,20260403,1227173,198996.84,877399,142874.99,867519,141177.87,1084621,175963.79,590787,95888.13,748483,121658.67,381070,62186.48,356047,57751.87,-100000,-16247.84
002362.SZ,20260403,14833,2676.98,12434,2244.91,6466,1167.44,8004,1443.22,1600,288.76,1734,314.2,0,0.0,727,130.86,-2995,-537.77
002363.SZ,20260403,37862,2919.73,26392,2034.49,17135,1320.58,21000,1620.43,4451,342.03,10556,812.35,0,0.0,1500,115.08,-8304,-641.42
002364.SZ,20260403,132352,35536.06,178497,48042.52,124950,33620.19,141238,37985.75,100955,27217.04,81043,21815.47,83972,22668.53,41452,11198.08,94729,25628.7
002365.SZ,20260403,33987,4688.28,32151,4431.41,16703,2303.86,17653,2436.24,5348,733.87,7964,1094.15,3170,433.49,1440,197.71,-7384,-1021.39
002366.SZ,20260403,218482,15551.21,133870,9535.46,144150,10261.96,171343,12197.09,92220,6554.96,128133,9122.01,31869,2269.26,53375,3782.82,-134093,-9535.16
002367.SZ,20260403,73472,4632.84,63031,3979.55,61709,3895.4,61790,3899.67,37174,2347.99,39577,2496.67,2928,184.03,10885,684.37,-18889,-1189.13
002368.SZ,20260403,20357,3918.0,13530,2608.0,14535,2799.83,15736,3030.06,4063,783.22,8872,1706.05,1216,233.6,2032,390.54,-1545,-293.44
002369.SZ,20260403,41587,2818.63,43457,2948.26,22309,1515.0,22490,1526.78,15809,1072.51,15598,1056.4,1840,125.3,0,0.0,-10756,-726.99
002370.SZ,20260403,439891,34331.39,462564,36052.89,453636,35380.12,448099,34985.87,336368,26150.49,340978,26572.08,100167,7881.57,78422,6132.74,168988,13425.23
002371.SZ,20260403,0,0.0,15,65.69,38799,166732.22,34499,148314.55,19949,85811.23,21672,93244.0,8138,34976.9,10698,45896.1,-8758,-37670.61
002372.SZ,20260403,126226,13491.27,156301,16690.06,68223,7275.05,57474,6119.65,39407,4183.58,22603,2409.62,4644,497.55,2122,228.12,5316,620.35
002373.SZ,20260403,73040,6927.03,67969,6442.88,44500,4219.84,47332,4492.33,18428,1749.67,19543,1853.36,4161,395.02,5285,503.0,-8140,-763.65
002374.SZ,20260403,88429,2754.39,91697,2857.9,59521,1856.55,62186,1937.91,31711,989.09,34235,1063.15,25880,803.09,17423,544.16,-42635,-1327.28
002375.SZ,20260403,58584,2211.67,82372,3106.32,37180,1401.03,27962,1052.98,20228,762.22,17106,644.23,11447,428.61,0,0.0,-28520,-1077.08
002376.SZ,20260403,41946,2858.14,38010,2587.93,20666,1405.72,20513,1396.91,18863,1279.58,12081,823.31,0,0.0,10871,735.29,-12964,-885.28
002377.SZ,20260403,110059,3415.88,137012,4247.75,75998,2354.24,61141,1893.53,42441,1312.54,31100,961.71,4255,130.93,3500,110.6,-45411,-1407.97
002378.SZ,20260403,109600,32951.96,87903,26435.73,69899,21046.7,78817,23717.93,40372,12143.95,51836,15596.92,16238,4892.53,17552,5284.57,-2954,-869.17
002379.SZ,20260403,41776,11372.5,36045,9816.78,36799,10017.35,34778,9473.35,19180,5231.15,27827,7567.13,12404,3364.83,11509,3128.58,-9625,-2613.48
002380.SZ,20260403,17693,5391.03,15554,4741.94,9522,2900.6,9994,3048.35,3936,1203.01,4569,1391.85,545,164.92,1579,477.41,-3764,-1142.69
002381.SZ,20260403,45441,2840.92,52985,3310.48,24090,1506.3,21463,1342.29,10271,640.14,5354,334.6,0,0.0,0,0.0,-15447,-963.88
002382.SZ,20260403,138888,11337.73,141757,11605.25,175096,14312.4,167789,13725.61,122397,10023.38,118803,9695.31,17716,1446.45,25748,2093.77,-45599,-3649.34
002383.SZ,20260403,60280,5621.66,36584,3415.39,27117,2528.01,32760,3055.16,10525,980.27,26578,2473.37,0,0.0,2000,186.0,-15340,-1426.99
002384.SZ,20260403,91494,102622.64,124645,139950.31,152429,171247.34,173245,194466.23,186139,209018.4,182149,204507.07,191547,214811.02,141569,158775.79,1041,1513.74
002385.SZ,20260403,277328,10819.07,151977,5927.84,192657,7518.56,219048,8544.34,155704,6071.23,225950,8815.6,22141,863.85,50855,1984.93,-151841,-5904.83
002386.SZ,20260403,201266,11556.25,245165,14021.42,211827,12155.15,176307,10123.91,153721,8794.04,144150,8292.95,46578,2687.15,47772,2754.31,-174694,-10041.13
002387.SZ,20260403,39274,2992.24,43327,3302.67,37293,2843.43,29465,2248.39,17089,1306.13,19933,1521.66,4971,379.44,5902,448.53,-26679,-2023.01
002388.SZ,20260403,86650,4028.75,89070,4135.85,52060,2420.47,39023,1816.02,22282,1033.81,32816,1527.01,5127,235.49,5210,239.64,-6169,-294.59
002389.SZ,20260403,95538,20096.02,46809,9853.78,62452,13139.84,68485,14418.65,36381,7653.8,59725,12564.81,7163,1513.59,26516,5566.01,-18528,-3880.98
002390.SZ,20260403,161503,5374.1,145749,4854.23,95970,3196.75,97166,3235.02,45982,1532.73,58080,1932.97,13569,453.0,16029,534.36,-72185,-2399.45
002391.SZ,20260403,54984,3269.13,62902,3742.69,33202,1975.61,30838,1833.36,11926,708.07,8372,495.96,2000,119.2,0,0.0,-11196,-668.4
002392.SZ,20260403,48623,3333.94,39376,2699.26,18844,1291.58,22487,1541.93,11380,781.71,16984,1166.05,0,0.0,0,0.0,-3863,-263.78
002393.SZ,20260403,26949,6407.94,21766,5179.92,24564,5841.73,25185,5991.02,16927,4024.2,17510,4161.56,1519,361.65,5498,1303.01,678,167.56
002394.SZ,20260403,19389,2579.94,18163,2420.37,14991,1997.89,14518,1934.55,6946,927.94,8598,1144.62,0,0.0,47,6.23,-8386,-1118.89
002395.SZ,20260403,18793,3317.17,18687,3296.62,16422,2900.7,14999,2647.8,8203,1450.62,9841,1738.61,2385,421.35,2276,406.8,-6505,-1150.83
002396.SZ,20260403,56380,14662.61,48661,12653.65,36777,9559.33,43326,11268.55,24586,6393.4,25400,6603.25,6826,1776.08,7182,1865.98,13341,3489.41
002397.SZ,20260403,72194,2693.32,73787,2750.72,41835,1558.88,35761,1333.03,20028,744.37,21353,794.15,0,0.0,3156,118.67,-33593,-1245.66
002398.SZ,20260403,71375,3577.84,77049,3862.91,39372,1972.44,38227,1916.72,19142,964.52,12213,616.36,0,0.0,2400,118.8,-24357,-1228.39
002399.SZ,20260403,30852,3526.76,26357,3011.67,9620,1098.89,11302,1291.1,3648,416.05,5461,623.24,1000,113.4,2000,229.09,-9700,-1106.46
002400.SZ,20260403,484358,38784.76,337857,27088.91,434077,34847.77,365334,29364.52,192490,15430.96,339897,27260.08,91709,7366.87,159547,12716.85,-295877,-23733.82
002401.SZ,20260403,24905,3727.3,20391,3054.02,11274,1686.67,13427,2008.42,1704,254.93,4066,606.47,0,0.0,0,0.0,-3284,-490.97
002402.SZ,20260403,76445,22532.35,49689,14647.27,51541,15196.27,59685,17604.92,33571,9909.65,46183,13617.44,5165,1523.41,11165,3292.04,-19787,-5821.41
002403.SZ,20260403,17345,1726.27,16512,1643.17,8982,892.54,10260,1020.03,2894,287.28,2474,245.38,1075,106.55,1050,104.06,-104,-11.18
002404.SZ,20260403,45597,3089.01,50281,3405.91,27125,1841.89,22742,1543.41,8403,568.01,8102,549.6,0,0.0,0,0.0,-13059,-890.58
002405.SZ,20260403,163572,14689.95,132820,11939.9,142787,12832.02,155420,13966.05,95548,8577.96,99273,8903.33,28931,2595.93,43324,3886.58,-56943,-5087.18
002406.SZ,20260403,72403,5096.2,68250,4803.87,36047,2536.84,38759,2727.18,15462,1089.21,14772,1038.23,3543,247.81,5674,400.78,-17325,-1214.76
002407.SZ,20260403,176170,47938.43,129531,35333.58,127150,34669.22,143759,39192.16,111450,30404.96,116617,31816.64,28014,7695.65,52876,14365.88,-27464,-7355.78
002408.SZ,20260403,214226,12961.58,307229,18606.66,238170,14418.49,184253,11164.05,181722,11023.13,134144,8118.82,68956,4184.46,77448,4698.13,-156313,-9466.57
002409.SZ,20260403,28433,22375.75,30168,23749.71,25353,19957.84,24708,19452.5,20662,16259.01,18699,14724.61,10598,8329.64,11471,8995.41,12501,9858.16
002410.SZ,20260403,93435,10189.3,85037,9274.44,72349,7893.85,72999,7961.8,38907,4242.33,40914,4463.79,10016,1094.28,15757,1719.73,-47497,-5173.41
002412.SZ,20260403,87298,5941.86,81032,5516.84,48114,3279.89,39401,2689.38,30908,2108.93,39903,2719.48,5009,343.01,10993,747.99,-13383,-901.66
002413.SZ,20260403,625939,81384.76,404095,52529.79,442781,57614.22,437214,56852.41,219161,28539.14,308704,40180.78,95038,12483.52,232907,30458.66,-358477,-46479.59
002414.SZ,20260403,170410,21766.69,177021,22627.34,99720,12753.75,98999,12659.3,71833,9210.03,55862,7156.81,15845,2035.43,25925,3322.44,-28808,-3662.86
002415.SZ,20260403,75767,23029.17,75249,22874.39,77319,23507.51,60923,18522.47,37504,11400.81,36165,11005.8,5773,1755.85,24026,7290.69,-26730,-8083.52
002416.SZ,20260403,77735,9944.17,84320,10816.53,72045,9239.51,70857,9076.15,57125,7332.95,56808,7277.16,7832,1007.65,2752,354.44,-648,-56.27
002418.SZ,20260403,155408,7096.49,189774,8674.02,139454,6367.51,138597,6333.74,139044,6359.48,95733,4371.71,22221,1018.16,32023,1462.18,-33883,-1523.71
002419.SZ,20260403,103990,5760.29,71945,3990.99,58427,3242.02,59468,3297.76,39040,2168.65,55022,3049.68,3719,207.76,18741,1040.3,-33460,-1855.45
002420.SZ,20260403,37668,2672.91,37379,2654.12,23341,1655.08,20530,1456.67,10516,747.11,15356,1088.03,4440,315.68,2700,191.98,-16561,-1174.84
002421.SZ,20260403,209673,5198.18,161529,4004.57,124453,3087.68,102749,2550.57,67155,1662.3,96455,2389.59,9000,220.5,49548,1223.92,-110061,-2735.29
002422.SZ,20260403,96029,33840.75,84363,29773.59,82450,29125.51,89974,31778.76,63370,22390.46,70845,25015.88,33465,11841.53,30132,10630.01,-15458,-5422.81
002423.SZ,20260403,66550,6940.2,60805,6354.96,68508,7149.31,70057,7312.53,48284,5046.19,52563,5483.05,6238,654.34,6155,639.49,-5729,-573.37
002424.SZ,20260403,50858,2539.63,28998,1449.76,72147,3603.68,60441,3020.32,33954,1693.64,49157,2451.53,5000,249.27,23363,1164.6,-42839,-2141.24
002425.SZ,20260403,62737,2012.04,52852,1694.88,42941,1375.42,42135,1351.28,15319,489.02,16201,518.4,0,0.0,9809,311.93,-20991,-671.76
002426.SZ,20260403,301145,10095.28,202596,6798.38,263116,8825.43,296711,9942.27,187528,6285.93,232158,7780.16,116949,3913.18,137273,4599.0,-137604,-4572.98
002427.SZ,20260403,104210,5962.81,86249,4935.38,48802,2793.13,65501,3748.77,27495,1570.41,28761,1642.05,1942,109.72,1938,109.88,-31129,-1773.02
002428.SZ,20260403,207467,106087.59,258928,132634.71,275088,140641.32,341120,174716.5,271578,138833.97,284824,145976.48,332837,171318.63,202098,103553.82,83871,43283.21
002429.SZ,20260403,242763,23473.84,250739,24281.51,314233,30405.69,323290,31326.83,267109,25884.24,237739,23008.32,89333,8672.4,101670,9819.5,18195,1919.59
002430.SZ,20260403,28536,7971.03,29398,8230.22,36736,10275.8,37486,10488.99,25336,7104.92,23578,6591.01,1943,546.56,2090,588.08,9372,2669.93
002431.SZ,20260403,356690,9175.44,291502,7495.09,292118,7548.75,291914,7517.53,171322,4429.33,250243,6462.08,64071,1630.99,50542,1309.81,-173450,-4445.38
002432.SZ,20260403,79021,63718.86,93537,75552.3,120367,97297.07,107514,86818.41,97017,78361.36,95502,77118.05,38946,31399.19,38797,31287.72,19216,15691.75
002434.SZ,20260403,36320,2813.85,31726,2459.83,25568,1981.57,25384,1967.08,15756,1222.03,20534,1590.54,0,0.0,0,0.0,-19592,-1517.31
002436.SZ,20260403,114065,22527.91,101253,20016.68,121225,23958.46,104637,20680.3,84844,16752.24,91161,18002.33,38758,7654.57,61841,12193.88,712,175.46
002437.SZ,20260403,1253367,47206.62,1026063,38708.91,1117955,42154.09,950614,35834.47,814801,30745.27,962185,36252.33,356568,13394.03,603830,22704.31,-292799,-10814.21
002438.SZ,20260403,21588,3479.99,21339,3440.02,27460,4424.34,27754,4472.86,18138,2926.44,19946,3217.23,6074,979.83,4221,680.49,4236,689.74
002439.SZ,20260403,24681,3123.56,19377,2453.48,20830,2636.05,26650,3373.04,18584,2349.6,17074,2158.72,3707,469.24,4701,593.21,-14120,-1781.67
002440.SZ,20260403,99155,10897.0,84296,9267.56,37329,4103.94,39655,4361.61,18168,1998.95,29954,3288.95,9539,1043.84,10286,1125.61,-11075,-1219.06
002441.SZ,20260403,30497,2959.06,28181,2735.49,21073,2045.92,18647,1810.94,6908,668.74,8899,860.65,1698,163.01,4449,429.65,-502,-50.78
002442.SZ,20260403,58517,3234.85,68171,3757.15,46368,2567.16,37543,2079.04,20082,1107.37,19445,1080.0,6723,376.23,6531,369.42,-19380,-1059.66
002443.SZ,20260403,83178,6835.86,85973,7071.25,70014,5770.07,51816,4262.79,50803,4180.43,54505,4491.69,12920,1065.46,24621,2026.09,-51451,-4215.38
002444.SZ,20260403,68257,20404.74,50218,15014.64,22066,6595.38,27734,8291.84,13665,4081.7,23052,6881.99,10847,3235.25,13831,4128.59,3376,1014.12
002445.SZ,20260403,1022809,35290.48,1050210,36359.66,1045770,36072.41,1180274,40809.58,813683,28008.3,730675,25129.5,258011,9006.26,179114,6078.73,32395,1520.33
002446.SZ,20260403,81163,7906.11,68170,6648.44,53234,5187.43,50189,4893.88,27882,2718.44,35480,3452.27,2000,195.99,10440,1013.38,-23499,-2282.33
002448.SZ,20260403,52054,7360.72,46716,6609.45,39720,5612.86,39637,5592.96,17890,2526.77,20486,2896.72,3024,427.99,5849,829.2,-16333,-2279.62
002449.SZ,20260403,48615,3654.13,44177,3322.69,31783,2390.29,31856,2397.44,18720,1405.4,14344,1076.66,2074,154.72,10815,807.76,-14362,-1076.28
002451.SZ,20260403,57574,5357.62,39854,3710.51,35418,3293.55,42257,3932.41,17553,1632.96,26961,2503.93,0,0.0,1473,137.28,-11370,-1053.07
002452.SZ,20260403,63365,6368.58,40523,4079.61,48723,4899.62,56604,5695.46,32449,3263.49,45465,4563.7,10676,1068.21,12621,1261.13,-31774,-3186.98
002453.SZ,20260403,60379,3010.32,58970,2943.35,37425,1865.64,34075,1701.67,40642,2023.88,30369,1509.1,11537,574.24,26569,1319.95,3825,185.79
002454.SZ,20260403,117044,10682.09,96659,8832.91,67516,6179.84,78712,7206.59,24670,2266.53,33852,3090.41,2435,223.34,2442,221.89,-12798,-1160.64
002455.SZ,20260403,268348,34628.27,225594,29137.88,192689,24906.78,233221,30146.27,176535,22814.74,165504,21365.88,52774,6846.25,66027,8546.01,-64201,-8277.92
002456.SZ,20260403,220735,19049.6,154941,13370.91,150933,13025.21,166998,14416.54,67294,5800.34,102326,8821.89,6696,577.04,21393,1842.83,-96790,-8328.38
002457.SZ,20260403,41540,4386.76,46319,4888.98,28446,3004.29,23704,2504.15,12558,1329.2,9490,1005.31,3218,342.09,6249,663.9,-19380,-2044.27
002458.SZ,20260403,58719,5406.83,71680,6604.6,39736,3665.64,35643,3287.47,23866,2203.64,15959,1471.27,7513,689.88,6552,602.67,-18150,-1671.33
002459.SZ,20260403,322912,33785.1,170416,17834.35,268074,28039.26,249170,26067.16,178171,18590.66,219070,22927.69,44438,4607.8,174939,18193.62,-207648,-21705.9
002460.SZ,20260403,145121,116353.34,130192,104564.69,199045,159891.02,200770,161384.14,175800,141400.52,180325,144857.56,100405,80685.3,109084,87523.78,-17253,-13624.92
002461.SZ,20260403,54188,5171.72,78158,7453.42,53359,5098.29,49208,4710.23,43537,4166.93,23834,2290.79,3807,365.9,3691,348.39,523,76.48
002462.SZ,20260403,20140,2904.23,18546,2676.38,14508,2092.81,14923,2152.43,3934,568.2,5113,736.43,0,0.0,0,0.0,-9768,-1408.86
002463.SZ,20260403,132577,101887.32,142868,110001.64,150455,115741.04,139645,107452.47,137890,106169.64,129134,99321.93,75738,58406.78,85013,65428.76,-25276,-19013.1
002465.SZ,20260403,170937,24666.64,117560,16980.77,150324,21696.71,151999,21950.91,76372,11028.23,94026,13564.48,9507,1363.78,43556,6259.19,-38321,-5476.29
002466.SZ,20260403,88344,49228.48,75293,42014.17,110595,61679.53,100638,56165.25,93199,51989.91,91475,51012.02,32129,17925.02,56861,31631.5,-12015,-6638.49
002467.SZ,20260403,334474,23760.39,342673,24367.03,319100,22709.36,300106,21346.74,225987,16068.81,212608,15138.61,96018,6819.98,120192,8506.17,-80208,-5617.18
002468.SZ,20260403,87316,13353.69,117920,18079.67,100989,15456.24,88178,13498.05,58319,8926.59,58627,8961.14,29447,4527.71,11346,1725.36,41252,6351.18
002469.SZ,20260403,133906,11061.64,167023,13788.53,149840,12396.02,100427,8323.76,117053,9660.59,105048,8673.58,12047,982.92,40348,3315.3,-89218,-7341.47
002470.SZ,20260403,1455321,40309.96,1133488,31412.11,1105486,30642.92,1124323,31175.29,573080,15909.25,845627,23460.68,219741,6096.91,250190,6910.95,-840506,-23219.99
002471.SZ,20260403,1459785,126496.03,734488,63547.76,1198937,103966.18,920384,79483.37,666253,57959.91,619028,53670.91,260801,22830.78,1311875,114550.86,-662251,-56420.8
002472.SZ,20260403,31069,10990.65,20268,7172.19,25681,9088.23,24770,8758.32,12060,4267.84,20908,7389.37,5801,2053.4,8666,3080.23,-4931,-1719.62
002474.SZ,20260403,72738,5366.52,55797,4118.74,33577,2475.82,38016,2803.48,11117,817.64,18043,1329.44,2118,156.69,7695,565.01,-19195,-1411.6
002475.SZ,20260403,211760,104183.52,162493,80021.7,251241,123698.84,206472,101717.03,192353,94747.06,205214,101089.27,89791,44213.25,170967,84014.67,-117920,-57882.21
002476.SZ,20260403,35951,2041.54,36488,2071.2,30225,1715.8,24138,1370.94,20497,1164.17,29445,1672.28,3989,226.18,591,33.27,-19150,-1087.96
002478.SZ,20260403,106358,11039.91,117612,12218.32,80313,8346.81,73766,7686.24,48238,5033.91,48191,5021.45,20450,2156.38,15789,1651.0,-41529,-4279.59
002479.SZ,20260403,180292,10373.89,138216,7960.87,205158,11800.55,168440,9706.59,100433,5781.54,125855,7224.7,11797,666.6,65169,3730.43,-144808,-8289.04
002480.SZ,20260403,39327,2363.31,49594,2981.69,44834,2695.3,33356,2006.07,30975,1861.83,25553,1536.61,17902,1077.04,24535,1473.1,-41595,-2498.81
002481.SZ,20260403,40115,1783.48,36620,1630.34,29609,1317.31,21462,954.74,15719,700.8,21545,957.94,8920,393.99,14736,652.57,-23565,-1054.64
002482.SZ,20260403,161954,2647.62,210567,3441.84,160568,2627.24,115841,1896.36,139980,2292.52,143108,2342.34,77280,1258.7,70267,1145.52,-180289,-2947.12
002483.SZ,20260403,46273,3087.38,35320,2363.8,28809,1922.89,17987,1201.06,12425,829.36,31662,2108.79,4324,287.62,6862,453.6,-16184,-1080.87
002484.SZ,20260403,69849,20053.6,92506,26558.22,71747,20628.85,55361,15926.04,48867,14051.18,46390,13344.74,27343,7831.5,23549,6736.14,16439,4786.75
002485.SZ,20260403,17228,827.38,13319,641.89,33303,1594.27,19153,918.5,15328,732.18,22410,1067.67,0,0.0,10977,525.77,-12061,-567.57
002486.SZ,20260403,142252,3899.64,163268,4474.84,84872,2324.92,52408,1438.52,48639,1334.95,60087,1646.15,0,0.0,0,0.0,-54305,-1483.07
002487.SZ,20260403,66528,47423.18,48799,34855.99,46799,33327.14,58231,41495.02,37152,26555.78,42778,30494.76,9270,6626.95,9941,7087.29,-14958,-10629.9
002488.SZ,20260403,52557,6005.86,65464,7480.54,52038,5944.55,40449,4621.29,35034,3999.98,32996,3766.77,5751,656.12,6471,737.91,-26588,-3029.04
002489.SZ,20260403,92111,3080.92,77796,2600.44,60948,2038.86,55523,1855.74,30361,1016.44,36285,1215.24,8645,286.15,22461,750.95,-82293,-2748.64
002490.SZ,20260403,273997,26101.31,259219,24693.5,230214,21955.61,222961,21264.04,120412,11481.14,135912,12962.83,40853,3926.64,47384,4544.32,-78687,-7422.96
002491.SZ,20260403,624030,75640.59,688215,83728.18,596023,72324.15,697443,84718.29,458004,55634.72,536588,65189.72,510061,62337.36,265873,32300.62,50679,7023.8
002492.SZ,20260403,26049,1910.81,28862,2117.47,24582,1800.86,14925,1096.46,9086,664.36,15139,1104.42,2210,161.33,3000,219.0,-5172,-379.02
002493.SZ,20260403,217476,25874.27,127437,15177.89,129474,15397.91,152273,18120.89,86721,10307.11,152420,18096.26,33486,3976.53,35027,4160.8,-72988,-8654.78
002494.SZ,20260403,86086,4259.44,105043,5191.29,62598,3101.61,53806,2669.23,23530,1160.59,13365,661.13,0,0.0,0,0.0,-24776,-1230.11
002495.SZ,20260403,187171,4628.99,228540,5637.38,136204,3360.52,98682,2440.96,80460,1981.28,71749,1772.79,0,0.0,4864,119.65,-86791,-2133.51
002496.SZ,20260403,62272,1215.12,48402,949.21,149449,2927.6,117463,2308.06,99412,1957.8,133843,2618.61,4990,100.63,16415,325.28,-63468,-1241.74
002497.SZ,20260403,140227,31349.96,94968,21269.57,100326,22485.98,128933,28834.94,59963,13425.2,76384,17128.57,14428,3248.19,14659,3276.24,-4686,-1019.79
002498.SZ,20260403,743772,57226.33,499636,38476.09,457494,35277.69,544117,41897.38,227541,17578.83,335279,25828.24,80835,6211.84,130610,10092.98,-198097,-15245.28
002500.SZ,20260403,53155,2938.09,55223,3052.93,44655,2465.92,41742,2307.46,31054,1716.94,25799,1424.89,3947,217.86,10047,553.53,-20794,-1141.65
002501.SZ,20260403,511358,9725.97,520529,9927.78,519844,9918.16,527419,10064.97,317119,6052.94,320671,6049.19,117265,2206.97,96966,1862.1,2381,176.75
002506.SZ,20260403,2306373,98641.42,1683534,72018.89,1616850,69170.29,1942706,83117.97,1254969,53713.06,1480441,63305.56,423852,18098.01,495362,21180.37,-1132748,-48269.56
002507.SZ,20260403,33329,4108.44,29066,3585.23,29248,3606.16,32028,3949.09,18539,2286.67,20008,2466.41,4585,565.31,4599,565.86,-19239,-2370.98
002508.SZ,20260403,18596,3870.65,19964,4154.07,16923,3522.79,12771,2659.12,3761,782.59,4691,975.64,1050,219.26,2904,606.46,-1402,-286.55
002510.SZ,20260403,86872,5945.89,55474,3800.14,68765,4707.14,70344,4815.82,35001,2396.12,55924,3824.79,4594,314.49,13490,922.89,-44413,-3041.8
002511.SZ,20260403,62602,5285.94,49210,4158.28,42973,3628.26,43470,3670.54,17173,1448.1,28147,2373.26,0,0.0,1921,160.23,-26250,-2218.43
002512.SZ,20260403,174815,6508.57,135802,5064.9,194883,7254.22,191844,7144.33,136168,5065.59,165330,6145.28,24287,910.52,37177,1384.39,-77012,-2824.29
002513.SZ,20260403,54524,3175.35,53270,3097.8,24860,1448.85,28595,1668.27,11613,676.49,7132,417.76,0,0.0,2000,116.86,-6447,-372.86
002514.SZ,20260403,109411,4594.61,96825,4065.77,66825,2806.0,69364,2913.08,26912,1127.81,36179,1516.31,13424,560.12,14204,593.4,-30574,-1274.44
002515.SZ,20260403,49273,2677.05,34022,1851.51,64945,3531.61,52406,2852.13,40025,2176.51,55298,3001.83,5000,271.5,17517,951.2,-37434,-2033.69
002516.SZ,20260403,49890,2694.68,52968,2860.73,38368,2071.54,31220,1686.92,14107,763.66,16177,874.03,0,0.0,2000,108.2,-17681,-954.31
002517.SZ,20260403,135673,25037.09,166343,30701.7,138546,25614.63,129768,23977.01,81940,15171.59,86139,15937.81,71514,13214.7,45422,8421.48,-104271,-19185.41
002518.SZ,20260403,22507,9995.47,18673,8295.23,11195,4968.54,11019,4892.99,5245,2327.85,8505,3768.02,711,316.24,1461,651.87,-2376,-1040.04
002519.SZ,20260403,359434,27932.68,275287,21424.98,197787,15386.47,238924,18571.17,120153,9353.71,159069,12355.44,39152,3055.02,43247,3376.31,-104749,-8068.52
002520.SZ,20260403,94882,5103.56,96180,5175.36,74347,4004.2,51917,2793.84,26183,1409.46,43639,2349.76,7686,415.57,11363,613.82,-57769,-3103.36
002521.SZ,20260403,26657,2156.12,34659,2812.82,28254,2297.18,21947,1782.43,13983,1136.27,12288,994.32,0,0.0,0,0.0,1646,148.83
002522.SZ,20260403,96347,5420.49,86447,4864.85,66562,3746.36,66109,3723.4,49933,2810.27,50791,2856.82,1582,89.38,11077,621.44,-31268,-1760.28
002523.SZ,20260403,85788,3394.61,72198,2856.56,45982,1819.9,49332,1951.62,22012,870.41,32252,1276.74,0,0.0,0,0.0,-41221,-1626.57
002524.SZ,20260403,99327,4192.62,104305,4395.92,48340,2035.57,48442,2043.61,21627,906.87,16547,695.53,0,0.0,0,0.0,-26802,-1133.51
002526.SZ,20260403,142356,4832.97,109585,3721.42,97119,3296.31,106683,3624.23,41271,1402.97,68486,2324.59,11720,398.84,7712,260.84,-107720,-3659.49
002527.SZ,20260403,26749,3503.32,21010,2750.51,19623,2567.36,21572,2822.94,8630,1128.71,13011,1703.01,591,77.07,0,0.0,-2477,-321.55
002528.SZ,20260403,80314,3245.11,88640,3589.09,139361,5638.89,149133,6043.28,146435,5929.68,127385,5166.28,31356,1282.49,32307,1297.51,-65819,-2623.59
002529.SZ,20260403,7995,533.31,5993,400.08,8400,560.51,12181,813.16,12132,810.79,10353,691.36,0,0.0,0,0.0,-14515,-968.24
002530.SZ,20260403,50151,4174.78,49620,4133.23,34534,2876.46,33486,2789.05,20891,1741.99,20155,1676.79,3261,271.32,5576,465.47,-17087,-1422.08
002531.SZ,20260403,262549,28208.98,231823,25001.75,298292,31971.86,293039,31477.2,298421,31860.84,318760,34060.94,172675,18476.69,188316,19978.5,-70010,-7082.95
002532.SZ,20260403,243644,42475.63,181641,31676.57,216630,37783.55,211289,36878.58,154568,26984.3,176650,30873.13,98119,17157.58,143380,24972.78,-33543,-5750.13
002533.SZ,20260403,46791,6123.98,37346,4892.55,36212,4741.11,34663,4539.92,18556,2427.05,25138,3282.86,3156,410.46,7568,987.27,-16147,-2115.41
002534.SZ,20260403,31991,5077.08,21974,3491.26,13817,2194.1,22161,3519.53,10596,1682.8,13269,2102.94,1000,159.76,0,0.0,1950,310.3
002535.SZ,20260403,68776,2393.88,54262,1889.69,36500,1270.25,41807,1453.78,16500,572.69,18707,651.04,0,0.0,7000,242.3,-35784,-1243.8
002536.SZ,20260403,72721,20250.93,92884,25904.32,71549,19950.86,70606,19675.37,46787,13043.13,35584,9923.94,15896,4452.54,7879,2193.83,5086,1460.88
002537.SZ,20260403,199664,15554.96,257702,20035.11,178718,13954.96,147260,11517.03,149834,11698.15,96335,7542.43,14165,1093.06,41084,3206.57,-422,52.36
002538.SZ,20260403,88467,5568.56,110539,6954.5,156503,9863.75,121723,7676.78,152576,9618.79,158755,10025.9,52305,3312.01,58834,3705.93,-118206,-7442.1
002539.SZ,20260403,97174,13027.92,84062,11253.53,59296,7949.0,72345,9705.06,41926,5619.97,35139,4727.24,7565,1012.54,14415,1923.6,-21159,-2838.21
002540.SZ,20260403,57138,3741.35,61560,4033.51,41494,2726.01,37564,2467.09,10438,684.05,14520,953.15,8231,539.62,3657,237.28,-5044,-314.25
002541.SZ,20260403,23949,4873.15,23369,4758.51,9845,2007.61,9791,1993.08,4453,906.73,5009,1020.06,846,171.74,924,187.58,-1837,-373.98
002542.SZ,20260403,283272,8340.01,197764,5826.8,162395,4789.22,167049,4924.02,53668,1579.15,116746,3430.3,13654,401.24,31430,928.5,-160819,-4721.22
002543.SZ,20260403,59108,4964.68,36316,3054.91,51391,4318.93,48238,4051.74,21636,1813.13,30687,2571.22,1664,138.78,18559,1557.64,-32915,-2775.11
002544.SZ,20260403,41123,10197.02,26269,6521.82,22369,5542.47,24953,6186.55,15384,3808.92,21003,5198.38,521,131.07,7172,1772.74,-1555,-387.37
002545.SZ,20260403,46981,10147.34,37502,8103.45,18148,3917.74,20032,4323.5,9023,1948.75,13724,2962.04,1783,384.65,4677,1009.5,-6709,-1431.94
002546.SZ,20260403,86870,7560.26,55516,4834.27,62473,5436.23,65514,5705.27,24514,2139.11,41467,3609.79,0,0.0,11360,986.28,-42553,-3703.68
002547.SZ,20260403,100509,3229.81,85886,2761.62,53830,1730.73,71526,2297.69,37596,1206.01,32495,1040.16,10774,343.69,12802,410.78,-56372,-1812.31
002548.SZ,20260403,96237,4973.94,93600,4831.44,89625,4628.51,69779,3610.08,80143,4138.46,65734,3403.69,15180,782.16,52071,2677.85,-66808,-3437.58
002549.SZ,20260403,120480,22100.95,132986,24429.45,130564,23977.4,128197,23537.42,70427,12924.14,66042,12112.42,23034,4237.68,17279,3160.88,-12005,-2138.24
002550.SZ,20260403,201990,15955.41,160886,12729.34,144101,11401.47,152174,12040.03,97003,7681.16,102120,8070.86,11702,930.96,39616,3128.76,-69197,-5437.57
002551.SZ,20260403,140766,4893.53,126527,4393.39,56634,1969.06,51248,1786.03,15201,527.66,28826,1004.42,0,0.0,6000,206.4,-36567,-1272.48
002552.SZ,20260403,17558,2794.36,20236,3220.21,6854,1091.37,4865,774.69,5378,855.81,3418,544.63,2711,430.44,3982,632.44,-4267,-678.84
002553.SZ,20260403,70234,17987.27,75303,19308.73,76778,19688.94,72315,18533.45,42548,10930.41,40514,10386.22,11577,2969.36,13005,3347.59,20030,5125.03
002554.SZ,20260403,195667,7037.63,161673,5808.82,142151,5118.25,137793,4954.36,103039,3703.4,121731,4383.58,17324,619.09,36984,1331.61,-76845,-2745.76
002555.SZ,20260403,69066,15112.23,71349,15619.46,72284,15823.61,61146,13389.91,57270,12550.03,53245,11668.45,13776,3018.0,26656,5826.06,-49816,-10901.37
002556.SZ,20260403,94989,5523.98,100007,5805.37,60661,3531.0,45302,2635.76,32329,1877.27,39492,2303.99,2152,125.25,5330,312.38,-34805,-2047.05
002557.SZ,20260403,13016,2778.41,13828,2950.53,5762,1229.51,7221,1541.34,4721,1006.73,2450,522.78,0,0.0,0,0.0,-4051,-867.98
002558.SZ,20260403,122746,41016.14,159102,53209.06,118591,39649.58,129205,43207.61,83615,27961.69,64534,21609.32,57655,19368.83,29766,9970.26,-36725,-12197.13
002559.SZ,20260403,54297,4934.07,72238,6584.44,62786,5714.49,50528,4603.63,28449,2595.68,19880,1801.62,1118,103.64,4004,358.19,-6653,-585.95
002560.SZ,20260403,686528,90187.37,660342,86247.26,623209,82517.89,592390,78103.0,445036,59019.19,491270,65203.84,316499,42319.77,327270,44490.13,-220104,-30749.0
002561.SZ,20260403,16116,1286.36,18344,1464.7,11308,902.76,9057,722.86,4066,324.31,4089,325.85,0,0.0,0,0.0,-6612,-527.48
002562.SZ,20260403,110954,6482.26,89534,5234.91,64143,3746.3,57421,3360.07,26158,1531.4,42193,2461.52,15559,906.78,27666,1610.25,-47238,-2762.85
002563.SZ,20260403,75162,4048.37,67459,3631.96,36663,1977.86,47202,2544.48,20176,1085.86,28191,1515.58,17079,915.65,6228,335.72,-44437,-2386.48
002564.SZ,20260403,53428,3108.95,59585,3470.5,35883,2089.96,32738,1907.51,26584,1548.79,24510,1423.35,8400,490.57,7462,436.9,-5611,-323.72
002565.SZ,20260403,599140,93655.94,467484,73151.76,490542,76823.68,545097,85260.33,306854,48013.96,365128,57098.09,135033,21031.9,153860,24015.31,-81944,-12959.57
002566.SZ,20260403,34631,2778.18,34405,2759.37,16495,1321.5,15882,1271.62,4188,334.81,5027,403.51,0,0.0,0,0.0,-3437,-279.26
002567.SZ,20260403,90623,3642.66,59159,2381.5,104658,4215.0,84338,3396.69,60229,2422.12,69208,2785.38,8476,341.57,51281,2057.78,-91285,-3676.37
002568.SZ,20260403,29133,4931.46,20676,3500.91,13325,2256.64,15949,2700.57,4632,784.29,8923,1509.99,1291,218.89,2833,479.8,-8199,-1385.48
002569.SZ,20260403,2960,416.7,2284,322.48,4363,615.46,4996,704.82,4791,674.96,4035,567.97,0,0.0,800,111.86,-986,-139.83
002570.SZ,20260403,93943,4636.74,65719,3246.78,58437,2885.42,79221,3910.37,44033,2172.31,56985,2806.95,14812,728.06,9300,458.43,-96879,-4783.23
002571.SZ,20260403,33490,3766.3,34655,3898.17,29833,3355.8,23664,2672.04,26484,2989.09,26956,3032.95,5699,643.04,10231,1151.08,-9002,-1007.21
002572.SZ,20260403,26600,3344.69,20675,2600.95,18042,2267.23,15520,1951.6,9507,1196.69,13197,1657.64,809,102.26,5566,700.68,-8494,-1067.16
002573.SZ,20260403,94517,3375.35,100204,3571.11,72295,2580.84,48241,1722.8,24692,877.94,41234,1472.41,4500,158.4,6325,226.22,-30834,-1106.7
002574.SZ,20260403,35265,1924.49,39595,2159.81,20843,1138.0,18495,1008.19,7291,396.69,11634,635.53,10025,544.15,3700,199.8,-21590,-1174.32
002575.SZ,20260403,314469,24178.76,255235,19635.22,296873,22818.69,328601,25273.7,167813,12928.43,206833,15959.14,56748,4444.31,45235,3502.13,-100809,-7846.65
002576.SZ,20260403,27779,4838.19,34351,5981.56,22786,3978.45,18531,3239.58,12557,2190.1,11517,2003.6,3226,554.28,1950,336.27,-6872,-1183.2
002577.SZ,20260403,7026,1051.81,6540,979.2,3135,468.49,3521,525.92,1342,200.36,1442,215.55,0,0.0,0,0.0,-2619,-390.81
002578.SZ,20260403,437793,17040.69,316348,12334.68,292848,11427.2,302660,11798.09,155882,6097.14,241979,9426.59,25719,999.18,51255,2004.86,-133560,-5237.66
002579.SZ,20260403,251527,30905.91,300543,36946.65,253617,31170.49,235129,28895.21,152144,18710.01,132087,16232.68,40862,5031.3,30391,3743.17,-3577,-396.16
002580.SZ,20260403,373932,58503.75,258786,40565.2,361089,56523.2,327363,51284.96,211792,33116.81,272039,42625.5,79020,12350.46,167644,26018.54,-17646,-2893.8
002581.SZ,20260403,8717,628.58,10744,775.04,10206,736.38,9659,697.02,4732,341.51,3252,234.4,0,0.0,0,0.0,-5905,-424.99
002582.SZ,20260403,50201,5568.67,50652,5620.28,26857,2980.44,30804,3420.46,20042,2225.85,17895,1983.06,4529,500.91,2278,252.09,-16737,-1858.89
002583.SZ,20260403,125054,12582.42,143375,14482.81,125097,12614.38,124179,12524.86,66260,6708.71,61771,6215.41,21945,2218.67,9031,901.11,21740,2235.26
002584.SZ,20260403,44950,3420.25,38751,2948.43,26407,2008.31,26988,2052.35,9044,686.73,14308,1087.64,1562,118.24,1917,145.12,-10746,-816.61
002585.SZ,20260403,102584,6734.96,85014,5582.37,90364,5928.19,76725,5040.56,60854,3988.41,62334,4089.76,6676,436.37,36406,2375.25,-38528,-2522.17
002586.SZ,20260403,15827,720.12,11334,517.81,34346,1565.02,23950,1094.24,15484,707.25,19915,906.24,10232,468.46,20690,942.57,-29699,-1351.39
002587.SZ,20260403,164432,10317.44,171590,10745.4,119637,7517.41,104096,6549.32,61311,3834.2,63224,3975.13,3840,237.67,10311,636.87,-38757,-2460.63
002588.SZ,20260403,64177,6460.14,66388,6683.38,46925,4721.92,49144,4948.83,30707,3087.73,26060,2617.09,2053,206.31,2270,226.79,-37013,-3717.89
002589.SZ,20260403,518486,17281.11,617068,20600.45,533676,17799.29,472218,15744.69,416145,13881.74,367678,12246.03,99790,3326.79,111133,3697.75,200634,6795.71
002590.SZ,20260403,30659,3644.19,28836,3427.85,19354,2299.86,14080,1673.27,10221,1212.36,12757,1515.16,26,3.07,4587,543.21,-8914,-1058.14
002591.SZ,20260403,56667,3664.52,60797,3935.42,40088,2591.32,27384,1772.08,11778,757.33,13525,873.12,3173,200.85,10000,633.41,-2484,-168.38
002592.SZ,20260403,16764,1411.03,8381,708.15,19525,1645.16,18747,1577.68,10748,904.5,21317,1792.82,1500,125.96,92,8.0,1163,99.57
002593.SZ,20260403,76257,4016.51,74071,3903.48,36229,1908.65,31954,1682.69,10018,528.57,18142,954.68,6000,315.3,4337,228.17,-32200,-1696.63
002594.SZ,20260403,140314,140218.13,73625,73678.67,151863,151914.13,132003,132135.32,118806,119080.89,148089,148237.99,80762,80909.26,138028,138070.43,-78409,-78406.46
002595.SZ,20260403,10796,8522.02,10878,8590.41,6496,5130.69,6654,5254.35,4198,3315.78,4543,3586.02,956,754.49,371,292.2,-2136,-1684.23
002596.SZ,20260403,167488,5992.69,143260,5115.12,80228,2871.56,79841,2861.04,51070,1826.93,78188,2799.73,12992,462.65,10489,377.94,-57442,-2067.83
002597.SZ,20260403,61201,14080.21,67302,15464.0,60740,13999.42,58302,13419.09,44952,10338.94,44969,10405.43,16944,3942.33,13264,3072.37,-59886,-13755.37
002598.SZ,20260403,26113,2298.66,27263,2399.44,13966,1229.98,11059,975.38,5147,453.14,5578,490.93,0,0.0,1326,116.03,-10388,-910.81
002599.SZ,20260403,44082,3045.88,41563,2875.13,22338,1544.64,20894,1443.17,5356,370.44,9319,642.65,0,0.0,0,0.0,-13622,-938.68
002600.SZ,20260403,212176,26325.68,150446,18678.35,150207,18642.41,173308,21509.78,90773,11262.67,100585,12473.51,21221,2638.03,50038,6207.15,-35262,-4336.83
002601.SZ,20260403,51724,8874.83,52456,9001.95,50976,8747.82,51706,8870.81,28887,4956.44,29147,5001.56,10112,1736.98,8391,1441.74,11933,2066.15
002602.SZ,20260403,141721,24122.62,210002,35776.98,208056,35435.39,185366,31593.26,174656,29753.53,144946,24688.51,92826,15850.03,76946,13102.83,-66467,-11190.65
002603.SZ,20260403,73230,12474.14,48753,8313.01,44617,7602.23,42940,7317.63,23829,4058.98,38645,6579.6,4601,785.51,15940,2710.62,-13116,-2233.99
002605.SZ,20260403,16501,3364.19,14208,2897.9,11548,2355.35,11932,2431.77,5869,1195.2,6622,1348.14,1436,293.23,2592,530.15,-4966,-1009.87
002606.SZ,20260403,90808,9828.43,56802,6165.53,48462,5249.17,44537,4826.97,31349,3388.84,59532,6424.02,5389,580.84,15137,1630.77,-16740,-1808.4
002607.SZ,20260403,272453,6989.97,213044,5468.72,226882,5823.46,230326,5913.91,160683,4119.71,203913,5229.31,48421,1241.83,61156,1563.02,-197161,-5042.26
002608.SZ,20260403,81290,6419.73,85599,6763.07,68553,5415.22,50372,3983.55,49981,3948.16,59434,4700.47,10931,869.55,15350,1205.55,-42206,-3329.38
002609.SZ,20260403,41223,3346.57,36446,2962.77,23380,1894.47,15698,1273.35,6859,555.35,17318,1398.84,0,0.0,2000,161.43,-15268,-1235.1
002611.SZ,20260403,109528,18925.16,81416,14100.4,101891,17627.56,103817,17958.29,69394,12001.12,76321,13195.74,21957,3808.54,41216,7107.96,-65228,-11275.32
002612.SZ,20260403,18843,3094.28,15642,2569.0,11005,1805.68,11742,1927.04,3077,506.54,4357,716.19,1553,252.9,2737,447.17,-4718,-776.35
002613.SZ,20260403,149511,5237.62,150083,5248.98,95032,3328.4,74515,2608.97,26658,930.4,39649,1394.02,0,0.0,6954,244.45,-34063,-1209.0
002614.SZ,20260403,39471,2409.22,32292,1971.91,23963,1462.6,28634,1746.74,13045,794.07,14224,866.7,0,0.0,1329,80.54,-13795,-841.76
002615.SZ,20260403,45669,3632.46,50562,4026.23,25352,2015.93,27583,2196.95,22042,1758.38,13514,1073.43,2596,204.82,4000,314.98,-14576,-1162.19
002616.SZ,20260403,130103,7283.95,86143,4823.94,128316,7187.66,119240,6685.95,72438,4049.81,113061,6314.36,11564,647.96,23977,1345.11,-79787,-4455.44
002617.SZ,20260403,220958,16096.6,320338,23345.16,224570,16372.58,204637,14931.52,173134,12636.2,129781,9462.18,55255,4039.44,19160,1405.97,68621,5072.38
002620.SZ,20260403,93255,8738.37,59982,5647.94,178451,16715.35,163466,15401.81,102772,9670.11,128549,12045.28,26570,2510.13,49052,4538.93,-32065,-2900.26
002622.SZ,20260403,183171,4576.11,217288,5419.36,108787,2723.05,98840,2474.24,72841,1808.9,50609,1263.41,11362,281.73,9424,232.78,-25123,-630.71
002623.SZ,20260403,27541,5852.26,28067,5968.04,13485,2868.59,13078,2780.43,6347,1348.49,6128,1303.07,1400,297.79,1500,315.58,-533,-120.29
002624.SZ,20260403,187048,36244.71,205304,39816.07,167859,32575.86,151493,29428.0,139257,27060.34,109394,21235.86,79929,15543.59,107901,20944.57,-36297,-6908.83
002625.SZ,20260403,43474,16457.97,32959,12487.52,40025,15157.87,40984,15520.15,36692,13889.1,40428,15307.52,10550,3999.78,16370,6189.54,-4023,-1498.59
002626.SZ,20260403,25769,4479.52,21536,3749.13,14291,2485.56,15058,2621.15,5998,1040.25,6997,1216.46,4159,726.5,6626,1145.09,-1467,-262.16
002627.SZ,20260403,44701,3612.0,48119,3889.65,42069,3400.61,31589,2554.71,12847,1038.66,14833,1200.08,4342,347.59,9418,754.44,-16595,-1335.76
002628.SZ,20260403,87584,4366.97,97208,4844.67,71317,3554.0,59833,2982.31,50496,2512.9,44867,2236.01,6875,341.33,14364,712.21,-30900,-1537.5
002629.SZ,20260403,89723,5956.94,99490,6627.18,93004,6196.13,90096,5999.49,67875,4536.03,67575,4518.5,19797,1341.88,13238,885.8,-5380,-323.34
002630.SZ,20260403,154002,2940.91,88259,1691.35,197246,3776.63,196632,3767.04,134324,2573.66,172379,3295.1,0,0.0,28302,537.71,-129788,-2473.24
002631.SZ,20260403,77960,4920.78,63985,4035.59,44734,2822.85,50096,3162.19,21679,1369.96,22734,1437.78,2021,128.54,9579,606.57,-5196,-325.99
002632.SZ,20260403,68838,7702.51,48773,5459.46,49337,5524.35,50318,5628.79,23496,2627.02,38504,4307.15,5137,573.97,9213,1032.46,-18420,-2052.66
002633.SZ,20260403,13259,2312.56,15254,2660.83,6829,1189.49,5265,918.09,3593,627.27,3160,550.04,0,0.0,2,0.35,-1841,-320.69
002634.SZ,20260403,92045,8467.25,78195,7196.08,107910,9923.31,112228,10332.26,98531,9078.51,95015,8748.76,16231,1498.98,29278,2690.96,30054,2811.17
002635.SZ,20260403,61734,8503.31,80983,11210.13,58153,8043.19,54813,7573.96,35777,4972.45,25541,3533.17,9663,1343.07,3990,544.77,15171,2125.39
002636.SZ,20260403,130867,37710.61,123486,35737.38,109306,31601.92,116728,33705.5,87146,25157.12,91596,26363.41,49663,14325.33,45172,12988.7,-39928,-11481.5
002637.SZ,20260403,56175,6302.82,47027,5280.84,25221,2830.87,33606,3768.83,16748,1878.38,19013,2131.31,2527,283.62,1026,114.71,-12909,-1456.84
002638.SZ,20260403,132198,5479.27,123518,5122.68,107579,4460.57,89180,3700.28,107547,4455.7,102291,4237.37,29160,1202.12,61494,2537.33,-95505,-3932.25
002639.SZ,20260403,509680,100468.23,503975,99505.98,496572,98067.01,486638,95937.11,257907,50801.05,281723,55483.7,118757,23541.26,110581,21950.75,-50843,-9941.73
002640.SZ,20260403,192264,6545.89,141671,4829.04,89917,3064.37,94105,3210.36,23543,808.66,63358,2156.38,3396,114.78,9986,337.92,-79440,-2695.32
002641.SZ,20260403,38473,1550.25,54546,2198.88,30955,1247.78,29346,1182.02,25396,1022.44,14432,580.28,3500,140.7,0,0.0,-25714,-1035.45
002642.SZ,20260403,51626,3978.7,50110,3863.44,27864,2148.3,26678,2057.2,8959,691.43,9383,722.73,0,0.0,2277,175.06,-10136,-779.99
002643.SZ,20260403,35052,5489.93,25987,4072.44,27268,4271.13,25762,4036.03,14686,2295.37,21775,3403.91,5464,854.55,8946,1398.59,-4474,-696.73
002644.SZ,20260403,60164,5284.89,43414,3823.89,42845,3768.98,47827,4205.02,14321,1257.55,24256,2122.73,9648,841.61,11481,1001.4,-11324,-997.54
002645.SZ,20260403,95798,16957.26,127803,22637.38,105694,18725.54,89770,15904.98,81695,14480.63,64160,11368.97,21326,3782.12,22780,4034.21,-32648,-5753.19
002646.SZ,20260403,22463,1780.21,18824,1492.91,16230,1286.05,14890,1181.17,4062,322.15,5127,404.56,0,0.0,3914,309.76,-10538,-833.44
002647.SZ,20260403,24160,2132.86,34382,3036.61,63576,5614.11,62603,5525.3,83874,7407.55,87054,7687.1,25282,2230.92,12853,1136.43,29379,2608.72
002648.SZ,20260403,133476,35299.55,112260,29733.92,134516,35625.82,123121,32620.61,94977,25167.15,104369,27642.97,42015,11173.04,65234,17268.05,10608,2829.52
002649.SZ,20260403,32638,3708.21,30107,3417.28,16696,1894.15,17087,1942.36,10521,1191.66,10040,1136.94,0,0.0,2621,297.44,-9583,-1083.17
002650.SZ,20260403,17423,1196.41,23714,1627.63,41138,2825.91,46594,3203.41,40093,2752.4,30928,2125.23,6928,477.98,4347,296.43,21884,1501.38
002651.SZ,20260403,34558,3185.43,24946,2299.84,16082,1480.98,22470,2070.77,4233,390.39,7457,686.19,0,0.0,0,0.0,-13751,-1268.33
002652.SZ,20260403,100031,4283.65,111458,4763.56,55762,2388.02,60427,2593.63,58384,2512.7,41842,1791.73,8236,347.66,8686,383.12,-37577,-1626.24
002653.SZ,20260403,20577,11344.02,13147,7257.63,19126,10567.77,21724,11989.34,6459,3574.65,8879,4906.58,1177,649.33,3589,1982.2,-2511,-1371.0
002654.SZ,20260403,147657,18654.01,140507,17750.51,118144,14928.23,104540,13238.1,71019,8962.82,79927,10065.96,29488,3743.7,41334,5234.2,-58935,-7435.54
002655.SZ,20260403,109621,20581.1,168450,31648.67,152030,28568.59,152374,28668.17,133672,25156.49,93030,17517.81,39346,7440.63,20815,3912.16,8316,1649.71
002656.SZ,20260403,29599,882.95,14154,422.94,42531,1270.38,30116,899.86,49651,1479.34,38259,1142.51,0,0.0,39252,1167.36,-48899,-1460.71
002657.SZ,20260403,25342,5421.67,23030,4929.52,18483,3954.49,20253,4335.62,9086,1947.66,10481,2242.33,4273,911.91,3421,728.26,-2362,-503.38
002658.SZ,20260403,44587,3599.63,40457,3269.54,27521,2224.62,25526,2061.51,6360,511.74,12485,1004.95,0,0.0,0,0.0,-9236,-742.86
002659.SZ,20260403,73159,3596.8,73833,3624.94,43730,2147.44,35794,1760.53,29255,1434.27,21179,1042.4,972,47.53,16310,798.16,-28440,-1400.66
002660.SZ,20260403,29013,2347.43,29912,2421.66,15472,1250.56,14224,1148.12,6948,559.54,7297,587.75,0,0.0,0,0.0,-10687,-864.6
002661.SZ,20260403,28792,2526.51,32184,2818.81,17187,1502.24,12907,1130.63,3652,318.42,4540,397.73,0,0.0,0,0.0,-9075,-801.32
002662.SZ,20260403,104563,4087.97,98159,3840.77,85310,3332.44,59733,2335.52,33544,1312.32,65487,2556.37,2815,110.63,2853,110.7,-42994,-1674.22
002663.SZ,20260403,280470,5694.87,312164,6306.96,277967,5649.82,207821,4221.84,227268,4611.54,226425,4630.02,40905,826.21,80200,1623.62,-82626,-1724.81
002664.SZ,20260403,22619,4439.89,26200,5147.65,14705,2888.65,15105,2965.46,11543,2268.38,8358,1641.01,5042,988.16,4246,830.97,-8678,-1699.43
002666.SZ,20260403,75892,3925.03,77459,4015.71,52809,2734.89,39579,2049.66,23763,1227.52,32926,1694.47,0,0.0,2500,127.6,-23304,-1205.85
002667.SZ,20260403,46986,11088.53,39141,9234.93,22993,5448.51,26341,6230.83,17992,4263.41,19516,4619.11,5077,1189.0,8050,1904.59,717,203.6
002668.SZ,20260403,27955,2529.36,27009,2442.77,19134,1729.57,22390,2025.33,16338,1477.09,12778,1154.33,1543,138.87,2793,252.47,-9970,-897.87
002669.SZ,20260403,30926,3795.27,27648,3395.62,15186,1863.98,17065,2094.4,6526,801.11,7925,970.34,0,0.0,0,0.0,-9108,-1115.21
002670.SZ,20260403,45109,6300.69,29803,4167.4,35549,4963.44,34604,4832.34,23331,3256.82,36191,5048.7,5707,792.62,9098,1265.14,-26999,-3765.58
002671.SZ,20260403,170447,7912.03,251625,11690.07,139761,6500.22,81789,3806.1,65518,3049.38,49677,2304.18,7366,338.72,0,0.0,-47956,-2221.14
002672.SZ,20260403,70931,3015.22,85742,3647.92,46516,1976.08,28833,1226.15,25869,1100.85,21364,905.09,2923,121.3,10300,434.29,-14320,-616.35
002673.SZ,20260403,93296,6627.73,77862,5532.74,85052,6043.53,84014,5970.78,51409,3652.5,58147,4132.83,10774,767.06,20508,1454.47,-17385,-1221.51
002674.SZ,20260403,10414,1281.61,12951,1594.29,9262,1139.71,5644,694.61,4126,508.2,4396,540.38,0,0.0,811,100.24,-2716,-332.54
002675.SZ,20260403,131453,19362.87,134940,19898.34,163286,24069.71,157051,23155.78,120821,17807.03,121011,17831.58,36640,5407.68,39198,5761.58,-95639,-14073.09
002676.SZ,20260403,110366,7606.77,185442,12785.1,101939,7041.32,73000,5042.37,79767,5501.19,38036,2627.37,13906,961.45,9500,655.89,-25954,-1775.6
002677.SZ,20260403,28194,2181.54,27623,2134.91,14486,1118.24,12108,935.92,7078,546.72,7697,593.81,0,0.0,2330,181.87,-10420,-807.16
002678.SZ,20260403,97984,5735.29,204039,12039.94,138394,8124.64,174382,10343.65,170924,10117.75,115989,6896.98,189356,11456.6,102248,6153.7,-105238,-6504.44
002679.SZ,20260403,29681,3114.37,26639,2793.91,13433,1409.85,13560,1424.45,6734,705.98,6781,712.31,0,0.0,2868,299.53,-2444,-257.29
002681.SZ,20260403,115259,5842.96,70428,3582.2,81022,4106.96,81573,4142.11,25091,1272.38,48171,2437.47,20237,1030.97,41437,2091.5,-54950,-2786.57
002682.SZ,20260403,108522,6203.43,87450,4999.75,53217,3043.35,64900,3710.69,21466,1227.18,32873,1881.31,6482,372.98,4464,255.19,-48377,-2761.87
002683.SZ,20260403,28932,10927.96,14791,5591.48,16952,6398.86,20709,7809.17,12030,4541.25,16185,6115.87,3656,1382.87,9885,3734.44,-316,-105.18
002685.SZ,20260403,83478,5752.48,66512,4581.35,77627,5350.95,71265,4906.5,55551,3823.04,65171,4491.38,3224,220.71,16932,1167.96,-54948,-3787.63
002687.SZ,20260403,60966,2803.81,74161,3403.71,43400,1990.74,31603,1452.85,13593,627.06,12195,565.05,0,0.0,0,0.0,-16354,-758.0
002688.SZ,20260403,153853,9072.28,101015,5952.33,120720,7121.23,111528,6571.32,64650,3818.52,83442,4920.75,3879,229.43,47117,2797.06,-35758,-2068.4
002689.SZ,20260403,26429,942.34,22394,798.8,30324,1081.75,23922,853.9,10271,365.09,20458,727.46,4000,142.4,4250,151.42,-23392,-834.28
002690.SZ,20260403,23233,4048.64,24092,4197.78,16025,2792.92,12244,2134.45,3937,687.09,6858,1196.43,0,0.0,0,0.0,3508,617.11
002691.SZ,20260403,36341,2588.15,37602,2675.42,16295,1158.45,14928,1063.23,4301,305.19,4407,313.14,0,0.0,0,0.0,-5997,-427.77
002692.SZ,20260403,154250,8838.24,116590,6696.08,116499,6696.76,123015,7064.42,71847,4127.32,96593,5541.99,10215,591.97,16613,951.8,-76037,-4354.95
002693.SZ,20260403,35566,2752.13,23547,1822.56,39554,3063.17,41602,3220.83,13934,1075.02,22219,1718.29,0,0.0,1686,128.66,-28466,-2202.97
002694.SZ,20260403,51134,1487.98,53156,1548.96,37818,1100.34,30347,884.79,18736,543.38,20047,580.41,14709,426.12,18847,543.66,-36655,-1057.57
002695.SZ,20260403,26737,2812.89,25351,2666.54,16506,1733.67,13747,1444.55,6998,732.12,10114,1060.78,0,0.0,1029,106.81,-5645,-595.4
002696.SZ,20260403,39218,2613.66,48163,3207.78,27185,1812.47,19772,1318.18,8912,593.17,9384,626.1,3539,235.14,1535,102.38,-6883,-457.74
002697.SZ,20260403,60831,3327.33,59762,3272.85,57241,3134.3,51420,2814.35,34805,1902.21,38340,2097.8,9421,519.43,12777,698.27,-54166,-2976.76
002698.SZ,20260403,21635,2838.02,15068,1977.77,15374,2016.69,22182,2907.75,10970,1440.61,11005,1445.91,1300,170.04,1024,133.94,-7952,-1042.31
002700.SZ,20260403,34554,2225.04,42456,2730.07,26934,1733.93,24884,1600.14,12188,781.06,6461,417.76,125,7.94,0,0.0,-25298,-1626.37
002701.SZ,20260403,57036,2852.86,56750,2837.34,51549,2577.53,46440,2324.13,33699,1683.19,26979,1346.82,4920,245.62,17035,850.9,-41950,-2095.42
002702.SZ,20260403,150669,8044.72,116653,6222.5,58179,3105.96,66257,3537.28,25612,1367.45,49543,2650.42,3403,181.38,5410,289.3,-47562,-2534.28
002703.SZ,20260403,140294,26487.7,104228,19696.71,110595,20902.73,126063,23802.52,58778,11105.59,74611,14078.06,17596,3318.34,22360,4237.08,-45917,-8659.33
002705.SZ,20260403,84632,12382.33,44347,6500.28,56119,8226.9,68180,9982.67,33941,4963.86,52520,7683.49,6457,944.55,16102,2351.21,-17311,-2543.33
002706.SZ,20260403,150787,14201.82,139223,13094.35,125277,11791.86,86648,8160.3,74211,6979.25,122123,11499.16,9332,873.32,11613,1092.45,-48331,-4530.38
002707.SZ,20260403,49420,3165.27,53180,3407.21,37005,2373.48,35209,2255.71,27531,1762.95,22261,1427.91,1636,104.38,4941,315.24,-18006,-1155.04
002708.SZ,20260403,27901,3165.94,21268,2412.88,23091,2618.14,18658,2116.75,8297,942.94,18400,2087.98,0,0.0,963,109.4,-11369,-1286.45
002709.SZ,20260403,226571,98646.16,170464,74371.57,240413,104786.47,236891,103331.86,179480,78407.86,192116,83778.52,76547,33407.35,123540,53765.88,-22569,-9853.63
002712.SZ,20260403,71232,3531.0,75633,3744.07,45390,2242.78,33928,1679.21,11260,557.8,17930,888.92,0,0.0,391,19.39,-26576,-1315.25
002713.SZ,20260403,71999,8819.26,48926,6001.94,100369,12304.32,84672,10382.86,87810,10758.78,102865,12611.67,30771,3763.35,54485,6649.24,-82392,-10037.25
002714.SZ,20260403,84798,36488.42,72428,31144.33,93120,40044.04,89802,38623.85,58958,25333.93,63947,27511.23,27259,11732.02,37958,16319.01,-2698,-1122.07
002715.SZ,20260403,20845,2893.1,23851,3311.55,11364,1577.43,10512,1460.94,6518,908.61,5364,750.34,1000,143.69,0,0.0,-9029,-1253.7
002716.SZ,20260403,506484,57433.77,329764,37402.86,267736,30388.64,329305,37358.56,151922,17235.63,205577,23342.26,71955,8196.52,133452,15150.87,-147822,-16685.15
002717.SZ,20260403,111131,1849.77,80531,1345.65,216828,3620.21,175947,2943.24,299489,5020.99,321564,5379.12,0,0.0,49406,822.95,-182857,-3038.37
002718.SZ,20260403,15146,9695.13,20593,13201.38,15973,10182.26,15503,9880.53,10966,6958.98,7739,4893.1,3508,2228.36,1758,1089.73,56,24.4
002719.SZ,20260403,51449,4204.33,60034,4906.21,36105,2951.62,29141,2384.44,11623,953.1,10002,818.4,0,0.0,0,0.0,-14076,-1156.88
002721.SZ,20260403,97684,2715.81,84945,2365.53,81140,2258.27,68514,1908.4,35131,981.06,57277,1590.83,3781,104.73,7000,195.12,-60436,-1673.85
002722.SZ,20260403,12849,1805.43,13958,1961.58,6619,928.56,5955,837.07,2875,406.0,2430,341.33,0,0.0,0,0.0,-4153,-585.86
002723.SZ,20260403,30128,2628.1,38689,3373.67,27174,2371.29,22657,1974.0,21921,1907.6,15923,1389.58,0,0.0,1954,169.74,-6169,-530.05
002724.SZ,20260403,50143,3374.76,47371,3189.56,22463,1510.49,21421,1440.02,8452,567.76,16507,1106.74,7360,492.75,3119,209.44,-18642,-1252.9
002725.SZ,20260403,25244,3785.92,24815,3723.34,17022,2551.34,18519,2776.39,10435,1565.04,9058,1355.79,1725,256.29,2034,303.06,-2074,-308.22
002726.SZ,20260403,153471,4776.79,98383,3069.08,66624,2077.26,82181,2561.7,47977,1496.44,87808,2727.95,5300,163.24,5000,155.0,-46647,-1460.58
002727.SZ,20260403,35591,4497.8,28360,3583.59,22117,2795.29,16754,2122.08,3925,497.4,12441,1571.11,4670,584.47,8748,1098.17,-9747,-1233.29
002728.SZ,20260403,135752,15090.68,94569,10525.03,74659,8310.36,93130,10361.3,41101,4579.2,54407,6044.86,9708,1074.31,19114,2123.36,-52491,-5821.71
002729.SZ,20260403,44845,9132.93,58365,11906.79,48357,9850.82,43926,8956.74,36250,7417.22,30833,6298.82,8103,1666.81,4432,905.43,6810,1390.49
002730.SZ,20260403,119852,34354.21,98183,28176.52,119660,34318.1,124899,35817.37,71327,20454.4,82085,23529.58,16145,4654.0,21817,6257.24,-28733,-8280.68
002731.SZ,20260403,54323,3770.34,64355,4480.91,87930,6110.97,79701,5532.68,54007,3769.0,51039,3559.28,3479,242.89,4644,320.34,-13701,-915.55
002732.SZ,20260403,14954,2361.33,17747,2803.48,8121,1284.76,4383,692.69,1496,234.9,1906,301.14,0,0.0,535,83.67,-6529,-1035.25
002733.SZ,20260403,74275,18897.23,100161,25480.03,75122,19108.56,75279,19139.71,58709,14928.46,48330,12293.98,28308,7179.93,12644,3200.45,34346,8817.83
002734.SZ,20260403,43031,7423.52,39649,6843.31,41591,7175.97,36559,6312.04,23634,4079.6,30870,5323.52,5812,1003.22,6990,1203.44,-30836,-5306.24
002735.SZ,20260403,38484,5446.42,30281,4285.01,17251,2440.3,25202,3564.16,9068,1283.84,9112,1294.01,1000,144.0,1208,171.39,-12599,-1779.68
002736.SZ,20260403,64141,7191.54,61025,6845.57,64568,7237.84,41742,4682.31,32364,3632.08,40370,4531.02,4908,551.31,22844,2553.87,-23175,-2585.01
002737.SZ,20260403,19880,2483.54,16702,2087.18,7822,977.38,9603,1199.54,4944,615.97,5156,642.99,0,0.0,1185,147.18,-4598,-575.28
002738.SZ,20260403,82843,59961.8,47306,34304.59,61847,44772.11,68134,49349.49,49572,35908.5,57882,41885.0,22109,15992.93,43048,31096.27,10402,7543.98
002739.SZ,20260403,57072,5466.61,36931,3539.22,67484,6463.64,60653,5810.8,46355,4437.74,68547,6561.6,6485,618.52,11265,1074.89,-41166,-3935.03
002741.SZ,20260403,63918,10630.23,55187,9175.97,39598,6592.02,37404,6231.25,24850,4133.92,28175,4686.43,2163,359.75,9763,1622.25,1798,304.48
002742.SZ,20260403,13816,598.97,10925,474.3,22434,972.21,20186,876.33,13632,590.59,18771,811.14,0,0.0,0,0.0,-10220,-444.48
002743.SZ,20260403,43850,2264.67,45896,2369.86,27490,1420.24,23817,1233.93,9593,496.19,11220,577.31,0,0.0,0,0.0,-16127,-836.38
002745.SZ,20260403,60550,5052.53,62334,5199.78,71224,5947.54,61005,5097.04,39520,3297.75,44614,3722.0,10670,890.56,14011,1169.55,-43101,-3574.82
002746.SZ,20260403,71954,4256.97,94000,5563.35,46136,2732.12,36356,2154.58,28071,1661.08,21728,1283.21,8629,512.25,2706,161.28,-29284,-1730.56
002747.SZ,20260403,38709,7613.66,25544,5030.8,21798,4289.01,26434,5201.86,8879,1749.2,13731,2696.98,2069,404.02,5746,1126.24,-9059,-1774.36
002748.SZ,20260403,19376,2161.21,21080,2352.42,12387,1382.0,10792,1202.98,4313,480.34,4204,468.15,0,0.0,0,0.0,-8986,-1005.07
002749.SZ,20260403,8232,1057.89,7373,947.19,3596,461.89,4375,562.33,968,124.38,1048,134.64,0,0.0,0,0.0,-4354,-560.08
002752.SZ,20260403,66188,4097.63,118384,7358.37,80890,5034.59,52346,3249.29,43204,2691.08,21792,1352.05,9342,579.29,7102,442.89,30365,1899.74
002753.SZ,20260403,39054,2803.09,58625,4200.47,33402,2392.98,24116,1729.92,31720,2272.9,19421,1396.24,3909,280.8,5923,423.15,-24080,-1731.42
002755.SZ,20260403,121795,19749.79,99052,16081.62,115857,18804.85,117723,19097.02,68433,11119.96,82485,13384.7,10454,1690.34,17280,2801.6,-24045,-3897.71
002756.SZ,20260403,47162,34347.23,41934,30596.08,36723,26797.55,38647,28184.03,28248,20570.09,32518,23655.25,13922,10168.68,12956,9448.19,1721,1317.55
002757.SZ,20260403,40185,7745.08,36009,6948.21,25604,4939.05,23999,4627.18,9738,1875.48,11176,2149.02,364,69.63,4707,904.83,-3905,-750.18
002758.SZ,20260403,34206,3261.08,41753,3976.48,23561,2243.27,20591,1961.65,10973,1042.94,8042,765.96,3280,312.19,1634,155.39,-10871,-1039.08
002759.SZ,20260403,198218,68699.44,153881,53337.15,150159,52107.94,136530,47392.82,108192,37548.23,128581,44573.68,36290,12570.13,73867,25622.08,-75740,-25956.54
002760.SZ,20260403,15270,3137.86,14833,3046.3,6596,1354.18,7131,1465.14,1727,355.62,2179,448.36,550,112.15,0,0.0,-2639,-542.93
002761.SZ,20260403,52605,4380.06,51859,4330.15,61436,5126.64,61177,5110.48,33047,2762.97,33600,2791.71,2230,183.6,2682,220.94,-33462,-2764.09
002762.SZ,20260403,5716,405.7,7048,501.17,7035,500.05,8340,592.89,5285,376.41,2649,188.1,0,0.0,0,0.0,-4359,-308.97
002763.SZ,20260403,59302,4578.42,70305,5428.21,44021,3405.91,33102,2561.27,14731,1137.84,18002,1392.41,3355,259.71,0,0.0,-3742,-283.67
002765.SZ,20260403,37621,3654.62,30886,3000.32,26986,2622.79,27398,2662.26,15197,1478.9,19163,1864.74,0,0.0,2357,229.0,-25228,-2452.38
002766.SZ,20260403,67625,3205.83,59870,2836.82,47601,2257.35,38461,1824.09,21195,1005.48,34827,1655.39,3184,154.42,6447,306.77,-43333,-2054.44
002767.SZ,20260403,12644,2543.32,11707,2354.91,4905,985.92,5795,1164.77,862,173.09,909,182.64,0,0.0,0,0.0,-3347,-672.37
002768.SZ,20260403,13040,5848.87,10311,4632.64,8612,3866.73,11128,4990.34,5410,2423.33,5058,2263.25,103,46.12,669,298.82,728,321.15
002769.SZ,20260403,52749,5252.52,57885,5769.57,40496,4024.67,37617,3744.92,19326,1925.34,14793,1469.35,4786,470.74,7062,689.42,11517,1136.68
002771.SZ,20260403,69193,11128.59,64226,10350.17,64574,10399.35,64848,10438.14,34307,5526.14,36905,5931.46,4670,748.24,6765,1082.55,-11745,-1880.89
002772.SZ,20260403,44359,7455.15,55118,9265.93,38481,6476.22,33311,5613.56,24438,4128.72,15819,2664.44,0,0.0,3030,516.16,-3698,-599.1
002773.SZ,20260403,59968,17294.92,41362,11937.77,43635,12599.94,47361,13668.78,23158,6682.74,33216,9581.73,5621,1616.79,10444,3006.1,-1561,-444.13
002774.SZ,20260403,16244,1689.68,15598,1623.9,5797,602.95,6475,672.53,2788,290.05,2756,286.25,0,0.0,0,0.0,-4219,-437.6
002775.SZ,20260403,82059,3121.05,94750,3593.79,50934,1935.34,37590,1428.22,10364,391.38,15082,577.4,4065,151.62,0,0.0,-31789,-1206.79
002777.SZ,20260403,27022,4291.31,19028,3025.36,14541,2310.03,17261,2742.64,5461,866.84,9142,1448.89,0,0.0,1593,251.29,-7263,-1156.47
002778.SZ,20260403,10811,2128.12,13999,2755.52,8782,1728.68,6686,1317.34,3697,728.23,2576,506.49,0,0.0,29,5.67,-4054,-799.05
002779.SZ,20260403,7665,6512.85,7135,6068.46,4579,3892.5,4619,3923.5,2311,1963.83,2905,2467.86,246,210.0,142,119.36,-1299,-1106.44
002780.SZ,20260403,22301,3243.67,22442,3263.61,11709,1703.1,11038,1607.67,2802,408.77,3333,484.26,0,0.0,0,0.0,-4150,-607.22
002782.SZ,20260403,30798,6231.28,24530,4963.5,22397,4535.42,23640,4783.31,17240,3489.13,18281,3702.99,1705,344.94,5690,1150.97,-523,-101.44
002783.SZ,20260403,46840,4179.96,48044,4287.62,40199,3581.95,32862,2934.13,24232,2166.65,22701,2024.95,4901,437.49,12565,1119.35,-21235,-1904.86
002785.SZ,20260403,8889,3451.17,11848,4605.67,13167,5114.54,10945,4255.17,16072,6243.76,8553,3328.09,5051,1956.77,11833,4577.32,-11213,-4334.88
002786.SZ,20260403,50840,3548.4,36841,2578.86,25180,1755.93,20233,1412.25,18295,1266.61,16663,1159.34,0,0.0,20578,1420.49,-1015,-72.34
002787.SZ,20260403,30726,3566.21,29898,3469.51,15809,1833.89,15633,1813.09,7284,844.59,8134,942.87,4427,512.68,4581,531.89,-3202,-369.14
002788.SZ,20260403,364143,64000.78,352422,62016.31,335237,58914.2,351011,61678.44,190580,33549.85,192879,33880.36,55409,9739.59,49057,8629.3,2471,607.71
002789.SZ,20260403,5881,659.42,7111,797.46,12053,1350.32,12656,1420.46,10287,1153.38,7137,797.51,16,1.78,1333,149.46,-5247,-591.72
002790.SZ,20260403,57363,4482.56,86309,6748.29,40128,3142.03,35487,2780.95,41040,3217.91,16151,1268.78,1001,79.48,1585,123.96,-12581,-961.36
002791.SZ,20260403,19100,3711.76,15508,3018.76,16136,3135.13,16070,3119.93,6631,1287.14,11811,2289.91,1522,294.58,0,0.0,-14667,-2856.16
002792.SZ,20260403,51217,22999.65,146003,65773.73,89030,39978.38,234276,105661.14,120450,54169.17,162592,73310.26,372605,168478.93,90430,40880.99,-82842,-37883.07
002793.SZ,20260403,135129,6839.81,103431,5237.36,68145,3454.14,81985,4153.18,32639,1653.35,45711,2315.54,2421,122.02,7207,363.24,-35290,-1772.69
002795.SZ,20260403,64675,5068.41,75808,5938.41,54898,4301.76,55038,4309.57,45741,3579.52,34438,2701.53,9677,757.49,9707,757.67,-27971,-2196.56
002796.SZ,20260403,50493,24590.07,63308,30949.19,57783,28271.31,71077,34900.91,70675,34733.34,69500,34163.93,72379,35768.82,47445,23349.52,23889,11834.76
002797.SZ,20260403,259791,18260.03,250815,17674.99,319023,22449.49,367562,25894.91,307387,21678.23,294114,20697.54,166884,11767.95,140594,9888.25,-12576,-723.0
002798.SZ,20260403,28809,1672.98,44797,2598.42,29019,1682.6,19967,1158.81,16362,948.28,7824,453.55,0,0.0,1602,93.08,-12517,-725.65
002799.SZ,20260403,39600,3189.83,37378,3011.18,18422,1484.64,21560,1736.38,6346,510.58,5973,479.85,1843,146.89,1300,104.52,-8961,-718.49
002800.SZ,20260403,33031,6301.55,22203,4247.72,28864,5532.05,23326,4477.27,26364,5060.96,28691,5471.17,1185,228.13,15224,2926.54,10130,1965.07
002801.SZ,20260403,5368,1610.46,5032,1510.87,3144,942.85,2772,831.26,1597,479.09,2304,690.27,0,0.0,0,0.0,-974,-290.01
002802.SZ,20260403,20110,2485.27,22080,2728.59,13280,1641.42,13246,1636.01,4907,607.76,3931,487.54,960,117.7,0,0.0,-7006,-858.4
002803.SZ,20260403,35262,5550.67,34491,5428.83,20943,3300.89,21633,3409.5,9486,1491.34,10126,1591.53,1622,253.1,1063,166.15,-15675,-2468.03
002805.SZ,20260403,75228,12256.77,67539,10976.08,58538,9534.01,56856,9262.55,26582,4326.9,31915,5216.49,4900,794.17,8939,1456.74,-32078,-5235.22
002806.SZ,20260403,49409,6446.05,73141,9540.93,48830,6378.1,35753,4670.94,31466,4109.14,20985,2744.2,1060,140.44,886,117.66,3198,429.11
002807.SZ,20260403,92298,4146.17,105478,4737.65,119623,5374.67,97154,4368.72,72388,3252.87,72900,3276.98,22866,1029.25,31643,1419.62,-64308,-2886.68
002808.SZ,20260403,9921,457.47,9095,419.45,13248,612.55,12281,567.88,1675,76.78,3468,159.47,0,0.0,0,0.0,-8058,-367.92
002809.SZ,20260403,52390,5542.8,51091,5407.92,31573,3340.68,28583,3026.17,8145,859.58,7439,787.11,1232,128.63,6227,650.48,-17233,-1819.32
002810.SZ,20260403,61867,13915.55,64789,14573.71,65107,14656.13,68823,15469.95,44960,10115.82,43561,9802.0,21548,4808.0,16310,3649.83,-10428,-2320.79
002811.SZ,20260403,22409,2919.27,21113,2750.68,12925,1682.87,11738,1528.35,4691,611.08,5545,723.33,794,102.98,2423,313.83,-4445,-577.82
002812.SZ,20260403,72523,47496.56,70145,46108.97,95824,62910.75,87665,57549.1,60893,39937.46,65882,43141.41,24122,15835.37,29669,19380.66,-2698,-1754.09
002813.SZ,20260403,7236,1715.87,6163,1461.74,2858,677.67,3317,786.19,1907,452.67,2521,598.28,0,0.0,0,0.0,-565,-133.14
002815.SZ,20260403,59976,8145.26,52843,7182.78,52203,7093.38,55445,7533.57,25742,3501.2,30271,4113.05,4222,574.94,3584,485.4,-16286,-2197.04
002816.SZ,20260403,5385,1187.79,6147,1356.96,10398,2294.9,10305,2272.78,5896,1300.75,5663,1250.37,1001,220.49,565,123.82,-11764,-2593.12
002817.SZ,20260403,53329,4135.24,55949,4331.85,23677,1838.45,20883,1623.58,9415,729.36,11178,869.41,1588,121.8,0,0.0,-11038,-855.5
002818.SZ,20260403,11083,1182.33,12080,1289.68,10277,1096.27,7276,775.81,4035,430.32,5834,621.71,996,105.84,1200,127.56,-7291,-777.93
002819.SZ,20260403,30028,7631.48,37798,9592.52,29174,7408.34,28907,7334.83,19893,5039.06,13140,3337.36,1462,365.03,712,179.2,15265,3869.08
002820.SZ,20260403,42428,4383.9,42350,4376.55,17945,1855.03,17327,1790.36,3320,345.31,3954,411.01,0,0.0,62,6.32,-13063,-1355.31
002821.SZ,20260403,84200,103518.3,45796,56359.61,60827,74861.09,65772,80944.57,38018,46845.18,66268,81554.46,30018,36985.5,35226,43351.42,-4646,-5605.98
002822.SZ,20260403,37229,1110.56,19278,575.73,46431,1384.92,35781,1068.11,23182,690.74,38253,1139.77,0,0.0,13531,402.6,-23201,-685.85
002823.SZ,20260403,16412,2364.58,14272,2057.36,9205,1325.4,10457,1507.01,3127,451.47,4823,693.52,808,116.43,0,0.0,-6615,-952.42
002824.SZ,20260403,61649,12461.03,73220,14819.42,46094,9344.95,37235,7540.17,26613,5406.11,22192,4506.25,8430,1712.13,10139,2058.38,12424,2536.26
002825.SZ,20260403,22488,2269.29,21764,2198.14,14214,1434.85,14837,1497.54,7282,737.68,7382,746.14,0,0.0,0,0.0,-10654,-1074.84
002826.SZ,20260403,20400,4120.11,19672,3970.57,13640,2754.78,12758,2575.43,8108,1635.78,9049,1829.7,600,120.12,1269,255.08,-8952,-1807.31
002827.SZ,20260403,15424,5151.19,12324,4115.53,8143,2717.6,11011,3675.47,5541,1853.18,5774,1929.83,369,122.19,368,123.33,-5843,-1948.11
002828.SZ,20260403,229269,32375.43,269452,38093.63,240550,34046.15,212323,30389.09,167347,23923.6,181652,26128.9,164170,24572.18,137909,20305.74,-225079,-33087.27
002829.SZ,20260403,15183,3313.81,11327,2474.67,11800,2577.64,11684,2551.34,6656,1448.45,9923,2161.55,0,0.0,705,152.34,-3415,-744.36
002830.SZ,20260403,14815,2993.47,14609,2952.57,5698,1151.16,4661,941.8,2090,422.11,3333,672.37,0,0.0,0,0.0,88,14.8
002831.SZ,20260403,30538,10528.99,50183,17380.47,43074,14832.96,53160,18420.07,47206,16333.78,49417,17201.51,98404,34632.48,66462,23326.15,-55647,-19833.64
002832.SZ,20260403,30679,5322.71,34291,5951.52,26508,4605.48,22459,3900.92,15632,2718.74,16198,2810.96,5016,867.65,4887,851.17,-5585,-941.37
002833.SZ,20260403,12049,2103.34,14086,2457.87,6685,1167.61,5686,992.55,5079,885.39,3516,613.18,686,119.02,1211,211.75,-3719,-647.93
002835.SZ,20260403,15084,2285.24,14707,2229.51,6101,924.66,6792,1030.65,2932,442.9,3633,551.52,6039,914.81,5024,755.93,-5760,-878.44
002836.SZ,20260403,12596,1675.89,12633,1683.0,7926,1055.4,7896,1051.73,4501,597.69,5551,738.1,1057,143.85,0,0.0,-1456,-195.75
002837.SZ,20260403,76432,64194.67,90830,76426.81,96405,81059.87,100751,84757.43,75829,63838.07,67922,57081.36,33144,27871.5,22307,18698.51,33153,27989.8
002838.SZ,20260403,10833,2701.45,10794,2689.72,9820,2448.95,8884,2216.83,3448,859.45,5327,1328.97,1227,306.26,323,80.59,-986,-244.66
002839.SZ,20260403,103177,4621.07,109192,4890.72,100585,4506.87,98237,4401.87,41153,1843.24,36791,1649.09,14199,637.91,14894,667.4,-19949,-889.54
002840.SZ,20260403,156873,18371.46,151304,17727.29,173347,20311.7,205331,24055.0,156026,18279.92,159164,18644.69,69166,8108.93,39613,4645.04,21725,2589.47
002841.SZ,20260403,11578,3761.45,12811,4161.41,7043,2286.94,8302,2696.54,5089,1651.48,2940,952.79,1410,456.15,1067,345.28,-6615,-2143.71
002842.SZ,20260403,98671,30153.98,96501,29488.29,64638,19773.55,68852,21069.6,32326,9881.38,32670,9978.06,11690,3561.71,9302,2834.67,-8358,-2582.2
002843.SZ,20260403,64775,13471.08,79671,16588.69,50616,10544.7,40885,8528.84,33311,6954.47,26902,5614.52,14102,2964.04,15346,3202.24,8012,1694.46
002845.SZ,20260403,24774,3241.7,25128,3287.78,15288,1999.93,13571,1775.86,5701,746.13,6065,793.87,844,110.4,1843,240.64,-6495,-847.71
002846.SZ,20260403,37732,5254.21,18234,2545.49,14126,1964.71,17801,2476.42,8506,1178.49,18965,2634.01,616,85.07,5980,826.55,-9902,-1376.18
002847.SZ,20260403,6159,3635.69,5117,3023.13,3889,2292.66,4146,2443.26,1702,1002.26,2487,1464.22,0,0.0,0,0.0,-2859,-1690.3
002848.SZ,20260403,9935,1294.46,5119,666.66,20692,2690.84,17471,2274.02,16133,2101.16,23722,3092.27,3468,462.17,3916,515.67,-16578,-2174.61
002849.SZ,20260403,28126,4562.34,28760,4667.61,18128,2942.26,15357,2492.64,6672,1081.82,9257,1498.3,1866,300.72,1418,228.58,-4539,-728.11
002850.SZ,20260403,28016,51140.36,21570,39487.91,20560,37657.34,24225,44309.81,15189,27905.84,16433,30154.07,6310,11576.8,7848,14328.54,4418,8014.15
002851.SZ,20260403,44362,42493.49,24782,23770.64,36984,35438.93,36945,35393.06,20390,19552.39,31733,30437.05,8438,8081.57,16714,15965.62,1085,1076.83
002852.SZ,20260403,36718,3484.05,29439,2794.99,25206,2391.7,21081,2000.42,7770,739.65,18323,1740.14,0,0.0,851,79.85,-17658,-1671.52
002853.SZ,20260403,12589,2973.02,11916,2814.24,4849,1148.41,5676,1343.6,5919,1397.97,3421,805.99,0,0.0,2344,555.58,-1615,-380.93
002855.SZ,20260403,17966,2042.32,17440,1982.18,5684,645.15,5883,668.74,3578,405.26,1905,215.61,0,0.0,2000,226.21,-982,-112.66
002856.SZ,20260403,20728,2204.1,23978,2546.6,17210,1828.99,17022,1813.05,6975,743.1,6835,726.66,8000,847.53,5078,537.4,-4315,-454.32
002857.SZ,20260403,16783,3442.46,17035,3491.98,10087,2067.22,9923,2032.7,4450,910.19,3854,791.56,0,0.0,508,103.64,-2486,-510.54
002858.SZ,20260403,46332,6640.66,38965,5583.67,28860,4140.82,34816,5000.23,11494,1652.94,12921,1857.93,1147,167.42,1131,160.01,-8433,-1198.63
002859.SZ,20260403,16313,6535.22,18266,7323.3,8946,3592.01,11383,4572.19,7336,2952.2,5627,2258.0,3544,1418.02,863,343.97,1819,745.58
002860.SZ,20260403,41396,5067.75,46730,5707.18,38049,4655.47,38246,4669.02,25122,3063.81,20179,2474.85,7450,905.45,6864,841.42,-26621,-3251.07
002861.SZ,20260403,33615,4921.42,29974,4384.44,16440,2406.21,17116,2505.72,11466,1683.53,10917,1603.27,811,120.03,4324,637.77,-5495,-795.01
002862.SZ,20260403,19376,3083.06,22534,3590.43,13412,2135.04,12643,2014.76,8920,1421.72,7182,1138.73,1560,249.44,909,145.35,-17205,-2739.01
002863.SZ,20260403,66939,3586.25,60937,3265.89,30228,1621.59,33189,1776.45,11597,620.14,14638,785.63,0,0.0,0,0.0,-6942,-374.56
002864.SZ,20260403,17113,5768.9,14572,4922.24,12119,4090.56,12066,4071.4,5221,1762.81,7443,2507.94,1285,440.45,1657,561.14,-2415,-805.42
002865.SZ,20260403,49347,34387.84,29094,20320.69,24872,17394.81,34089,23759.45,12586,8791.27,18891,13169.89,2891,2015.56,7622,5339.45,-3478,-2458.86
002866.SZ,20260403,80092,16192.68,65225,13197.64,68715,13908.56,64888,13130.53,27238,5516.72,41504,8403.93,3827,779.97,8255,1665.83,-5107,-1007.8
002867.SZ,20260403,27897,3284.63,31903,3755.84,17160,2021.07,18126,2137.73,10144,1197.24,5666,666.95,1493,174.58,1000,117.0,-14052,-1653.67
002868.SZ,20260403,1274,477.08,1381,517.61,2990,1120.77,3126,1170.68,1468,549.37,1225,458.93,0,0.0,0,0.0,-1990,-742.09
002869.SZ,20260403,44277,11228.98,56296,14251.02,50585,12840.63,67660,17165.08,66425,16954.47,54494,13893.4,60281,15529.84,43118,11244.43,23601,5991.71
002870.SZ,20260403,8706,3068.08,10970,3866.32,11009,3882.28,7993,2819.67,4775,1679.59,5195,1826.77,300,107.1,632,224.28,2082,746.14
002871.SZ,20260403,11888,1906.16,12736,2042.47,4429,708.91,5053,809.58,3125,502.14,1653,265.16,0,0.0,0,0.0,-2485,-398.79
002872.SZ,20260403,12886,638.33,11870,587.91,19484,965.98,14851,735.97,10248,506.02,15896,786.45,0,0.0,0,0.0,-18302,-908.37
002873.SZ,20260403,104287,11176.0,160785,17234.88,107952,11562.11,90390,9688.53,77042,8266.61,55989,5989.13,27402,2911.76,9519,1003.95,20763,2255.9
002875.SZ,20260403,13952,2587.77,16066,2975.05,16013,2967.32,14915,2760.76,11139,2063.38,9257,1716.34,2915,536.2,3781,702.52,-7506,-1381.51
002876.SZ,20260403,18133,4687.43,16366,4234.43,9213,2378.39,9949,2571.1,5830,1507.32,6230,1609.24,843,218.24,1474,376.62,-2055,-531.8
002877.SZ,20260403,42763,3545.38,34620,2868.39,23983,1987.83,25498,2114.16,8874,731.74,13393,1109.1,1468,122.58,3577,295.89,-7572,-625.0
002878.SZ,20260403,39280,6664.37,37984,6453.67,32046,5441.69,33418,5675.22,13106,2226.0,13687,2320.16,2472,421.71,1815,304.72,-12199,-2064.75
002879.SZ,20260403,36790,7414.2,35091,7076.57,19210,3872.9,19159,3861.88,9415,1900.88,8605,1734.42,1675,334.61,4235,849.72,-1268,-240.64
002880.SZ,20260403,6590,1779.59,6426,1734.55,3886,1048.51,4382,1182.48,2875,774.49,2596,699.81,80,21.5,27,7.26,-3089,-833.21
002881.SZ,20260403,15259,5534.89,11355,4123.9,9312,3378.63,10207,3701.21,3947,1430.29,5704,2066.31,383,137.65,1635,590.03,-809,-298.66
002882.SZ,20260403,16736,4365.08,12077,3152.19,10266,2677.5,10150,2648.69,4910,1280.5,7724,2011.7,3586,935.84,5547,1446.35,4610,1196.57
002883.SZ,20260403,16880,1547.2,20956,1919.25,18431,1685.8,17776,1625.25,8758,803.43,5337,491.94,0,0.0,0,0.0,-9484,-866.5
002884.SZ,20260403,15965,2868.38,12290,2208.91,9572,1720.75,8758,1573.68,4015,721.52,7040,1265.66,1535,275.04,3000,537.44,-6374,-1146.69
002885.SZ,20260403,42176,9697.03,27206,6260.25,21715,4997.48,27596,6343.49,16050,3690.46,18939,4354.89,2019,463.11,8219,1889.45,3938,908.73
002886.SZ,20260403,18285,3646.32,17002,3389.09,12503,2492.86,11926,2377.56,3493,695.93,6344,1265.75,2034,404.92,1043,207.63,-5892,-1170.66
002887.SZ,20260403,27012,2888.94,25260,2697.01,15333,1637.41,15435,1648.69,7881,837.17,8531,912.81,0,0.0,1000,105.0,-7267,-784.88
002888.SZ,20260403,14205,2490.65,13422,2354.06,7113,1245.24,7164,1253.17,1743,305.91,2475,434.57,0,0.0,0,0.0,-4079,-712.21
002889.SZ,20260403,8747,1131.89,9270,1199.12,3969,513.69,3229,418.23,190,24.47,407,52.7,0,0.0,0,0.0,-1397,-179.64
002890.SZ,20260403,35397,5690.86,37208,5990.61,18321,2961.35,19361,3118.58,6427,1035.3,5479,882.63,1903,304.3,0,0.0,-4917,-784.51
002891.SZ,20260403,30157,11487.01,43356,16531.76,26878,10252.67,21939,8365.61,18303,6981.82,10881,4149.71,2829,1080.26,1991,754.68,-14364,-5459.35
002892.SZ,20260403,28507,3015.55,19648,2080.67,17309,1829.0,19590,2070.65,9334,984.03,10862,1147.45,0,0.0,5050,529.82,-8689,-923.02
002893.SZ,20260403,117252,14689.36,199115,24964.36,110763,13940.17,78629,9885.17,77516,9699.94,27536,3459.32,4311,555.6,4561,576.22,-38451,-4741.76
002895.SZ,20260403,35586,13962.67,31620,12404.79,26282,10301.46,25725,10083.52,8681,3390.65,12734,4985.72,2029,792.03,2499,972.77,18571,7277.85
002896.SZ,20260403,14213,10143.46,9194,6566.04,10976,7839.1,12619,9007.09,6160,4398.73,8571,6117.17,1692,1206.43,2658,1897.41,-4463,-3178.5
002897.SZ,20260403,39107,23989.56,49139,30182.66,45880,28169.02,40952,25160.0,34494,21204.65,30145,18509.52,13926,8588.89,13170,8099.94,6176,3802.65
002898.SZ,20260403,7620,958.06,7944,1001.28,15797,1987.87,16872,2123.3,14012,1766.28,13875,1748.34,2197,277.67,934,116.94,6764,858.79
002899.SZ,20260403,7578,2116.08,6059,1693.85,6234,1744.27,5734,1602.84,5285,1473.12,7620,2126.24,816,228.01,500,138.54,-1105,-308.26
002900.SZ,20260403,49018,5922.57,36948,4463.87,15258,1847.55,23740,2869.44,4092,494.52,6679,810.16,0,0.0,1000,121.17,-5034,-607.77
002901.SZ,20260403,5860,2530.51,5323,2299.05,2049,884.5,2367,1021.63,885,381.85,1104,476.19,0,0.0,0,0.0,-530,-228.85
002902.SZ,20260403,183978,51190.57,152033,42406.08,212049,59070.65,208882,58149.85,142652,39778.86,155757,43396.92,43738,12222.35,65743,18309.57,-37546,-10190.03
002903.SZ,20260403,40903,11417.29,53079,14802.76,38088,10651.14,37678,10561.59,27596,7726.83,21538,6036.45,10570,2969.42,4862,1363.9,-4367,-1147.92
002905.SZ,20260403,99550,9295.69,89819,8391.11,82026,7673.47,91804,8588.49,32281,3030.52,35940,3374.46,5541,522.92,1836,168.54,-30296,-2769.34
002906.SZ,20260403,15614,4345.16,16540,4600.47,14805,4119.26,13248,3686.25,8014,2232.02,7834,2182.15,885,246.38,1696,473.96,-4262,-1178.15
002907.SZ,20260403,31471,4542.73,19433,2806.3,15341,2215.03,18234,2631.58,4359,628.38,12908,1862.55,0,0.0,596,85.71,-4544,-652.13
002908.SZ,20260403,22143,1940.74,22031,1932.12,16045,1406.24,13423,1175.67,2030,178.25,6194,542.13,1430,124.7,0,0.0,-13734,-1201.54
002909.SZ,20260403,49194,3056.39,58155,3602.74,28912,1789.84,21333,1326.83,7236,448.0,5854,364.66,0,0.0,0,0.0,-9698,-599.19
002910.SZ,20260403,29427,3047.33,37137,3836.96,18351,1897.87,12075,1252.36,7215,745.87,5781,601.74,0,0.0,0,0.0,-1285,-135.1
002911.SZ,20260403,45594,6380.79,43315,6062.53,14315,2005.69,16766,2345.14,5504,766.85,5332,745.67,0,0.0,0,0.0,-865,-119.62
002912.SZ,20260403,16115,4202.77,15384,4012.53,8960,2339.79,8199,2139.28,3487,908.48,3796,990.31,784,204.97,1966,513.89,-4271,-1110.65
002913.SZ,20260403,14054,6460.05,12857,5908.99,13708,6294.88,14516,6670.12,11246,5157.66,11912,5469.61,6297,2893.47,6020,2757.35,-10561,-4825.36
002915.SZ,20260403,22096,4402.25,16610,3309.25,8732,1739.3,11133,2218.48,2926,583.09,4105,817.49,0,0.0,1906,379.41,-4342,-864.69
002916.SZ,20260403,30251,64744.21,19775,42358.96,35571,76181.99,36267,77729.35,22591,48396.69,21114,45307.92,14917,32004.74,26174,55931.41,-11140,-23883.18
002917.SZ,20260403,17664,2338.36,19336,2562.26,9289,1230.15,8915,1179.63,2584,343.07,1287,169.69,0,0.0,0,0.0,-5974,-790.58
002918.SZ,20260403,23691,2584.27,23168,2529.81,9823,1072.29,5829,638.0,4595,502.49,4964,542.4,3052,335.08,7200,783.92,-2565,-282.91
002919.SZ,20260403,11894,2310.56,10803,2102.6,8161,1586.92,7146,1388.24,4357,844.04,6695,1295.96,1549,300.19,1317,254.92,775,147.91
002920.SZ,20260403,7983,8366.34,8771,9197.32,11912,12488.21,11661,12224.54,9158,9602.77,8573,8986.82,3215,3368.04,3262,3416.68,-5398,-5652.07
002921.SZ,20260403,27180,6321.95,31420,7330.75,21571,5049.85,20041,4684.74,17092,4014.14,14399,3369.7,2086,491.65,2069,492.41,-5011,-1091.68
002922.SZ,20260403,48127,16780.73,44767,15624.25,38580,13463.68,36531,12763.06,29272,10238.92,29194,10203.74,9465,3319.77,14951,5212.04,-1786,-546.49
002923.SZ,20260403,74377,11796.33,75867,12066.27,82510,13102.77,74944,11919.06,52463,8355.51,54806,8687.35,12786,2039.93,16520,2621.87,-11701,-1870.13
002925.SZ,20260403,53260,10178.96,57889,11060.85,28306,5412.68,25744,4927.53,9413,1800.32,8179,1566.87,2669,509.9,1836,346.61,-6224,-1181.36
002926.SZ,20260403,36489,3006.91,27065,2231.43,37488,3088.96,27179,2243.0,12770,1053.1,23110,1904.1,10123,832.33,19516,1602.77,-15360,-1263.85
002927.SZ,20260403,29610,4862.96,19998,3288.5,15154,2488.04,21259,3492.07,11613,1904.98,13672,2239.02,3278,538.19,4726,774.58,6744,1102.83
002928.SZ,20260403,84591,6680.53,87595,6914.97,62800,4965.84,54787,4332.07,36174,2856.95,38227,3022.73,1917,151.34,4873,384.89,-30289,-2380.94
002929.SZ,20260403,36205,17092.59,49415,23335.4,45659,21584.31,44168,20878.53,28774,13610.65,20683,9795.11,8052,3813.95,4424,2092.47,6231,3089.87
002930.SZ,20260403,25957,3429.29,30041,3967.07,29353,3883.43,25559,3379.35,20340,2684.97,16477,2174.69,8596,1136.96,12168,1613.54,-25041,-3289.07
002931.SZ,20260403,47636,31049.53,31751,20752.47,37942,24782.97,38599,25172.45,16930,11050.79,28631,18673.86,4115,2685.86,7642,4970.37,-11099,-7231.9
002932.SZ,20260403,11347,1874.59,14466,2392.0,32831,5427.81,30158,4986.18,18994,3140.49,19828,3276.88,2946,486.92,1666,274.75,-9555,-1574.1
002933.SZ,20260403,7622,2421.47,6930,2204.04,3924,1247.4,4828,1534.41,2529,805.07,2090,664.19,1607,509.83,1834,581.13,-2518,-803.31
002935.SZ,20260403,17301,3109.05,14373,2583.78,12271,2204.45,11900,2139.13,2309,414.5,6364,1140.81,2000,359.0,1245,223.28,-3255,-584.49
002936.SZ,20260403,301637,5487.86,228241,4147.32,268310,4878.08,281805,5125.41,288645,5246.42,256015,4660.23,205327,3735.75,297858,5415.16,-548993,-9966.73
002937.SZ,20260403,13569,3684.06,15003,4073.81,19096,5185.12,16113,4375.83,16750,4548.67,18726,5087.54,2827,770.47,2399,651.15,2596,728.08
002938.SZ,20260403,62724,32305.02,71924,37077.84,69997,36087.97,74696,38532.46,61141,31576.41,46583,24025.72,17829,9212.65,18487,9546.04,-4428,-2024.99
002939.SZ,20260403,45941,4038.39,43861,3857.14,32262,2835.74,38721,3404.07,25746,2264.49,21504,1889.08,2500,219.25,2363,207.59,-4899,-425.89
002940.SZ,20260403,120216,41327.64,99924,34399.95,102516,35266.88,111310,38244.13,55093,18965.62,66530,22869.75,13470,4618.47,13532,4664.77,-29436,-10028.89
002941.SZ,20260403,52948,8051.43,29917,4553.13,34101,5191.98,39485,6009.48,17025,2587.43,31628,4809.56,4010,608.78,7054,1067.45,-14700,-2239.67
002942.SZ,20260403,7966,1504.52,9807,1851.99,3067,579.48,2696,508.64,1549,291.53,79,14.91,0,0.0,0,0.0,-2726,-513.7
002943.SZ,20260403,22597,10137.11,19510,8752.54,12416,5572.2,13929,6251.24,7316,3283.56,8220,3688.89,1380,619.33,2051,919.53,-4281,-1922.0
002945.SZ,20260403,46297,7275.08,53950,8481.0,48566,7631.88,42957,6752.18,27897,4387.48,28774,4521.25,3459,544.04,537,84.04,-10959,-1704.44
002946.SZ,20260403,19144,3433.09,22679,4064.63,11090,1986.49,8085,1449.36,3898,696.55,3968,710.14,600,108.0,0,0.0,-8256,-1477.06
002947.SZ,20260403,23881,12457.02,28385,14858.51,40546,21224.02,42030,22003.85,35446,18536.86,32987,17261.25,22528,11800.69,18999,9894.98,26308,13845.51
002948.SZ,20260403,219521,11437.65,390970,20351.64,175068,9125.08,234658,12266.18,171114,8915.94,117082,6129.58,206171,10787.9,29165,1519.17,-190208,-9884.21
002949.SZ,20260403,18235,2384.69,17677,2312.35,8270,1081.37,5849,764.92,2476,323.0,5455,711.8,0,0.0,0,0.0,-4387,-571.77
002950.SZ,20260403,48819,5660.97,38632,4484.07,34718,4029.55,34922,4051.9,13958,1618.28,23752,2752.3,2510,289.51,2700,310.04,-8554,-990.27
002951.SZ,20260403,21707,3046.93,20824,2922.4,11992,1685.53,13360,1876.3,4632,649.71,4147,583.45,0,0.0,0,0.0,-6689,-937.2
002952.SZ,20260403,33054,7862.69,49837,11970.74,33134,7911.87,38525,9305.52,20580,4958.82,15851,3842.22,22507,5640.24,5062,1255.15,2455,464.0
002953.SZ,20260403,30404,3348.55,25502,2811.54,18240,2010.6,18655,2055.8,9579,1054.66,12697,1395.5,0,0.0,1369,150.97,-11917,-1318.44
002955.SZ,20260403,6648,1718.94,5663,1465.31,4818,1247.16,4078,1055.94,1525,395.2,3250,840.05,0,0.0,0,0.0,-2811,-727.03
002956.SZ,20260403,15364,4292.58,16383,4578.88,7145,1999.32,7591,2125.52,3197,897.38,2118,594.23,386,109.35,0,0.0,922,260.64
002957.SZ,20260403,93847,28603.29,89832,27441.98,76838,23461.7,84391,25801.78,62249,19085.46,66078,20220.72,37452,11476.77,30085,9162.74,3841,1226.97
002958.SZ,20260403,161649,4857.57,126858,3812.19,141004,4239.7,110131,3312.9,130435,3920.2,156391,4699.94,70247,2114.4,109955,3306.84,-160587,-4832.47
002959.SZ,20260403,7575,3354.87,7771,3447.21,6522,2890.26,6490,2874.09,3616,1601.36,4177,1850.15,739,331.17,14,6.21,-3902,-1731.84
002960.SZ,20260403,48235,5534.83,40770,4679.73,38531,4425.87,37799,4339.31,24907,2857.19,29050,3332.56,1230,142.68,5283,608.97,-18753,-2143.66
002961.SZ,20260403,27595,5923.06,21742,4673.76,26565,5704.06,27218,5841.36,15963,3423.99,19188,4113.35,1533,326.34,3508,748.98,1674,366.68
002962.SZ,20260403,17666,2361.95,16359,2186.82,11653,1559.06,12269,1641.51,5142,687.56,6659,890.59,826,110.35,0,0.0,-5559,-741.53
002963.SZ,20260403,15984,2214.63,16782,2324.11,10082,1396.67,9950,1379.84,2911,403.87,2245,311.23,0,0.0,0,0.0,-5715,-789.28
002965.SZ,20260403,14952,4188.91,11166,3134.41,11259,3158.0,10252,2874.7,6378,1788.2,10952,3063.48,794,221.9,1013,284.41,-6113,-1722.93
002966.SZ,20260403,96562,8044.6,78223,6514.58,74091,6173.95,61604,5132.15,32203,2684.29,52939,4415.14,4709,392.54,14799,1233.5,-14567,-1204.99
002967.SZ,20260403,19286,3865.17,18326,3673.54,8978,1799.43,11288,2263.07,6800,1363.08,6150,1231.05,700,139.99,0,0.0,-3792,-755.61
002968.SZ,20260403,17713,1970.97,19237,2141.27,6266,697.8,5311,591.31,802,89.98,233,26.17,0,0.0,0,0.0,-3209,-356.5
002969.SZ,20260403,128888,28348.46,134045,29530.59,163744,36042.53,160606,35362.88,138015,30370.03,131683,28947.05,46137,10183.25,50450,11103.74,22196,4950.51
002970.SZ,20260403,14648,9282.83,12996,8255.27,8550,5438.93,10402,6598.69,7441,4713.42,7012,4439.43,2744,1738.15,2972,1879.95,-2726,-1700.69
002971.SZ,20260403,13426,3908.04,18572,5405.98,17739,5167.6,16504,4814.24,12261,3569.29,10579,3082.24,3823,1122.11,1594,464.57,5703,1678.75
002972.SZ,20260403,37217,4744.26,35936,4583.24,14952,1908.51,15134,1930.14,5064,646.03,6127,780.83,794,101.23,830,105.83,-1213,-153.62
002973.SZ,20260403,14489,1852.54,19291,2473.58,14265,1829.16,10115,1293.75,5299,676.25,4393,557.74,1064,134.17,1318,167.05,-2489,-312.14
002975.SZ,20260403,8892,6202.79,8856,6178.22,5942,4143.47,5459,3809.09,3552,2478.04,3219,2243.33,355,248.02,1207,841.68,-1361,-940.25
002976.SZ,20260403,5776,1475.9,5345,1366.54,4196,1071.77,3911,999.04,685,174.99,1401,357.08,0,0.0,0,0.0,-1521,-388.26
002977.SZ,20260403,7253,1949.21,6009,1616.98,4796,1289.68,4702,1264.69,1331,355.76,2364,632.02,195,52.08,500,133.06,-1321,-357.51
002978.SZ,20260403,11196,3610.68,8106,2615.09,7854,2532.31,8190,2640.74,4465,1440.3,7096,2287.83,377,121.47,500,161.1,-424,-137.5
002979.SZ,20260403,12446,4589.84,16193,5976.4,12274,4529.79,13693,5052.37,8421,3107.06,7295,2694.71,7030,2598.85,2990,1102.06,3076,1140.96
002980.SZ,20260403,21091,9463.09,33752,15209.29,28836,12919.23,43677,19687.42,34952,15696.11,35034,15826.59,35648,16274.32,8065,3629.45,4503,1974.63
002981.SZ,20260403,9613,2210.49,7445,1712.55,4453,1023.48,4817,1107.25,882,202.64,2244,516.15,0,0.0,442,100.65,-2622,-599.17
002982.SZ,20260403,29112,3871.42,31334,4164.48,15528,2066.19,16016,2132.89,6383,849.21,4345,577.54,2560,341.59,1888,253.49,-10556,-1388.53
002983.SZ,20260403,9649,2104.2,9319,2034.04,3675,801.66,4176,910.94,2203,482.68,2032,443.57,0,0.0,0,0.0,-1163,-253.46
002984.SZ,20260403,28118,4886.55,24961,4338.66,22684,3942.78,22855,3972.17,8774,1524.97,12384,2151.92,624,108.45,0,0.0,6929,1207.77
002985.SZ,20260403,24913,8811.07,19888,7032.43,13909,4923.35,14538,5143.64,4699,1659.52,7970,2819.78,1772,621.49,2897,1019.57,1272,447.3
002986.SZ,20260403,34455,5137.47,43346,6470.98,24489,3680.87,20843,3132.05,12543,1879.72,10053,1508.28,3484,523.51,730,110.24,2372,369.34
002987.SZ,20260403,32644,5306.65,32841,5349.77,23037,3753.01,23305,3794.63,9897,1616.19,8404,1361.9,1524,245.21,2551,414.76,-10433,-1692.9
002988.SZ,20260403,6191,1839.83,7084,2105.96,3589,1064.93,2835,842.43,1616,481.21,1477,437.58,0,0.0,0,0.0,-1006,-298.66
002989.SZ,20260403,10150,2548.36,12566,3161.09,9972,2507.24,8809,2214.52,5873,1480.29,5047,1269.46,427,109.19,0,0.0,-2370,-594.45
002990.SZ,20260403,33713,10211.96,32522,9858.29,32194,9762.32,31590,9579.73,27051,8197.74,24589,7450.29,5893,1782.8,10150,3066.5,-11545,-3476.02
002991.SZ,20260403,2779,1370.05,3117,1536.98,1759,867.15,1233,608.47,426,210.19,614,301.94,0,0.0,0,0.0,-1714,-846.09
002992.SZ,20260403,8397,4156.49,8143,4024.43,7988,3956.72,8353,4136.99,6605,3261.33,6606,3269.25,883,435.38,771,379.26,-2401,-1158.37
002993.SZ,20260403,15659,6920.68,17274,7640.26,13805,6100.49,12414,5479.6,8668,3830.3,6971,3084.14,2017,894.78,3490,1542.24,-7497,-3304.44
002995.SZ,20260403,73703,16441.18,62051,13855.99,50403,11256.41,53866,12035.64,22172,4968.32,33137,7409.57,5518,1247.07,2742,611.79,-19384,-4335.78
002996.SZ,20260403,54743,3789.54,45324,3141.16,31237,2165.35,30719,2127.96,13559,939.14,21946,1517.8,0,0.0,1550,107.11,-18037,-1250.74
002997.SZ,20260403,16330,4813.42,16999,5008.37,13230,3900.39,13718,4041.12,7814,2299.8,5405,1595.98,1389,407.96,2640,776.11,-6077,-1778.88
002998.SZ,20260403,34765,2714.36,39957,3117.82,13846,1081.04,12403,968.68,8144,632.65,4395,341.55,0,0.0,0,0.0,-11951,-931.32
002999.SZ,20260403,63707,4228.23,77235,5130.02,41877,2783.44,34434,2288.33,18239,1214.28,14154,945.59,2000,138.0,0,0.0,-19363,-1306.39
003000.SZ,20260403,11073,1150.43,10411,1081.33,5797,601.76,5773,599.69,1577,163.06,2263,234.23,0,0.0,0,0.0,-5625,-584.44
003001.SZ,20260403,11375,1936.97,11868,2019.36,5621,955.1,6033,1025.93,1022,173.31,1825,308.97,1708,288.88,0,0.0,-3591,-611.49
003002.SZ,20260403,8100,2136.1,9846,2599.62,8584,2266.08,8135,2150.54,5803,1537.1,4318,1140.73,712,188.01,900,236.4,1761,473.6
003003.SZ,20260403,38612,4707.97,56070,6829.95,32890,4013.8,21017,2573.31,12100,1471.98,6746,819.7,2286,275.51,2055,246.3,-18096,-2214.3
003004.SZ,20260403,1794,507.98,1109,314.59,2296,650.81,1829,519.23,283,79.99,1435,404.97,0,0.0,0,0.0,-2917,-825.14
003005.SZ,20260403,11289,2006.42,7452,1326.59,6767,1205.09,7808,1387.14,939,166.8,3710,660.15,0,0.0,25,4.45,-5268,-933.62
003006.SZ,20260403,28438,5045.14,31729,5626.92,24212,4292.74,19589,3475.99,5340,947.93,6880,1219.72,1410,250.18,1202,213.35,13840,2463.38
003007.SZ,20260403,11357,4792.23,22129,9465.17,12840,5461.34,20653,8892.31,14866,6396.3,14088,6105.94,21891,9579.61,4085,1766.07,-19418,-8617.41
003008.SZ,20260403,9672,2124.95,10614,2333.15,4743,1045.12,4742,1042.78,2816,618.43,2462,541.12,587,128.55,0,0.0,-1418,-309.44
003009.SZ,20260403,11945,6663.74,7909,4417.72,6999,3903.54,9634,5372.24,2741,1528.92,4552,2532.26,2902,1615.14,2491,1389.12,-927,-508.87
003010.SZ,20260403,40088,12910.15,41949,13519.06,28543,9199.14,25526,8230.91,12874,4158.89,11100,3578.86,312,100.43,3241,1039.77,-20002,-6434.02
003011.SZ,20260403,15516,3570.44,15657,3599.62,8341,1920.62,6333,1457.33,4069,936.17,5031,1161.62,780,177.68,1685,386.36,559,131.79
003012.SZ,20260403,56684,3466.66,48451,2965.58,17112,1047.42,15515,946.78,6456,392.89,6104,372.48,1867,113.7,12049,735.83,2691,161.42
003013.SZ,20260403,9196,1193.63,10076,1306.51,6868,891.24,6204,806.03,2903,376.54,2687,348.87,0,0.0,0,0.0,-7782,-1009.34
003015.SZ,20260403,24126,3378.85,22171,3105.6,12100,1694.3,13064,1828.8,7502,1049.74,8414,1177.41,0,0.0,79,11.08,-8644,-1205.84
003016.SZ,20260403,26819,2099.32,23776,1860.32,9851,770.4,10975,860.21,1036,80.25,1579,123.21,0,0.0,1376,106.23,-8010,-627.8
003017.SZ,20260403,8059,2382.13,6691,1978.91,4298,1270.43,5278,1559.62,1929,570.29,1794,530.03,0,0.0,523,154.29,-3010,-887.91
003018.SZ,20260403,52237,15734.77,50175,15273.52,51416,15635.05,44411,13465.65,33595,10165.08,35759,10776.95,11858,3556.9,18761,5575.68,-2308,-672.49
003019.SZ,20260403,7552,2321.32,7511,2308.56,6106,1876.52,5530,1699.17,2964,910.64,3581,1100.76,0,0.0,0,0.0,-562,-167.46
003020.SZ,20260403,16045,3972.81,13269,3285.5,7401,1832.69,7364,1827.65,3050,753.37,4424,1091.06,1152,286.85,2591,641.51,-1650,-405.93
003021.SZ,20260403,9431,8908.4,6225,5886.56,7800,7370.46,7547,7133.05,3601,3404.7,5779,5453.68,1279,1199.32,2560,2409.58,-1155,-1087.31
003022.SZ,20260403,45951,9002.9,39056,7654.17,26106,5116.43,26504,5197.55,11058,2170.63,15389,3015.51,310,60.36,2476,483.08,-2460,-470.26
003023.SZ,20260403,14964,3581.11,17897,4288.22,13082,3133.26,14326,3432.27,11969,2875.98,8583,2060.62,3272,786.18,2481,595.41,-6087,-1451.91
003025.SZ,20260403,21311,2833.6,20910,2780.59,8088,1075.46,8920,1186.21,5161,685.79,4730,628.05,0,0.0,0,0.0,-6686,-885.28
003026.SZ,20260403,27045,9317.25,26545,9177.39,26264,9071.93,24856,8568.94,12139,4196.58,12291,4226.31,355,124.06,2111,737.18,765,332.93
003027.SZ,20260403,12342,2507.28,12623,2563.55,5621,1143.92,5392,1097.52,2335,475.23,2683,546.93,1000,202.05,600,120.48,-1430,-289.29
003028.SZ,20260403,6620,1677.98,5750,1458.75,3482,882.8,3225,816.92,1662,420.55,2655,671.9,0,0.0,134,33.77,-882,-224.21
003029.SZ,20260403,15369,3183.61,13206,2736.88,7042,1458.37,6171,1279.54,1920,398.35,3320,685.68,0,0.0,1634,338.22,-1067,-217.53
003030.SZ,20260403,10469,2095.35,11232,2246.11,3791,757.37,3854,770.07,1523,302.52,697,139.07,0,0.0,0,0.0,-753,-153.22
003031.SZ,20260403,27761,23669.82,41317,35472.54,42794,36501.94,65387,56208.46,42653,36662.51,52740,45632.42,75825,66367.58,29589,25888.44,833,346.35
003032.SZ,20260403,10787,658.0,10135,620.48,17078,1044.98,16291,996.73,6373,388.21,5312,322.63,0,0.0,2500,151.35,-7936,-486.16
003033.SZ,20260403,13852,8590.34,14713,9140.6,15781,9788.42,15830,9828.49,8560,5331.64,7704,4777.43,390,244.38,336,208.26,-4899,-3034.47
003035.SZ,20260403,321293,23331.3,210633,15311.24,160958,11705.24,208120,15133.48,105027,7636.37,125615,9125.14,74431,5393.05,117341,8496.1,-10775,-774.87
003036.SZ,20260403,51156,12318.92,42086,10158.45,30553,7369.89,40833,9831.62,25660,6183.51,24652,5937.09,6433,1557.24,6231,1502.4,-7633,-1831.21
003037.SZ,20260403,20180,1415.91,16349,1148.7,10888,764.61,10637,747.66,3003,211.48,7343,513.59,258,17.96,0,0.0,-10731,-753.87
003038.SZ,20260403,17502,2424.8,15679,2171.64,10514,1455.87,9997,1384.4,4637,642.48,7006,970.51,944,130.4,915,127.0,-1881,-260.78
003039.SZ,20260403,22574,3239.47,16505,2371.63,10938,1568.58,11120,1593.63,4145,592.81,8826,1263.56,1298,187.69,2504,359.74,1718,245.24
003040.SZ,20260403,32381,5177.63,38028,6077.24,22548,3604.57,21223,3397.49,11622,1860.84,7935,1271.18,635,102.87,0,0.0,-7468,-1187.67
003041.SZ,20260403,9525,4823.42,9135,4630.0,8658,4388.02,8443,4282.03,8858,4499.31,8776,4446.64,1455,735.95,2142,1088.03,-4802,-2444.54
003042.SZ,20260403,62852,10658.45,48436,8210.19,35596,6062.86,41150,6994.02,13600,2309.75,22738,3866.91,1689,280.55,1413,240.49,-10980,-1884.17
003043.SZ,20260403,17845,9697.33,10793,5864.99,9496,5158.62,15163,8241.27,7663,4155.93,8874,4818.23,3046,1654.77,3220,1742.17,-3031,-1631.26
003816.SZ,20260403,404702,18409.56,442819,20142.27,431590,19634.19,436403,19845.25,421275,19156.25,350293,15931.28,231336,10523.59,259388,11804.79,194131,8906.95
300001.SZ,20260403,55580,14873.33,54403,14565.71,51987,13914.7,50867,13616.63,33317,8923.46,40138,10740.54,18147,4852.5,13622,3641.12,-20542,-5471.88
300002.SZ,20260403,65502,6088.4,68435,6361.88,69846,6496.15,86001,7994.38,35014,3257.57,47493,4412.4,51437,4775.48,19870,1848.94,-35649,-3299.08
300003.SZ,20260403,82463,13423.92,55693,9061.39,67130,10929.05,72891,11869.63,38694,6298.57,57373,9332.49,23023,3740.16,25352,4128.2,-40076,-6503.37
300004.SZ,20260403,37915,4690.5,35246,4356.01,33416,4132.38,28943,3577.66,19671,2424.49,26434,3266.88,3376,415.79,3755,462.62,-24288,-3000.11
300005.SZ,20260403,80237,11528.85,76449,10985.1,70715,10160.71,82211,11813.89,88347,12671.57,67542,9712.27,20259,2915.83,33356,4765.7,-19322,-2765.92
300006.SZ,20260403,374243,23071.63,551125,34332.37,624370,38541.48,684466,42631.8,718664,44607.13,772844,48220.68,641824,41001.39,350666,22036.79,383043,23845.25
300007.SZ,20260403,22645,9433.02,16305,6793.79,16380,6819.12,18774,7822.22,9380,3907.49,10736,4467.42,1139,474.4,3729,1550.59,-4562,-1897.09
300008.SZ,20260403,232995,17007.74,122543,8940.7,170181,12417.66,194217,14169.63,92053,6706.4,146966,10716.83,15164,1098.6,46666,3403.24,-88338,-6424.38
300009.SZ,20260403,141217,13898.68,75400,7425.16,83476,8217.97,105333,10372.84,29789,2932.78,68730,6760.77,10170,1005.52,15190,1496.18,-28217,-2764.48
300010.SZ,20260403,75633,4499.97,51455,3061.11,73652,4383.52,78429,4666.3,40352,2396.39,52181,3102.94,0,0.0,7572,449.52,-52279,-3101.99
300011.SZ,20260403,52755,3877.75,36228,2665.35,35387,2602.9,37666,2768.7,33660,2473.41,45654,3353.3,725,52.85,2979,219.56,-20839,-1529.22
300012.SZ,20260403,85013,12385.05,80148,11688.39,65934,9614.39,71815,10469.05,37531,5484.46,30773,4485.81,5696,829.77,11438,1670.43,2024,322.03
300013.SZ,20260403,65341,2396.77,64599,2367.54,47309,1732.93,40388,1479.67,24399,897.92,35062,1289.31,3000,108.9,0,0.0,-32323,-1178.02
300014.SZ,20260403,158276,96127.63,85314,51835.33,182716,111013.82,149101,90609.24,131521,79999.04,177573,107889.8,54778,33308.39,115303,70114.51,-76683,-46445.87
300015.SZ,20260403,143533,13707.39,89111,8515.93,124519,11896.57,128048,12238.28,98883,9460.33,104642,9999.4,18860,1801.5,63995,6112.18,-43474,-4137.56
300016.SZ,20260403,152739,15466.87,90886,9204.49,68617,6951.87,97545,9886.77,56523,5727.87,75389,7631.63,13879,1396.8,27938,2820.53,-46625,-4711.13
300017.SZ,20260403,390905,65042.74,506489,84450.62,515293,85871.2,458531,76454.0,415320,69286.45,347562,57919.04,160404,26742.65,169340,28119.38,128318,21626.0
300018.SZ,20260403,52531,6595.39,64304,8065.93,57228,7187.69,44015,5523.81,27558,3462.86,30887,3884.24,8221,1030.43,6332,802.39,-30451,-3812.02
300019.SZ,20260403,16486,3053.63,17792,3297.42,13800,2555.18,12937,2397.08,7767,1440.44,7394,1367.92,675,124.47,605,111.3,-7434,-1374.46
300020.SZ,20260403,115773,4294.65,57566,2137.43,170038,6309.84,155006,5767.53,110172,4110.28,182454,6774.95,15000,550.37,15958,585.24,-63434,-2343.13
300021.SZ,20260403,47097,1989.09,38970,1648.52,49704,2101.31,45622,1930.43,26191,1108.3,41179,1739.52,2779,119.77,0,0.0,-56940,-2410.32
300022.SZ,20260403,103063,10128.38,111794,10995.03,148889,14646.06,147481,14500.07,160502,15780.07,151425,14875.88,42873,4194.19,44627,4377.72,-73632,-7236.91
300024.SZ,20260403,64115,9183.19,33461,4796.16,47018,6741.34,46391,6648.19,18370,2630.47,32082,4590.76,2229,320.51,19798,2840.39,-5268,-747.8
300025.SZ,20260403,54183,2742.51,64303,3255.72,39492,1997.53,31922,1615.37,25095,1268.46,25361,1279.85,2815,142.44,0,0.0,-7980,-396.34
300026.SZ,20260403,258894,9389.16,189201,6869.97,181985,6606.64,173181,6287.59,112915,4102.71,139682,5068.59,11800,427.16,63531,2299.51,-97281,-3501.76
300027.SZ,20260403,257482,3860.33,204960,3077.13,224632,3371.72,223764,3362.48,169359,2548.39,222749,3340.83,0,0.0,0,0.0,-146075,-2177.75
300029.SZ,20260403,13433,645.14,8071,388.14,8596,413.11,10866,520.99,3204,153.71,6296,302.83,0,0.0,0,0.0,-10653,-511.37
300030.SZ,20260403,53121,4003.12,52774,3971.99,16501,1242.72,19217,1450.61,6232,467.52,3863,290.75,0,0.0,0,0.0,-5812,-437.77
300031.SZ,20260403,18626,3776.33,17278,3502.65,14888,3019.4,16448,3335.43,10750,2178.93,10761,2182.28,3480,704.15,3257,658.46,-6762,-1365.03
300032.SZ,20260403,249463,13293.18,183578,9761.54,214317,11427.18,211813,11274.35,128547,6833.21,189577,10095.8,26874,1409.49,34233,1831.36,-113167,-6026.6
300033.SZ,20260403,12965,38242.38,6968,20601.22,14427,42573.33,12929,38165.83,11654,34407.57,13534,39931.65,5377,15875.1,10993,32399.67,-5584,-16465.18
300034.SZ,20260403,46053,8080.77,27827,4886.41,42050,7383.44,42817,7519.56,18352,3215.58,31333,5492.14,6779,1186.66,11257,1968.34,-14578,-2542.77
300035.SZ,20260403,100845,21087.48,91742,19275.96,132371,27738.67,135208,28333.61,94479,19824.05,106461,22281.0,23673,4988.5,17956,3748.14,-7569,-1507.4
300036.SZ,20260403,35828,5316.8,30172,4484.3,22352,3316.89,21274,3156.3,13247,1967.5,11937,1770.1,124,18.35,8169,1208.84,-3071,-451.99
300037.SZ,20260403,69836,37563.93,59328,31873.57,62608,33654.25,63117,33929.29,40200,21597.15,42341,22778.0,5078,2711.2,12936,6945.67,-9612,-5141.79
300039.SZ,20260403,60581,3599.22,55598,3303.92,57484,3418.79,63223,3761.85,40662,2413.6,47959,2848.51,12053,720.87,4000,238.2,-57790,-3434.7
300040.SZ,20260403,275852,19237.56,167602,11681.01,277092,19297.17,290620,20253.54,166959,11587.01,237009,16494.78,29300,2044.56,53973,3736.97,-190133,-13231.95
300041.SZ,20260403,35577,3706.03,34785,3625.83,34224,3565.45,32677,3404.0,19709,2053.46,22407,2332.41,6452,672.04,6093,634.72,-13450,-1396.26
300042.SZ,20260403,54842,23045.36,55464,23355.32,44067,18566.68,53430,22525.69,30739,12991.23,24062,10133.75,9564,4032.84,6256,2621.34,-9345,-3842.1
300043.SZ,20260403,124123,6665.65,97070,5209.31,100467,5394.83,93746,5029.37,47852,2568.49,69800,3746.45,3694,196.01,15520,839.84,-64472,-3453.08
300044.SZ,20260403,58565,4721.4,49323,3987.55,141920,11464.49,121886,9850.83,96453,7789.04,112597,9081.14,9779,786.49,22911,1841.91,-41073,-3272.5
300045.SZ,20260403,49521,10536.67,38448,8199.8,40629,8664.64,40230,8567.38,25379,5404.07,32294,6873.45,3525,748.2,8082,1712.95,-11416,-2412.39
300046.SZ,20260403,17974,5374.92,18109,5427.73,13813,4140.82,13024,3897.28,5762,1727.37,6336,1894.19,388,116.96,468,140.87,-2797,-828.63
300047.SZ,20260403,49136,5638.95,42333,4865.47,36205,4156.45,32648,3747.43,14198,1629.66,23855,2735.04,3331,382.98,4034,460.11,-13177,-1508.0
300048.SZ,20260403,78764,5113.21,64734,4207.47,82509,5362.86,75881,4932.99,62063,4031.7,76044,4932.88,5642,362.62,12319,797.05,-39809,-2593.18
300049.SZ,20260403,30744,17340.16,17357,9794.52,17220,9737.48,17760,10040.64,12239,6928.44,15784,8912.43,1961,1108.74,11263,6367.24,2681,1527.24
300050.SZ,20260403,112655,7404.6,113709,7479.18,111395,7323.71,94510,6208.09,60898,3994.02,70042,4598.13,4281,279.62,10968,716.54,-24728,-1616.41
300051.SZ,20260403,73072,8689.64,68114,8103.32,87275,10379.06,94965,11291.49,55635,6615.16,59946,7123.01,22398,2658.68,15355,1824.72,-18324,-2163.29
300052.SZ,20260403,16197,1936.29,10140,1214.82,25274,3017.09,22237,2656.43,12928,1542.56,22713,2707.62,1565,186.25,874,103.32,-9570,-1144.92
300053.SZ,20260403,84366,13706.74,72473,11793.12,66940,10885.05,71089,11572.22,36889,5999.33,37956,6155.34,6450,1043.15,13127,2113.58,-11273,-1814.4
300054.SZ,20260403,125279,61993.39,183649,91014.23,193284,95788.42,179466,88885.81,164225,81295.32,127813,63245.39,43805,21726.98,35665,17658.68,29185,14547.62
300055.SZ,20260403,173552,19941.53,149080,17219.34,154686,17885.87,162421,18815.26,179592,20809.79,166457,19161.85,52006,6035.54,81878,9476.28,-41378,-4739.49
300056.SZ,20260403,31089,2620.25,45236,3815.79,50987,4298.44,40077,3380.06,39228,3298.43,26928,2268.64,6313,538.2,15376,1290.83,-37535,-3159.64
300057.SZ,20260403,167865,10501.17,152376,9527.42,128226,8024.93,122831,7697.05,78658,4934.02,100384,6289.13,22561,1412.43,21720,1358.96,-68238,-4266.49
300058.SZ,20260403,782561,105948.98,377270,51121.19,701699,95126.13,785926,106484.59,501277,67983.66,705227,95599.67,188119,25463.82,305234,41317.14,-272614,-36839.83
300059.SZ,20260403,377552,70362.22,218070,40682.88,482004,89863.87,406936,75889.06,340472,63493.23,426349,79476.19,183896,34261.79,332569,61932.98,-187045,-34781.32
300061.SZ,20260403,57305,4363.68,35329,2692.21,31726,2415.37,37761,2878.2,23184,1759.64,33528,2546.81,243,18.25,5840,439.73,-5660,-424.88
300062.SZ,20260403,118423,8832.96,73302,5466.54,90651,6760.37,103831,7742.71,61433,4553.32,81586,6074.66,10245,759.12,22033,1621.86,-20709,-1567.02
300063.SZ,20260403,173836,18748.05,125458,13533.55,130429,14055.56,128710,13874.87,42634,4594.88,75595,8146.69,10135,1090.24,27269,2933.63,-48644,-5221.31
300065.SZ,20260403,130247,29438.42,86570,19662.79,133713,30276.34,128199,29059.91,83766,18966.03,113685,25618.55,27454,6177.46,46726,10517.0,-24130,-5450.55
300066.SZ,20260403,73075,4404.02,59135,3562.4,50141,3020.08,47070,2838.32,26278,1585.35,31006,1867.17,0,0.0,12283,741.57,-32126,-1929.13
300067.SZ,20260403,80682,3325.02,60343,2491.16,75302,3105.25,65894,2721.25,39914,1644.2,53365,2193.76,4201,172.54,20497,840.84,-40719,-1675.58
300068.SZ,20260403,241919,28132.99,134468,15618.52,184402,21467.44,173544,20177.81,116274,13513.25,186292,21680.47,23583,2725.55,71874,8362.43,-20065,-2333.93
300069.SZ,20260403,62280,13870.64,80974,18014.35,96948,21599.02,93180,20750.95,75525,16799.22,62058,13832.05,9831,2189.04,8372,1860.57,22459,5118.24
300070.SZ,20260403,114582,4376.07,96993,3711.27,102602,3919.39,84688,3236.45,82326,3148.02,82238,3138.93,0,0.0,35591,1356.83,-75140,-2862.05
300071.SZ,20260403,171245,7982.49,126059,5877.96,106763,4980.84,97577,4552.75,56144,2616.27,75782,3526.3,0,0.0,34734,1622.59,-65132,-3037.21
300072.SZ,20260403,234552,11546.51,139887,6883.13,330213,16252.71,298928,14726.75,282341,13885.82,322083,15847.44,35295,1741.55,121503,5969.27,-235380,-11552.43
300073.SZ,20260403,28350,14571.32,26252,13491.81,31556,16214.84,30869,15872.64,17902,9194.41,18138,9311.68,4340,2228.08,6888,3532.52,-7132,-3629.3
300074.SZ,20260403,74573,2979.75,88524,3533.05,56530,2260.7,43422,1733.92,49827,1987.63,40244,1613.43,0,0.0,8739,347.68,-39579,-1587.35
300075.SZ,20260403,29936,3625.41,22619,2743.72,21168,2564.82,22551,2730.12,6935,840.45,13712,1659.34,843,102.51,0,0.0,-4427,-534.07
300076.SZ,20260403,59311,3509.26,39539,2344.43,44685,2635.63,37109,2203.38,23273,1367.04,43324,2536.32,2846,168.48,10143,596.29,-26709,-1576.98
300077.SZ,20260403,104402,19893.78,69715,13310.27,80672,15380.11,72589,13852.54,40237,7673.46,68662,13072.26,9361,1785.44,23706,4497.73,-33777,-6431.22
300078.SZ,20260403,171874,6975.7,257516,10438.52,230737,9368.33,192200,7819.7,136851,5560.72,130422,5301.67,49557,2013.41,8881,358.27,-10561,-379.67
300079.SZ,20260403,103631,5311.27,96182,4932.37,80661,4136.17,77156,3955.62,47060,2411.13,47200,2415.27,7173,366.22,17987,921.53,-42221,-2156.51
300080.SZ,20260403,189066,8613.72,118445,5403.59,164200,7475.65,188175,8563.04,99031,4492.52,131822,5992.87,16979,773.12,30834,1395.51,-76023,-3461.45
300081.SZ,20260403,64800,2885.19,49758,2217.51,52330,2330.24,50593,2252.69,19878,883.55,36657,1628.79,0,0.0,0,0.0,-39422,-1751.87
300082.SZ,20260403,116659,12191.24,80972,8459.68,76916,8037.49,85081,8904.52,43115,4512.03,61942,6461.03,4515,471.67,13210,1387.2,-62454,-6508.19
300083.SZ,20260403,100985,7327.98,55159,4006.61,68217,4952.01,69828,5072.81,44871,3255.53,57831,4196.42,0,0.0,31255,2259.69,-52128,-3778.03
300084.SZ,20260403,78334,8204.75,60455,6334.93,71203,7483.79,72093,7565.71,67714,7096.57,75208,7885.39,4645,490.31,14140,1489.39,-33182,-3464.57
300085.SZ,20260403,110477,38056.19,67944,23419.71,87051,30022.69,90683,31300.11,65577,22631.05,86646,29914.09,27951,9618.6,45783,15694.62,-29064,-10078.17
300086.SZ,20260403,291778,26779.42,297585,27375.14,340560,31296.74,310159,28530.83,182201,16784.18,193602,17799.54,32587,3039.5,45779,4194.32,-59657,-5311.14
300087.SZ,20260403,50271,3954.12,36642,2885.65,34137,2685.47,39635,3120.0,31748,2499.12,37010,2907.01,7947,625.76,10815,851.81,-31435,-2474.33
300088.SZ,20260403,90273,5300.06,113766,6682.41,104644,6144.47,87736,5153.35,74734,4389.77,60849,3572.38,8466,498.02,15766,924.19,-54313,-3176.02
300091.SZ,20260403,18582,542.77,24375,711.86,41060,1199.76,35716,1043.99,31483,919.84,31034,906.53,0,0.0,0,0.0,-19019,-551.74
300092.SZ,20260403,15344,2328.87,17185,2609.92,13271,2015.7,11767,1785.99,5484,833.25,5901,896.59,754,114.68,0,0.0,-8275,-1253.18
300093.SZ,20260403,11092,2109.85,10504,2005.41,26760,5092.45,27890,5328.05,25080,4790.34,26238,4995.85,7479,1440.9,5778,1104.23,-6111,-1130.38
300094.SZ,20260403,138312,4261.84,90329,2785.94,103659,3197.26,90267,2783.32,67091,2067.26,128466,3957.1,0,0.0,0,0.0,-105562,-3251.1
300095.SZ,20260403,27827,2536.65,28317,2580.92,20841,1897.72,24700,2250.27,20143,1835.4,18674,1700.74,2880,262.16,0,0.0,-16753,-1523.72
300096.SZ,20260403,8363,683.22,12062,986.25,25890,2116.75,21458,1754.43,13129,1072.68,13862,1131.96,0,0.0,0,0.0,-16292,-1330.07
300097.SZ,20260403,32437,2442.6,30218,2279.92,33942,2558.31,36370,2739.54,30264,2280.42,28156,2120.43,2461,186.21,4360,327.64,-2802,-206.38
300098.SZ,20260403,105842,5459.05,111674,5757.49,89617,4623.92,89353,4608.64,73877,3810.12,63969,3302.41,9497,490.08,13837,714.62,-937,-33.73
300099.SZ,20260403,95495,7902.38,74270,6166.69,73615,6093.31,70316,5830.45,58809,4857.53,63348,5226.33,9536,786.29,29521,2416.03,-34252,-2837.12
300100.SZ,20260403,27239,7926.18,15143,4417.97,21927,6383.14,21716,6322.11,13535,3926.1,21854,6342.6,5506,1593.3,9493,2746.03,-1191,-373.0
300101.SZ,20260403,46045,9015.85,38838,7612.89,26014,5087.81,24140,4727.28,12431,2438.5,16909,3307.34,2482,483.18,7085,1377.84,-9230,-1795.08
300102.SZ,20260403,148345,45389.71,107352,32931.1,133290,40910.73,153253,46952.86,75912,23293.8,101383,31075.32,34087,10388.06,29646,9023.02,-17708,-5303.45
300103.SZ,20260403,31866,2151.74,36998,2497.59,28255,1907.08,21068,1422.81,11287,758.29,11736,789.74,0,0.0,1606,106.96,-9051,-610.62
300105.SZ,20260403,43635,2855.37,41610,2723.81,33845,2213.82,21930,1435.01,10133,663.39,24042,1571.76,0,0.0,31,2.01,-19029,-1244.37
300106.SZ,20260403,31666,2984.54,43133,4066.13,28849,2727.67,19448,1836.71,5940,560.34,4116,392.19,242,22.48,0,0.0,-13607,-1288.42
300107.SZ,20260403,51615,3501.01,53011,3600.73,32406,2200.34,28328,1916.67,7845,528.83,10527,712.77,0,0.0,0,0.0,-15392,-1043.08
300109.SZ,20260403,13862,2329.65,12524,2105.5,16867,2832.14,16316,2747.23,14245,2392.73,13584,2280.83,4168,705.49,6718,1126.46,-13145,-2214.33
300110.SZ,20260403,324939,11134.12,253641,8705.71,247956,8504.24,245682,8421.5,182838,6269.96,213995,7337.25,23521,812.03,65935,2255.89,-34478,-1132.12
300111.SZ,20260403,246026,9714.71,171728,6782.67,126782,5016.07,127308,5029.96,46199,1822.06,104765,4139.15,8294,327.12,23500,928.17,-128133,-5064.01
300112.SZ,20260403,47155,3559.27,46239,3490.41,19517,1474.61,19140,1447.68,8148,617.09,5849,445.69,8,0.6,3600,267.78,-2880,-222.68
300113.SZ,20260403,141951,38192.74,195153,52615.46,197792,53312.62,185474,50027.41,157229,42475.76,135755,36597.43,62533,16878.0,43124,11618.82,10130,2923.8
300115.SZ,20260403,80313,24934.96,51851,16109.29,67950,21103.78,75135,23337.61,46140,14321.96,65057,20191.37,27502,8539.53,29862,9261.96,-20825,-6433.6
300118.SZ,20260403,190825,29772.32,130578,20392.15,193160,30167.07,176649,27614.97,116725,18279.23,170929,26717.33,28985,4496.62,51540,7990.79,-41006,-6368.57
300119.SZ,20260403,20678,3655.09,19573,3458.78,14905,2633.24,13489,2385.88,4839,855.01,5175,915.31,0,0.0,2185,383.37,-8082,-1423.43
300120.SZ,20260403,41208,2987.75,22474,1631.9,29371,2131.62,32860,2381.66,12587,913.72,28424,2063.15,1963,143.69,1371,100.08,-18233,-1318.19
300121.SZ,20260403,37150,4254.74,26136,2994.87,20231,2315.45,23263,2661.48,9951,1138.05,13808,1578.96,707,81.31,4832,554.23,-7688,-873.45
300122.SZ,20260403,129459,19941.25,111476,17295.04,126974,19615.15,104368,16174.04,58784,9112.56,79077,12149.32,15958,2469.11,36252,5519.65,-54119,-8242.84
300123.SZ,20260403,81399,4925.89,61575,3730.56,60399,3656.74,58113,3517.33,27891,1688.04,49299,2980.47,9064,546.15,9766,588.45,-46323,-2795.15
300124.SZ,20260403,24903,16518.81,24208,16065.54,34130,22656.37,31772,21089.14,21380,14199.46,23724,15745.27,9687,6424.14,10396,6898.84,-8570,-5644.56
300125.SZ,20260403,10644,892.67,8053,675.44,20936,1753.86,18286,1532.17,14382,1203.78,18231,1525.92,2929,245.04,4321,361.82,-15737,-1316.5
300126.SZ,20260403,28736,2137.9,29601,2201.75,11783,876.68,10845,807.74,2364,175.08,2437,180.17,0,0.0,0,0.0,-5233,-388.5
300127.SZ,20260403,14535,4085.83,12233,3440.79,7756,2179.24,8760,2461.16,3621,1016.19,4106,1151.82,1287,360.26,2100,587.76,43,12.4
300128.SZ,20260403,60681,3499.97,33233,1922.71,60221,3475.29,52240,3016.48,49923,2883.67,75713,4366.58,0,0.0,9639,553.16,-22956,-1330.46
300129.SZ,20260403,166237,19876.34,84362,10098.4,116359,13920.74,115644,13838.07,60931,7282.62,120273,14379.54,9312,1109.28,32560,3872.99,-26624,-3187.04
300130.SZ,20260403,26475,6002.11,32518,7382.6,26973,6128.94,23063,5240.42,18227,4138.82,15021,3402.1,2636,596.09,3708,840.85,-20111,-4530.35
300131.SZ,20260403,213067,24629.39,248853,28816.93,243328,28178.07,248131,28734.54,208600,24170.79,182672,21174.06,85082,9898.24,70422,8150.96,111582,13097.84
300132.SZ,20260403,43136,3651.38,46241,3914.15,36364,3079.48,26054,2207.2,16321,1381.53,25270,2141.68,12966,1097.65,11222,947.0,-33555,-2849.96
300133.SZ,20260403,124387,8704.48,73804,5163.97,111054,7774.78,93939,6575.26,80420,5630.77,111731,7819.57,23335,1631.77,59721,4182.99,-94764,-6633.93
300134.SZ,20260403,38677,3834.85,35476,3518.38,17785,1761.7,17046,1689.37,3982,395.09,6413,635.41,0,0.0,1509,148.49,-3768,-373.6
300135.SZ,20260403,126652,4739.49,89033,3333.83,108057,4042.86,104639,3917.84,64948,2423.66,100222,3742.45,6000,222.6,11763,434.5,-79498,-2967.05
300136.SZ,20260403,150139,94611.04,162405,102524.03,219153,138195.71,220963,139621.28,198379,125472.02,193772,122367.74,109271,69295.85,99802,63061.56,-11976,-6570.53
300137.SZ,20260403,47618,5811.62,53020,6481.29,56762,6942.64,57003,6968.81,64420,7879.77,57814,7067.31,24443,2988.39,25406,3105.01,-22880,-2784.73
300138.SZ,20260403,33959,4046.88,28047,3343.74,26300,3132.8,26969,3215.43,11590,1380.52,14722,1750.7,526,62.32,2637,312.65,-11968,-1429.8
300139.SZ,20260403,113048,60103.01,53097,28255.22,98239,52247.9,102048,54266.6,48888,25994.85,90908,48321.88,14300,7587.97,28422,15090.03,-7441,-4019.81
300140.SZ,20260403,140834,8969.31,108814,6924.11,159833,10174.2,111352,7094.4,83249,5271.29,118070,7504.83,9876,622.08,55556,3513.53,-72328,-4597.54
300141.SZ,20260403,31220,3881.3,25958,3235.27,15175,1889.2,15955,1985.54,9706,1209.49,10894,1358.4,1793,227.17,5087,627.95,-1344,-175.54
300142.SZ,20260403,135626,16817.45,101193,12552.02,138479,17175.52,140003,17368.66,92668,11499.25,119228,14790.6,19725,2448.01,26074,3228.96,-49090,-6069.62
300143.SZ,20260403,105564,13150.1,74828,9329.09,117452,14634.47,118886,14802.69,76234,9479.89,95622,11898.62,11121,1376.92,21036,2610.97,-70255,-8766.26
300144.SZ,20260403,57101,4386.86,35701,2745.53,66714,5124.71,54089,4158.34,41564,3194.19,61893,4751.47,3639,282.0,17335,1332.43,-39355,-3017.53
300145.SZ,20260403,121197,5101.27,143107,6028.19,127701,5373.18,104418,4400.19,82997,3493.47,87597,3681.91,23129,976.23,19902,833.86,-94702,-3962.83
300146.SZ,20260403,43666,4719.93,45079,4871.21,35078,3790.51,34448,3725.3,21025,2271.08,25549,2760.52,11721,1266.82,6414,691.31,-18250,-1973.26
300147.SZ,20260403,34305,3402.98,46358,4604.08,91881,9116.82,85449,8484.34,68998,6864.53,46515,4613.51,8757,872.02,25619,2554.42,33468,3358.94
300148.SZ,20260403,80706,3315.95,71432,2935.23,76798,3159.46,60416,2482.77,47470,1953.03,61129,2513.52,0,0.0,11997,496.93,-41902,-1726.37
300149.SZ,20260403,246166,29515.95,207558,24916.76,266509,31981.53,266117,31924.83,154075,18480.28,184074,22088.71,53254,6396.54,62256,7444.0,-69560,-8279.34
300150.SZ,20260403,47616,2436.83,43755,2237.02,34256,1754.51,34884,1787.63,21133,1080.67,22366,1144.56,0,0.0,2000,102.8,-26353,-1346.31
300151.SZ,20260403,23319,3488.59,25713,3845.1,20144,3012.71,18036,2696.86,9508,1421.76,13132,1962.42,4911,731.34,1000,150.03,-2329,-345.91
300152.SZ,20260403,57540,1339.97,44850,1048.23,72789,1699.79,75669,1766.68,85996,2007.62,95806,2232.47,0,0.0,0,0.0,-50453,-1158.31
300153.SZ,20260403,71668,17475.19,52654,12961.53,56090,13745.11,72917,17794.96,36196,8851.69,39692,9662.73,9959,2433.45,8649,2086.23,4965,1229.96
300154.SZ,20260403,23798,1863.92,24253,1898.95,9258,726.17,7790,611.72,2543,199.93,3556,279.36,0,0.0,0,0.0,-5463,-426.74
300155.SZ,20260403,49563,2226.12,51188,2295.61,32422,1454.5,28590,1283.23,10437,468.69,12644,570.48,0,0.0,0,0.0,-9842,-442.87
300157.SZ,20260403,307998,19235.94,187524,11719.14,207041,12963.71,215709,13508.13,109880,6869.59,194672,12164.86,33855,2121.81,60869,3798.93,-114750,-7193.77
300158.SZ,20260403,194848,12154.35,108595,6771.22,133002,8295.05,144094,8992.3,83890,5224.65,119638,7464.83,6574,410.01,45987,2855.72,-84986,-5289.37
300159.SZ,20260403,36354,1093.22,23852,717.45,49185,1480.36,41917,1261.44,34145,1027.28,53915,1621.97,0,0.0,0,0.0,-52150,-1565.31
300160.SZ,20260403,73697,3929.96,54099,2890.73,72456,3868.9,63410,3381.11,24831,1319.68,42092,2241.77,0,0.0,11383,604.93,-46802,-2496.77
300161.SZ,20260403,6974,1890.51,5885,1595.81,5221,1415.51,6168,1671.49,1862,505.23,2317,628.83,313,84.88,0,0.0,-3793,-1025.93
300162.SZ,20260403,114412,9668.56,136656,11539.02,105333,8900.57,95961,8118.82,56931,4809.52,42759,3616.31,8163,687.82,9463,792.32,-7121,-574.16
300163.SZ,20260403,58508,2590.79,47706,2114.43,44808,1985.72,46375,2053.01,20427,903.69,29662,1312.77,0,0.0,0,0.0,-37609,-1662.23
300164.SZ,20260403,408622,62018.35,354319,53870.08,440594,66929.14,479250,72791.91,311656,47390.11,336354,51092.41,130435,19915.02,121385,18498.23,-79634,-11981.51
300165.SZ,20260403,49755,2279.92,28189,1295.29,63590,2914.85,52656,2414.49,40355,1853.35,65851,3025.11,3000,140.1,10004,453.33,-34182,-1568.62
300166.SZ,20260403,483178,72204.08,656724,98344.38,610010,91115.24,643618,96227.1,587502,87906.91,449804,67179.04,205856,30976.5,136400,20452.21,189749,28822.23
300167.SZ,20260403,20676,1180.09,21441,1224.98,36342,2068.53,33677,1922.52,31614,1807.23,28979,1649.05,1888,105.73,6423,365.03,-36830,-2093.71
300168.SZ,20260403,62937,3364.55,41214,2203.0,58885,3147.78,52656,2815.1,31958,1709.79,45324,2420.16,2538,134.51,17124,918.38,-37322,-1990.51
300169.SZ,20260403,47001,2694.65,50774,2909.97,30901,1768.05,28320,1621.18,23292,1332.93,20000,1146.45,0,0.0,2100,118.02,-24092,-1384.38
300170.SZ,20260403,166521,30948.57,91193,16965.92,113870,21178.37,141058,26231.66,59467,11046.96,91549,17020.84,15430,2876.24,31488,5831.71,-22314,-4161.96
300171.SZ,20260403,32994,4745.44,32973,4742.58,14888,2140.94,13174,1894.47,2345,337.62,4080,586.95,0,0.0,0,0.0,-7676,-1102.87
300172.SZ,20260403,94929,4896.49,76501,3947.65,92814,4787.65,72512,3742.05,62973,3247.07,82854,4275.21,0,0.0,18849,966.3,-52392,-2703.64
300173.SZ,20260403,34151,1417.84,19685,816.87,48838,2028.83,46119,1916.5,19572,812.38,35665,1478.11,4021,166.16,5113,213.73,-41090,-1705.3
300174.SZ,20260403,12302,1945.94,18919,2989.02,18685,2952.55,18008,2846.72,17681,2791.92,17389,2747.65,7108,1124.48,1460,231.49,-18492,-2913.65
300175.SZ,20260403,11896,712.3,10067,603.84,19298,1156.24,21444,1285.39,13960,835.98,13643,815.29,0,0.0,0,0.0,-17360,-1038.17
300176.SZ,20260403,57341,3964.64,72684,5027.45,35699,2469.85,32762,2265.34,24045,1663.5,20083,1388.95,12964,896.68,4520,312.94,-7943,-543.69
300177.SZ,20260403,36971,3016.27,44412,3626.08,43198,3523.93,47862,3908.1,41722,3403.49,24692,2011.74,8152,668.45,13077,1066.2,11364,946.22
300179.SZ,20260403,157502,33416.05,245638,52090.89,177165,37616.41,158893,33915.86,144264,30759.48,117939,25217.67,83569,18016.77,40031,8584.28,22445,5005.92
300180.SZ,20260403,160483,9713.99,167429,10168.36,186385,11293.14,199018,12070.4,152538,9271.63,129654,7856.18,30265,1851.31,33569,2035.14,44559,2820.15
300181.SZ,20260403,34709,5430.11,30366,4747.09,27581,4311.5,27469,4298.92,16368,2559.7,21503,3362.57,1844,287.82,1164,180.54,-19040,-2974.78
300182.SZ,20260403,270151,14738.66,166553,9090.68,258974,14138.26,235921,12878.63,203276,11084.08,232661,12692.28,83723,4562.27,180988,9861.68,-245770,-13410.16
300183.SZ,20260403,20004,2727.26,18955,2585.2,11911,1621.37,11451,1559.71,3238,440.47,4750,644.6,3,0.41,0,0.0,-1046,-141.61
300184.SZ,20260403,142997,14925.0,171300,17894.29,169436,17697.17,175162,18297.9,96463,10091.13,79956,8352.62,40253,4193.0,22731,2361.48,-60940,-6296.3
300185.SZ,20260403,769088,24324.13,514975,16281.02,523205,16565.87,590828,18702.82,435731,13777.47,622221,19683.64,0,0.0,0,0.0,-440600,-13897.58
300187.SZ,20260403,55125,2722.53,77883,3838.44,52813,2608.48,38182,1889.44,28081,1389.17,19954,992.3,0,0.0,0,0.0,-32629,-1614.73
300188.SZ,20260403,24153,2926.79,21395,2593.24,20264,2455.68,23963,2904.77,15331,1858.36,11549,1399.0,1000,121.71,3841,465.53,-8346,-1006.99
300189.SZ,20260403,350340,22326.87,213618,13609.19,316346,20182.1,369908,23579.33,185555,11820.73,279610,17835.58,81547,5200.4,70653,4506.01,-122464,-7793.24
300190.SZ,20260403,83461,3235.99,125025,4854.51,88166,3417.96,76412,2968.13,70634,2743.73,50537,1959.67,18610,725.89,8898,341.26,-24631,-945.44
300191.SZ,20260403,55236,20695.94,47138,17712.14,56105,21060.32,59638,22390.04,45923,17278.25,47598,17843.41,9751,3644.64,12642,4733.56,9164,3476.33
300192.SZ,20260403,16206,2946.95,16174,2941.86,16466,2994.88,15022,2731.61,7225,1313.35,9049,1643.28,1000,180.7,652,119.12,-7345,-1333.02
300193.SZ,20260403,21160,1755.82,22039,1829.76,20315,1686.83,19552,1624.75,9278,770.77,9128,755.58,1242,102.96,1276,106.29,-14838,-1231.04
300194.SZ,20260403,111848,4686.3,62835,2633.53,98486,4130.4,79353,3328.9,57413,2408.59,92191,3864.55,0,0.0,33369,1398.31,-66332,-2780.5
300195.SZ,20260403,51966,3720.74,42728,3061.4,33466,2397.11,30903,2209.35,13757,982.13,21630,1551.62,4308,306.85,8236,584.46,-6627,-473.42
300196.SZ,20260403,42422,7305.0,37691,6488.5,26246,4521.98,24344,4199.77,10658,1835.08,15083,2592.66,3129,534.71,5337,915.84,-7373,-1264.1
300197.SZ,20260403,168176,2797.94,146434,2431.88,167533,2783.3,133993,2229.63,111735,1852.57,167017,2772.31,0,0.0,0,0.0,-101734,-1681.4
300198.SZ,20260403,45840,1175.93,26350,676.15,54125,1387.67,53243,1364.97,24150,619.07,44522,1141.54,0,0.0,0,0.0,-35575,-909.87
300199.SZ,20260403,182169,35685.69,131377,25777.68,198069,38814.89,204718,40138.88,133500,26181.06,154180,30224.14,44367,8694.77,67829,13235.72,-43091,-8402.15
300200.SZ,20260403,43636,3952.6,43181,3911.55,30859,2795.55,28015,2538.88,13941,1261.81,15740,1424.52,0,0.0,1500,135.0,-7378,-663.33
300201.SZ,20260403,107784,10960.27,72107,7360.12,128899,13100.84,125471,12781.8,134567,13681.58,148800,15123.14,57543,5848.5,82415,8326.13,13907,1397.43
300203.SZ,20260403,13826,1842.11,16298,2171.11,15630,2083.61,16987,2263.4,7912,1054.64,6791,905.17,2708,359.32,0,0.0,906,124.27
300204.SZ,20260403,221081,70725.88,167159,53625.89,219681,70367.97,245348,78537.13,156395,50129.95,170781,54641.42,68024,21742.64,81892,26162.0,1233,376.85
300205.SZ,20260403,26515,1370.83,10420,543.62,47746,2465.05,27379,1414.02,16483,850.07,48844,2522.7,3761,188.87,7862,394.48,816,37.76
300206.SZ,20260403,47005,6145.27,43288,5652.94,21411,2794.33,23828,3116.38,7516,980.26,7582,991.11,830,107.9,2064,267.32,-15928,-2076.93
300207.SZ,20260403,253270,60373.17,113692,27127.36,214009,51061.2,215680,51444.77,155966,37196.9,249766,59519.98,44672,10635.56,88780,21174.71,-81926,-19540.74
300209.SZ,20260403,112185,10087.68,127090,11474.89,195928,17596.14,192643,17386.6,176632,15848.15,177775,15960.05,85809,7813.43,73046,6523.86,27876,2592.27
300210.SZ,20260403,67590,6072.01,86503,7765.91,105604,9535.21,103715,9348.59,61242,5538.53,50122,4566.56,10629,961.03,4725,425.72,44460,3927.54
300211.SZ,20260403,5142,395.4,4328,333.09,5585,429.44,4878,374.65,3780,289.67,3801,291.86,0,0.0,1500,114.9,-5783,-442.78
300212.SZ,20260403,233690,21636.11,161426,14884.94,252051,23248.83,237710,22027.8,132591,12167.05,191425,17585.76,25930,2356.57,53701,4910.07,-62702,-5784.66
300213.SZ,20260403,34976,2666.04,29108,2221.11,22429,1709.7,23316,1777.92,11067,847.38,13872,1058.69,271,20.84,2447,186.23,-8758,-668.38
300214.SZ,20260403,47398,3226.33,55989,3807.16,33703,2290.31,31073,2119.3,22041,1503.34,16080,1093.52,0,0.0,0,0.0,-20704,-1411.54
300215.SZ,20260403,78003,6032.84,57993,4488.04,36439,2818.97,45012,3483.8,17399,1344.11,28311,2183.61,0,0.0,525,40.48,-19005,-1471.42
300217.SZ,20260403,78901,3981.27,60474,3054.19,103721,5232.87,93668,4728.97,60742,3066.07,93210,4701.34,25100,1268.26,21112,1063.97,-83216,-4193.66
300218.SZ,20260403,12958,1960.01,9162,1386.43,7817,1181.86,7975,1205.26,3592,543.73,7044,1065.56,814,124.14,1000,152.5,-3557,-534.5
300219.SZ,20260403,76194,5406.33,74353,5275.2,49789,3532.12,41472,2943.41,26031,1845.89,29856,2117.43,2460,175.23,8793,623.54,-19620,-1382.18
300220.SZ,20260403,17418,2315.59,18022,2393.08,7833,1039.93,7753,1029.24,1500,198.68,976,131.89,0,0.0,0,0.0,-2905,-385.48
300221.SZ,20260403,39173,3706.28,24863,2355.43,35072,3319.73,29009,2745.57,14102,1332.39,27480,2598.72,0,0.0,6995,658.69,-12991,-1227.68
300222.SZ,20260403,51754,5371.77,39956,4153.23,42748,4439.23,45946,4774.06,35009,3638.27,38494,3990.11,8405,867.49,13521,1399.36,-24782,-2581.86
300223.SZ,20260403,35699,37713.56,27365,28956.61,38546,40753.39,39395,41659.52,28122,29712.78,34735,36650.07,15144,15980.61,16016,16894.15,-10443,-10936.2
300224.SZ,20260403,60779,8423.67,51530,7145.7,39273,5441.1,36771,5095.14,18481,2560.0,24683,3416.65,0,0.0,5549,767.27,-18880,-2610.56
300225.SZ,20260403,16550,855.63,19513,1009.74,34051,1760.84,46795,2420.58,44144,2285.22,28849,1492.16,4300,223.13,3888,202.35,25793,1339.85
300226.SZ,20260403,20539,4879.87,16357,3891.47,18597,4417.28,21451,5098.19,12657,3013.2,16078,3814.29,4415,1045.86,2323,552.25,-9038,-2145.11
300227.SZ,20260403,75933,8443.65,82648,9181.5,49276,5490.23,50614,5637.24,32778,3659.3,32421,3619.35,8846,972.69,1149,127.79,-13297,-1459.9
300228.SZ,20260403,113360,10217.87,84357,7612.11,100753,9094.35,98085,8846.15,55884,5029.15,81285,7322.08,6060,543.85,12330,1104.89,-65769,-5926.9
300229.SZ,20260403,60133,10401.39,38731,6707.17,41911,7252.67,49495,8565.69,24688,4275.31,34293,5930.07,914,156.75,5127,883.19,-10484,-1813.75
300230.SZ,20260403,50539,2312.22,57878,2642.95,42381,1938.74,25116,1150.01,13341,610.33,23267,1068.32,0,0.0,0,0.0,-7975,-359.64
300231.SZ,20260403,95916,9840.26,78546,8068.45,84755,8698.12,98652,10118.52,42337,4351.57,37357,3832.3,5699,595.91,14152,1466.59,-6405,-623.86
300232.SZ,20260403,77233,5142.87,81822,5445.66,76700,5107.96,67102,4465.19,55742,3703.76,52197,3473.25,2000,132.2,10554,702.69,-40702,-2701.08
300233.SZ,20260403,42777,6287.83,53262,7837.59,44048,6484.94,41773,6145.76,26393,3886.73,21872,3214.1,6656,970.56,2967,432.61,-5610,-803.17
300234.SZ,20260403,39026,2290.59,66006,3868.3,51654,3032.37,42805,2515.43,47261,2769.29,24771,1453.8,2450,142.96,6809,397.68,-14862,-876.24
300235.SZ,20260403,20993,2590.91,20707,2555.09,16366,2021.61,16622,2052.64,14311,1764.2,14784,1823.88,7494,919.06,7050,864.17,-6863,-843.41
300236.SZ,20260403,18429,13610.78,20463,15124.95,16740,12369.72,16464,12167.17,14964,11068.84,12294,9086.53,3664,2707.29,4576,3377.97,2590,1930.04
300237.SZ,20260403,66382,1503.7,39753,899.78,109151,2476.29,98898,2239.01,80279,1819.95,117161,2661.16,0,0.0,0,0.0,-64740,-1468.17
300238.SZ,20260403,47605,7146.24,35298,5295.1,21959,3298.63,27313,4108.11,10935,1638.34,16515,2476.8,0,0.0,1373,203.21,-8059,-1212.94
300239.SZ,20260403,60629,3216.08,57909,3072.74,39201,2084.56,44706,2368.5,19253,1014.28,18468,979.48,2000,105.8,0,0.0,-29645,-1572.68
300240.SZ,20260403,36693,2479.52,41206,2783.56,20751,1400.8,20086,1354.88,11516,777.27,7668,519.16,0,0.0,0,0.0,-14754,-993.32
300241.SZ,20260403,154841,9973.44,206731,13330.6,168312,10851.74,145600,9394.06,107554,6943.49,89346,5757.51,17641,1144.97,6671,431.47,48979,3199.42
300242.SZ,20260403,83429,3726.76,62095,2774.29,52061,2329.03,50806,2268.19,34695,1539.31,57284,2552.63,0,0.0,0,0.0,-34603,-1536.37
300243.SZ,20260403,68268,8674.87,50139,6377.56,36228,4610.6,43112,5487.79,19634,2505.41,29353,3733.26,2589,332.32,4115,524.6,2044,265.61
300244.SZ,20260403,100056,18398.34,67219,12359.26,44161,8122.64,49224,9059.98,17380,3195.18,38636,7103.19,5344,985.05,11862,2178.79,-11116,-2052.07
300245.SZ,20260403,92802,12041.24,74760,9701.7,63501,8248.26,68515,8901.77,28718,3726.68,37236,4834.13,3930,518.3,8440,1096.88,-20688,-2678.79
300246.SZ,20260403,49776,6977.57,56370,7902.59,33590,4708.94,27081,3797.47,17904,2510.29,18611,2607.34,5261,741.78,4468,631.17,-21690,-3041.79
300247.SZ,20260403,59555,2677.19,57140,2575.33,52538,2366.18,38043,1714.9,49682,2237.53,57266,2573.56,4403,197.08,13729,614.2,-35014,-1571.27
300248.SZ,20260403,31208,3144.86,42060,4236.51,26479,2669.12,19060,1922.22,13962,1406.14,11631,1173.26,2539,256.1,1438,144.23,-3612,-360.84
300249.SZ,20260403,95465,14754.21,116281,17988.55,85797,13277.73,77297,11960.95,43082,6668.42,30924,4775.8,4040,624.09,3883,599.16,-10305,-1562.71
300250.SZ,20260403,22078,4460.91,19203,3877.66,13354,2695.56,13733,2775.31,4886,989.04,6909,1396.01,1013,206.31,1486,302.85,-203,-37.59
300251.SZ,20260403,185469,27153.9,94475,13840.02,164835,24139.2,172065,25200.18,98214,14378.19,143309,20972.74,27027,3943.97,65695,9602.32,-126117,-18441.68
300252.SZ,20260403,79029,10576.88,101805,13640.03,108428,14527.1,112798,15111.37,68677,9210.91,60942,8157.21,31315,4188.17,11905,1594.44,41094,5544.37
300253.SZ,20260403,158109,12992.03,130123,10687.45,137173,11281.28,135761,11160.86,73250,6014.13,93003,7639.98,19797,1628.24,29441,2427.39,-89051,-7299.33
300254.SZ,20260403,50456,5703.62,45267,5114.28,25823,2918.84,28706,3249.42,22076,2499.2,17494,1983.81,3925,439.94,10813,1214.09,-8728,-985.91
300255.SZ,20260403,99166,41582.39,135282,57107.09,159330,67073.68,164948,69506.52,147446,62096.44,125968,52949.23,69676,29468.54,49420,20658.22,-43945,-18292.34
300256.SZ,20260403,103025,3363.87,72623,2370.07,86714,2830.35,96391,3146.4,40616,1320.69,61341,1998.43,0,0.0,0,0.0,-53675,-1751.6
300257.SZ,20260403,40009,11751.12,53708,15782.32,29019,8533.27,31392,9225.14,20772,6103.95,10949,3221.74,8140,2394.49,1891,553.63,-2493,-724.7
300258.SZ,20260403,31405,3681.49,32249,3782.13,29589,3469.34,29330,3440.95,19816,2322.52,18390,2153.11,3500,410.8,4340,507.97,-18496,-2161.12
300259.SZ,20260403,107729,4734.82,117229,5138.99,103026,4534.04,72318,3182.16,62390,2727.54,84120,3715.45,9000,412.2,8477,372.01,-73499,-3240.18
300260.SZ,20260403,22704,10412.53,19332,8873.48,22656,10391.94,25942,11906.17,16519,7590.08,15569,7146.39,2330,1071.44,3367,1539.95,8434,3882.92
300261.SZ,20260403,46780,2941.48,40224,2528.93,30836,1938.07,35567,2237.48,15723,988.06,20197,1269.63,6441,404.67,3792,236.25,-21172,-1326.4
300263.SZ,20260403,76934,7157.32,75828,7064.93,70648,6576.91,72425,6743.78,48787,4544.96,42246,3927.11,6243,582.21,12113,1125.57,-942,-74.89
300264.SZ,20260403,44065,3896.7,52298,4625.0,49866,4410.0,47992,4240.62,39568,3493.26,47858,4223.69,27992,2464.5,13343,1175.14,-24205,-2131.84
300265.SZ,20260403,215482,38427.88,168237,30090.1,198199,35421.49,220942,39439.28,126180,22557.34,139231,24807.22,41878,7432.61,53328,9502.72,-97469,-17332.91
300266.SZ,20260403,129266,3186.15,114767,2833.26,135028,3329.11,83153,2047.17,72433,1782.57,138807,3417.4,0,0.0,0,0.0,-111817,-2747.95
300267.SZ,20260403,326517,12885.94,183739,7261.12,182800,7221.76,212829,8406.99,169902,6711.87,226475,8947.07,30916,1225.1,87092,3429.51,-154930,-6086.47
300268.SZ,20260403,2770,357.38,2180,281.48,5441,702.78,3874,500.09,2083,268.36,4861,626.32,621,79.36,0,0.0,-3981,-514.04
300269.SZ,20260403,85994,6061.98,75891,5353.51,77703,5477.34,69284,4885.94,38542,2719.09,49074,3457.24,4298,304.04,12287,865.76,-18455,-1286.28
300270.SZ,20260403,20950,2119.27,22317,2256.1,16258,1642.01,14863,1503.06,11382,1150.27,10378,1048.37,1085,109.37,2117,213.39,-9129,-922.1
300271.SZ,20260403,38850,2483.24,33044,2114.93,33315,2131.58,27263,1742.24,15943,1016.94,22951,1466.67,0,0.0,4850,307.93,-16032,-1025.71
300272.SZ,20260403,118063,9339.73,60718,4812.26,74142,5885.43,93415,7408.72,51547,4084.99,80371,6354.67,10878,863.92,20126,1598.41,-73734,-5824.23
300274.SZ,20260403,179172,223166.81,105850,132000.04,202430,252330.21,190334,237306.3,180280,224881.93,227071,283266.09,145889,181785.85,184515,229592.37,-27852,-34571.51
300275.SZ,20260403,16832,1802.26,14714,1579.63,10858,1164.08,11427,1224.08,2705,289.76,5254,561.19,1000,108.8,0,0.0,-5475,-585.89
300276.SZ,20260403,76418,5150.19,45330,3059.68,40581,2732.97,45331,3054.75,14300,963.54,34779,2337.02,1697,113.19,7555,508.45,-19801,-1330.19
300277.SZ,20260403,101217,18253.87,81456,14714.57,76499,13822.59,73466,13282.18,50374,9107.42,69705,12573.73,22869,4112.91,26330,4726.3,-25083,-4505.22
300278.SZ,20260403,65474,2914.73,67317,2999.82,60864,2710.76,46571,2073.29,39385,1750.52,41965,1864.52,231,10.16,10101,448.54,-29106,-1292.87
300279.SZ,20260403,78078,6635.2,63426,5387.32,43115,3662.88,54784,4653.78,22579,1917.82,20644,1754.07,5352,451.68,10270,872.41,-6014,-511.15
300281.SZ,20260403,21396,1369.99,18041,1157.5,13930,893.41,13500,863.78,2227,142.59,6012,384.73,0,0.0,0,0.0,-5391,-344.53
300283.SZ,20260403,58879,4427.25,61992,4663.57,32828,2469.67,30405,2287.78,22165,1665.91,23015,1726.05,1540,114.58,0,0.0,-17512,-1315.71
300284.SZ,20260403,58923,3826.3,50366,3266.36,48410,3141.77,49103,3184.7,29879,1933.77,37075,2405.02,2541,164.33,3210,210.1,-42951,-2778.84
300285.SZ,20260403,73774,22555.08,86596,26527.82,69616,21312.03,73454,22495.74,53118,16282.14,48983,14980.85,28172,8631.73,15647,4776.57,4131,1293.56
300286.SZ,20260403,37246,8943.6,30864,7418.58,20070,4825.67,19694,4732.85,12568,3013.12,17727,4251.61,1037,247.56,2636,626.91,-6082,-1463.28
300287.SZ,20260403,65607,2725.96,43267,1797.73,52273,2170.99,51476,2138.19,21526,894.05,35925,1492.09,2580,107.84,11318,470.84,-37148,-1536.44
300288.SZ,20260403,18752,2293.0,16138,1976.0,10382,1267.85,12115,1481.06,6302,767.31,4983,606.55,0,0.0,2200,264.54,-5334,-656.73
300289.SZ,20260403,43139,2858.08,38292,2537.07,23624,1565.3,21443,1421.69,5039,333.45,12067,798.07,0,0.0,0,0.0,-12266,-812.25
300290.SZ,20260403,46881,6402.4,34331,4687.21,36272,4949.86,39211,5347.99,21759,2965.35,31220,4260.72,2609,355.29,2760,376.98,-19147,-2615.01
300291.SZ,20260403,58574,3726.09,47774,3041.28,31700,2016.74,33376,2123.24,24060,1530.31,28586,1817.03,1600,102.08,6198,393.67,-16752,-1065.87
300292.SZ,20260403,132298,5852.97,155539,6878.75,134340,5943.73,115026,5091.65,81438,3604.43,78423,3473.03,8372,372.48,7460,330.18,-97032,-4281.32
300293.SZ,20260403,66845,12055.01,94370,17056.69,71968,13030.44,67571,12216.96,45132,8195.08,26416,4812.49,6761,1235.7,2349,430.09,20986,3831.97
300294.SZ,20260403,17952,3367.71,15345,2878.74,12992,2435.43,13231,2480.23,8380,1567.51,5241,982.6,980,183.55,6487,1212.63,-7999,-1502.85
300295.SZ,20260403,16105,1504.59,18534,1731.66,14844,1385.4,12613,1177.14,4679,436.93,4481,418.11,0,0.0,0,0.0,-3592,-336.38
300296.SZ,20260403,267827,19440.0,319928,23234.32,284368,20648.0,253147,18389.47,237316,17235.75,209454,15211.2,89089,6480.78,96072,6969.53,-68950,-4936.07
300298.SZ,20260403,16054,2540.47,12426,1969.14,12692,2010.67,13449,2128.71,7371,1165.02,9041,1428.64,0,0.0,1201,189.67,-6761,-1070.09
300299.SZ,20260403,57959,3362.63,41875,2430.18,41387,2404.31,41467,2407.55,27311,1581.02,37484,2173.42,0,0.0,5831,336.8,-15374,-886.07
300300.SZ,20260403,336441,46301.06,267397,36851.85,419018,57718.27,408209,56206.94,273227,37606.91,324258,44650.84,71290,9819.56,100112,13736.17,-141444,-19226.13
300301.SZ,20260403,79726,2632.51,94618,3125.1,157013,5180.95,169591,5602.11,182636,6040.5,152167,5025.65,0,0.0,3000,101.1,47913,1581.74
300302.SZ,20260403,90424,17173.9,67919,12897.29,65416,12427.59,75335,14324.35,37422,7110.96,43579,8278.54,4440,839.21,10869,2051.49,-16847,-3197.85
300303.SZ,20260403,476362,43714.59,781896,71823.4,722237,66305.77,622332,57102.28,491048,45091.73,366166,33622.65,155986,14347.49,75239,6911.27,299944,27539.64
300304.SZ,20260403,36250,4666.11,33736,4344.23,41834,5388.22,42898,5527.68,30892,3980.64,28019,3606.19,1800,233.58,6123,790.44,-4707,-596.48
300305.SZ,20260403,29294,1745.18,40550,2412.85,28585,1699.32,21979,1308.42,14525,865.64,11968,713.31,2093,124.43,0,0.0,-7225,-429.35
300306.SZ,20260403,16521,1961.78,16146,1919.36,9939,1180.43,7247,860.68,3275,388.96,3342,396.07,0,0.0,3000,355.06,-1559,-188.74
300307.SZ,20260403,29207,1829.65,21935,1375.79,23760,1490.13,20097,1260.21,4988,313.12,12616,789.55,0,0.0,3307,207.35,-16669,-1044.46
300308.SZ,20260403,0,0.85,10,64.0,92583,564861.74,113794,693816.06,84637,515878.93,83698,510523.32,113052,688709.86,92768,565047.99,52617,321583.37
300310.SZ,20260403,113438,6713.2,158596,9392.13,99033,5864.54,80789,4789.23,57464,3406.73,37182,2198.44,10856,644.43,4224,249.1,-4088,-228.5
300311.SZ,20260403,15321,762.17,18081,899.3,31318,1558.87,33354,1660.14,34054,1695.79,21652,1076.94,0,0.0,7606,380.44,-23997,-1191.56
300313.SZ,20260403,13276,1053.19,16008,1278.06,21095,1683.53,27447,2191.61,17068,1362.45,8582,678.27,2236,175.78,1638,127.02,-585,-26.11
300314.SZ,20260403,29363,3736.51,28680,3648.61,7441,946.05,7577,964.53,2226,284.25,2773,353.67,0,0.0,0,0.0,-1438,-185.84
300315.SZ,20260403,169104,7943.77,112580,5294.88,179407,8430.78,171724,8081.29,86038,4045.15,146649,6888.48,48987,2316.12,52584,2471.17,-164080,-7716.73
300316.SZ,20260403,42580,17587.18,46067,19049.34,48442,20031.93,47627,19692.16,34774,14371.29,30082,12410.89,13018,5371.66,15038,6209.67,-20710,-8495.11
300317.SZ,20260403,331757,15681.16,209953,9924.9,255809,12106.33,297030,14043.39,167351,7907.51,241973,11440.64,30642,1441.66,36603,1727.72,-133371,-6303.18
300318.SZ,20260403,38686,2277.62,38598,2270.8,28789,1693.97,24333,1434.98,11091,652.3,14573,855.98,0,0.0,1062,62.13,-10328,-602.88
300319.SZ,20260403,69052,7575.71,84470,9264.36,58672,6435.14,44343,4866.02,40685,4466.21,34163,3751.5,8142,894.55,13574,1489.72,-13646,-1481.49
300320.SZ,20260403,31019,2950.47,34282,3262.11,23190,2207.29,18841,1793.47,11161,1061.18,10247,973.77,0,0.0,2000,189.6,-11770,-1124.08
300321.SZ,20260403,4126,1345.38,4333,1413.31,1796,585.91,1851,603.95,1218,398.04,956,312.06,0,0.0,0,0.0,-766,-250.6
300322.SZ,20260403,41466,9814.34,43060,10197.91,43422,10278.9,43770,10364.22,29914,7083.02,30926,7319.54,8874,2102.58,5919,1397.17,7887,1881.82
300323.SZ,20260403,201015,19072.36,224961,21433.77,228845,21765.73,216903,20613.3,173802,16561.31,126386,12006.52,64269,6132.17,99682,9477.97,-5110,-375.48
300324.SZ,20260403,151446,6671.64,94339,4159.15,141951,6251.88,161046,7095.29,80339,3534.81,125034,5498.94,18193,806.39,11510,511.34,-70613,-3102.92
300326.SZ,20260403,20234,1300.23,26050,1677.62,38500,2475.48,42376,2727.99,28871,1861.56,20904,1343.99,2336,151.62,611,39.29,-2577,-156.04
300327.SZ,20260403,30188,6965.38,29865,6908.55,40004,9259.1,28935,6682.68,13000,3011.56,22321,5154.94,4125,946.74,6196,1436.6,-3912,-899.76
300328.SZ,20260403,62637,10337.72,54660,9030.16,79938,13205.5,68723,11352.33,60358,9958.29,58209,9605.17,34667,5709.71,56008,9223.57,802,172.5
300329.SZ,20260403,21772,2977.92,28526,3898.99,35470,4845.31,23233,3182.87,21229,2896.72,24295,3310.71,2372,320.26,4789,647.63,-11339,-1547.22
300331.SZ,20260403,21771,9343.92,21138,9068.0,23038,9891.55,20077,8624.39,21321,9146.78,22596,9695.31,4021,1725.28,6340,2719.84,-61,29.55
300332.SZ,20260403,211645,12785.36,151154,9135.29,247483,14938.03,257941,15580.58,162196,9775.35,193994,11709.58,41233,2515.61,59468,3588.9,-229565,-13832.11
300333.SZ,20260403,25041,2153.3,22266,1915.49,19358,1663.17,17694,1520.13,13169,1131.08,13648,1173.77,0,0.0,3960,338.16,-6927,-588.89
300334.SZ,20260403,37595,2615.61,40894,2841.75,22114,1536.32,20985,1458.19,9943,687.67,7773,539.65,0,0.0,0,0.0,-7676,-535.42
300335.SZ,20260403,161946,11513.99,111783,7957.12,171777,12226.0,170060,12091.93,91653,6501.14,120698,8574.08,3009,211.59,25844,1829.58,-136236,-9690.48
300337.SZ,20260403,161483,19508.07,100199,12118.7,130512,15778.74,135519,16367.95,81549,9881.45,100058,12106.1,19761,2388.21,57529,6963.72,-30380,-3671.12
300338.SZ,20260403,17563,627.08,17363,619.63,25280,901.03,15771,563.84,2630,93.98,12339,438.62,0,0.0,0,0.0,-15601,-557.49
300339.SZ,20260403,56101,21268.86,33575,12749.32,43344,16464.84,50761,19273.07,22201,8425.04,32169,12190.81,8952,3390.5,14092,5336.04,-1413,-535.43
300340.SZ,20260403,39704,4117.69,30383,3152.68,22616,2344.61,26322,2725.3,6940,720.41,12555,1304.74,0,0.0,0,0.0,-11562,-1204.3
300341.SZ,20260403,24679,3436.84,21695,3022.45,14546,2022.59,10380,1445.59,7082,982.16,14732,2041.93,2836,397.04,2336,328.67,3133,433.28
300342.SZ,20260403,137132,77518.48,115658,65579.89,217083,122876.28,212195,120232.22,187849,106461.05,190946,108036.62,91038,51551.44,114303,64558.51,4636,3013.48
300343.SZ,20260403,30750,1916.78,20137,1255.99,41904,2614.3,39094,2440.17,37391,2330.41,40123,2500.55,4707,293.76,15398,958.54,-27384,-1706.66
300344.SZ,20260403,243579,910.63,220059,819.75,495220,1853.03,518740,1943.91,0,0.0,0,0.0,0,0.0,0,0.0,-203006,-742.33
300345.SZ,20260403,202156,13807.29,144571,9862.61,171017,11679.75,203650,13904.14,106668,7267.09,135262,9227.13,16787,1134.71,13145,894.96,-98909,-6774.93
300346.SZ,20260403,43780,19725.81,43543,19629.1,54899,24740.23,55983,25233.63,34125,15385.75,35247,15877.58,9624,4339.24,7655,3450.72,11137,5049.39
300347.SZ,20260403,48502,26856.86,29513,16354.0,36242,20054.23,45080,24956.75,23444,12974.08,30366,16792.33,5895,3262.35,9124,5044.44,11739,6518.76
300348.SZ,20260403,63322,8169.42,75093,9694.54,66642,8605.34,69418,8970.97,56437,7293.54,42692,5508.9,11260,1453.9,10459,1347.81,18401,2409.91
300349.SZ,20260403,21536,2924.08,20307,2761.01,15468,2101.51,13011,1769.14,6605,899.86,9907,1343.41,2475,335.5,2859,387.39,-2648,-361.22
300350.SZ,20260403,51727,2638.53,35173,1793.21,50486,2576.16,46783,2386.67,37374,1902.22,47848,2435.67,20629,1045.62,30411,1546.98,-25010,-1268.18
300351.SZ,20260403,25179,3770.55,16620,2492.72,27175,4071.11,23625,3535.67,13067,1952.67,24270,3629.71,0,0.0,906,136.23,-15288,-2295.58
300352.SZ,20260403,115284,7492.37,114548,7448.06,155703,10125.87,151745,9867.74,118182,7690.59,113136,7362.27,17124,1122.71,26864,1753.47,-90919,-5879.18
300353.SZ,20260403,56314,10546.15,42081,7891.97,39455,7392.0,43830,8216.98,24671,4613.77,29739,5550.82,6806,1266.7,11596,2158.84,-16164,-3035.73
300354.SZ,20260403,6428,2175.13,4644,1574.07,4176,1413.48,4447,1505.06,2926,989.04,3455,1168.07,385,129.74,1369,460.19,-2127,-719.5
300355.SZ,20260403,91688,3310.25,61117,2207.89,64160,2316.03,62639,2261.29,35112,1267.73,51057,1843.89,0,0.0,16147,580.95,-77430,-2793.29
300357.SZ,20260403,45369,11667.12,31098,8003.65,32810,8444.44,39141,10072.52,23944,6163.3,29004,7461.93,3662,943.25,6543,1680.03,-10569,-2716.5
300358.SZ,20260403,64480,6069.38,59908,5644.82,36226,3413.04,46821,4407.61,18964,1788.24,17864,1681.92,13156,1239.98,8233,776.29,-27427,-2588.94
300359.SZ,20260403,34364,1631.48,35926,1706.26,28743,1364.02,20307,964.0,10305,488.19,14179,672.64,0,0.0,3000,140.77,-16483,-783.12
300360.SZ,20260403,33383,5274.6,20336,3218.58,30670,4851.86,27457,4338.22,15401,2427.05,32861,5182.74,5737,911.31,4537,725.27,-15917,-2508.33
300363.SZ,20260403,71707,15623.36,45934,10016.34,37008,8070.91,43548,9494.12,32128,7009.93,39554,8614.22,6606,1442.06,18413,4021.58,-15196,-3312.0
300364.SZ,20260403,135753,34747.73,66380,16985.47,93174,23853.2,103613,26511.33,49136,12574.17,83693,21419.05,19155,4892.75,43531,11152.0,-17528,-4518.1
300365.SZ,20260403,144739,8408.8,160696,9298.39,140265,8128.34,119128,6922.77,72519,4212.9,70632,4103.91,21530,1237.11,28597,1662.08,-55171,-3209.9
300366.SZ,20260403,24815,1349.44,20137,1095.74,31221,1698.29,29584,1609.46,15226,827.95,17768,964.46,0,0.0,3773,206.02,-14821,-804.64
300368.SZ,20260403,84144,8850.1,56791,5985.21,62093,6532.42,76214,8013.12,30709,3226.1,44905,4712.38,4876,506.1,3912,404.01,-21290,-2260.06
300369.SZ,20260403,110046,8534.83,87831,6819.46,71322,5533.15,80394,6237.36,48408,3759.1,57873,4484.9,6956,538.17,10634,823.53,-28963,-2244.13
300370.SZ,20260403,110556,2719.22,72205,1775.92,84284,2072.22,78872,1942.82,59953,1475.57,103716,2548.28,0,0.0,0,0.0,-55109,-1348.69
300371.SZ,20260403,18462,2187.91,21061,2493.62,9319,1103.4,6791,806.44,2978,352.54,2906,343.79,0,0.0,0,0.0,-3615,-429.49
300373.SZ,20260403,36603,26776.47,52202,38136.51,40827,29850.78,38039,27873.38,34381,25192.03,26939,19751.17,17128,12568.3,11759,8626.53,-2695,-1966.01
300374.SZ,20260403,20611,2872.78,18250,2541.84,15563,2165.57,14494,2019.68,6576,911.59,8073,1120.94,0,0.0,1933,267.47,-9372,-1306.69
300375.SZ,20260403,56364,2605.87,46106,2131.12,47101,2174.9,37601,1738.88,18920,875.99,36178,1669.27,0,0.0,2500,117.5,-23827,-1098.76
300376.SZ,20260403,54226,3348.12,51820,3201.33,57127,3527.64,54921,3391.47,41823,2584.08,44400,2741.0,1602,98.91,3637,224.95,-34712,-2136.25
300377.SZ,20260403,72104,12418.14,49761,8580.79,70002,12067.74,71783,12379.74,35330,6087.13,47033,8096.7,6248,1068.71,15108,2584.48,-8011,-1386.69
300378.SZ,20260403,47188,18167.59,39190,15085.11,24209,9314.98,27422,10557.3,13133,5054.81,15490,5964.18,2587,994.66,5015,1925.45,-1442,-536.73
300380.SZ,20260403,9961,3312.11,6808,2266.53,5683,1891.13,6660,2214.07,1868,619.32,3101,1030.09,429,142.08,1372,453.95,1889,627.04
300381.SZ,20260403,60725,3795.78,68277,4258.65,39996,2501.03,35210,2205.75,25205,1570.74,20739,1295.71,0,0.0,1700,107.44,-29933,-1867.37
300382.SZ,20260403,33618,3848.48,32709,3744.78,20864,2388.23,20288,2322.53,12470,1426.17,12579,1439.15,3568,408.85,4944,565.26,8060,926.17
300383.SZ,20260403,466853,79002.3,671398,113826.92,648155,109842.01,690208,117015.13,606423,102912.83,477819,80925.9,277145,46986.82,159151,26976.0,263555,45226.38
300384.SZ,20260403,10631,1577.04,10799,1603.29,10481,1555.28,9109,1352.96,3999,594.41,4958,734.29,0,0.0,245,36.19,-4249,-629.93
300385.SZ,20260403,170515,28114.06,120636,19865.74,179977,29817.92,184449,30574.2,158206,26214.72,168889,27884.95,53599,8818.89,88324,14640.7,-47211,-7707.89
300386.SZ,20260403,18974,2633.69,24644,3424.03,16273,2263.58,13156,1833.15,9773,1364.5,6220,867.25,0,0.0,1000,137.34,-3414,-471.44
300387.SZ,20260403,56334,4667.19,65211,5403.24,44974,3727.66,35130,2911.7,16415,1356.2,14461,1196.88,0,0.0,2921,239.22,-14818,-1245.27
300388.SZ,20260403,27018,2083.05,21221,1634.92,19321,1490.55,15926,1229.83,7046,541.11,13479,1039.71,0,0.0,2759,210.24,-14713,-1137.27
300389.SZ,20260403,63870,10931.01,45803,7858.85,39916,6821.34,43751,7486.2,18640,3183.69,31330,5329.75,3577,611.62,5119,872.86,-3892,-639.18
300390.SZ,20260403,85951,50111.27,88560,51708.26,104659,61085.02,98269,57362.19,75958,44366.51,70761,41271.13,24471,14253.12,33449,19474.33,1913,1196.04
300391.SZ,20260403,145233,420.61,81500,237.94,303572,893.14,367305,1075.81,0,0.0,0,0.0,0,0.0,0,0.0,-161513,-462.98
300393.SZ,20260403,151314,15204.13,173901,17459.41,232559,23372.0,187610,18869.01,189410,19035.12,187825,18881.0,48685,4886.21,72630,7288.05,-169647,-17058.41
300394.SZ,20260403,47386,160234.97,66068,223771.54,65522,221728.28,76090,257656.07,106774,361672.47,91876,311061.37,99556,337127.32,85204,288274.06,17046,58182.07
300395.SZ,20260403,52097,48796.33,64719,60744.14,70663,66218.68,75309,70659.05,58563,54974.56,57449,53840.7,40107,37771.68,23953,22517.36,16821,15876.8
300396.SZ,20260403,12636,1444.73,12182,1394.57,7673,878.86,7580,867.15,2856,327.08,2403,274.85,0,0.0,1000,114.11,-3853,-443.71
300397.SZ,20260403,55023,6126.26,34798,3880.2,37334,4162.09,43408,4834.11,18830,2101.32,30646,3413.19,4325,479.59,6660,741.75,-19403,-2165.09
300398.SZ,20260403,78347,20441.86,97008,25336.3,93037,24290.41,84277,22006.68,73989,19317.42,62643,16354.5,29677,7764.93,31122,8117.12,27398,7189.94
300399.SZ,20260403,19561,3855.14,13236,2611.44,8734,1720.95,11601,2287.2,4440,875.48,6821,1342.18,723,143.01,1800,353.77,3002,591.23
300400.SZ,20260403,121323,32812.44,141622,37825.19,132061,35397.15,144106,38635.69,116796,31325.33,103110,27837.74,53388,14179.43,34730,9415.73,93670,25146.92
300401.SZ,20260403,36428,5083.05,27116,3784.51,24986,3486.94,26028,3634.49,13753,1918.25,19112,2665.18,1802,251.38,4713,655.45,-12336,-1716.06
300402.SZ,20260403,25137,4615.99,25603,4697.42,15841,2910.53,13888,2552.07,5043,922.37,6849,1260.13,1758,321.69,1440,260.96,-7941,-1460.79
300403.SZ,20260403,26078,2941.81,23358,2636.47,16389,1848.6,15831,1785.75,7198,810.26,11053,1243.18,578,64.74,0,0.0,-9949,-1121.1
300404.SZ,20260403,69295,6985.94,51100,5151.67,36615,3695.9,48208,4868.87,22092,2230.23,26895,2713.25,2201,222.62,4000,400.9,-25498,-2564.46
300405.SZ,20260403,54868,3258.03,54514,3234.37,42504,2521.51,31130,1850.88,22875,1359.04,29656,1759.09,2000,118.2,6948,412.44,-3009,-178.12
300406.SZ,20260403,16158,1920.64,15275,1814.53,11112,1319.15,10121,1200.81,5108,602.81,5871,694.67,115,13.55,1226,146.14,-6523,-773.13
300407.SZ,20260403,48342,6037.79,49494,6186.22,22221,2776.76,18169,2272.42,11646,1455.59,14361,1787.57,815,100.08,1000,124.01,-1570,-201.19
300408.SZ,20260403,57975,31607.49,49375,26974.82,54092,29491.68,65180,35559.09,49325,26947.47,52689,28739.14,22257,12201.43,16406,8975.02,20974,11429.71
300409.SZ,20260403,57633,13973.47,36777,8927.69,41962,10180.3,48327,11721.91,25502,6187.2,34054,8258.41,1107,265.9,7046,1698.86,-12952,-3127.28
300410.SZ,20260403,46746,3588.9,42725,3283.35,28611,2193.86,25351,1944.51,7411,568.38,12692,970.81,0,0.0,2000,152.48,-13842,-1058.28
300411.SZ,20260403,48303,5024.05,28416,2953.37,38602,4011.78,40895,4252.8,14093,1464.25,29372,3053.05,1355,138.21,3670,379.09,-31471,-3264.22
300412.SZ,20260403,69878,3526.75,80638,4066.75,48929,2470.57,41854,2115.92,24408,1231.06,24785,1252.97,8485,430.68,4423,223.42,-19261,-973.67
300413.SZ,20260403,31520,6447.39,26094,5343.89,29281,5987.92,28856,5904.33,24058,4916.84,22102,4518.23,4008,816.13,11815,2401.83,-22506,-4604.2
300414.SZ,20260403,29065,3924.7,24926,3368.45,18984,2565.22,21221,2866.3,10196,1376.79,10484,1414.33,0,0.0,1614,217.64,-2971,-401.45
300415.SZ,20260403,20378,4875.49,15107,3623.93,22938,5488.2,16224,3885.24,8450,2020.23,10520,2516.19,752,179.79,10667,2538.34,-3909,-932.76
300416.SZ,20260403,81876,14316.01,56427,9886.43,59025,10343.41,62810,10991.32,31906,5579.86,47490,8303.96,5911,1033.86,11991,2091.43,-21821,-3812.84
300417.SZ,20260403,23723,2788.45,25860,3037.86,12101,1419.88,9351,1099.07,2036,238.19,2649,309.59,0,0.0,0,0.0,-4571,-535.26
300418.SZ,20260403,116097,54394.52,94938,44542.58,131174,61503.0,128541,60279.6,100436,47086.68,114502,53635.16,30615,14364.02,40341,18890.88,-29805,-13986.06
300419.SZ,20260403,11067,786.24,10135,721.1,14647,1040.77,17722,1259.58,15974,1135.11,13709,973.49,3240,229.49,3362,237.43,-12826,-911.16
300420.SZ,20260403,73971,2558.57,60119,2080.95,57765,1998.38,62476,2159.89,52597,1815.37,68192,2353.72,14983,517.21,8529,294.96,-52358,-1808.82
300421.SZ,20260403,54955,12531.74,47780,10901.29,38390,8768.82,37532,8564.45,17093,3901.0,22910,5222.26,2823,640.93,5039,1154.49,-14830,-3391.86
300422.SZ,20260403,66400,3033.48,85200,3882.37,54671,2489.49,44805,2041.19,20190,912.61,17065,775.34,5808,263.32,0,0.0,-11902,-545.4
300423.SZ,20260403,75539,5888.29,42681,3330.58,48097,3750.38,60260,4697.08,28150,2196.27,44994,3513.27,8574,673.77,12425,967.8,-26490,-2062.44
300424.SZ,20260403,18200,2901.99,15917,2541.32,17416,2776.61,15959,2545.99,11857,1890.29,12791,2037.76,1192,191.98,3998,635.81,-6143,-978.46
300425.SZ,20260403,43849,2057.55,59184,2780.08,36691,1723.4,23642,1109.94,27941,1314.13,25713,1207.79,2316,109.08,2258,106.35,-19545,-916.1
300426.SZ,20260403,49161,3611.56,50052,3673.25,27709,2030.55,26308,1933.06,8626,630.76,9013,657.66,0,0.0,123,8.89,-16648,-1220.01
300427.SZ,20260403,125424,14340.57,70638,8082.25,85941,9841.71,117773,13472.13,56575,6453.72,81925,9355.75,11799,1342.35,9403,1068.22,-17935,-2060.27
300428.SZ,20260403,27698,5576.59,20236,4073.99,19135,3849.89,17855,3592.28,9871,1983.35,17472,3513.56,1103,221.23,2245,451.23,-9828,-1973.97
300429.SZ,20260403,48067,5998.79,70684,8822.48,61940,7738.99,50579,6319.9,35610,4447.01,30453,3800.8,8522,1065.19,2422,306.81,18703,2345.15
300430.SZ,20260403,24885,4268.55,16929,2905.2,20202,3467.55,21879,3754.62,6968,1193.62,11948,2049.24,0,0.0,1299,220.66,-7685,-1321.18
300432.SZ,20260403,245633,54528.95,176874,39257.59,183467,40728.88,179323,39823.89,137576,30534.92,180299,40026.1,48642,10767.61,78822,17452.78,28864,6385.18
300433.SZ,20260403,158129,43838.64,195857,54562.35,185688,51625.69,202575,56375.27,152923,42665.31,148579,41305.26,90788,25346.89,40516,11233.65,-3955,-947.54
300434.SZ,20260403,54489,5551.61,38680,3944.28,28488,2905.89,31170,3178.71,15036,1531.05,23219,2365.91,1249,127.52,6193,627.17,-8762,-888.51
300435.SZ,20260403,48910,12389.42,26511,6716.97,25734,6527.33,32897,8327.22,11070,2798.41,23480,5954.72,410,102.83,3236,819.07,-6314,-1597.72
300436.SZ,20260403,44773,57178.76,42830,54827.29,56339,72043.56,54970,70225.87,44580,57002.32,51901,66249.33,25250,32180.72,21241,27102.87,4508,5735.82
300437.SZ,20260403,56493,8307.07,32401,4768.76,38591,5676.86,42161,6199.31,14934,2191.09,32806,4819.03,0,0.0,2651,387.93,-2719,-406.01
300438.SZ,20260403,105560,52706.97,65377,32673.7,94294,47185.68,94075,47072.73,67126,33580.85,85121,42515.48,27582,13817.05,49990,25028.64,1007,535.31
300439.SZ,20260403,24920,2407.18,26188,2531.83,16286,1574.06,14875,1439.26,5068,494.54,5282,511.49,71,6.8,0,0.0,-10707,-1042.36
300440.SZ,20260403,33011,5282.68,28264,4531.42,36561,5862.84,27934,4484.72,25193,4030.92,26056,4174.86,8996,1436.25,21507,3421.69,1094,140.63
300441.SZ,20260403,17184,1198.0,14830,1035.22,9361,652.46,10389,723.84,855,59.76,5681,395.46,3500,244.3,0,0.0,-7270,-506.25
300442.SZ,20260403,54080,44019.64,56849,46328.84,101513,82667.99,107236,87363.73,80856,65879.68,76390,62189.88,33091,26979.77,29066,23664.63,22264,18234.55
300443.SZ,20260403,39585,10795.38,32517,8873.58,36186,9885.39,37538,10249.38,19644,5354.43,23892,6516.47,6822,1864.95,8289,2260.71,-11690,-3173.53
300444.SZ,20260403,143695,18629.04,91496,11874.53,97249,12630.6,111075,14405.05,49895,6470.85,81207,10529.35,16903,2171.93,23963,3093.49,-19668,-2561.18
300445.SZ,20260403,19135,3774.56,25243,4986.16,20034,3959.64,16575,3278.61,13600,2683.8,6310,1244.85,359,72.19,5000,980.58,1160,230.42
300446.SZ,20260403,32597,6346.99,20603,4011.97,22058,4298.38,26510,5157.17,11576,2254.36,13750,2676.14,452,87.78,5820,1142.23,-5199,-999.13
300447.SZ,20260403,37871,7101.68,41737,7838.21,46377,8708.27,43859,8233.58,19630,3689.67,21821,4090.23,6567,1231.2,3028,568.8,3565,697.47
300448.SZ,20260403,89820,5930.93,56792,3753.35,58666,3875.45,71056,4693.23,27615,1820.52,39967,2636.19,2645,173.25,10931,717.38,-19182,-1263.95
300449.SZ,20260403,30847,2114.9,25195,1728.38,20324,1392.87,20858,1432.02,10780,738.27,15899,1085.63,0,0.0,0,0.0,-11018,-751.99
300450.SZ,20260403,92584,43231.54,55267,25831.0,85818,40093.03,89738,41923.84,58004,27085.84,77422,36135.78,15400,7185.23,29379,13705.03,-14170,-6616.39
300451.SZ,20260403,97325,4532.77,95167,4426.93,96423,4496.78,83314,3885.79,45195,2106.39,47331,2205.06,7034,328.37,20164,946.53,-75669,-3521.64
300452.SZ,20260403,43072,6454.72,37309,5594.51,17691,2655.64,18828,2824.13,7079,1061.86,10124,1517.78,399,59.29,1980,295.1,-7462,-1117.83
300453.SZ,20260403,54039,5215.75,36870,3562.18,30779,2971.71,30104,2908.05,12236,1183.7,26130,2520.69,0,0.0,3949,380.24,-22272,-2144.23
300454.SZ,20260403,35224,34099.97,20699,20065.72,21789,21107.08,26901,26065.32,13577,13152.53,17600,17043.11,4121,3976.48,9511,9161.92,-2274,-2199.09
300455.SZ,20260403,40699,9561.07,25229,5926.6,25436,5985.18,26175,6151.85,11169,2619.03,19586,4600.0,7148,1669.0,13462,3155.83,-1244,-284.05
300456.SZ,20260403,150702,74112.82,175718,86514.41,248993,122537.91,243670,119973.56,218720,107673.36,216099,106389.2,101243,49900.53,84172,41347.45,-16085,-7803.92
300457.SZ,20260403,49842,12821.28,45898,11814.19,39195,10086.56,35210,9060.44,28033,7211.48,27124,6978.42,2399,620.81,11236,2887.06,-10528,-2702.35
300458.SZ,20260403,43987,14488.97,26538,8749.79,31135,10257.9,37974,12513.15,16239,5347.11,23078,7590.71,1055,344.48,4825,1584.81,-6468,-2119.52
300459.SZ,20260403,316310,12609.85,179644,7170.05,242175,9671.5,279398,11151.83,134794,5368.49,204314,8161.77,35731,1434.31,65653,2600.5,-251248,-10036.65
300460.SZ,20260403,9237,788.82,9374,801.27,18315,1563.56,14560,1243.27,8125,694.57,9386,799.15,0,0.0,2357,203.26,-6307,-536.34
300461.SZ,20260403,32528,21227.94,31864,20823.67,24970,16282.88,28089,18328.87,28364,18532.17,23786,15491.9,9109,5945.01,11231,7343.57,-2441,-1532.48
300462.SZ,20260403,5452,694.13,6204,788.89,10877,1381.44,9197,1169.61,3732,473.5,4660,590.57,0,0.0,0,0.0,-7343,-928.66
300463.SZ,20260403,28827,3095.53,26626,2861.91,21504,2308.71,17899,1923.97,11950,1281.66,9739,1044.34,1007,107.65,9024,963.33,-20962,-2249.3
300464.SZ,20260403,97467,7708.41,80394,6364.71,81600,6482.05,91430,7243.98,50161,3979.59,47586,3774.36,4562,365.25,14380,1152.26,-37382,-2960.84
300465.SZ,20260403,41874,5964.27,34008,4850.92,25286,3605.66,28062,4001.85,11134,1592.15,11991,1708.54,5476,774.18,9709,1374.95,-5958,-850.15
300466.SZ,20260403,20049,1679.17,19317,1618.55,16608,1390.4,15700,1314.69,3609,302.39,2829,236.7,1294,108.18,3714,310.19,-7838,-654.97
300467.SZ,20260403,9458,2586.44,7293,1995.17,5394,1476.13,5770,1578.69,4082,1114.27,4740,1295.04,570,156.44,1701,464.39,-424,-117.83
300468.SZ,20260403,89779,26546.98,91995,27244.93,123058,36461.17,105569,31304.86,94389,28004.98,103484,30683.18,29135,8720.69,35313,10500.85,-11214,-3114.88
300469.SZ,20260403,45233,23314.54,23587,12192.36,46119,23779.68,42930,22169.37,39827,20543.89,50401,25947.57,22979,11788.19,37240,19116.98,5046,2670.5
300470.SZ,20260403,12235,4375.73,9964,3563.68,6438,2302.85,7787,2785.81,2786,997.18,3708,1326.28,0,0.0,0,0.0,-3881,-1387.79
300471.SZ,20260403,42425,5295.07,34253,4274.54,27466,3425.8,31929,3983.03,13424,1674.22,20515,2557.93,13198,1643.8,9816,1223.4,-6316,-784.13
300472.SZ,20260403,18084,1425.04,9518,750.73,24075,1900.87,22088,1744.32,22346,1766.28,30165,2383.98,1300,106.52,4034,319.67,-16403,-1291.58
300473.SZ,20260403,10957,3265.24,9748,2907.01,6082,1811.95,5366,1599.51,2445,729.93,4738,1411.14,783,233.55,415,123.0,-1639,-490.96
300474.SZ,20260403,23730,13149.2,13476,7476.37,18993,10530.69,18452,10229.44,11408,6325.87,19217,10649.74,2396,1331.32,5382,2981.52,1642,906.95
300475.SZ,20260403,63297,78161.45,35230,43580.75,55731,68861.11,50479,62391.49,36418,45025.73,51808,63999.44,14766,18216.43,32695,40293.04,-5901,-7211.98
300476.SZ,20260403,44798,118226.47,52699,139163.16,88265,232950.12,95282,251657.22,117365,309461.12,92839,245059.6,104542,276039.77,114151,300797.51,41010,107870.22
300477.SZ,20260403,81266,2033.17,55566,1390.79,93602,2340.83,89899,2249.31,66267,1657.48,95670,2391.37,0,0.0,0,0.0,-73147,-1830.88
300478.SZ,20260403,8516,1973.16,7242,1677.68,6132,1419.08,5936,1373.41,3607,834.17,5077,1175.32,0,0.0,0,0.0,5,5.9
300479.SZ,20260403,17284,3075.7,18303,3259.08,15958,2839.44,13865,2469.75,7432,1320.05,7587,1342.69,0,0.0,919,163.67,-5254,-935.33
300480.SZ,20260403,50297,14056.91,50320,14082.54,44876,12546.77,41112,11498.6,29845,8354.66,31364,8762.71,4642,1300.49,6863,1914.97,3898,1158.98
300481.SZ,20260403,25696,3787.49,26487,3907.06,18754,2768.58,15037,2219.56,9128,1347.13,10584,1560.42,0,0.0,1470,216.15,-512,-69.76
300482.SZ,20260403,31604,5692.75,20103,3626.08,28377,5113.76,25892,4666.66,11871,2134.59,23696,4263.45,294,54.71,2455,439.62,-15952,-2872.02
300483.SZ,20260403,124221,25050.52,90997,18386.8,146430,29565.73,167084,33729.85,97985,19778.76,111097,22398.41,28544,5765.12,28001,5645.07,-38759,-7780.96
300484.SZ,20260403,11232,1822.35,9178,1488.92,8114,1317.55,8787,1425.64,2969,479.93,4350,705.28,0,0.0,0,0.0,-3987,-647.0
300485.SZ,20260403,105542,12168.54,83355,9611.27,64220,7421.3,82842,9569.48,34566,3995.29,36219,4196.21,10648,1244.34,12560,1452.51,-31054,-3584.9
300486.SZ,20260403,31533,8065.78,32377,8299.94,57436,14698.76,52210,13376.35,51048,13077.53,46510,11899.07,11391,2916.82,20311,5183.54,-32,21.69
300487.SZ,20260403,6896,4549.48,6728,4439.25,3431,2263.76,3385,2233.25,1458,959.82,1550,1020.52,1896,1249.0,2017,1329.05,158,104.37
300488.SZ,20260403,9677,2629.47,8194,2227.97,8849,2405.17,8973,2437.62,3225,875.18,4334,1175.85,2152,581.79,2402,650.17,-2934,-791.45
300489.SZ,20260403,22691,10982.58,21016,10204.63,27484,13338.15,26515,12874.09,23866,11602.27,24605,11930.83,8830,4312.72,10735,5226.16,7832,3856.13
300490.SZ,20260403,73905,12135.62,57359,9435.34,66261,10892.55,64998,10682.71,35458,5833.19,47700,7831.99,6051,990.22,11618,1901.54,-19154,-3122.27
300491.SZ,20260403,21078,4824.56,18455,4230.51,11501,2633.76,11757,2692.25,4784,1094.48,5983,1364.89,0,0.0,1168,265.14,-3919,-900.24
300492.SZ,20260403,6158,3479.35,5630,3185.81,2891,1623.32,2586,1459.36,912,515.49,1341,758.31,200,113.2,604,327.88,-1423,-793.04
300493.SZ,20260403,35901,5289.9,26413,3895.32,21856,3220.11,25275,3722.2,9454,1390.88,13132,1931.32,800,117.01,3191,469.06,-7752,-1136.17
300494.SZ,20260403,30838,3421.18,25187,2795.72,30448,3377.22,23376,2593.07,7510,831.72,18742,2077.38,0,0.0,1490,163.95,-15935,-1765.81
300496.SZ,20260403,25312,14561.54,23404,13493.66,27945,16093.1,28020,16150.98,17916,10331.47,17550,10114.54,6091,3547.39,8290,4774.31,-4670,-2679.44
300497.SZ,20260403,203582,36502.82,132434,23760.0,168287,30178.18,180279,32318.25,100823,18086.47,134122,24062.21,32860,5872.29,58717,10499.3,-61510,-11015.59
300498.SZ,20260403,90322,14791.19,98458,16116.36,157213,25749.4,143033,23435.69,95914,15719.49,77927,12784.83,14378,2357.49,38409,6280.69,-56118,-9176.18
300499.SZ,20260403,71755,24674.59,81008,27913.92,72338,24926.97,66053,22759.56,47076,16227.08,49151,16939.65,16210,5605.27,11167,3820.77,-610,-120.1
300500.SZ,20260403,26511,2689.64,30161,3054.62,13546,1373.0,10175,1030.05,6321,637.15,5538,564.11,990,100.19,1494,151.19,-2148,-207.91
300501.SZ,20260403,40751,7141.84,48004,8445.59,46711,8202.71,45198,7938.14,22721,3977.46,17184,2992.4,3450,619.67,3247,565.57,31,22.84
300502.SZ,20260403,1,4.64,13,59.94,103511,477274.36,118712,547960.43,121436,560028.11,103755,478140.17,111412,513179.8,113880,524326.36,28263,130871.89
300503.SZ,20260403,42449,22874.72,34465,18602.27,40824,22057.8,44559,24078.66,28165,15226.67,31691,17125.55,6524,3537.58,7247,3890.28,-8360,-4457.55
300504.SZ,20260403,40548,6066.4,45212,6770.36,36487,5464.97,34764,5209.63,16314,2445.21,12901,1927.31,1212,182.65,1684,251.93,5184,786.71
300505.SZ,20260403,80971,22775.4,42602,11996.01,52457,14772.3,64432,18148.05,32667,9201.76,52898,14881.79,9685,2729.2,15849,4452.82,-4399,-1248.86
300506.SZ,20260403,28112,1255.12,15639,700.36,47095,2100.74,46030,2055.18,23272,1033.48,36416,1615.91,0,0.0,394,17.89,-13053,-590.51
300507.SZ,20260403,76988,6444.09,71037,5951.92,103404,8657.41,87563,7335.43,38476,3243.5,54783,4597.25,2166,180.64,7650,641.05,-51229,-4248.53
300508.SZ,20260403,8154,2942.31,8389,3027.06,3885,1401.82,3588,1294.46,956,345.78,1318,475.8,300,107.4,0,0.0,-2664,-959.2
300509.SZ,20260403,27797,3137.21,24896,2808.95,10498,1184.84,9805,1106.35,4899,553.94,5850,661.12,538,60.96,3181,360.51,7048,798.78
300510.SZ,20260403,131382,5309.12,114544,4632.23,88781,3592.15,72522,2928.41,39371,1587.94,66468,2688.27,0,0.0,6000,240.3,-44638,-1794.14
300511.SZ,20260403,58826,4122.11,79939,5605.75,58307,4090.52,56367,3952.82,56834,3991.24,44711,3137.48,17207,1195.71,10158,703.53,-24204,-1690.59
300512.SZ,20260403,21560,1893.61,22028,1934.05,8016,702.89,7536,661.37,1088,94.98,1100,96.06,0,0.0,0,0.0,-2798,-245.73
300513.SZ,20260403,37452,3091.49,28828,2381.61,24060,1986.16,26244,2168.34,10514,866.66,12619,1041.03,2065,168.38,6400,521.7,-1895,-157.76
300514.SZ,20260403,18264,2276.92,22042,2745.86,13326,1661.01,9341,1165.17,4790,594.33,4159,516.9,0,0.0,838,104.33,-4780,-598.75
300515.SZ,20260403,10334,1797.89,10133,1763.0,3825,665.24,3759,653.7,1340,233.13,1607,279.55,0,0.0,0,0.0,-879,-153.93
300516.SZ,20260403,12386,7108.89,8316,4775.8,7726,4434.98,8646,4962.53,4009,2295.29,5883,3372.11,509,291.51,1786,1020.24,16,13.71
300517.SZ,20260403,20172,2134.22,22683,2400.46,15140,1600.05,12131,1282.02,3769,398.01,3255,343.0,0,0.0,1012,106.8,-5541,-586.27
300518.SZ,20260403,18537,3523.24,21576,4113.44,22743,4327.18,16712,3177.42,10745,2040.83,14830,2814.56,7444,1423.78,6351,1209.61,-7531,-1428.34
300519.SZ,20260403,17734,2705.41,18470,2814.78,7299,1111.2,6228,949.87,2187,332.89,2523,384.87,0,0.0,0,0.0,-334,-52.89
300520.SZ,20260403,31504,10730.47,29930,10204.32,27295,9305.4,30079,10251.79,18446,6290.89,16620,5661.68,4517,1536.74,5134,1745.71,1188,412.09
300521.SZ,20260403,7004,1775.63,7070,1792.61,4686,1187.0,4720,1196.14,4368,1106.17,3534,894.21,0,0.0,734,185.83,-3942,-998.03
300522.SZ,20260403,15375,1700.09,22065,2439.35,13747,1519.64,9898,1094.99,4596,508.21,1755,193.6,0,0.0,0,0.0,-1568,-170.24
300523.SZ,20260403,5376,1105.46,5635,1159.91,5681,1168.93,4535,933.13,1525,313.43,3873,795.55,1461,300.78,0,0.0,-1847,-380.92
300525.SZ,20260403,34325,3425.31,32359,3233.21,32784,3268.31,31912,3182.64,9673,966.57,16655,1660.86,8920,893.28,4777,476.75,-16006,-1594.5
300527.SZ,20260403,20979,1670.05,16513,1315.11,31820,2535.0,25921,2063.78,14691,1171.89,22056,1758.94,0,0.0,3000,239.1,-10399,-829.82
300528.SZ,20260403,36430,5647.44,32464,5034.76,19176,2971.62,20212,3130.64,8428,1304.48,11684,1809.41,1036,160.06,710,108.8,-13338,-2069.97
300529.SZ,20260403,16775,2927.18,14383,2510.15,10872,1897.47,9329,1628.59,4091,713.36,4404,768.85,471,82.8,4093,713.23,-2962,-514.6
300530.SZ,20260403,7921,1906.99,8235,1985.69,7335,1771.21,6592,1586.82,3621,865.76,4991,1196.37,941,224.91,0,0.0,-840,-208.71
300531.SZ,20260403,99586,19353.79,141796,27564.47,122490,23841.49,96669,18831.79,63490,12380.28,46351,9046.32,11230,2208.83,11981,2341.81,-18242,-3489.23
300532.SZ,20260403,32711,3650.53,38989,4353.98,28615,3195.48,26726,2985.5,20118,2248.21,17623,1966.86,1894,212.12,0,0.0,-8091,-893.25
300533.SZ,20260403,17040,4718.44,16556,4582.59,14927,4135.73,15036,4165.24,8042,2228.63,7698,2134.48,388,107.44,1106,307.93,-4852,-1345.18
300534.SZ,20260403,65871,6288.62,66434,6341.27,31672,3027.86,29962,2863.38,9965,951.87,11112,1063.7,0,0.0,0,0.0,-13342,-1272.48
300535.SZ,20260403,17413,3208.04,19685,3625.13,7185,1322.16,6669,1228.02,2682,492.07,926,169.11,0,0.0,0,0.0,-4704,-863.38
300536.SZ,20260403,26638,2042.45,34353,2632.4,24694,1893.39,17941,1373.54,11255,858.43,10293,788.33,0,0.0,0,0.0,-10860,-831.48
300537.SZ,20260403,15028,3163.73,11721,2468.14,12373,2604.4,11107,2339.72,5266,1110.26,8767,1843.77,561,118.15,1633,344.9,54,16.12
300538.SZ,20260403,17329,2439.78,16625,2341.84,12470,1756.34,11669,1642.83,2203,311.36,3707,522.81,0,0.0,0,0.0,-2177,-302.34
300539.SZ,20260403,16962,4513.19,14963,3983.24,7450,1981.6,8050,2140.79,4306,1143.18,5230,1388.25,393,104.46,868,230.14,-929,-248.04
300540.SZ,20260403,23417,4533.72,20225,3920.58,15272,2961.2,14969,2901.23,9548,1849.39,12016,2325.45,0,0.0,1026,197.05,-9600,-1861.46
300541.SZ,20260403,30233,4041.88,29017,3886.55,27137,3632.38,24370,3261.17,10816,1447.13,13799,1840.67,0,0.0,1000,133.0,-10619,-1416.47
300542.SZ,20260403,24735,3732.75,35386,5345.78,23070,3490.59,16040,2428.15,7777,1176.78,4156,626.19,0,0.0,0,0.0,-7470,-1110.44
300543.SZ,20260403,31954,2922.92,22115,2025.81,22006,2015.58,22392,2051.34,5134,471.04,11396,1042.86,1224,111.26,4415,400.79,-9799,-898.14
300545.SZ,20260403,16057,4867.33,18406,5579.47,19954,6047.35,17142,5199.66,14144,4282.04,13227,4005.42,1509,460.15,2889,872.34,-2662,-786.35
300546.SZ,20260403,16375,3416.84,20654,4314.16,12327,2576.83,9634,2016.1,5247,1099.14,3660,762.56,0,0.0,0,0.0,-3912,-810.44
300547.SZ,20260403,83722,30805.05,83591,30826.98,94818,34945.67,86901,32044.23,71575,26437.68,72126,26554.76,31299,11561.07,38796,14323.5,55490,20477.77
300548.SZ,20260403,52263,87142.45,62363,103887.64,77450,128991.69,92960,154943.3,86332,143957.0,78916,131551.43,69719,116233.06,51525,85941.81,41440,69416.68
300549.SZ,20260403,11418,1861.92,12484,2036.65,5463,892.44,4398,717.74,1109,180.25,1108,180.23,0,0.0,0,0.0,-3238,-527.06
300550.SZ,20260403,19430,2291.14,21661,2552.93,8016,943.24,6998,824.08,2537,298.69,2802,328.68,1610,188.19,132,15.56,-4505,-529.47
300551.SZ,20260403,33308,4429.55,22401,2982.64,29284,3897.02,26587,3539.26,18929,2512.06,18198,2420.54,1170,154.64,15505,2050.85,8125,1077.86
300552.SZ,20260403,21898,5509.82,17781,4474.14,9716,2445.77,11769,2961.92,4486,1124.8,6550,1644.32,0,0.0,0,0.0,-2018,-508.63
300553.SZ,20260403,8256,3201.92,7693,2985.19,5889,2282.96,6289,2438.14,3046,1181.35,2602,1009.53,1,0.39,608,233.76,-1961,-755.83
300554.SZ,20260403,14847,3133.03,15079,3181.44,7800,1645.7,6954,1468.33,3983,840.42,4584,966.63,0,0.0,13,2.75,-1704,-358.69
300555.SZ,20260403,7248,920.65,8959,1137.03,14478,1834.71,12747,1615.38,10276,1309.44,12748,1615.95,4049,510.73,1597,207.16,-13843,-1750.55
300556.SZ,20260403,20145,3384.7,22371,3758.56,10928,1840.63,8706,1466.69,2262,378.38,2258,378.46,0,0.0,0,0.0,-5827,-975.1
300557.SZ,20260403,14022,4508.87,15800,5082.11,10909,3509.18,9246,2975.69,4387,1413.07,3396,1092.57,375,120.26,1250,401.02,-58,-17.47
300558.SZ,20260403,36388,16178.58,20377,9062.27,25933,11542.75,30127,13408.09,16033,7132.6,25857,11507.74,4320,1930.06,6312,2805.89,-6386,-2832.31
300559.SZ,20260403,47337,6591.77,60946,8529.96,62534,8739.49,63132,8828.43,43137,6055.58,35255,4927.85,13133,1851.57,6808,952.16,-13090,-1805.23
300560.SZ,20260403,47475,7032.09,38597,5714.2,24509,3635.57,23568,3488.91,10977,1626.94,14087,2083.32,3062,457.56,9771,1465.72,-9380,-1385.78
300561.SZ,20260403,29500,3930.31,23894,3186.47,40984,5463.81,46624,6209.99,28873,3842.71,28557,3804.45,1042,136.46,1325,172.37,-12924,-1726.76
300562.SZ,20260403,27298,3485.7,25811,3295.27,10832,1385.51,11267,1439.66,4005,511.68,4079,521.96,8,1.02,986,127.02,-4147,-528.69
300563.SZ,20260403,10973,3319.51,9509,2880.92,8272,2508.14,9152,2770.6,4496,1358.69,4620,1396.63,390,117.27,850,255.46,-1371,-407.66
300564.SZ,20260403,14979,2144.89,16540,2365.97,7182,1028.76,6473,930.09,1581,226.64,805,115.0,1264,179.23,1188,168.46,-1092,-158.83
300565.SZ,20260403,109654,15648.8,111842,15944.54,132864,18964.98,112347,16064.63,65198,9327.14,86175,12320.56,17994,2616.77,15346,2227.95,-56404,-7993.39
300566.SZ,20260403,12726,2229.52,14935,2617.28,11459,2006.84,9591,1679.36,3755,658.14,3414,597.86,0,0.0,0,0.0,-3752,-654.78
300567.SZ,20260403,38095,44750.55,24760,29117.86,23650,27781.48,25380,29814.98,13703,16113.38,17087,20057.86,9683,11384.71,17905,21039.43,-1554,-1813.82
300568.SZ,20260403,186195,26173.59,124644,17547.16,149545,21053.18,160420,22581.03,91881,12931.95,114501,16094.56,22236,3121.28,50293,7057.25,-28475,-3988.51
300569.SZ,20260403,196250,12500.48,158912,10135.49,153426,9783.95,175281,11158.06,97538,6213.66,104771,6674.45,21021,1335.51,29271,1865.6,-49695,-3169.39
300570.SZ,20260403,51684,59045.61,69127,79026.02,75161,85952.52,73267,83801.33,57848,66222.55,50318,57620.02,28689,32838.97,20671,23612.29,-14633,-16316.32
300571.SZ,20260403,34149,10951.54,41317,13263.84,36382,11681.62,32601,10477.8,17013,5481.59,15107,4854.98,3037,979.4,1556,497.53,-7438,-2355.6
300572.SZ,20260403,11012,2981.7,11294,3059.33,13136,3557.22,10729,2907.36,5776,1565.45,6919,1873.59,4128,1118.49,5110,1382.57,-1724,-464.06
300573.SZ,20260403,14155,9344.57,9294,6135.66,12331,8149.95,13498,8910.37,9987,6590.95,10941,7226.9,2626,1745.09,5365,3557.63,-7190,-4746.54
300575.SZ,20260403,57996,3460.97,61173,3655.65,34469,2060.61,35952,2148.38,34902,2084.1,24453,1457.24,0,0.0,5789,344.42,-13586,-804.85
300576.SZ,20260403,16691,5552.73,18455,6142.92,14745,4905.87,13364,4447.3,8972,2985.03,8495,2825.83,1040,347.64,1133,375.22,-341,-104.86
300577.SZ,20260403,4882,885.24,5867,1062.87,3108,562.59,2533,458.92,697,126.37,287,52.4,0,0.0,0,0.0,-1695,-306.01
300578.SZ,20260403,27126,5238.45,24724,4775.38,12054,2326.09,12294,2373.0,4326,834.79,5888,1135.74,0,0.0,600,115.22,-8314,-1603.09
300579.SZ,20260403,12076,3150.38,10758,2809.18,6289,1642.02,6655,1738.38,2208,578.44,3160,823.28,0,0.0,0,0.0,-2584,-674.52
300580.SZ,20260403,27151,6033.96,32131,7183.21,24276,5406.8,32524,7261.69,25093,5615.7,20789,4633.0,19712,4419.04,10789,2397.61,-15693,-3464.6
300581.SZ,20260403,28142,3523.64,18770,2351.33,19357,2422.78,22891,2864.42,10364,1294.08,13751,1720.54,0,0.0,2450,304.22,-4634,-580.98
300582.SZ,20260403,25048,3343.34,18030,2413.61,16293,2178.08,19127,2553.17,8451,1130.44,9930,1324.85,0,0.0,2705,360.23,1114,149.84
300583.SZ,20260403,25422,3586.25,28428,4012.36,11381,1606.68,8287,1169.67,2374,336.03,2461,346.93,0,0.0,0,0.0,-4705,-657.7
300584.SZ,20260403,37989,17149.37,21949,9916.2,24159,10905.68,30085,13573.9,11925,5363.96,20506,9242.64,1573,706.63,3106,1392.9,-4872,-2208.8
300585.SZ,20260403,18902,2969.86,16209,2550.68,13529,2132.73,14137,2223.38,7197,1132.97,8017,1262.44,0,0.0,1265,199.07,-100,-11.7
300586.SZ,20260403,23136,2090.81,24716,2233.47,21428,1934.62,19371,1751.17,6200,561.28,5403,487.39,666,59.94,1940,174.63,1752,162.18
300587.SZ,20260403,79548,4048.38,54291,2763.73,62472,3180.5,52494,2674.14,43420,2210.41,63703,3242.46,0,0.0,14952,758.96,-32650,-1654.43
300588.SZ,20260403,8895,2022.5,8231,1871.26,7662,1739.64,6769,1539.93,4816,1094.71,5691,1292.84,2879,654.02,3561,806.84,-2333,-532.49
300589.SZ,20260403,66101,10263.06,36770,5709.39,38742,6013.98,46840,7272.5,23877,3705.42,42918,6660.73,29,4.47,2220,344.32,-9058,-1409.34
300590.SZ,20260403,20597,2300.99,18698,2089.5,12451,1389.3,12143,1356.48,4152,464.75,4843,540.46,1484,165.64,3000,334.24,-3589,-400.89
300591.SZ,20260403,57561,3867.42,49587,3333.19,31001,2083.79,34193,2297.0,14680,985.62,15891,1068.22,0,0.0,3571,238.42,-14138,-949.61
300592.SZ,20260403,67082,8341.75,87503,10894.75,43830,5484.66,39778,4969.85,30228,3789.97,14546,1837.14,1037,129.1,350,43.73,-368,-17.09
300593.SZ,20260403,41071,9458.09,45869,10574.16,36033,8284.99,28363,6535.92,20005,4617.2,25453,5841.47,7076,1626.89,4500,1035.61,-13882,-3186.37
300594.SZ,20260403,14979,4256.64,15275,4339.95,8819,2500.98,7458,2117.49,4153,1170.27,4217,1189.87,499,140.02,1500,420.6,-2290,-654.95
300595.SZ,20260403,33468,4660.92,27257,3798.99,26553,3696.16,24761,3448.65,14288,1989.51,22748,3165.69,8260,1149.98,7803,1083.23,-22230,-3097.1
300596.SZ,20260403,12886,5544.25,14641,6301.72,8605,3707.42,9142,3932.57,7635,3282.44,4924,2122.21,1907,822.0,2326,999.59,-2121,-913.25
300597.SZ,20260403,31289,2743.66,34816,3055.0,21331,1872.67,17682,1551.17,3477,304.93,3599,315.09,0,0.0,0,0.0,-2893,-251.49
300598.SZ,20260403,12052,4331.9,9989,3595.07,8980,3224.32,8440,3033.0,3507,1261.61,5319,1907.4,479,171.72,1270,454.08,-1392,-508.17
300599.SZ,20260403,43460,4159.69,55695,5339.73,52319,5034.14,52545,5070.54,40557,3917.51,27536,2654.79,17147,1665.76,17707,1712.04,19699,1908.57
300600.SZ,20260403,20283,2458.35,15646,1897.41,11940,1449.59,11921,1447.32,2534,305.93,6172,746.27,0,0.0,1018,122.87,-2521,-306.13
300601.SZ,20260403,45931,6397.82,31563,4401.15,31496,4389.66,33935,4729.07,13341,1858.2,21193,2951.78,3679,514.51,7757,1078.19,-17079,-2377.4
300602.SZ,20260403,43493,12762.8,31287,9186.88,27792,8155.42,27429,8049.73,15553,4566.15,22098,6483.18,5118,1502.9,11142,3267.49,901,288.53
300603.SZ,20260403,159602,18668.38,278023,32559.16,254907,29861.45,229414,26908.15,195765,22970.93,131512,15415.48,35508,4178.83,6833,796.78,32782,3957.27
300604.SZ,20260403,40407,46806.73,30415,35259.83,33325,38621.93,38753,44927.24,18141,21047.6,22068,25574.09,9929,11523.61,10567,12238.71,-6323,-7303.31
300605.SZ,20260403,17674,2383.77,19033,2569.58,11673,1576.24,10958,1479.99,4856,655.66,4212,566.09,0,0.0,0,0.0,-3455,-463.36
300606.SZ,20260403,39447,13673.58,41459,14399.27,26757,9305.16,26613,9254.21,22811,7938.11,19643,6817.75,4147,1439.93,5447,1885.56,-3984,-1373.7
300607.SZ,20260403,24121,5989.2,17155,4259.53,14843,3683.15,16910,4195.51,8964,2221.7,12519,3106.35,701,173.15,2046,505.81,-4374,-1082.22
300608.SZ,20260403,68076,8157.65,132119,16143.64,92657,11131.3,146176,17951.61,109989,13407.72,100675,12483.86,134799,17263.21,26550,3380.78,-12886,-2082.53
300609.SZ,20260403,9546,3163.71,7770,2582.14,9275,3086.74,9631,3199.46,6477,2153.11,7492,2489.74,1302,435.45,1707,567.67,-4652,-1541.65
300610.SZ,20260403,19703,2131.57,19847,2147.85,11220,1214.81,11100,1200.19,5440,584.96,5416,583.3,0,0.0,0,0.0,-4788,-517.59
300611.SZ,20260403,17284,4507.03,11160,2914.69,16843,4392.05,15829,4132.78,12434,3240.73,14939,3891.58,2269,589.85,6902,1790.61,-8757,-2278.8
300612.SZ,20260403,26240,3732.55,21743,3095.75,14973,2129.22,17158,2438.46,6477,921.11,8080,1148.27,0,0.0,710,100.39,-8108,-1159.61
300613.SZ,20260403,27701,11301.34,20450,8345.98,15642,6381.2,20750,8463.3,8286,3378.31,11237,4581.58,1687,689.1,879,359.1,4249,1728.69
300614.SZ,20260403,20351,2558.36,19654,2475.47,9667,1214.59,6558,827.34,6199,777.71,4902,614.38,2539,315.43,7642,948.9,3538,434.55
300615.SZ,20260403,36444,4971.12,39528,5377.59,21718,2954.02,18295,2497.58,5772,784.47,5150,703.78,794,107.19,1755,237.85,-3438,-468.95
300616.SZ,20260403,18416,2124.34,23507,2711.17,10002,1152.76,9052,1043.26,4291,494.51,1150,132.25,1000,115.08,0,0.0,-4097,-473.67
300617.SZ,20260403,49052,25220.78,26511,13637.26,37269,19250.41,38070,19661.65,24420,12625.55,41863,21564.73,9221,4761.24,13518,6994.33,4043,2081.63
300618.SZ,20260403,19069,7790.39,12309,5038.33,19985,8171.12,20186,8251.91,9357,3818.33,13922,5680.09,1625,665.01,3619,1474.53,1068,426.9
300619.SZ,20260403,19901,7710.0,12734,4938.18,12148,4707.63,11567,4485.03,6540,2526.82,11968,4629.09,2416,930.53,4736,1822.68,-331,-126.83
300620.SZ,20260403,50685,111865.57,48039,105716.78,78588,172766.09,89297,196424.74,69065,151789.0,68952,151598.89,45595,99988.66,37646,82668.91,13759,30234.79
300621.SZ,20260403,36779,2842.92,42610,3286.1,19544,1504.6,16414,1267.49,7371,568.2,6018,466.06,1348,103.93,0,0.0,-7546,-583.5
300622.SZ,20260403,20234,4601.05,13883,3156.32,13039,2970.23,13442,3058.97,4670,1063.01,9431,2150.47,500,113.25,1687,381.79,-5599,-1272.23
300623.SZ,20260403,27680,7375.53,25409,6772.79,22009,5865.91,21575,5750.22,10846,2891.43,13933,3711.14,2940,783.01,2558,681.74,-4941,-1305.48
300624.SZ,20260403,20934,13744.2,13616,8953.47,13235,8695.75,15040,9880.31,8063,5291.75,12773,8377.74,3511,2302.47,4314,2822.66,-3520,-2309.57
300625.SZ,20260403,14546,1614.32,15402,1709.63,6582,728.3,4692,520.08,2367,261.29,3401,374.2,0,0.0,0,0.0,-4139,-460.02
300626.SZ,20260403,46680,11074.72,59420,14073.69,77347,18262.83,88947,21144.75,85991,20539.7,104055,25002.65,98891,24099.87,56488,13756.02,-32721,-8349.69
300627.SZ,20260403,21844,7188.72,19458,6405.71,18692,6153.08,17288,5695.03,8142,2686.22,9609,3164.35,0,0.0,2322,762.92,1871,622.57
300628.SZ,20260403,17939,5927.9,18101,5982.45,14613,4830.31,14894,4924.89,7992,2643.84,7340,2425.48,440,145.73,649,214.96,-2635,-863.56
300629.SZ,20260403,25176,5440.85,17061,3698.03,21878,4732.95,22729,4917.73,17115,3705.96,21328,4605.37,1173,253.0,4224,911.63,-5561,-1218.89
300631.SZ,20260403,15043,3979.09,17932,4749.97,12983,3447.17,11981,3176.6,8476,2245.79,7262,1924.66,1210,319.38,537,140.19,-3502,-918.38
300632.SZ,20260403,209155,34406.51,175624,28741.5,210882,34626.6,220612,36216.67,194221,31907.6,203543,33597.55,62772,10293.34,77251,12678.32,169496,28235.05
300633.SZ,20260403,14439,3655.6,12110,3068.87,5740,1451.75,8290,2098.19,5142,1303.25,4742,1198.43,399,100.51,578,145.62,-6810,-1720.99
300634.SZ,20260403,27852,6638.48,41465,9889.06,38184,9115.54,30686,7325.49,20208,4825.78,11925,2845.14,2263,537.63,4432,1057.73,-4479,-1046.2
300635.SZ,20260403,21177,2838.38,22715,3049.74,19789,2655.92,14169,1901.35,5144,687.31,6513,871.27,0,0.0,2713,359.25,-5704,-762.87
300636.SZ,20260403,53937,4373.04,51912,4205.29,24310,1973.34,26664,2164.29,16721,1353.96,13877,1128.73,0,0.0,2516,202.03,-12946,-1042.78
300637.SZ,20260403,25325,2812.58,27961,3106.48,15656,1741.42,12797,1424.12,3282,366.78,3505,390.17,0,0.0,0,0.0,1666,189.14
300638.SZ,20260403,31434,7537.52,27695,6649.7,34411,8252.87,35283,8463.55,17786,4268.46,20978,5029.44,6645,1598.51,6320,1514.67,-6850,-1633.86
300639.SZ,20260403,245061,16534.57,239312,16157.19,193753,13092.8,181182,12239.04,105492,7123.66,110445,7449.83,7440,500.99,20808,1405.95,-84999,-5705.83
300640.SZ,20260403,49163,3343.12,52613,3569.08,28368,1923.84,22983,1562.01,5800,393.12,7735,528.99,0,0.0,0,0.0,-14188,-963.57
300641.SZ,20260403,52365,9854.07,31700,5970.7,43609,8212.51,39541,7449.86,20494,3853.31,34668,6520.42,4622,870.0,15181,2848.91,-16566,-3113.21
300642.SZ,20260403,26412,4358.24,23875,3937.2,10926,1806.26,11077,1831.25,4263,700.97,6774,1117.9,397,65.46,272,44.58,-8650,-1430.77
300643.SZ,20260403,15623,2534.37,11499,1870.38,10872,1764.27,10500,1705.61,4075,662.13,6969,1127.56,0,0.0,1602,257.22,-3352,-548.66
300644.SZ,20260403,9187,2612.39,7504,2135.69,4840,1376.16,5253,1495.44,2317,659.89,2940,833.91,1256,356.23,1903,539.63,488,135.88
300645.SZ,20260403,21345,3424.36,24248,3890.66,9966,1599.12,6925,1111.49,2040,326.63,2178,347.96,0,0.0,0,0.0,-5852,-937.4
300647.SZ,20260403,45272,2634.23,37797,2201.31,28393,1653.33,23245,1354.92,7738,451.12,17564,1021.04,0,0.0,2797,161.41,-7945,-460.19
300648.SZ,20260403,4551,2314.09,4336,2203.15,5955,3024.31,5363,2725.55,2999,1521.91,2991,1522.53,804,409.34,1619,818.44,-1193,-597.79
300649.SZ,20260403,15775,2155.0,22554,3081.69,12611,1722.27,6714,918.05,1579,217.11,697,94.63,0,0.0,0,0.0,-3645,-499.23
300650.SZ,20260403,28350,4037.08,23042,3281.58,16885,2396.29,15174,2161.77,6331,897.91,9201,1302.32,0,0.0,4149,585.6,1079,149.2
300651.SZ,20260403,62066,17105.33,57719,15860.32,62952,17326.69,66384,18283.84,38859,10699.72,39081,10788.63,8814,2448.58,9506,2647.53,-34675,-9426.45
300652.SZ,20260403,6422,2580.58,4814,1934.76,3331,1339.2,4486,1802.08,2073,832.78,2665,1070.39,1322,530.17,1183,475.5,-2224,-891.73
300653.SZ,20260403,11827,2318.5,10100,1980.0,3727,730.27,4431,869.08,1437,282.19,2460,481.87,0,0.0,0,0.0,-1519,-297.4
300654.SZ,20260403,56075,5674.83,49009,4965.6,33539,3387.52,30562,3085.85,17767,1793.48,24564,2479.26,1422,141.89,4668,467.01,-10263,-1042.24
300655.SZ,20260403,71150,10020.04,60021,8456.19,64903,9141.48,55737,7853.05,35287,4972.8,50428,7099.31,1000,140.2,6153,865.97,8870,1268.4
300656.SZ,20260403,13891,2802.38,15725,3170.21,6969,1403.07,4861,980.1,1536,309.44,3310,667.07,1500,302.49,0,0.0,-2680,-540.54
300657.SZ,20260403,52439,14864.85,72331,20523.05,71750,20354.19,66944,18996.59,49112,13943.36,39384,11171.01,16376,4645.68,11017,3117.44,-9207,-2561.72
300658.SZ,20260403,115626,31314.78,122037,33055.84,102502,27626.75,104457,28327.38,98083,26403.46,90764,24560.9,56970,15496.99,55923,14897.84,27492,7335.68
300659.SZ,20260403,29469,3673.06,25908,3230.33,19660,2453.07,19234,2401.83,9515,1186.02,13502,1679.99,0,0.0,0,0.0,-520,-66.07
300660.SZ,20260403,13403,5510.7,8629,3552.11,11336,4660.04,11502,4726.95,4619,1899.46,7212,2962.97,591,243.1,2606,1071.26,-1709,-709.25
300661.SZ,20260403,41052,27979.31,57663,39337.36,53496,36496.67,51843,35384.8,43160,29469.55,30511,20817.68,12101,8261.96,9792,6667.65,330,324.65
300662.SZ,20260403,12825,3058.06,14903,3554.9,11313,2697.04,11907,2839.88,7828,1865.89,5354,1273.64,2189,518.56,1991,471.13,-4416,-1046.51
300663.SZ,20260403,51771,6532.6,53554,6777.96,43723,5534.08,38153,4839.66,24489,3094.41,31560,3987.61,7388,953.96,4104,509.82,-6388,-777.69
300664.SZ,20260403,87351,4677.57,99231,5297.03,85031,4541.0,52122,2794.43,46193,2474.37,58413,3130.72,3333,175.38,12142,646.13,-39222,-2100.99
300665.SZ,20260403,34559,2516.46,40428,2941.45,22723,1652.99,18907,1378.63,10524,768.86,8471,618.23,0,0.0,0,0.0,-6288,-460.8
300666.SZ,20260403,48545,71112.67,38540,55988.39,49068,71120.46,60272,87633.19,48409,70093.04,48220,70253.83,24858,36339.86,23849,34790.62,36293,52524.03
300667.SZ,20260403,93369,16066.7,88976,15353.02,59580,10336.31,61723,10684.81,21376,3723.87,28669,4981.51,8438,1493.54,3395,601.09,-12481,-2093.35
300668.SZ,20260403,40680,16787.39,28654,11846.68,21196,8781.64,27258,11276.05,20075,8306.1,26432,10927.43,8830,3662.62,8437,3487.59,-5503,-2275.26
300669.SZ,20260403,3363,1032.05,3764,1155.21,2869,880.48,2274,697.3,1889,578.74,2665,818.38,582,179.63,0,0.0,-2433,-746.46
300670.SZ,20260403,47246,2821.45,53852,3217.23,38559,2304.71,34023,2034.02,11880,710.76,7625,455.66,0,0.0,2185,130.01,-2246,-137.69
300671.SZ,20260403,26840,10256.67,29378,11239.37,22027,8430.98,21492,8219.14,12905,4940.75,11566,4426.19,1611,618.51,946,362.22,-5989,-2276.3
300672.SZ,20260403,20415,31653.72,17607,27356.2,20300,31523.5,19351,30053.74,14328,22315.23,14639,22766.86,7010,10935.53,10455,16251.2,-2154,-3224.55
300673.SZ,20260403,10842,1615.19,12190,1815.41,7356,1095.33,7593,1131.39,4281,636.47,2696,400.18,0,0.0,0,0.0,-2503,-370.08
300674.SZ,20260403,32245,6479.99,43608,8766.65,40379,8119.85,36427,7329.35,22730,4574.47,17011,3420.18,3487,701.58,1796,359.71,-7363,-1465.83
300675.SZ,20260403,13859,1982.54,21253,3036.49,10242,1465.61,7587,1085.98,7108,1012.07,2369,337.75,0,0.0,0,0.0,-8707,-1243.32
300676.SZ,20260403,27397,10816.16,13653,5394.66,14170,5604.39,13645,5396.6,5844,2309.63,17864,7055.9,1293,509.26,3542,1392.29,1262,492.42
300677.SZ,20260403,36519,21661.43,69798,41449.95,62328,37014.51,65510,38937.27,80852,48057.74,49351,29338.94,13923,8320.68,8962,5328.21,-192,28.9
300678.SZ,20260403,16056,4477.91,12390,3456.84,10696,2981.58,11192,3121.66,4475,1248.84,7249,2020.54,0,0.0,396,109.3,-5150,-1427.39
300679.SZ,20260403,15965,5409.9,18499,6266.43,10830,3670.32,12169,4122.0,6179,2094.43,7492,2537.72,8053,2723.65,2867,972.15,-10685,-3610.08
300680.SZ,20260403,46047,17989.59,29368,11540.08,47564,18678.1,44234,17408.17,21813,8581.22,34624,13544.93,5713,2246.37,12911,5002.1,-9544,-3826.73
300681.SZ,20260403,54498,12448.08,77244,17654.92,70659,16148.56,63536,14521.31,46439,10596.86,37830,8633.29,15171,3471.07,8158,1855.05,32914,7503.05
300682.SZ,20260403,61698,9390.66,48830,7434.7,56032,8533.53,53622,8168.44,34447,5243.66,48366,7358.99,6121,930.18,7480,1135.9,-30535,-4647.8
300683.SZ,20260403,95924,42558.6,61944,27536.41,65702,29251.16,78264,34794.04,48352,21518.06,61149,27203.04,19444,8655.12,28065,12449.46,-17032,-7613.48
300684.SZ,20260403,17722,8480.91,15471,7413.86,17269,8270.75,17841,8546.22,11847,5680.75,10895,5212.02,1556,744.09,4187,2004.4,4454,2143.05
300685.SZ,20260403,52225,11689.17,33594,7517.46,36210,8112.72,37037,8298.52,17840,3999.73,31798,7123.81,3575,803.1,7421,1664.92,-9278,-2078.77
300686.SZ,20260403,26897,3747.0,34246,4766.9,23683,3305.44,27517,3836.0,21753,3035.18,14382,2012.32,7857,1096.19,4045,568.59,2852,424.44
300687.SZ,20260403,20804,3799.74,19428,3553.78,21659,3958.01,17113,3129.56,11044,2014.6,11981,2188.77,1819,333.19,6804,1233.44,-1756,-312.98
300688.SZ,20260403,16958,3960.56,13379,3129.67,14015,3275.6,13326,3114.28,7983,1866.91,10920,2549.98,1168,271.05,2499,580.19,-82,-24.58
300689.SZ,20260403,3396,1533.72,3553,1605.33,3251,1466.84,3499,1579.2,2148,968.9,1363,615.69,243,111.07,623,280.31,-2068,-933.4
300690.SZ,20260403,35176,10021.24,22273,6368.78,28262,8065.68,31038,8856.88,20422,5839.0,23179,6607.38,3861,1093.41,11230,3186.29,-3906,-1121.97
300691.SZ,20260403,21570,3317.21,28082,4317.94,12213,1879.1,7617,1173.41,4015,618.26,2145,330.29,46,7.08,0,0.0,-806,-121.92
300692.SZ,20260403,53373,4468.16,98289,8223.17,90990,7618.78,75786,6343.85,73192,6132.8,45997,3866.47,10487,875.81,7969,662.06,-61933,-5169.02
300693.SZ,20260403,47683,21674.1,78971,35909.22,71321,32442.74,61025,27793.58,60159,27436.76,41862,19094.43,16734,7640.18,14039,6396.56,2111,1050.22
300694.SZ,20260403,39109,4476.19,45118,5148.73,23752,2716.9,16287,1870.35,4589,523.34,6045,697.35,0,0.0,0,0.0,-9093,-1050.25
300695.SZ,20260403,3173,2137.6,2475,1668.0,1083,728.99,1485,999.38,550,368.38,779,522.24,0,0.0,67,45.36,-1304,-877.73
300696.SZ,20260403,15962,4166.41,11967,3126.03,7761,2022.83,8347,2175.91,3617,942.8,6126,1595.15,398,102.96,1297,337.9,-409,-111.69
300697.SZ,20260403,19332,2794.7,17375,2512.09,10992,1587.22,12239,1768.75,4728,683.8,5438,784.87,0,0.0,0,0.0,-5671,-819.19
300698.SZ,20260403,11196,3868.35,12939,4473.84,9783,3387.95,9174,3175.24,5270,1823.05,4467,1545.11,331,114.85,0,0.0,-86,-21.28
300699.SZ,20260403,52793,17612.25,30860,10300.77,34891,11650.09,40922,13662.85,20019,6679.68,29840,9956.83,4712,1569.18,10792,3590.76,-1185,-405.13
300700.SZ,20260403,22839,3045.47,23632,3154.61,16935,2259.61,17253,2299.92,10428,1390.78,10239,1362.76,922,121.43,0,0.0,-9627,-1281.61
300701.SZ,20260403,25291,2847.39,28887,3254.34,13486,1518.73,10819,1217.62,5194,585.37,4280,484.25,3400,387.47,3386,382.76,-4933,-547.34
300702.SZ,20260403,21090,4809.6,17588,4010.52,10315,2353.07,13211,3009.8,11001,2505.38,11286,2569.75,3361,763.85,3682,841.84,-2222,-504.68
300703.SZ,20260403,20628,3954.75,16708,3204.82,10554,2024.3,10491,2013.07,2360,451.16,7043,1346.52,700,134.19,0,0.0,-4104,-786.46
300705.SZ,20260403,41458,5922.0,26145,3731.89,25043,3577.37,25934,3704.72,6654,950.52,19499,2787.66,1943,277.5,3520,503.12,-8200,-1162.12
300706.SZ,20260403,53490,18016.39,84477,28493.72,56091,18935.19,47275,15929.86,38445,12965.65,26189,8820.09,11577,3890.64,1663,564.22,9520,3305.02
300707.SZ,20260403,27275,4162.14,25172,3841.78,12032,1835.49,13632,2081.42,8023,1225.17,6565,1001.48,2203,335.05,4164,633.17,551,82.27
300708.SZ,20260403,90111,8216.62,90814,8288.67,101643,9273.83,97696,8913.72,58745,5360.56,59800,5453.15,2936,269.96,5125,465.42,-14412,-1292.51
300709.SZ,20260403,19663,7648.5,18843,7329.22,11838,4609.73,13430,5229.76,9815,3821.93,9085,3540.35,1435,559.57,1393,540.4,-7676,-2972.6
300710.SZ,20260403,11757,3208.11,12855,3506.88,5427,1479.51,6391,1744.66,2230,607.47,3000,818.11,2832,774.55,0,0.0,-3506,-957.14
300711.SZ,20260403,17460,4194.32,21386,5133.08,12478,2995.63,9102,2187.07,4239,1016.89,4608,1106.14,918,219.44,0,0.0,90,23.74
300712.SZ,20260403,13668,3779.19,11168,3097.62,17330,4791.21,16995,4702.53,11295,3120.9,15667,4320.08,2608,724.84,1071,295.91,-10529,-2919.58
300713.SZ,20260403,19124,2922.0,19886,3037.71,8845,1351.34,8088,1235.04,3638,555.33,3634,555.92,0,0.0,0,0.0,-3524,-530.83
300715.SZ,20260403,27952,3609.65,25828,3336.73,19574,2523.43,17729,2291.99,7257,940.68,10883,1401.38,0,0.0,343,43.66,-5767,-748.23
300716.SZ,20260403,15766,2088.72,13502,1793.47,29210,3870.18,18566,2462.66,11331,1497.16,21727,2869.55,0,0.0,2513,330.39,-10678,-1409.41
300717.SZ,20260403,12478,2466.24,11285,2229.5,5510,1086.61,5726,1131.43,865,170.88,1842,362.81,0,0.0,0,0.0,-3087,-610.56
300718.SZ,20260403,10494,7220.11,8325,5729.4,10529,7245.68,11174,7687.98,6245,4294.3,6345,4362.18,478,329.07,1903,1309.59,-5040,-3466.33
300719.SZ,20260403,26699,4057.92,15836,2412.77,15972,2429.45,21861,3321.53,5941,903.43,10915,1656.49,0,0.0,0,0.0,-5168,-789.41
300720.SZ,20260403,37531,22659.13,55129,33349.33,39978,24267.68,38571,23451.79,41050,24924.98,32426,19697.5,22485,13675.42,14918,9028.58,8362,5151.24
300721.SZ,20260403,23366,3104.37,22629,3007.39,11632,1546.93,11620,1545.9,4725,625.4,5474,723.4,0,0.0,0,0.0,-3731,-494.27
300722.SZ,20260403,10063,2865.49,5925,1688.7,6903,1966.77,7533,2146.01,4446,1260.39,6704,1905.8,0,0.0,1251,352.14,988,274.63
300723.SZ,20260403,76266,27913.7,73279,26883.22,75710,27740.64,85044,31170.34,57933,21265.28,53199,19465.44,11815,4331.92,10201,3732.53,3231,1265.49
300724.SZ,20260403,38093,40032.3,23486,24779.55,50422,53066.74,42815,45063.05,30894,32522.65,41362,43475.15,15934,16736.93,27681,29040.87,-13191,-13944.28
300725.SZ,20260403,40830,15314.71,21595,8114.25,24305,9127.9,34317,12887.33,16289,6119.76,24437,9168.97,8056,3031.28,9132,3423.09,174,62.0
300726.SZ,20260403,12720,5230.22,10863,4468.59,7800,3207.45,9288,3820.0,6122,2520.61,5960,2449.72,623,255.73,1154,475.7,261,110.54
300727.SZ,20260403,7661,2275.12,9130,2715.64,6347,1886.31,4619,1372.99,2304,686.66,2940,872.67,398,119.09,20,5.89,-2730,-808.83
300729.SZ,20260403,9512,1147.84,12030,1451.6,10922,1317.7,10194,1229.9,6230,752.72,5118,618.38,1678,202.62,1000,121.0,-8345,-1006.09
300730.SZ,20260403,59917,8233.69,75189,10355.28,72699,10007.81,63476,8747.85,52913,7304.83,42920,5909.24,8314,1147.8,12257,1681.75,-17999,-2429.77
300731.SZ,20260403,20473,12530.09,14295,8772.94,21298,13033.17,21833,13385.21,13260,8126.68,16756,10251.01,6556,4021.97,8703,5302.76,-1700,-998.4
300732.SZ,20260403,29783,1992.24,30466,2038.09,21298,1426.93,19244,1288.28,5142,343.8,4035,271.08,0,0.0,2478,165.53,-12757,-850.48
300733.SZ,20260403,26160,4595.0,21273,3738.02,27710,4866.35,29801,5230.93,11937,2092.45,12039,2107.88,1991,349.68,4685,826.66,-7153,-1240.93
300735.SZ,20260403,26996,5613.1,30265,6288.41,20624,4283.29,16802,3492.7,9949,2067.45,8654,1798.0,1050,218.15,2898,602.88,-3207,-661.99
300736.SZ,20260403,55133,11561.86,53669,11291.46,68926,14454.67,73051,15320.46,66741,14021.2,59590,12516.15,18665,3918.15,23155,4827.8,-14893,-3090.73
300737.SZ,20260403,89108,5307.45,73899,4407.41,48393,2886.33,39933,2379.1,31448,1878.97,38066,2265.08,0,0.0,17051,1021.16,-38242,-2280.97
300738.SZ,20260403,159670,33945.57,224018,47694.35,212577,45257.36,197643,42113.38,163571,34859.88,125968,26808.38,41454,8844.28,29643,6290.99,15980,3527.36
300739.SZ,20260403,61431,15413.35,73331,18420.61,59484,14938.9,54098,13590.87,37259,9373.92,32599,8185.95,6662,1676.21,4807,1204.96,3719,944.48
300740.SZ,20260403,26406,5294.76,21412,4298.83,25756,5164.64,23393,4691.98,13648,2737.48,21148,4235.37,3676,737.84,3532,708.55,-18780,-3766.72
300741.SZ,20260403,20383,3252.85,23640,3787.79,18830,3029.15,15865,2562.4,8196,1321.0,8241,1317.91,1236,204.87,899,139.78,4361,707.5
300743.SZ,20260403,13156,2242.79,12652,2156.23,3530,600.66,4032,686.82,1916,325.39,2553,433.91,788,134.12,153,25.99,-702,-121.01
300745.SZ,20260403,30339,7685.7,31274,7888.83,24030,6099.78,22528,5726.88,11591,2940.87,13924,3555.61,4635,1183.06,2869,738.09,-14924,-3800.41
300746.SZ,20260403,24716,3186.92,24591,3171.94,10621,1369.91,8871,1143.24,1230,158.81,3823,494.95,1000,131.6,282,37.11,-5125,-663.54
300747.SZ,20260403,114328,33335.81,145166,42162.81,137888,40012.05,138175,40025.16,109373,31662.49,92368,26871.59,34138,9968.25,20019,5919.04,73549,21323.32
300748.SZ,20260403,46963,14356.32,41071,12560.47,43115,13185.19,43642,13345.56,32199,9840.92,37420,11435.19,7186,2195.72,7331,2236.94,-14171,-4318.1
300749.SZ,20260403,79688,21275.24,50780,13547.19,49137,13146.5,53081,14190.73,34601,9228.22,50783,13562.23,11776,3126.31,20558,5476.13,-18082,-4873.95
300750.SZ,20260403,55821,217437.44,22912,89305.32,65780,256221.48,39750,154997.04,68531,266881.07,80962,315380.31,57383,223463.16,103892,404320.47,-5880,-23508.82
300751.SZ,20260403,23122,51533.4,13605,30370.26,31349,69883.37,26474,59037.94,13804,30827.46,21587,48146.24,5808,12929.97,12416,27619.76,-2775,-6154.48
300752.SZ,20260403,21254,3374.32,19280,3062.05,14372,2281.78,14601,2319.43,4728,749.43,6765,1070.32,293,46.27,0,0.0,-1066,-165.57
300753.SZ,20260403,33950,9131.16,20830,5605.31,17571,4731.13,25970,6989.15,10621,2861.06,13489,3627.03,2817,751.4,4670,1253.25,-4661,-1242.78
300755.SZ,20260403,18184,2279.38,17551,2199.15,12137,1520.16,9872,1236.48,2422,302.29,5125,641.68,0,0.0,195,24.52,-7841,-984.14
300756.SZ,20260403,9364,3731.54,11203,4465.97,7785,3107.07,5890,2351.49,2675,1068.64,3560,1420.39,829,330.58,0,0.0,-3627,-1448.19
300757.SZ,20260403,0,0.0,5,23.49,44648,191197.89,50434,215813.45,37460,160268.68,39287,168171.27,41010,174532.41,33393,141990.77,20314,87032.21
300758.SZ,20260403,27703,3635.48,27172,3569.05,15117,1983.62,16110,2112.79,6802,891.96,5540,725.13,0,0.0,800,104.08,-1874,-246.47
300759.SZ,20260403,174907,52742.65,114352,34524.39,120353,36297.15,138000,41639.42,74825,22567.62,109230,32934.75,40885,12373.48,49388,14882.34,-3419,-964.32
300760.SZ,20260403,22053,35161.8,13291,21200.14,29779,47479.94,25434,40560.03,17944,28620.64,25526,40697.41,5943,9477.91,11468,18282.7,-8413,-13427.81
300761.SZ,20260403,35085,6909.73,36191,7114.49,27719,5451.72,26966,5318.55,15137,2976.06,15085,2969.29,4167,828.04,3866,763.23,-18055,-3547.05
300762.SZ,20260403,102935,36725.76,95820,34400.18,111863,40021.79,99428,35577.34,79523,28424.81,88847,31692.68,34726,12331.77,44953,15833.93,-21983,-7951.63
300763.SZ,20260403,55894,49762.52,40976,36523.4,53282,47470.58,49791,44368.6,36231,32283.54,46967,41812.96,14896,13266.9,22570,20078.58,2637,2371.89
300765.SZ,20260403,47745,15635.54,41384,13566.27,29115,9535.73,31425,10293.61,18028,5902.77,22212,7268.76,10006,3287.99,9872,3233.39,-2735,-894.42
300766.SZ,20260403,60476,22204.44,59294,21835.93,77238,28405.14,79682,29326.47,66902,24629.12,68130,25027.73,25359,9325.38,22869,8373.94,-14577,-5321.68
300767.SZ,20260403,13567,2471.82,16733,3047.44,12589,2292.52,10389,1892.59,7666,1394.78,5448,991.16,591,107.56,1843,335.49,-3353,-607.21
300768.SZ,20260403,19469,2935.35,16395,2471.93,9102,1371.54,11707,1763.95,3135,472.61,3604,543.62,0,0.0,0,0.0,664,102.31
300769.SZ,20260403,33808,13756.55,21988,8952.78,52771,21463.72,49564,20172.69,38039,15454.21,45445,18456.16,5219,2123.1,12840,5215.96,-13587,-5524.45
300770.SZ,20260403,7856,3029.84,8195,3161.4,5561,2144.99,4463,1722.18,3144,1212.51,3603,1388.57,0,0.0,300,115.19,-2522,-971.56
300771.SZ,20260403,18892,2532.08,18010,2413.89,8068,1078.98,7457,999.19,1606,214.94,3099,412.92,0,0.0,0,0.0,-4514,-606.79
300772.SZ,20260403,106255,19088.76,129219,23156.01,91517,16464.82,79358,14288.28,60341,10833.21,48683,8784.5,15496,2780.19,16350,2938.18,-45784,-8243.58
300773.SZ,20260403,150720,35197.11,183821,42828.58,187123,43766.41,157456,36917.67,131815,30854.81,128933,30214.28,37064,8703.37,36510,8561.16,-17044,-3770.91
300774.SZ,20260403,38109,6264.37,37514,6162.28,20125,3306.54,16399,2698.13,3892,638.13,8164,1340.66,2149,352.44,2198,360.41,-960,-161.7
300775.SZ,20260403,68375,24087.31,49186,17346.56,48978,17290.69,50236,17719.44,40251,14184.07,48205,16988.63,20952,7366.44,30930,10873.88,-6802,-2374.44
300776.SZ,20260403,13202,9511.7,16857,12167.87,12695,9165.96,11321,8165.89,8675,6272.77,6669,4820.93,1997,1440.8,1722,1236.53,892,643.08
300777.SZ,20260403,19945,6973.41,14088,4928.14,19724,6898.74,18099,6333.58,14580,5091.15,19675,6873.01,4460,1560.28,6847,2388.86,-1416,-497.47
300778.SZ,20260403,21528,2483.95,20062,2317.39,10987,1271.14,8882,1023.89,4901,564.41,5419,623.28,867,99.97,3920,454.91,-4503,-518.75
300779.SZ,20260403,17003,15096.9,12546,11166.73,17439,15501.29,11925,10621.57,12144,10769.16,13346,11851.42,3455,3080.73,12223,10808.37,-5109,-4546.44
300780.SZ,20260403,35446,7573.27,42753,9137.0,30442,6510.68,27483,5873.08,22417,4787.35,17392,3718.42,2936,630.92,3613,773.71,-4961,-1048.14
300781.SZ,20260403,13404,4501.82,11538,3880.46,8895,2987.52,9582,3218.09,5383,1806.96,5886,1975.45,990,335.79,1666,558.1,-349,-125.33
300782.SZ,20260403,62511,55476.75,60582,53778.3,92306,81899.15,102377,90931.6,84363,74938.12,85992,76411.26,44956,39957.6,35186,31150.47,49173,44053.76
300783.SZ,20260403,16612,3003.31,12238,2214.36,12513,2263.39,12754,2305.64,6983,1261.45,10496,1897.76,668,121.11,1288,231.5,-3660,-664.87
300784.SZ,20260403,3221,1492.98,3360,1558.17,1957,906.66,1759,814.77,647,299.84,706,326.54,0,0.0,0,0.0,-927,-430.69
300785.SZ,20260403,34028,15773.3,18296,8501.87,15580,7228.4,22344,10360.83,6606,3053.43,12824,5921.39,1497,687.9,4246,1958.95,388,153.81
300786.SZ,20260403,22885,3222.38,28048,3947.88,17615,2480.67,16015,2256.59,8350,1175.43,5523,778.15,736,104.14,0,0.0,1479,208.49
300787.SZ,20260403,22459,2516.92,21363,2396.24,11895,1334.26,12007,1344.62,3579,400.02,4563,510.35,0,0.0,0,0.0,-5386,-606.02
300788.SZ,20260403,12176,3515.69,12691,3665.25,6747,1949.67,6750,1950.05,3727,1077.71,4300,1242.78,1091,315.02,0,0.0,-5823,-1683.34
300789.SZ,20260403,9189,1828.61,11025,2191.68,7774,1545.86,7534,1499.26,3828,758.65,2023,400.86,0,0.0,209,41.32,-6669,-1329.22
300790.SZ,20260403,70297,17340.31,99135,24488.46,92398,22863.89,84102,20843.41,71369,17719.16,52211,12922.59,19533,4840.14,18149,4509.04,31900,7940.09
300791.SZ,20260403,14573,2902.47,13116,2605.6,7543,1505.24,9817,1956.59,4696,930.99,4643,929.28,764,152.78,0,0.0,-5323,-1057.2
300792.SZ,20260403,24854,8092.97,14395,4695.98,10474,3409.22,16401,5339.95,6855,2232.28,13442,4378.9,5109,1678.97,3054,998.61,-1268,-433.89
300793.SZ,20260403,19022,2578.95,12768,1731.11,14982,2030.42,17948,2432.29,6309,855.07,7139,965.44,994,134.2,3452,469.79,-5643,-763.61
300795.SZ,20260403,19795,2273.33,18324,2103.29,9858,1128.87,9810,1126.43,4806,549.62,5226,596.93,0,0.0,1100,125.18,-5951,-687.09
300796.SZ,20260403,25248,2231.52,26558,2348.71,19968,1764.26,17386,1537.54,8722,773.69,6806,602.5,0,0.0,3188,280.71,-4268,-380.35
300797.SZ,20260403,9828,1411.89,9178,1319.27,3706,532.21,5068,728.28,2533,365.24,1822,261.78,0,0.0,0,0.0,-1061,-153.78
300798.SZ,20260403,81767,7493.74,72374,6637.02,73422,6730.37,69620,6379.69,29553,2699.78,35986,3289.47,1114,100.04,7877,717.75,-29306,-2672.91
300800.SZ,20260403,18280,2073.21,22055,2499.61,8916,1009.44,4363,495.19,1243,140.63,2021,228.48,0,0.0,0,0.0,-691,-78.37
300801.SZ,20260403,16014,4130.57,11851,3053.16,8724,2250.96,10968,2828.42,4320,1114.72,6240,1614.92,501,128.56,500,128.3,-4025,-1033.81
300802.SZ,20260403,19408,3471.11,19508,3490.18,11988,2147.0,11179,2001.63,3392,606.39,5026,898.06,925,165.37,0,0.0,-3037,-542.41
300803.SZ,20260403,45278,43330.16,31566,30243.72,49556,47464.82,48448,46399.49,30746,29449.26,43138,41337.25,14984,14391.45,17412,16655.23,-18116,-17425.96
300804.SZ,20260403,11509,5063.45,10851,4782.38,6785,2988.92,7850,3452.88,6340,2796.64,6882,3023.29,1903,832.21,954,422.68,-1199,-530.63
300805.SZ,20260403,40334,3898.75,30440,2949.13,34264,3304.47,33038,3188.06,11791,1138.9,24630,2370.12,1719,165.19,0,0.0,-8041,-780.69
300806.SZ,20260403,26827,12327.14,40191,18472.4,28162,12944.31,31472,14470.04,29168,13409.15,19318,8881.7,15477,7106.41,8653,3962.87,-13623,-6228.9
300807.SZ,20260403,3189,1612.77,3517,1781.91,4986,2524.84,4147,2101.59,3234,1644.12,3545,1798.21,0,0.0,200,100.02,-2765,-1402.77
300808.SZ,20260403,13919,3803.66,21538,5900.05,22593,6175.67,20821,5674.08,17454,4767.54,18132,4950.36,12556,3394.48,6031,1616.87,1118,316.45
300809.SZ,20260403,9816,3154.53,9491,3049.84,5032,1616.87,5754,1848.33,2435,782.64,3731,1198.19,2184,699.84,491,157.51,-1613,-514.96
300810.SZ,20260403,11744,3603.14,7724,2376.59,5554,1704.07,6380,1961.05,2915,895.61,5086,1553.61,0,0.0,1023,311.57,878,265.01
300811.SZ,20260403,16967,12964.2,15779,12071.4,18101,13846.78,17203,13170.12,15388,11790.85,16698,12772.41,4796,3668.32,5571,4256.21,6174,4725.81
300812.SZ,20260403,46191,17086.96,79834,29973.58,60545,22475.14,74711,28266.08,56150,20987.7,55632,21109.72,62027,24495.3,14736,5695.72,5456,1530.92
300813.SZ,20260403,22360,6179.72,16512,4588.55,21533,5962.06,23324,6448.92,14985,4153.1,17608,4864.35,600,165.3,2034,558.37,-4060,-1125.41
300814.SZ,20260403,23605,20111.1,33283,28352.74,30926,26394.44,26024,22216.66,21137,18016.4,16536,14111.84,7403,6316.24,7228,6156.94,3570,3143.56
300815.SZ,20260403,9053,1846.99,9099,1856.23,8299,1692.07,8855,1805.74,4718,961.98,5030,1024.78,1050,213.61,136,27.91,-3562,-725.66
300816.SZ,20260403,18068,12231.84,17238,11667.29,12826,8675.63,13514,9151.59,8741,5918.56,9499,6426.64,2469,1671.12,1853,1251.63,3795,2553.81
300817.SZ,20260403,8696,1503.03,7898,1366.05,4803,830.19,3714,642.58,1080,186.04,2757,474.66,0,0.0,210,35.97,-563,-98.57
300818.SZ,20260403,9328,3180.64,9755,3326.75,2810,958.56,2365,806.96,815,278.8,833,284.28,0,0.0,0,0.0,-643,-214.34
300819.SZ,20260403,17660,7219.8,13480,5509.58,9648,3942.94,12508,5111.63,7009,2860.82,7045,2876.91,1542,629.23,2826,1154.69,-4451,-1821.47
300820.SZ,20260403,7259,3198.13,5966,2628.4,5990,2639.58,5908,2603.14,2360,1039.23,3671,1617.64,345,150.77,408,178.53,-1951,-857.05
300821.SZ,20260403,75697,8461.03,115710,12952.1,90788,10156.88,79687,8933.49,60432,6772.2,50460,5645.81,27611,3106.7,8671,965.41,3314,395.88
300822.SZ,20260403,10857,1459.18,10057,1353.63,5772,774.64,5269,707.07,1476,196.67,2779,369.8,0,0.0,0,0.0,-3351,-450.96
300823.SZ,20260403,17500,2676.95,17609,2692.74,6226,952.11,5488,839.81,714,108.48,1343,205.0,0,0.0,0,0.0,-1939,-294.91
300824.SZ,20260403,23746,2362.11,23598,2345.23,9518,945.02,9322,927.7,2548,252.28,2892,286.48,0,0.0,0,0.0,-4730,-470.38
300825.SZ,20260403,41848,3712.2,47875,4248.95,42343,3758.4,47150,4190.04,27658,2464.34,15411,1371.1,22,1.95,1436,126.79,-26148,-2338.15
300826.SZ,20260403,9023,1448.31,11375,1826.16,8249,1324.49,5153,827.33,1010,161.79,1332,213.53,766,122.64,1188,190.2,-4110,-659.31
300827.SZ,20260403,146595,52425.2,97083,34684.4,136439,48846.49,141144,50502.31,98752,35218.24,122463,43804.94,44705,16001.68,65802,23499.97,-75560,-26973.4
300828.SZ,20260403,20270,4031.18,19241,3825.23,12398,2465.07,12877,2560.61,6163,1225.26,6713,1335.68,0,0.0,0,0.0,-4359,-866.37
300829.SZ,20260403,45894,8428.02,35498,6513.82,46507,8541.45,39557,7265.35,19164,3510.2,31330,5752.72,1455,262.24,6634,1210.02,-19319,-3578.61
300830.SZ,20260403,55906,5804.72,41949,4365.64,47630,4949.86,49350,5128.02,23824,2470.58,31884,3304.8,3699,389.98,7876,816.68,-26787,-2769.47
300831.SZ,20260403,70113,12035.49,71896,12343.52,56236,9661.63,58610,10065.97,34019,5847.77,33524,5763.74,9538,1635.34,5876,1007.0,-18960,-3240.76
300832.SZ,20260403,21438,10039.47,21055,9853.29,18025,8432.41,19403,9078.6,11844,5530.1,11754,5491.71,2029,941.8,1124,520.18,-10775,-5052.69
300833.SZ,20260403,4233,1367.01,3980,1285.44,1079,347.76,1018,327.92,193,62.26,506,163.66,0,0.0,0,0.0,-1037,-334.14
300834.SZ,20260403,111270,54601.42,83307,40992.61,115241,56739.56,84949,41885.66,88787,43922.86,92284,45297.56,46485,22919.01,101244,50007.01,27322,13385.66
300835.SZ,20260403,9004,7453.86,13483,11166.58,9838,8146.17,10447,8660.63,10091,8366.58,7591,6298.43,5786,4818.03,3198,2659.0,-1298,-1052.75
300836.SZ,20260403,5477,2854.01,4869,2537.49,3138,1635.61,3353,1747.31,977,508.78,1292,673.07,405,211.11,483,251.64,-2071,-1076.76
300837.SZ,20260403,9177,3201.5,8309,2896.39,1568,546.8,1989,694.91,274,95.87,721,252.88,0,0.0,0,0.0,-511,-177.7
300838.SZ,20260403,17307,2476.92,16527,2368.65,6521,933.72,8166,1167.97,2174,312.33,1309,186.35,0,0.0,0,0.0,-9001,-1286.07
300839.SZ,20260403,136074,20890.51,187478,28669.73,177137,27237.17,129598,20005.66,117603,18304.7,97583,15176.29,34462,5328.23,50617,7908.93,-42079,-6411.97
300840.SZ,20260403,20939,3536.6,17092,2887.7,13774,2326.37,15601,2633.88,4171,704.26,7196,1215.89,1005,170.24,0,0.0,-5139,-869.26
300841.SZ,20260403,6975,3943.76,5624,3178.89,3694,2090.44,3872,2194.1,1728,978.87,2700,1527.57,0,0.0,201,112.5,-2179,-1237.49
300842.SZ,20260403,25310,19967.35,21531,16992.55,9867,7793.15,9977,7879.01,3665,2888.39,7473,5891.61,1608,1270.37,1469,1156.09,-3675,-2892.38
300843.SZ,20260403,37832,21959.02,27635,16026.35,28538,16558.46,34649,20104.92,24886,14420.43,28006,16233.54,9701,5602.35,10667,6175.44,10756,6264.66
300844.SZ,20260403,3756,1199.82,4154,1325.9,1828,582.94,1430,455.74,374,119.55,374,120.66,0,0.0,0,0.0,-229,-71.3
300845.SZ,20260403,25071,2735.35,27718,3026.26,11941,1303.12,10742,1174.24,5075,555.87,5667,617.61,2040,223.77,0,0.0,-5818,-633.07
300846.SZ,20260403,135480,38044.02,182771,51408.46,166880,46883.64,174222,48925.2,130134,36604.28,95123,26720.01,56615,15956.2,36994,10434.49,84524,23922.5
300847.SZ,20260403,10746,1646.88,10280,1576.35,11633,1782.21,10961,1679.63,2705,415.84,3849,589.86,6,0.92,0,0.0,-5774,-885.34
300848.SZ,20260403,11546,1665.62,11441,1650.88,10868,1566.52,8085,1165.08,3480,501.7,6368,917.88,0,0.0,0,0.0,-4245,-612.5
300849.SZ,20260403,8860,1657.84,8104,1516.56,6035,1126.37,4316,805.98,705,131.42,3180,593.1,0,0.0,0,0.0,428,79.35
300850.SZ,20260403,68845,27863.24,50688,20626.24,70324,28570.05,77823,31577.83,50145,20409.37,56486,22898.25,10344,4189.67,14660,5930.02,5849,2406.71
300851.SZ,20260403,7817,2152.51,8769,2414.28,2862,788.12,2311,635.42,979,268.06,578,158.98,0,0.0,0,0.0,-1520,-419.32
300852.SZ,20260403,13998,5340.34,13541,5170.47,9576,3655.89,9334,3560.35,3975,1515.48,4737,1806.44,689,263.31,625,237.76,-1533,-582.44
300853.SZ,20260403,10646,1892.18,10886,1935.87,5896,1047.32,5950,1056.8,2710,481.46,2818,500.79,3132,557.43,2730,484.93,-2876,-510.88
300854.SZ,20260403,17407,4833.11,14044,3909.54,10888,3031.42,11279,3139.26,10420,2898.67,9666,2686.99,1598,439.41,5324,1466.8,-5772,-1585.43
300855.SZ,20260403,11742,4323.9,15324,5653.57,11796,4348.16,12392,4565.27,7908,2914.01,6864,2530.35,6078,2252.31,2944,1089.18,693,249.49
300856.SZ,20260403,13069,1596.61,10575,1292.4,7148,871.37,8529,1041.06,3166,386.45,4279,520.97,0,0.0,0,0.0,-8293,-1010.89
300857.SZ,20260403,14147,29722.82,17954,37759.3,23248,48937.68,22743,47895.74,21261,44807.66,18464,38928.29,13102,27648.48,12597,26533.32,-2847,-5778.79
300858.SZ,20260403,61578,11259.67,46061,8445.99,51777,9496.75,60683,11105.37,22659,4157.22,29869,5462.14,7153,1296.15,6555,1196.29,2500,448.24
300859.SZ,20260403,12776,4055.94,9883,3138.91,11082,3515.38,11084,3519.77,5076,1613.27,7549,2393.83,370,118.33,788,250.4,-6116,-1941.72
300860.SZ,20260403,7252,1673.35,6031,1393.5,5705,1314.9,6920,1596.1,2697,622.44,3849,890.97,1146,269.88,0,0.0,-1404,-331.51
300861.SZ,20260403,25639,3980.66,23520,3656.48,15640,2429.65,15100,2343.24,7741,1201.72,8845,1372.79,700,109.93,2254,349.45,-673,-103.78
300862.SZ,20260403,7280,1535.0,9467,1995.04,7919,1668.73,6068,1279.95,7465,1571.23,4307,907.92,3786,798.56,6608,1390.6,1366,288.52
300863.SZ,20260403,7983,3890.82,7189,3522.15,12027,5870.0,11675,5718.71,12310,6016.7,10237,5003.94,3905,1905.16,7125,3437.88,3996,1948.48
300864.SZ,20260403,7654,1528.69,9196,1838.46,5134,1025.94,5733,1148.62,2390,480.35,1420,285.45,1918,390.4,746,152.86,280,60.95
300865.SZ,20260403,4514,1152.58,5382,1374.44,2139,545.19,1860,475.08,807,207.16,218,55.41,0,0.0,0,0.0,-1352,-345.11
300866.SZ,20260403,20792,21421.02,14136,14623.81,14407,14855.77,18033,18576.54,9757,10062.19,12883,13272.39,4978,5138.06,4881,5004.29,-7256,-7448.18
300867.SZ,20260403,47370,9246.97,50607,9870.89,22754,4437.2,21223,4142.81,12693,2470.39,11499,2246.31,1880,370.81,1368,265.36,-16111,-3145.2
300868.SZ,20260403,23736,12193.37,19419,9992.68,13151,6768.52,15539,7981.82,6907,3543.89,9148,4700.72,917,482.32,606,312.88,582,292.01
300869.SZ,20260403,19338,2558.75,17577,2323.55,9839,1301.92,9493,1256.47,2671,352.27,3978,527.29,0,0.0,800,105.64,-3292,-434.9
300870.SZ,20260403,9057,24072.89,10035,26717.45,12942,34457.77,13623,36267.04,11147,29721.2,9948,26504.52,6017,16006.73,5557,14769.59,-4271,-11248.29
300871.SZ,20260403,68802,17289.07,64643,16253.85,57674,14533.58,60616,15271.37,37645,9478.78,41421,10442.69,9294,2352.8,6735,1686.32,-32272,-8087.55
300872.SZ,20260403,28046,4416.38,30412,4808.37,30204,4768.07,30668,4838.98,19178,3032.09,18006,2831.8,3606,567.39,1948,304.79,-6071,-959.78
300873.SZ,20260403,5051,1085.51,5967,1282.89,3897,837.17,3924,842.82,2145,460.75,1156,247.88,0,0.0,46,9.84,-2093,-449.33
300875.SZ,20260403,24249,10453.91,23119,10032.18,32741,14186.37,34591,14987.66,19538,8505.64,17491,7563.56,2504,1104.69,3832,1667.21,-1492,-555.67
300876.SZ,20260403,16554,4264.13,21793,5601.56,17948,4648.3,12143,3141.19,9560,2473.43,10025,2620.03,2242,583.13,2343,606.21,-2777,-698.33
300877.SZ,20260403,11930,3042.79,8566,2186.95,4952,1262.78,6739,1718.31,1882,479.42,2469,630.24,0,0.0,991,249.48,818,201.94
300878.SZ,20260403,6453,1756.63,6106,1661.8,3629,986.17,2965,806.69,2362,641.94,3274,889.21,500,135.2,600,162.25,-906,-244.27
300879.SZ,20260403,26255,6496.58,19120,4734.94,26284,6497.57,29652,7334.03,22993,5648.08,25834,6342.78,1965,481.25,2890,711.74,-10282,-2552.1
300880.SZ,20260403,35328,7161.87,24297,4923.84,25279,5132.37,34827,7062.94,17702,3587.42,20273,4113.65,2106,427.46,1019,208.69,-463,-99.55
300881.SZ,20260403,7433,3021.89,6160,2508.63,3080,1247.33,3215,1304.21,1245,505.13,2383,961.51,0,0.0,0,0.0,-1611,-653.28
300882.SZ,20260403,25711,5698.58,37872,8405.79,30575,6788.87,29826,6618.18,25498,5670.56,15905,3536.16,3192,711.3,1373,309.19,8503,1909.3
300883.SZ,20260403,29535,1861.2,51057,3216.06,65050,4094.15,39410,2483.32,14836,934.15,20980,1317.49,2026,127.38,0,0.0,-20461,-1284.29
300884.SZ,20260403,21618,2790.46,16360,2112.64,10202,1315.15,12329,1590.19,3972,512.21,7103,914.99,0,0.0,0,0.0,-5118,-663.85
300885.SZ,20260403,41509,9280.03,22493,5032.57,27612,6180.93,33137,7404.33,12628,2811.14,23806,5317.09,500,110.34,2813,628.44,-10027,-2236.41
300886.SZ,20260403,7205,1953.76,8393,2274.15,2960,803.39,3407,921.81,3543,954.66,1447,389.92,0,0.0,460,125.93,-2401,-641.95
300887.SZ,20260403,59393,5764.94,38954,3779.7,31010,3011.54,42162,4094.31,10407,1009.49,20743,2012.49,3860,376.55,2811,276.02,-23817,-2310.8
300888.SZ,20260403,11436,3748.57,9635,3161.96,4757,1557.66,6473,2121.05,3683,1209.14,4530,1483.59,1022,336.37,260,85.15,-4798,-1572.23
300889.SZ,20260403,15719,3898.14,14412,3580.9,14486,3598.62,15079,3747.74,18008,4495.45,13932,3471.98,1987,495.68,6776,1687.26,-1873,-451.96
300890.SZ,20260403,39543,11605.86,39075,11462.32,26518,7806.39,26650,7839.11,15074,4428.65,14483,4272.16,1652,485.2,2578,752.52,-12283,-3585.86
300891.SZ,20260403,44821,3528.88,41801,3289.6,21528,1695.54,25585,2014.54,12296,963.75,12715,997.59,1456,113.57,0,0.0,-12821,-1010.28
300892.SZ,20260403,8319,2216.16,7529,2005.88,2890,770.33,3136,835.11,1329,353.52,1110,294.87,0,0.0,763,204.14,-396,-105.36
300893.SZ,20260403,13668,2987.67,16285,3560.65,14669,3204.94,13321,2914.18,7660,1677.77,7141,1563.43,1819,401.76,1069,233.89,6488,1417.21
300894.SZ,20260403,17367,1713.26,11660,1151.52,17378,1711.81,16706,1646.08,4375,432.31,10272,1012.3,0,0.0,482,47.48,-11192,-1105.15
300895.SZ,20260403,56456,35050.34,47687,29633.54,65000,40400.53,69033,42921.98,40701,25282.22,45421,28165.62,11182,6876.75,11198,6888.71,-16152,-10164.65
300896.SZ,20260403,8284,9395.57,5300,6019.57,6225,7061.39,7386,8376.61,3464,3924.42,5753,6524.49,2003,2276.01,1538,1736.71,-1165,-1335.71
300897.SZ,20260403,3264,787.89,2770,668.07,3045,734.5,2999,723.79,830,200.16,1370,330.68,0,0.0,0,0.0,-1181,-282.72
300898.SZ,20260403,11630,2653.74,9141,2085.52,4308,982.98,5460,1245.62,2061,467.2,3398,772.78,0,0.0,0,0.0,-779,-179.06
300899.SZ,20260403,1882,675.24,1569,561.93,2537,908.37,2346,840.67,1653,591.29,1860,665.33,0,0.0,297,106.97,-1554,-553.72
300900.SZ,20260403,129792,49281.89,123309,47009.36,138026,52357.36,116791,44297.77,88443,33619.51,98812,37440.9,32501,12396.99,49849,18907.72,4390,1663.17
300901.SZ,20260403,15110,2363.89,19285,3014.0,11792,1841.31,8460,1325.4,5781,903.03,8363,1306.41,6722,1059.94,3297,522.36,-10157,-1589.23
300902.SZ,20260403,12979,2212.45,11099,1891.06,7808,1329.52,6869,1170.76,3023,513.14,3432,583.41,0,0.0,2411,409.88,346,56.88
300903.SZ,20260403,59236,18699.5,40032,12663.71,45601,14426.1,44550,14091.89,36036,11373.45,37598,11863.32,10263,3238.43,28955,9118.55,11277,3535.16
300904.SZ,20260403,5190,2919.57,4755,2675.8,5044,2837.4,4794,2699.79,2946,1657.18,3335,1873.64,204,112.3,500,277.23,-2875,-1621.5
300905.SZ,20260403,9041,2741.98,9273,2811.82,4566,1385.04,3913,1187.62,2552,775.14,2930,889.71,0,0.0,43,13.01,-1109,-335.36
300906.SZ,20260403,7827,2430.47,8359,2599.03,6090,1894.95,5974,1858.06,2289,712.49,3603,1121.87,1730,541.05,0,0.0,-1569,-487.1
300907.SZ,20260403,8845,2522.97,10434,2984.43,7874,2261.16,7161,2059.29,4844,1399.06,3426,979.58,0,0.0,542,159.89,-3313,-927.39
300908.SZ,20260403,6881,1908.57,5648,1567.05,2529,701.63,3349,928.68,1055,292.26,1469,406.74,0,0.0,0,0.0,-1257,-349.85
300909.SZ,20260403,4477,1661.66,4001,1485.16,2805,1040.72,3275,1214.95,2163,802.28,2175,806.77,6,2.22,0,0.0,-2370,-875.6
300910.SZ,20260403,11452,5980.89,11090,5794.72,13053,6815.4,10463,5468.15,6058,3166.47,7414,3871.6,1759,919.71,3355,1748.01,842,437.0
300911.SZ,20260403,26319,7356.18,37664,10533.03,22225,6225.54,16822,4707.58,10299,2886.93,6686,1874.74,2788,775.56,460,128.87,-3520,-964.47
300912.SZ,20260403,18349,4421.38,18725,4512.68,8956,2161.54,8988,2168.92,5582,1346.03,4766,1149.37,830,199.61,1238,297.59,-2521,-613.91
300913.SZ,20260403,18181,9050.11,21294,10606.84,18960,9442.55,17804,8868.17,13493,6724.0,10282,5117.91,2100,1047.73,3354,1671.47,-1674,-811.0
300915.SZ,20260403,3983,878.85,4022,887.49,2083,459.12,2450,539.68,649,142.5,243,53.31,0,0.0,0,0.0,-1022,-224.42
300916.SZ,20260403,7511,2142.05,7994,2280.84,4777,1363.67,4304,1228.79,3948,1124.2,2982,849.38,490,139.9,1446,410.8,-1332,-381.33
300917.SZ,20260403,17499,5342.43,15913,4866.66,11429,3498.35,10560,3227.69,4651,1417.03,6798,2069.98,1534,468.41,1842,561.89,-1867,-578.13
300918.SZ,20260403,20144,2737.21,23382,3181.7,15987,2172.92,15303,2082.43,8266,1126.22,11069,1505.65,6355,868.76,998,135.33,-14812,-2021.07
300919.SZ,20260403,37486,18026.5,36980,17789.39,29426,14161.75,29507,14199.42,17471,8413.02,18924,9111.82,4245,2049.9,3217,1550.54,-4181,-1952.49
300920.SZ,20260403,8327,3218.51,10739,4150.35,3968,1534.82,3523,1363.23,3665,1416.33,1685,653.59,300,118.8,313,121.29,-2819,-1089.72
300921.SZ,20260403,39517,9668.66,37074,9070.2,29688,7267.05,28109,6882.71,7831,1916.09,10723,2621.75,452,109.29,1582,386.43,4651,1146.18
300922.SZ,20260403,23298,4487.9,20587,3967.85,12160,2347.3,12519,2409.48,4751,917.14,7102,1375.01,0,0.0,0,0.0,-2943,-562.67
300923.SZ,20260403,9112,2395.18,11760,3090.92,5698,1500.94,3182,837.92,1865,486.37,2305,602.31,1294,339.03,722,190.35,-1935,-518.08
300925.SZ,20260403,22077,3777.95,16978,2908.4,15324,2620.76,16435,2812.68,7981,1365.37,8539,1460.16,1627,279.6,5056,862.46,-2988,-506.56
300926.SZ,20260403,13816,3381.92,13882,3399.11,12690,3107.4,13998,3426.96,7607,1861.35,6936,1697.41,1112,273.51,409,100.7,-6035,-1476.72
300927.SZ,20260403,27211,6986.55,16513,4243.73,10091,2591.73,14059,3607.33,8156,2096.11,13191,3386.5,2056,529.51,3751,966.34,5458,1396.15
300928.SZ,20260403,5660,1610.02,6043,1718.45,3087,877.29,2923,831.47,2060,584.82,2185,619.95,1038,293.74,694,196.02,-2159,-613.0
300929.SZ,20260403,26763,3180.15,32107,3806.95,17965,2140.53,13552,1619.76,7603,905.71,6672,799.67,0,0.0,0,0.0,-5575,-659.2
300930.SZ,20260403,9274,2556.95,10528,2904.11,3366,928.68,2867,793.16,1381,383.8,626,172.15,0,0.0,0,0.0,-3371,-928.06
300931.SZ,20260403,18335,2338.62,17641,2250.26,17450,2228.27,13544,1728.16,10966,1396.97,10467,1334.49,2240,287.26,7339,938.21,-6539,-827.31
300932.SZ,20260403,34007,4276.16,25900,3264.13,32686,4111.94,31093,3916.73,17862,2242.72,27066,3396.89,5492,691.91,5987,744.98,-15819,-1994.64
300933.SZ,20260403,40403,3038.79,41341,3110.76,37742,2840.82,29697,2235.83,26189,1972.33,31391,2362.47,0,0.0,1905,142.88,-7130,-531.33
300935.SZ,20260403,9523,2639.69,8441,2337.63,4772,1322.75,6560,1820.84,2359,653.83,2205,610.92,1052,293.68,500,140.55,-2161,-595.42
300936.SZ,20260403,11679,7096.56,14879,9038.74,13537,8224.38,12027,7316.58,9567,5821.98,7400,4500.08,521,314.97,998,602.48,-6701,-4053.5
300937.SZ,20260403,29917,9043.45,30544,9238.69,19703,5954.18,19487,5890.35,9740,2936.49,9128,2747.27,645,196.87,845,254.69,-2008,-606.37
300938.SZ,20260403,17578,6760.87,12738,4903.38,14271,5483.68,13991,5382.23,11880,4569.07,13612,5233.37,1733,669.32,5121,1963.95,-7585,-2915.26
300939.SZ,20260403,19024,6965.51,19574,7170.67,19021,6967.69,19578,7174.43,10722,3927.9,10548,3854.72,2714,987.18,1781,648.46,-9713,-3531.39
300940.SZ,20260403,13601,2884.78,8691,1847.35,8698,1847.64,8759,1858.17,3720,788.63,7545,1598.24,0,0.0,1024,217.28,1810,385.57
300941.SZ,20260403,11861,2292.93,13268,2564.86,7322,1416.13,6518,1260.66,2233,432.82,2010,389.01,380,72.66,0,0.0,-3724,-720.51
300942.SZ,20260403,37038,3027.13,36755,3000.05,15286,1245.18,16230,1324.63,6818,554.76,6157,502.38,0,0.0,0,0.0,676,57.05
300943.SZ,20260403,38294,10058.76,20727,5446.61,22925,6020.7,26239,6885.92,11598,3043.09,22914,6014.85,2618,683.48,5554,1458.64,16477,4319.94
300945.SZ,20260403,33664,5107.73,28960,4396.23,14704,2231.21,18068,2741.77,7108,1081.26,9371,1421.57,923,139.37,0,0.0,-1999,-306.3
300946.SZ,20260403,3285,1442.3,2501,1098.31,1978,867.63,1732,760.94,1260,550.99,1600,700.97,0,0.0,690,300.68,-239,-107.0
300947.SZ,20260403,16893,2649.14,17571,2754.87,6668,1046.83,4660,731.76,1023,159.98,2353,369.32,0,0.0,0,0.0,-1708,-266.59
300948.SZ,20260403,12388,2330.4,9362,1764.18,8657,1626.52,8446,1587.26,6343,1190.84,8336,1564.91,0,0.0,1244,231.4,-272,-53.08
300949.SZ,20260403,5970,2153.11,6423,2315.06,2538,915.68,2023,732.08,759,274.48,821,296.13,0,0.0,0,0.0,327,114.92
300950.SZ,20260403,6924,1430.13,6671,1378.03,3991,824.03,3885,801.95,626,128.8,985,202.98,0,0.0,0,0.0,-434,-89.3
300951.SZ,20260403,7055,2505.49,6588,2340.38,4284,1521.01,4125,1464.01,1150,408.09,1776,630.2,0,0.0,0,0.0,-2286,-810.66
300952.SZ,20260403,15715,5500.03,13212,4633.17,7360,2579.94,7879,2756.8,5322,1860.09,5347,1868.67,465,161.4,2424,842.83,-135,-49.55
300953.SZ,20260403,9899,18210.12,11288,20794.31,10841,19978.47,12840,23702.06,13552,25075.45,10490,19396.93,7147,13163.02,6820,12533.76,-1563,-2738.14
300955.SZ,20260403,15528,5958.29,11389,4369.17,8449,3240.38,9798,3757.05,6293,2411.23,8439,3236.95,1988,759.13,2632,1005.87,-3720,-1423.01
300956.SZ,20260403,19339,2715.61,19434,2729.5,8201,1151.58,6984,980.35,1731,243.16,2853,400.49,0,0.0,0,0.0,-2336,-325.27
300957.SZ,20260403,14310,5356.58,13309,4979.73,8869,3318.98,8224,3081.2,4425,1656.28,5619,2102.82,716,266.99,1168,435.08,-5272,-1973.64
300958.SZ,20260403,15451,1937.38,19644,2462.08,12527,1569.83,9723,1218.37,3701,463.64,2351,295.22,39,4.82,0,0.0,-6334,-794.63
300959.SZ,20260403,12186,8854.78,13193,9624.53,10027,7332.98,9898,7234.23,6423,4713.76,6015,4382.83,1639,1197.06,1169,856.99,-1643,-1194.18
300960.SZ,20260403,22413,5204.93,14352,3332.82,11313,2633.18,14948,3475.96,4815,1115.9,9241,2145.22,0,0.0,0,0.0,-2056,-473.51
300961.SZ,20260403,30036,3880.81,27866,3601.5,22433,2901.25,24298,3143.26,11796,1520.34,11305,1455.35,0,0.0,796,102.29,-8644,-1111.4
300962.SZ,20260403,10962,1782.45,11498,1870.6,13987,2273.99,14194,2305.68,8034,1300.99,6933,1125.47,1708,278.53,2066,334.21,-3853,-620.67
300963.SZ,20260403,43122,6948.64,26825,4327.14,34483,5556.78,39741,6400.65,17976,2885.88,27234,4379.49,807,128.53,2587,412.54,-13260,-2137.74
300964.SZ,20260403,24102,16795.98,34117,23801.15,32377,22583.19,29860,20826.74,23651,16509.36,17819,12426.42,4969,3461.61,3302,2295.84,-9443,-6554.79
300965.SZ,20260403,2715,1412.33,2406,1252.05,1406,731.9,1388,721.5,385,198.79,712,369.47,0,0.0,0,0.0,209,110.18
300966.SZ,20260403,15418,3224.98,14555,3044.68,5092,1064.86,5831,1219.3,1694,355.36,2015,422.09,197,40.87,0,0.0,-173,-35.63
300967.SZ,20260403,29489,5241.16,28456,5056.66,32383,5755.63,24184,4303.6,12168,2170.13,21387,3810.01,1836,332.0,1849,328.65,-23286,-4124.51
300968.SZ,20260403,21671,2414.42,23443,2614.12,12483,1391.38,10163,1132.02,3630,405.22,2878,320.46,0,0.0,1300,144.42,-3797,-423.04
300969.SZ,20260403,8554,10056.42,4617,5454.08,3738,4407.23,5651,6630.22,1809,2127.77,3427,4019.3,91,106.8,497,594.62,-3439,-4016.25
300970.SZ,20260403,59744,18507.87,62452,19332.85,47422,14640.05,46964,14539.05,26486,8150.25,23235,7131.52,7511,2317.39,8512,2612.14,17225,5326.78
300971.SZ,20260403,10801,2373.35,11336,2491.39,5543,1218.04,4583,1007.3,925,203.98,1350,296.67,0,0.0,0,0.0,-3673,-807.54
300972.SZ,20260403,4605,9050.37,4461,8762.84,2293,4506.7,2381,4677.99,1388,2726.42,1654,3252.26,617,1206.57,407,796.97,-1683,-3293.2
300973.SZ,20260403,6845,2196.3,6570,2108.2,3710,1190.95,3535,1134.58,1559,499.9,1620,519.15,0,0.0,389,125.22,-1714,-549.21
300975.SZ,20260403,145444,25013.39,137603,23716.42,105748,18216.51,109920,18952.5,69372,11944.28,71952,12375.73,22298,3875.12,23387,4004.64,-13738,-2354.25
300976.SZ,20260403,3970,2138.87,4320,2328.68,3139,1691.86,3058,1649.52,1637,882.87,1367,735.4,0,0.0,0,0.0,-942,-503.96
300977.SZ,20260403,9505,1751.24,10274,1893.8,4731,870.51,3718,684.41,917,168.27,1840,337.35,679,125.54,0,0.0,-410,-78.81
300978.SZ,20260403,19917,2062.25,12061,1249.58,11830,1224.42,12813,1325.86,4190,433.53,11063,1144.76,0,0.0,0,0.0,-5154,-533.03
300979.SZ,20260403,5346,2356.23,4591,2024.05,2592,1142.41,2838,1250.93,640,281.99,1083,476.7,282,123.71,348,152.66,-60,-25.99
300980.SZ,20260403,15895,5638.17,11988,4256.26,9989,3540.8,10033,3567.76,7505,2655.96,7888,2787.55,2037,711.35,5516,1934.7,-1051,-383.37
300981.SZ,20260403,62885,8847.82,82180,11625.89,76752,10861.28,59886,8449.68,33437,4726.74,30339,4270.09,1078,152.68,1747,242.86,-4740,-631.32
300982.SZ,20260403,27259,5778.05,19973,4226.28,12646,2670.24,18920,4005.42,8031,1691.26,8545,1806.23,1151,244.36,1649,345.97,-3975,-853.05
300983.SZ,20260403,3684,1034.34,3849,1078.86,1773,496.83,1536,430.77,405,112.93,478,134.47,0,0.0,0,0.0,-441,-122.29
300984.SZ,20260403,5724,2988.94,6149,3210.44,2699,1407.65,2779,1448.9,2698,1408.4,1363,709.35,0,0.0,830,436.3,-885,-457.73
300985.SZ,20260403,14725,2937.22,13496,2691.55,6534,1304.72,6658,1330.81,2522,503.1,3042,606.47,0,0.0,585,116.2,-1389,-277.16
300986.SZ,20260403,170722,43459.74,251684,64230.01,214722,54918.07,194113,49530.33,162200,41617.26,115730,29747.51,45899,11804.09,32016,8291.31,55740,14617.56
300987.SZ,20260403,22680,3688.3,25656,4173.95,10285,1674.7,9203,1496.71,5000,811.36,3106,503.7,0,0.0,0,0.0,-3069,-498.99
300988.SZ,20260403,22132,5582.91,25154,6346.05,15964,4031.52,13601,3429.26,9639,2428.3,9251,2334.68,272,67.26,0,0.0,-11273,-2825.78
300989.SZ,20260403,14571,2056.45,18020,2546.46,14424,2039.97,11238,1590.34,6011,850.82,5015,710.74,3449,488.97,4183,588.66,479,79.89
300990.SZ,20260403,8533,6529.47,6703,5131.97,7138,5463.38,7333,5612.3,3867,2956.28,5142,3932.96,2497,1908.99,2858,2180.88,-1758,-1323.93
300991.SZ,20260403,11860,5704.36,13541,6506.89,6869,3322.71,6953,3371.27,6656,3217.43,5765,2798.29,1181,579.56,307,147.61,-404,-164.21
300992.SZ,20260403,26780,9042.88,28464,9658.45,35103,11895.1,33484,11342.73,20851,7067.66,17625,5951.8,2839,961.03,6001,2013.68,-18105,-6054.0
300993.SZ,20260403,13440,1604.73,12539,1497.95,6307,752.41,5654,675.02,668,80.01,2222,264.19,0,0.0,0,0.0,-3969,-474.27
300994.SZ,20260403,39326,5800.84,26804,3972.85,31366,4652.83,33403,4950.43,7348,1092.85,16908,2484.41,1060,161.65,1984,300.48,-314,-24.46
300995.SZ,20260403,10149,3431.64,8867,2998.66,3464,1170.64,4133,1397.8,1197,404.22,1810,610.03,0,0.0,0,0.0,-2000,-677.35
300996.SZ,20260403,79109,13454.63,120577,20359.51,94206,15981.68,74218,12750.37,54873,9362.03,38596,6647.58,17418,3063.13,12215,2104.02,-17850,-2964.19
300997.SZ,20260403,22214,4242.05,17138,3275.11,8856,1693.1,11797,2255.05,4978,948.08,6874,1307.92,325,61.39,564,106.54,-3433,-663.32
300998.SZ,20260403,11553,2512.11,12986,2825.33,8794,1920.96,8662,1891.43,5372,1167.52,4070,883.83,0,0.0,0,0.0,258,55.45
300999.SZ,20260403,46055,12842.44,38729,10799.35,38121,10634.61,34942,9746.27,25825,7215.03,32923,9190.74,11019,3067.48,14426,4023.2,-35774,-9988.78
301000.SZ,20260403,13638,3811.76,11743,3285.74,6936,1938.67,8716,2435.91,2217,621.19,2872,801.95,540,151.98,0,0.0,379,102.84
301001.SZ,20260403,7930,2117.59,8012,2139.22,3683,983.21,3992,1066.19,1372,365.2,981,260.6,0,0.0,0,0.0,-476,-128.28
301002.SZ,20260403,13324,4621.96,9178,3184.23,8658,3001.72,7526,2610.56,5120,1773.53,6252,2168.17,3235,1121.61,7381,2555.86,3589,1243.3
301003.SZ,20260403,4076,2060.55,4319,2181.69,5232,2644.31,5604,2833.35,5257,2655.35,4920,2486.97,2892,1461.25,2614,1319.46,214,114.22
301004.SZ,20260403,2284,1084.91,2520,1198.5,1250,594.11,1296,616.37,850,405.49,568,269.65,0,0.0,0,0.0,-502,-237.63
301005.SZ,20260403,25567,37524.54,16302,24021.49,34546,50739.13,32904,48377.08,21252,31249.66,29482,43272.47,10480,15409.1,13157,19251.38,1570,2340.31
301006.SZ,20260403,12964,2105.37,14180,2301.81,4035,654.45,2937,477.08,1173,190.02,287,46.77,0,0.0,768,124.19,-1408,-228.01
301007.SZ,20260403,8709,2990.32,10982,3772.18,10392,3563.53,10682,3668.85,8595,2958.4,5960,2052.71,2280,788.49,2352,807.0,1778,626.88
301008.SZ,20260403,62887,26700.89,61917,26392.23,99197,42196.77,100986,42885.82,71340,30373.07,62231,26548.61,15111,6472.13,23400,9916.19,-19282,-8137.13
301009.SZ,20260403,14094,1613.16,12403,1419.27,5990,685.48,7146,818.3,1145,131.91,1680,192.97,0,0.0,0,0.0,-2609,-298.75
301010.SZ,20260403,11901,2431.66,14419,2945.5,7420,1516.23,5647,1154.22,977,199.15,232,47.32,0,0.0,0,0.0,-2030,-414.58
301011.SZ,20260403,8541,1999.27,9048,2118.61,4893,1142.37,3712,867.36,1501,349.76,2175,505.43,0,0.0,0,0.0,-1967,-457.24
301012.SZ,20260403,29414,8562.39,28857,8423.75,34506,10049.7,36855,10753.42,21223,6171.06,26252,7645.32,12407,3663.65,5586,1624.31,-23460,-6807.84
301013.SZ,20260403,20859,4377.32,15755,3307.26,11244,2361.29,13221,2775.82,8241,1728.72,10388,2180.92,2749,578.69,3728,782.02,-2027,-424.75
301015.SZ,20260403,64064,17277.53,65158,17688.75,111027,30014.06,107800,29162.49,96773,26257.15,105915,28571.72,56600,15340.36,49591,13466.15,-19454,-5130.38
301016.SZ,20260403,14581,3125.47,13096,2806.36,7778,1667.68,6321,1355.67,2706,580.21,6346,1360.34,1043,222.83,345,73.82,438,92.88
301017.SZ,20260403,95981,14816.77,119860,18554.93,116828,18095.61,110665,17129.25,57185,8901.9,41497,6433.59,6818,1050.98,4791,747.49,-36883,-5664.37
301018.SZ,20260403,24388,22537.27,26613,24591.9,19634,18158.27,19667,18227.51,10853,10053.9,10432,9650.12,5331,4949.25,3494,3229.16,-3637,-3265.0
301019.SZ,20260403,6100,1226.53,5121,1030.83,3854,776.18,3906,785.7,673,135.13,1600,321.31,0,0.0,0,0.0,-675,-138.01
301020.SZ,20260403,5639,1154.63,5605,1149.41,3653,748.34,2978,609.82,1211,247.63,1920,391.37,0,0.0,0,0.0,-36,-9.8
301021.SZ,20260403,10674,5625.44,12623,6651.74,10769,5676.21,9928,5233.16,6911,3639.28,6119,3224.84,1784,937.98,1468,769.16,382,214.67
301022.SZ,20260403,9946,2789.2,8303,2331.86,6662,1865.32,6742,1885.83,2219,621.78,3782,1058.62,0,0.0,0,0.0,-2481,-699.33
301023.SZ,20260403,5425,2028.28,4722,1766.95,2730,1020.2,2457,918.25,925,345.22,1045,390.37,281,104.53,1137,422.67,256,93.7
301024.SZ,20260403,7301,2302.06,7492,2358.89,3050,962.83,2651,838.52,664,208.73,872,276.21,0,0.0,0,0.0,-501,-160.9
301025.SZ,20260403,36053,3627.37,35579,3585.31,17701,1788.34,17598,1772.41,13535,1366.03,14112,1424.01,0,0.0,0,0.0,-6871,-700.49
301026.SZ,20260403,12087,3298.71,11483,3135.42,5520,1505.2,5954,1624.75,3246,884.73,3938,1073.31,1100,301.72,578,156.89,-2717,-741.63
301027.SZ,20260403,28969,5831.96,28882,5813.23,24380,4899.76,21373,4300.73,23858,4796.96,23969,4817.79,2280,456.69,5263,1053.61,-7419,-1489.48
301028.SZ,20260403,10987,1505.18,10732,1469.79,4879,667.6,4114,563.28,1187,163.29,2207,303.01,0,0.0,0,0.0,-1166,-159.24
301029.SZ,20260403,31964,7609.05,37068,8829.28,31941,7610.13,29448,7017.76,18966,4520.22,17333,4127.25,1462,349.34,485,114.46,-6013,-1414.98
301030.SZ,20260403,51982,5277.09,42912,4368.24,34064,3460.73,32337,3284.21,16474,1669.59,26105,2637.54,0,0.0,1166,117.42,-8713,-882.61
301031.SZ,20260403,7042,9432.61,5370,7189.88,3863,5175.36,4868,6522.65,2063,2761.6,2633,3529.37,350,467.86,447,595.53,-428,-565.3
301032.SZ,20260403,23400,2747.57,21791,2556.18,13476,1579.85,11842,1387.59,3911,459.57,5070,597.95,0,0.0,2084,245.26,1965,235.05
301033.SZ,20260403,6593,3990.34,5914,3582.49,3152,1911.67,3544,2145.36,1308,792.08,1296,784.49,0,0.0,299,181.75,-1085,-654.06
301035.SZ,20260403,5334,4094.19,5135,3954.51,4801,3711.53,5047,3887.04,2014,1565.73,2496,1944.05,729,574.12,200,159.98,-738,-584.34
301036.SZ,20260403,5512,1505.21,5683,1552.64,3489,951.91,3376,921.67,934,255.99,1371,375.81,495,137.02,0,0.0,-2499,-686.19
301037.SZ,20260403,14943,2080.61,16891,2349.06,6080,844.67,4598,641.18,948,131.15,482,66.19,0,0.0,0,0.0,-733,-100.09
301038.SZ,20260403,9821,1966.94,8319,1666.08,5618,1124.56,4786,957.88,2416,484.25,4145,829.71,0,0.0,605,122.09,-459,-92.78
301039.SZ,20260403,61249,5597.91,65235,5967.43,50297,4608.07,43803,4010.52,20128,1842.74,24849,2276.12,10102,927.96,7889,722.61,4354,410.44
301040.SZ,20260403,21042,5782.01,16185,4452.48,13260,3644.04,16526,4539.31,8864,2433.45,14068,3859.22,5620,1541.38,2007,549.86,-3719,-1031.62
301041.SZ,20260403,15622,3896.48,15379,3833.49,8678,2160.95,8614,2146.92,2630,653.3,3378,839.31,1372,342.86,931,233.87,-5160,-1285.84
301042.SZ,20260403,2868,2633.41,3281,3010.99,4661,4278.73,2440,2240.8,2275,2085.64,2640,2420.49,1166,1069.87,2609,2395.37,964,890.53
301043.SZ,20260403,6057,3023.11,5158,2575.53,2723,1360.92,2805,1401.19,702,350.33,1519,757.64,0,0.0,0,0.0,-358,-179.47
301045.SZ,20260403,17358,6610.41,11326,4319.94,7359,2802.13,9439,3587.1,5786,2200.18,9048,3445.52,967,366.28,1657,626.43,-898,-329.64
301046.SZ,20260403,8148,1970.35,7160,1734.86,8467,2049.76,7794,1885.32,5206,1259.33,5744,1388.06,0,0.0,1123,271.19,-4713,-1139.35
301047.SZ,20260403,4995,3607.99,3787,2736.43,2631,1900.64,2936,2121.17,831,601.02,1596,1152.38,0,0.0,138,99.67,-371,-267.28
301048.SZ,20260403,112934,12695.21,88877,9961.64,104213,11704.9,113561,12744.65,53717,6025.06,60354,6798.62,7530,844.51,15602,1764.78,-45735,-5118.42
301049.SZ,20260403,8307,1743.71,9207,1933.39,4861,1021.08,3415,718.0,1482,310.52,1309,273.76,0,0.0,719,150.16,-982,-208.57
301050.SZ,20260403,11004,4916.79,7519,3361.98,12020,5375.11,13475,6027.48,8701,3888.51,10426,4656.88,1222,545.58,1528,679.66,-2164,-961.66
301051.SZ,20260403,14070,2903.01,15072,3111.4,9492,1958.4,8379,1731.12,4943,1019.35,3295,678.42,0,0.0,1759,359.82,-2739,-563.4
301052.SZ,20260403,15738,4954.52,12540,3950.98,8724,2748.56,10097,3178.79,4579,1442.21,6120,1924.56,897,280.86,1181,371.82,-1878,-596.1
301053.SZ,20260403,25134,10575.45,27853,11671.17,23987,10099.81,22785,9567.95,31700,13296.96,30977,13049.3,9817,4152.98,9023,3836.78,19516,8291.4
301055.SZ,20260403,22378,4555.42,29217,5951.86,15009,3069.12,13299,2720.95,11851,2419.58,6022,1230.68,0,0.0,700,140.64,-805,-154.69
301056.SZ,20260403,16266,2360.71,15767,2286.11,10712,1553.32,8480,1233.55,3357,483.74,4952,716.77,0,0.0,1136,161.34,-2653,-389.67
301057.SZ,20260403,14395,4454.91,12348,3827.84,10271,3181.83,9517,2947.13,3529,1094.08,5591,1728.26,0,0.0,739,227.59,1905,589.04
301058.SZ,20260403,21061,2031.84,20703,2000.56,22496,2173.04,16985,1639.36,4746,457.98,9197,886.38,972,93.6,2390,230.17,-9471,-916.11
301059.SZ,20260403,18906,2509.51,13536,1799.43,7765,1030.15,9320,1236.74,1412,186.27,4508,595.41,904,118.79,1622,213.13,1987,259.44
301060.SZ,20260403,34110,3388.27,36504,3617.85,17505,1740.19,18242,1818.46,11306,1125.28,6875,688.18,0,0.0,1300,129.23,-9085,-900.18
301061.SZ,20260403,3726,2699.58,2893,2100.38,1443,1042.67,1633,1179.12,281,201.97,730,525.06,0,0.0,194,139.68,67,51.96
301062.SZ,20260403,38844,2995.3,42076,3242.57,30326,2334.04,24471,1885.27,11708,898.62,12106,929.11,2024,155.04,4249,326.06,-7653,-584.19
301063.SZ,20260403,11985,2769.67,14791,3419.69,10986,2539.24,9218,2133.18,7053,1627.45,5543,1276.39,433,99.09,904,206.19,-5507,-1270.6
301065.SZ,20260403,9484,2136.39,10752,2420.18,4624,1041.41,5152,1159.48,6125,1378.56,3844,867.36,617,139.48,1101,248.82,-2940,-658.9
301066.SZ,20260403,24000,3188.71,25717,3418.24,12763,1695.73,12242,1626.95,4846,643.38,3650,482.63,0,0.0,0,0.0,-5307,-710.36
301067.SZ,20260403,7100,2138.78,7438,2240.83,3631,1094.2,3099,933.27,1337,402.31,1531,461.21,0,0.0,0,0.0,-1804,-543.37
301068.SZ,20260403,8363,2390.31,8608,2460.3,3864,1103.96,3502,1000.51,472,134.22,589,167.68,0,0.0,0,0.0,-297,-87.53
301069.SZ,20260403,24195,4860.59,16126,3241.06,13888,2788.47,16715,3356.14,4702,944.06,10359,2079.98,1916,382.87,1500,298.81,-4150,-836.47
301070.SZ,20260403,5637,3660.45,6681,4339.48,6380,4148.06,8012,5219.21,8262,5389.09,5331,3472.66,716,469.71,971,635.95,-601,-378.54
301071.SZ,20260403,27429,10719.53,29568,11574.85,23928,9374.02,24512,9599.04,16004,6271.51,13675,5349.38,3326,1303.73,2933,1145.53,2218,889.41
301072.SZ,20260403,11317,2334.02,12634,2604.68,5315,1097.19,3929,810.86,1358,279.49,690,144.15,0,0.0,737,151.01,1627,337.2
301073.SZ,20260403,15885,4189.97,14183,3741.34,7465,1972.22,7885,2080.05,3972,1048.34,6405,1693.59,1155,305.49,4,1.05,-4753,-1258.84
301075.SZ,20260403,6258,3892.86,7154,4459.13,5398,3363.22,4154,2587.4,2737,1697.94,2571,1592.7,201,123.09,715,437.89,878,555.36
301076.SZ,20260403,11282,4098.8,6971,2532.37,5352,1943.67,6976,2532.55,2599,944.13,5040,1831.69,0,0.0,246,89.99,-450,-161.99
301077.SZ,20260403,7763,2047.85,9990,2634.33,5998,1584.3,5329,1407.02,4728,1245.05,3314,874.42,541,144.88,397,106.32,-1909,-492.84
301078.SZ,20260403,72378,5900.08,52312,4265.75,43748,3565.11,47076,3836.01,24415,1988.78,33591,2736.75,1581,129.33,9142,744.78,-16395,-1332.5
301079.SZ,20260403,57396,24096.63,39074,16442.43,62542,26366.32,65593,27572.27,32595,13702.41,46092,19409.18,3352,1418.56,5127,2160.05,-9040,-3758.6
301080.SZ,20260403,38130,17676.8,23754,11015.41,19166,8910.46,20824,9672.28,9451,4397.44,14928,6932.08,849,391.23,8089,3756.16,877,429.13
301081.SZ,20260403,41482,6136.33,48520,7179.78,39377,5819.13,30879,4570.08,23492,3480.27,23083,3409.57,674,102.13,2543,378.43,-786,-104.51
301082.SZ,20260403,16915,2865.06,16010,2712.36,11120,1883.07,12188,2064.0,6947,1176.31,5902,998.8,0,0.0,882,149.28,-8800,-1491.01
301083.SZ,20260403,22811,3753.35,15278,2519.05,10196,1680.01,10412,1718.1,6299,1035.77,11437,1877.32,578,94.21,2757,448.87,4932,805.13
301085.SZ,20260403,12235,6820.33,14132,7886.69,11207,6259.0,12047,6718.8,8402,4687.32,6146,3428.57,1451,811.92,971,544.51,-1111,-597.51
301086.SZ,20260403,5796,7532.95,5092,6620.17,5846,7609.48,5363,6975.53,6256,8123.87,5924,7707.37,1256,1637.86,2774,3601.1,-2254,-2918.1
301087.SZ,20260403,10863,6087.57,10427,5844.23,4695,2628.88,4118,2309.78,1904,1068.33,2837,1592.29,1990,1115.07,2070,1153.54,1104,612.45
301088.SZ,20260403,8160,1128.53,9959,1377.62,5552,768.43,3852,533.06,973,134.38,874,120.66,0,0.0,0,0.0,-2183,-300.83
301089.SZ,20260403,18733,5313.44,12803,3629.76,8646,2453.42,10370,2944.18,3648,1033.24,7060,2001.55,0,0.0,794,224.62,501,141.94
301090.SZ,20260403,54966,4089.83,43698,3255.79,38495,2867.05,37838,2811.09,13333,996.65,26579,1978.91,4321,319.38,3000,227.1,-31859,-2374.5
301091.SZ,20260403,13411,2759.4,11389,2345.26,7852,1613.83,8795,1806.25,3070,629.72,4217,865.33,68,13.88,0,0.0,-4034,-828.19
301092.SZ,20260403,5833,1853.16,5530,1757.18,2779,881.89,2384,756.87,830,262.76,1491,472.03,0,0.0,37,11.73,-874,-278.68
301093.SZ,20260403,14849,11584.28,7272,5682.13,17598,13796.07,15450,12142.82,22679,17752.84,17875,13935.53,6149,4796.65,20678,16169.36,-9970,-7720.39
301095.SZ,20260403,21322,14196.31,19581,13040.64,14937,9957.81,18075,12049.79,10002,6670.87,9218,6156.51,5551,3714.25,4938,3292.3,4750,3184.43
301096.SZ,20260403,9249,4745.96,7160,3671.53,7675,3943.79,9051,4644.15,5679,2910.97,5366,2751.71,602,306.93,1628,840.25,-4127,-2097.19
301097.SZ,20260403,4269,2233.39,3802,1993.66,1862,971.21,2692,1401.11,1332,691.74,970,501.58,0,0.0,0,0.0,-1378,-718.81
301098.SZ,20260403,30548,2472.27,35674,2889.84,22534,1825.88,17987,1455.26,3774,304.66,3194,257.72,0,0.0,0,0.0,-6134,-496.01
301099.SZ,20260403,30134,13248.45,29195,12819.3,20465,9007.09,23462,10338.88,12154,5362.99,10296,4540.23,3063,1334.76,2863,1254.87,-8702,-3798.11
301100.SZ,20260403,8164,1453.36,8346,1487.8,3009,537.27,3146,560.44,481,86.31,162,28.71,0,0.0,0,0.0,-3200,-570.2
301101.SZ,20260403,6731,2216.02,6187,2040.72,4453,1464.85,4102,1350.15,4480,1460.39,1147,375.98,772,251.94,5000,1626.36,-451,-151.03
301102.SZ,20260403,11827,1229.44,14590,1516.87,7922,824.11,7266,755.95,2412,250.89,305,31.62,0,0.0,0,0.0,-4423,-460.35
301103.SZ,20260403,12483,2402.49,15286,2935.83,6163,1182.66,3942,759.76,855,162.95,273,52.51,0,0.0,0,0.0,-1977,-382.88
301105.SZ,20260403,2966,1724.74,2878,1670.45,2877,1668.96,2823,1638.43,1689,974.38,1719,994.57,0,0.0,112,64.63,-1670,-961.81
301106.SZ,20260403,6323,1747.66,6080,1680.46,2857,789.38,2604,719.67,1173,323.65,1669,460.56,0,0.0,0,0.0,-472,-128.89
301107.SZ,20260403,6680,1750.69,6373,1669.85,2488,651.0,2613,686.02,913,240.31,595,156.11,0,0.0,500,130.01,-1429,-373.39
301108.SZ,20260403,8022,2296.12,8503,2433.76,2222,636.2,1851,530.01,522,148.87,412,117.42,0,0.0,0,0.0,-1384,-395.91
301109.SZ,20260403,35886,5541.48,33446,5166.45,26066,4028.27,20230,3129.28,6198,954.91,14474,2228.93,0,0.0,0,0.0,-5802,-881.22
301110.SZ,20260403,9153,5041.94,7348,4048.4,3017,1661.99,3802,2093.09,1238,682.42,1741,959.04,377,208.48,894,494.29,-860,-471.93
301111.SZ,20260403,21505,4177.14,19423,3778.53,12090,2353.82,14669,2851.05,7866,1530.75,6848,1329.64,0,0.0,520,102.49,-2710,-536.73
301112.SZ,20260403,3537,1115.88,3412,1076.14,1811,570.87,1707,538.55,405,128.18,634,200.24,0,0.0,0,0.0,-1035,-327.3
301113.SZ,20260403,8486,2057.75,8507,2061.68,2671,646.1,2372,575.63,109,26.39,522,125.38,135,32.45,0,0.0,-364,-89.08
301115.SZ,20260403,16806,3290.68,12813,2510.4,9443,1849.97,11661,2284.1,4239,831.36,7014,1374.87,1000,197.36,0,0.0,687,134.28
301116.SZ,20260403,19105,1859.82,20706,2012.31,10395,1009.21,7802,761.17,1685,163.63,2677,259.19,0,0.0,0,0.0,-1101,-110.2
301117.SZ,20260403,20605,8425.27,13736,5624.05,11842,4848.34,14171,5792.49,6853,2801.67,10270,4193.42,927,376.94,2050,842.27,-413,-178.19
301118.SZ,20260403,11871,2698.87,14254,3239.5,6696,1524.01,6277,1429.29,2893,659.53,3038,691.13,2743,621.42,634,143.92,-3653,-832.68
301119.SZ,20260403,5733,2352.49,4961,2040.02,4533,1863.38,5589,2297.35,2222,914.03,1965,803.57,403,164.83,376,153.78,-1837,-757.6
301120.SZ,20260403,47466,9815.33,27850,5766.09,30504,6310.94,37536,7760.04,20107,4152.3,29090,6010.65,2726,559.51,6328,1301.3,4364,892.03
301121.SZ,20260403,6417,2154.38,5292,1778.86,2938,986.62,3402,1142.17,1113,373.92,1380,462.43,0,0.0,393,131.46,-392,-134.55
301122.SZ,20260403,7067,1979.08,6641,1861.04,3831,1073.23,3206,897.46,1456,407.79,2334,653.31,0,0.0,173,48.29,-168,-48.78
301123.SZ,20260403,24472,12880.87,34121,17984.16,26713,14087.3,26884,14181.05,19706,10403.62,16613,8760.75,9262,4889.77,2536,1335.58,9200,4878.89
301125.SZ,20260403,20232,3857.07,17393,3313.54,7333,1397.49,9383,1790.08,3888,740.62,4096,780.88,0,0.0,581,110.68,-977,-184.87
301126.SZ,20260403,57756,6573.45,50436,5740.62,25185,2879.0,31588,3612.77,10194,1172.64,11643,1333.07,1707,197.09,1175,135.71,-14704,-1666.02
301127.SZ,20260403,18398,2834.07,23040,3548.36,23825,3668.91,20243,3119.28,19154,2944.52,18107,2783.82,5850,897.33,5837,893.38,-10768,-1657.12
301128.SZ,20260403,15610,24458.86,17554,27548.46,21535,33758.78,21201,33313.84,20169,31739.17,18174,28527.25,13725,21478.93,14111,22046.19,330,502.29
301129.SZ,20260403,12020,2865.78,10222,2439.95,5161,1233.36,6172,1471.95,2287,547.13,3566,853.24,492,118.87,0,0.0,859,207.32
301130.SZ,20260403,16801,5300.22,12862,4057.63,6799,2146.99,9268,2927.95,2455,777.63,3894,1229.76,386,122.25,416,131.75,1057,334.86
301131.SZ,20260403,6096,2434.61,7385,2948.94,3634,1452.69,2828,1131.27,1639,654.91,1157,461.99,0,0.0,0,0.0,-1758,-699.97
301132.SZ,20260403,17004,6564.23,22049,8525.7,18057,6982.87,14209,5494.17,8782,3401.2,7578,2927.2,1933,750.24,1939,751.47,-4720,-1796.98
301133.SZ,20260403,17946,6524.29,26927,9780.92,23681,8619.62,23883,8693.19,19941,7281.84,15366,5601.37,9796,3538.25,5189,1888.53,-15072,-5539.77
301135.SZ,20260403,9233,2434.46,9387,2476.77,3232,852.09,2952,781.77,1479,393.23,1605,421.24,0,0.0,0,0.0,-1960,-519.78
301136.SZ,20260403,45894,6873.59,32128,4807.86,26810,4019.32,30831,4622.57,13016,1943.24,17571,2631.09,0,0.0,5190,774.62,-7810,-1170.18
301137.SZ,20260403,36403,15519.75,20623,8803.55,44344,18844.3,43216,18358.56,22282,9418.47,37714,15979.68,3572,1504.34,5047,2145.07,-8134,-3528.59
301138.SZ,20260403,6282,2278.29,6253,2267.53,4069,1475.37,3770,1367.6,2334,847.71,2609,947.0,0,0.0,53,19.24,381,141.0
301139.SZ,20260403,12323,2116.72,13048,2243.04,8221,1413.93,7736,1329.68,1866,320.29,1626,278.21,0,0.0,0,0.0,-2878,-492.62
301141.SZ,20260403,5663,2716.24,4857,2331.3,2896,1388.97,3396,1628.36,1132,542.39,1528,730.9,314,149.78,224,106.81,447,213.29
301148.SZ,20260403,3061,1519.55,3506,1740.73,2473,1228.35,2190,1087.12,1994,989.06,1442,715.51,424,210.4,814,404.0,-504,-249.08
301149.SZ,20260403,36080,4170.54,35949,4156.68,36548,4226.49,31970,3705.05,21988,2545.68,19407,2242.67,1744,199.61,9034,1037.93,-11647,-1349.76
301150.SZ,20260403,31446,17440.38,33502,18609.66,24802,13827.42,25112,14015.31,15631,8744.28,13129,7311.52,5055,2829.1,5191,2904.68,-277,-142.48
301151.SZ,20260403,9109,1616.96,8600,1526.77,3976,705.33,3239,575.31,628,111.2,1874,331.42,0,0.0,0,0.0,-743,-132.11
301152.SZ,20260403,15217,4143.29,14459,3937.66,8654,2351.69,10440,2837.41,5826,1586.06,4798,1305.97,0,0.0,0,0.0,-2817,-765.38
301153.SZ,20260403,41731,10098.49,43484,10535.83,25959,6296.93,25726,6246.45,18072,4389.69,9920,2411.77,1622,397.31,8253,1988.37,2067,512.62
301155.SZ,20260403,16583,10613.93,11021,7068.78,14443,9252.0,15541,9954.36,9101,5821.83,11092,7089.87,3569,2277.0,6043,3851.74,361,261.53
301156.SZ,20260403,14153,2573.04,15000,2726.35,6458,1174.21,4938,900.51,517,92.88,1190,213.27,0,0.0,0,0.0,1584,289.37
301157.SZ,20260403,8460,5070.47,8877,5339.05,10138,6078.87,9958,5977.34,4687,2811.64,4865,2902.64,592,362.33,177,104.29,1429,861.04
301158.SZ,20260403,40480,9644.94,37303,8894.12,25374,6061.25,24382,5822.61,14411,3443.14,17185,4099.27,1766,420.45,3161,753.79,-6684,-1586.35
301159.SZ,20260403,15912,6281.95,13395,5289.68,5332,2104.89,6586,2598.71,1286,507.19,2549,1005.64,0,0.0,0,0.0,-1733,-686.35
301160.SZ,20260403,8492,4383.62,3757,1945.51,6369,3294.11,9034,4657.96,3927,2022.06,4253,2196.86,645,336.71,2391,1236.17,-997,-518.29
301161.SZ,20260403,12995,3679.45,12335,3495.04,5751,1629.3,4910,1392.32,1948,552.47,3804,1074.63,1096,314.26,741,213.48,1382,393.62
301162.SZ,20260403,9028,5618.48,8449,5256.36,5064,3154.56,5144,3204.21,2613,1625.67,3193,1990.71,329,206.61,248,154.05,-1168,-723.16
301163.SZ,20260403,11008,3067.97,12390,3453.56,3849,1073.75,2764,771.3,686,191.02,389,107.88,0,0.0,0,0.0,-1481,-409.48
301165.SZ,20260403,18387,14925.3,24355,19770.52,23643,19203.24,24388,19822.65,16206,13166.19,10988,8921.24,3145,2558.47,1650,1338.78,-4753,-3813.49
301166.SZ,20260403,13099,3965.33,12491,3777.6,6234,1885.74,6366,1927.25,1069,324.25,1461,444.59,364,111.93,448,137.81,-2822,-848.93
301167.SZ,20260403,16545,2601.81,21041,3306.3,8560,1347.6,7534,1188.44,4688,738.28,1218,192.95,0,0.0,0,0.0,-5586,-879.45
301168.SZ,20260403,4477,1809.94,6223,2510.16,5654,2279.0,5332,2148.57,5448,2198.06,4541,1837.87,1836,740.0,1319,530.4,-2345,-939.85
301169.SZ,20260403,4525,2362.54,5321,2776.86,3114,1625.61,2593,1355.18,915,478.41,640,334.51,0,0.0,0,0.0,-288,-151.71
301170.SZ,20260403,5297,1460.97,5619,1550.28,2955,816.01,2244,619.63,990,271.42,1379,378.49,0,0.0,0,0.0,-800,-221.83
301171.SZ,20260403,102683,43015.76,53841,22545.71,88874,37214.45,92062,38581.28,28846,12087.8,69529,29126.43,13062,5460.1,18033,7524.68,-11638,-4868.14
301172.SZ,20260403,51945,13849.45,56140,14955.92,48878,13006.52,46116,12238.94,38557,10268.02,31709,8447.23,9154,2431.85,14570,3913.76,31932,8456.82
301173.SZ,20260403,3458,1433.28,3098,1285.24,902,372.93,1308,541.08,469,194.13,423,174.02,0,0.0,0,0.0,-775,-322.1
301175.SZ,20260403,107702,6478.19,81641,4906.78,70740,4254.0,66056,3973.3,38924,2334.96,54996,3305.39,0,0.0,14673,881.68,-38096,-2286.34
301176.SZ,20260403,36988,9495.95,46749,12010.44,22351,5743.04,20456,5256.67,12826,3294.4,9779,2514.88,5531,1433.72,712,185.12,-7998,-2049.91
301177.SZ,20260403,5472,1489.93,5473,1491.07,1978,537.32,1889,513.94,205,55.9,1020,278.2,727,200.07,0,0.0,-1098,-302.33
301178.SZ,20260403,6541,3179.03,5913,2873.11,4710,2289.38,4333,2107.02,904,437.8,1687,816.97,60,29.48,282,138.58,-325,-153.75
301179.SZ,20260403,88877,23723.51,95740,25566.61,124561,33315.03,124521,33288.77,82358,22038.3,84433,22621.05,26809,7177.06,17910,4777.47,-6266,-1557.88
301180.SZ,20260403,39318,7322.34,24852,4637.42,24112,4501.18,29171,5449.51,12886,2403.46,22476,4179.71,1975,367.58,1792,327.93,-6391,-1195.31
301181.SZ,20260403,5537,2155.4,4084,1595.04,3690,1436.64,3716,1446.27,2086,814.4,3173,1233.5,0,0.0,340,131.63,-1523,-592.67
301182.SZ,20260403,7852,4625.11,7872,4634.26,7770,4577.36,7947,4680.17,6766,3982.28,5513,3250.22,187,108.53,1243,728.64,155,99.54
301183.SZ,20260403,22394,37611.7,26960,45353.42,37998,63837.89,42644,71830.32,37692,63488.7,34470,58023.54,18688,31647.43,12698,21378.43,14196,23970.2
301185.SZ,20260403,10529,1896.55,10367,1868.39,6528,1174.48,5676,1021.25,760,136.89,1774,318.29,0,0.0,0,0.0,-2769,-497.97
301186.SZ,20260403,10818,6276.48,12157,7053.54,12203,7080.05,11865,6871.15,8209,4759.65,5702,3313.91,1360,786.07,2867,1663.64,3826,2231.13
301187.SZ,20260403,5701,1128.55,5481,1084.96,2714,537.11,3071,607.51,898,177.34,736,145.6,0,0.0,25,4.94,-1353,-268.15
301188.SZ,20260403,157465,34209.63,142093,30957.14,159722,34773.07,134406,29384.57,126905,27742.02,154575,33824.61,81540,18159.07,94558,20717.46,-25454,-5553.14
301189.SZ,20260403,8298,3712.62,10945,4897.0,6487,2901.31,6664,2985.68,7153,3207.28,3983,1784.51,2,0.88,348,154.9,-3736,-1675.47
301190.SZ,20260403,11333,2460.07,11063,2403.27,5677,1230.57,3045,660.59,2003,434.56,3064,664.14,2061,444.19,3902,841.4,4672,1009.41
301191.SZ,20260403,11234,15557.26,21840,30266.42,24053,33343.61,24599,34081.96,17752,24582.55,13543,18772.08,10350,14362.1,3408,4725.06,949,1423.18
301192.SZ,20260403,7691,1977.41,7239,1859.45,2955,757.84,3426,879.62,1212,310.35,1193,306.53,0,0.0,0,0.0,-1414,-362.33
301193.SZ,20260403,10942,2404.9,10277,2258.39,3400,746.31,4325,949.41,2678,588.9,2199,484.08,676,149.46,894,197.69,224,49.73
301195.SZ,20260403,4226,1273.26,3642,1097.78,2796,841.83,2686,808.22,993,298.23,1333,400.81,0,0.0,355,106.5,-1442,-434.15
301196.SZ,20260403,13047,13379.56,13542,13932.54,15796,16246.09,17017,17489.55,11461,11795.2,11976,12308.29,5142,5294.23,2912,2984.7,-1806,-1788.63
301197.SZ,20260403,18027,3808.95,19919,4201.47,11655,2464.28,10371,2196.71,4924,1038.86,4659,985.98,868,182.95,525,110.88,-7329,-1543.52
301198.SZ,20260403,18010,2429.98,19583,2642.1,10822,1458.54,7132,962.46,1786,239.76,3518,472.03,1219,163.47,1604,215.15,245,28.15
301199.SZ,20260403,5209,1137.72,5308,1159.02,2056,448.4,2119,462.48,956,208.19,795,172.82,0,0.0,0,0.0,-1786,-389.44
301200.SZ,20260403,9921,15775.53,9360,14944.35,13353,21278.03,13581,21649.84,9856,15717.15,8486,13503.09,1945,3091.66,3647,5765.09,-2540,-3954.2
301201.SZ,20260403,37058,21850.94,43202,25606.33,65741,38942.08,64427,38146.83,80569,47721.52,62509,37065.09,43388,25664.87,56617,33361.15,29841,18117.43
301202.SZ,20260403,5814,2108.9,5401,1959.8,1835,665.94,2038,739.27,667,241.7,1161,420.17,284,102.69,0,0.0,-182,-65.61
301203.SZ,20260403,3806,1486.02,4285,1673.39,1811,705.55,1477,575.39,1650,643.07,1414,550.96,250,95.9,341,130.81,-545,-212.97
301205.SZ,20260403,18621,41504.02,17654,39489.83,35294,78876.87,38363,85653.62,35015,78404.44,35724,79975.67,21474,48116.9,18664,41783.11,-10017,-21548.67
301206.SZ,20260403,5292,1369.46,4503,1164.82,4974,1286.88,3773,978.2,2140,552.44,1841,477.6,0,0.0,2289,588.16,-1018,-264.46
301207.SZ,20260403,35416,7027.53,25536,5071.63,21068,4185.51,23292,4624.15,8070,1599.77,13493,2674.04,1848,366.54,4081,809.52,-3137,-618.07
301208.SZ,20260403,5932,1933.92,6252,2042.94,3463,1134.98,3010,987.06,1764,578.89,1573,513.1,0,0.0,324,104.68,-543,-180.23
301209.SZ,20260403,3231,2749.68,2626,2233.99,2353,1997.09,2797,2374.07,1609,1364.2,1442,1223.26,8,6.78,337,286.43,-423,-355.1
301210.SZ,20260403,8663,3255.43,8442,3177.96,4137,1556.11,3585,1351.57,1354,514.01,1972,741.95,920,345.6,1075,399.66,-3014,-1143.86
301211.SZ,20260403,33559,4084.86,25580,3114.39,16113,1961.68,17900,2178.61,7197,875.13,13740,1670.03,1922,234.38,1571,193.02,-755,-89.46
301212.SZ,20260403,7272,1897.91,7109,1855.85,2143,558.77,2011,524.68,449,117.05,744,193.2,0,0.0,0,0.0,-1531,-398.7
301213.SZ,20260403,4643,3067.08,3432,2268.37,2366,1562.62,3301,2179.78,1356,894.88,1614,1064.59,192,126.39,210,138.24,-112,-75.37
301215.SZ,20260403,51170,3028.87,43068,2555.08,26499,1567.31,17826,1054.32,13559,800.63,22352,1317.85,0,0.0,7982,469.56,-14492,-855.86
301216.SZ,20260403,68847,19461.7,99157,28045.97,104435,29559.93,73595,20782.73,74347,20991.22,67017,18960.06,13677,3866.34,21537,6090.41,24249,6827.93
301217.SZ,20260403,102288,37778.1,88364,32704.66,77238,28615.08,84172,31128.95,45378,16794.26,46827,17323.59,9355,3460.37,14896,5490.6,6654,2609.55
301218.SZ,20260403,12019,3907.28,9805,3187.93,8393,2724.11,8600,2794.75,5568,1806.28,5913,1914.71,0,0.0,1662,540.29,-570,-183.11
301219.SZ,20260403,13792,8260.48,9310,5580.79,8879,5322.71,9553,5723.92,4729,2830.45,7536,4509.67,1474,886.45,2475,1485.72,1492,900.39
301220.SZ,20260403,13773,5267.08,10764,4127.31,8799,3367.79,8814,3373.9,5538,2117.71,6916,2635.14,0,0.0,1616,616.24,-622,-233.6
301221.SZ,20260403,7074,3376.48,7662,3656.86,3447,1645.68,2920,1393.68,1498,713.11,1437,684.72,0,0.0,0,0.0,-1181,-564.41
301222.SZ,20260403,6768,2264.56,6288,2107.26,4605,1543.56,4568,1529.36,2232,745.91,2748,917.41,0,0.0,0,0.0,-1077,-353.83
301223.SZ,20260403,7810,1482.35,9806,1862.0,2999,568.63,3165,603.43,2374,456.23,852,163.39,640,121.6,0,0.0,-3089,-589.99
301225.SZ,20260403,10420,11208.58,12806,13772.04,12974,13958.68,9989,10749.64,5623,6046.41,5359,5764.02,618,668.67,1481,1596.64,-918,-979.45
301226.SZ,20260403,50098,20654.61,39472,16405.3,54065,22451.58,59786,24822.56,31406,13172.66,33171,13760.98,7008,2950.81,10149,4240.83,-2,0.52
301227.SZ,20260403,7128,2408.41,9538,3235.15,7166,2433.91,6193,2107.38,4355,1487.61,2555,863.01,653,224.66,1017,349.04,-544,-189.53
301228.SZ,20260403,6086,2591.72,6793,2895.42,10840,4618.45,7927,3376.73,6168,2626.63,8054,3430.0,1416,603.08,1736,737.74,-6458,-2750.44
301229.SZ,20260403,8425,1470.02,7012,1223.92,4827,841.15,4153,724.74,2332,405.02,4419,767.52,0,0.0,0,0.0,-3314,-577.6
301230.SZ,20260403,47595,19972.65,39752,16738.72,63374,26614.22,55246,23192.94,33850,14221.71,40870,17130.06,4095,1721.34,13045,5468.2,-15363,-6487.97
301231.SZ,20260403,17986,5250.84,16455,4804.26,7740,2256.71,7156,2088.38,1614,469.63,3703,1076.87,913,267.27,939,274.94,-2684,-786.97
301232.SZ,20260403,20822,33798.36,16430,26740.48,23340,37948.75,21126,34371.68,18176,29618.91,21598,35215.14,9274,14976.69,12457,20015.41,-8789,-14167.96
301233.SZ,20260403,4126,2091.12,4656,2359.44,2157,1094.45,2189,1110.02,710,359.48,418,211.66,270,136.08,0,0.0,-1481,-748.59
301234.SZ,20260403,4961,1794.94,4634,1675.92,2491,903.46,1895,687.52,1220,442.47,1841,667.1,494,181.05,795,291.37,-53,-14.32
301235.SZ,20260403,15354,6640.64,13152,5690.92,8721,3771.42,9205,3985.76,4574,1978.3,5612,2423.28,421,181.42,1101,471.81,-3656,-1572.78
301236.SZ,20260403,39145,14417.12,26990,9949.22,29514,10875.56,31486,11603.46,16515,6089.47,22878,8421.82,2992,1101.07,6812,2508.72,-6129,-2247.67
301237.SZ,20260403,3190,1643.16,3455,1781.24,1679,866.78,1552,800.84,1168,603.03,1030,530.89,0,0.0,0,0.0,75,36.23
301238.SZ,20260403,26712,5066.33,25658,4863.51,17919,3391.65,17006,3224.51,5703,1081.37,9177,1736.93,1507,285.6,0,0.0,-7522,-1423.27
301239.SZ,20260403,14168,5165.06,16502,6026.6,13153,4817.8,11318,4145.11,6716,2465.12,6534,2389.36,2159,788.4,1842,675.31,2852,1056.97
301246.SZ,20260403,65363,14463.12,45652,10094.15,43894,9730.4,48777,10798.57,24474,5407.49,36371,8063.83,2500,553.6,5432,1198.05,-15864,-3508.51
301248.SZ,20260403,19530,8823.11,18687,8455.41,12774,5781.64,11976,5417.62,12317,5563.96,10245,4625.26,1620,730.37,5332,2400.79,-5362,-2410.03
301251.SZ,20260403,19842,11222.78,25652,14569.4,17537,9967.37,18645,10587.97,14671,8317.43,9250,5225.14,3641,2086.52,2145,1211.59,6126,3506.66
301252.SZ,20260403,9412,3373.94,8458,3027.84,6061,2172.37,6817,2446.09,3603,1290.0,4355,1564.34,556,202.68,2,0.72,-2589,-929.26
301255.SZ,20260403,27166,7503.27,16797,4650.84,16264,4503.48,22022,6092.06,6361,1764.38,10461,2891.87,414,115.59,924,251.95,-6119,-1712.31
301256.SZ,20260403,27913,3548.34,25019,3179.66,11028,1400.93,12174,1548.02,3236,411.35,5812,737.98,1043,132.46,215,27.41,-376,-46.32
301257.SZ,20260403,15153,8831.32,14969,8740.85,8393,4898.86,9140,5331.45,5051,2947.6,4519,2632.23,1502,880.88,1471,854.13,-1554,-900.78
301258.SZ,20260403,5971,1876.58,6074,1908.92,2844,892.05,2293,719.88,320,102.05,768,241.89,0,0.0,0,0.0,-1711,-539.4
301259.SZ,20260403,4911,1525.2,5256,1631.58,3887,1205.67,3421,1061.41,2336,724.07,2457,761.94,0,0.0,0,0.0,-1730,-535.26
301260.SZ,20260403,9654,1416.47,11163,1637.06,5255,769.47,4133,605.03,2888,422.57,1576,231.36,0,0.0,925,135.05,-2201,-321.82
301261.SZ,20260403,4036,2975.09,3171,2340.0,2845,2097.23,3399,2503.67,1862,1369.84,2031,1493.7,0,0.0,141,104.79,-194,-147.46
301262.SZ,20260403,11482,2563.94,11788,2636.49,8587,1919.03,9199,2056.06,5835,1304.6,5917,1319.79,1000,224.78,0,0.0,-5932,-1322.32
301263.SZ,20260403,19986,5432.09,15771,4286.49,13798,3744.66,12929,3514.98,14831,4012.37,14255,3867.63,2704,731.05,8364,2251.06,-5946,-1610.3
301265.SZ,20260403,43724,8565.61,33646,6594.96,20322,3975.96,25497,4995.86,11488,2250.22,14179,2765.97,2695,526.75,4907,961.74,-9213,-1811.59
301266.SZ,20260403,12599,4734.48,9368,3526.71,10298,3867.45,11344,4262.57,5362,2012.48,5901,2215.19,2621,988.78,4268,1598.73,-2044,-782.16
301267.SZ,20260403,12798,2138.35,11030,1843.36,8636,1441.17,10772,1797.91,2573,429.71,2205,367.95,0,0.0,0,0.0,-3198,-533.05
301268.SZ,20260403,15310,3156.19,19286,3979.2,10264,2120.07,7622,1572.94,5127,1058.21,3836,793.66,585,120.91,542,109.58,-1238,-257.37
301269.SZ,20260403,11451,9338.12,11974,9792.0,14853,12140.87,16326,13355.35,10663,8743.67,9960,8147.44,3259,2685.46,1966,1613.34,-284,-224.64
301270.SZ,20260403,10031,3091.88,12612,3886.13,8275,2549.62,6499,2004.15,4705,1449.29,3559,1096.13,0,0.0,340,104.38,-2881,-885.5
301272.SZ,20260403,5246,1986.76,5169,1957.46,1635,618.87,1774,671.54,236,89.18,174,65.8,0,0.0,0,0.0,-1155,-434.3
301273.SZ,20260403,8102,2289.46,7367,2082.04,1927,546.29,2148,609.7,43,12.04,557,156.05,0,0.0,0,0.0,-1031,-288.86
301275.SZ,20260403,8608,3451.43,11958,4793.47,11322,4540.3,12943,5188.67,8607,3450.27,8078,3237.17,7036,2814.36,2594,1037.06,-7877,-3150.65
301276.SZ,20260403,5751,1313.22,6142,1402.24,3426,782.56,2833,647.69,436,99.25,638,145.1,0,0.0,0,0.0,-222,-52.3
301277.SZ,20260403,26100,3168.61,21054,2555.15,10394,1262.71,10572,1285.94,3524,427.4,7392,896.48,0,0.0,1000,121.15,-2921,-351.72
301278.SZ,20260403,9287,3404.96,6281,2305.68,6642,2435.76,7155,2624.46,2939,1077.71,4700,1721.51,309,112.23,1040,379.01,749,272.63
301279.SZ,20260403,11713,3021.95,10797,2787.35,3286,848.16,3747,966.05,668,171.99,1123,288.7,0,0.0,0,0.0,-1500,-387.78
301280.SZ,20260403,3239,1687.08,5170,2693.91,2617,1363.81,2374,1239.41,2799,1458.87,1392,723.76,661,343.78,380,196.46,-536,-280.63
301281.SZ,20260403,23241,8012.19,17533,6047.58,8165,2806.69,9713,3347.68,4074,1399.69,6434,2209.73,2097,718.43,3897,1332.01,-1274,-439.38
301282.SZ,20260403,44047,15454.35,57932,20326.8,46498,16324.27,36896,12960.07,28057,9856.76,23288,8175.47,2413,843.11,2899,1016.15,-16682,-5804.05
301283.SZ,20260403,4330,1914.31,4153,1835.55,1366,602.68,1827,805.74,395,174.03,411,181.13,300,131.4,0,0.0,-1126,-496.46
301285.SZ,20260403,6428,5209.1,4202,3410.39,6908,5603.91,7366,5977.74,8996,7281.77,8243,6682.46,920,747.22,3442,2771.39,-2251,-1822.2
301286.SZ,20260403,4061,1823.38,4628,2078.43,2678,1204.07,2136,960.35,1345,605.05,1320,593.72,0,0.0,0,0.0,-584,-263.67
301287.SZ,20260403,4923,1980.62,5658,2274.47,1749,704.22,1220,493.19,497,200.28,291,117.46,0,0.0,0,0.0,-621,-250.29
301288.SZ,20260403,1430,240.63,1456,245.01,1616,272.0,1576,265.98,325,55.4,339,57.04,0,0.0,0,0.0,-1497,-251.87
301289.SZ,20260403,1787,914.03,1979,1012.26,1123,574.71,1071,547.57,663,339.34,547,280.42,24,12.18,0,0.0,-689,-352.49
301290.SZ,20260403,8272,2195.39,8051,2136.77,3576,948.05,2975,790.57,1397,369.95,719,190.62,0,0.0,1500,395.43,-1033,-274.55
301291.SZ,20260403,17838,8720.74,20619,10083.79,12551,6138.36,12547,6138.49,8104,3963.47,8577,4193.12,5235,2561.98,1986,969.16,-3808,-1871.53
301292.SZ,20260403,64340,54588.96,43064,36624.3,57683,48972.42,63452,53968.3,36027,30629.56,44827,38079.92,20865,17753.66,27572,23272.09,-1879,-1620.69
301293.SZ,20260403,35390,23257.11,23275,15299.72,37192,24453.51,37879,24910.09,22900,15060.44,29959,19691.84,5633,3702.19,10002,6571.6,-17784,-11657.87
301295.SZ,20260403,5759,2061.1,6458,2311.31,3166,1131.87,3477,1243.46,2658,947.94,1939,690.67,292,104.54,0,0.0,-2819,-1005.6
301296.SZ,20260403,11083,839.97,13574,1028.41,8080,610.98,8580,649.17,3423,259.02,1605,121.41,2270,172.28,1097,83.26,-8122,-616.34
301297.SZ,20260403,11499,3822.89,11126,3699.49,7121,2368.61,7073,2352.68,4663,1552.28,5133,1706.66,461,152.53,413,137.49,1707,569.39
301298.SZ,20260403,13442,2035.83,13197,1997.27,5193,785.36,5868,889.55,1895,286.13,1465,220.51,0,0.0,0,0.0,-3439,-519.8
301299.SZ,20260403,11279,7020.68,11373,7071.94,10326,6412.9,10218,6350.67,4655,2879.93,5290,3272.2,1038,634.13,417,252.82,-4406,-2761.46
301300.SZ,20260403,5674,2354.61,5305,2201.37,2218,919.99,2313,960.66,782,323.54,1056,436.11,0,0.0,0,0.0,-198,-83.14
301301.SZ,20260403,77872,8244.88,94383,9967.34,89888,9509.43,73342,7765.99,65323,6891.51,68971,7294.87,24981,2636.04,21368,2253.66,-81544,-8631.64
301302.SZ,20260403,53264,11103.86,39967,8337.68,27939,5835.54,34566,7213.66,13346,2783.96,17520,3652.02,36,7.5,2532,527.49,-5921,-1234.16
301303.SZ,20260403,10025,1446.51,11605,1674.68,6877,991.26,5010,722.57,2522,364.85,2809,405.36,0,0.0,0,0.0,-3253,-469.1
301305.SZ,20260403,11811,2768.41,11981,2807.94,9978,2336.38,8055,1888.29,4322,1011.09,6110,1427.8,600,139.62,565,131.48,-3877,-908.18
301306.SZ,20260403,23654,35028.66,15292,22716.75,27171,40268.13,27752,41179.96,21548,32002.34,25452,37732.09,13238,19527.8,17115,25198.14,2174,3030.39
301307.SZ,20260403,25860,9901.82,24889,9512.41,20747,7941.02,22298,8546.18,17203,6602.03,13608,5230.29,1772,679.22,4787,1835.21,7635,2998.01
301308.SZ,20260403,23758,68629.35,18143,52514.68,26301,76008.46,24131,69772.34,21599,62508.07,25973,75082.26,12019,34760.96,15430,44537.57,-4042,-11571.84
301310.SZ,20260403,7221,2870.44,7340,2917.66,4237,1685.12,5503,2189.96,2729,1085.21,2796,1111.04,1452,577.9,0,0.0,-2455,-970.93
301311.SZ,20260403,7966,1275.89,6540,1049.03,6750,1082.88,5554,890.99,1337,214.55,3958,633.3,0,0.0,0,0.0,-4463,-716.76
301312.SZ,20260403,30576,33358.73,42857,46945.08,45058,49205.48,44764,48853.62,36086,39506.77,28427,30896.6,15865,17266.09,11538,12641.77,10121,11416.47
301313.SZ,20260403,10416,2954.76,11437,3243.68,4661,1322.44,4261,1209.5,2240,634.76,1619,458.78,0,0.0,0,0.0,99,26.03
301314.SZ,20260403,4330,1886.71,4655,2027.78,1807,787.38,1494,651.27,452,197.36,440,192.41,0,0.0,0,0.0,-741,-323.46
301315.SZ,20260403,4037,1891.66,3839,1799.63,3245,1520.8,3369,1578.38,1294,604.94,1368,639.38,0,0.0,0,0.0,-732,-341.27
301316.SZ,20260403,14843,5934.51,12724,5088.58,17050,6823.3,18457,7389.79,10508,4206.63,10789,4316.49,5181,2072.52,5611,2242.09,4117,1657.0
301317.SZ,20260403,16280,7843.52,9216,4441.37,8168,3937.04,9130,4400.84,5635,2718.71,9999,4822.33,857,418.96,2595,1253.7,3085,1486.7
301318.SZ,20260403,6136,1574.17,5681,1457.12,2088,534.23,2531,648.38,845,217.04,444,113.72,0,0.0,413,106.23,-940,-241.45
301319.SZ,20260403,7722,3216.74,8631,3594.81,5850,2437.46,5728,2389.76,2553,1062.68,2015,836.84,249,104.53,0,0.0,-2426,-1004.26
301320.SZ,20260403,14987,2401.58,14554,2332.25,7353,1177.45,6697,1073.75,2991,481.01,4080,654.05,0,0.0,0,0.0,-5185,-828.74
301321.SZ,20260403,18790,3532.7,19157,3602.94,5228,982.38,5912,1111.47,2344,441.98,2040,382.79,747,140.14,0,0.0,-4679,-881.36
301322.SZ,20260403,4303,1246.07,4532,1314.46,2825,819.38,2738,791.81,1600,462.38,958,277.71,0,0.0,500,143.85,-1006,-291.04
301323.SZ,20260403,11194,6733.98,16087,9701.07,12583,7594.89,11851,7134.87,10716,6458.57,5891,3553.38,2228,1347.9,2892,1746.01,269,165.76
301325.SZ,20260403,7709,3176.86,5078,2094.09,4080,1679.22,4875,2005.54,723,297.53,2560,1053.99,0,0.0,0,0.0,-214,-86.59
301326.SZ,20260403,3327,4254.54,5216,6671.54,2390,3059.35,2691,3439.89,2783,3564.23,1326,1701.33,819,1045.66,86,111.02,-1111,-1410.03
301327.SZ,20260403,18080,11657.79,12341,7952.79,16324,10543.64,15463,9988.69,9287,5978.6,12610,8146.44,1734,1119.9,5012,3212.01,-4265,-2778.78
301328.SZ,20260403,4112,1859.72,4093,1850.17,1406,635.19,1331,602.0,415,187.25,510,229.99,0,0.0,0,0.0,-458,-206.72
301329.SZ,20260403,10717,2341.15,9447,2065.35,4062,887.22,4837,1055.99,1114,243.68,1609,350.72,0,0.0,0,0.0,-1808,-395.14
301330.SZ,20260403,9175,3011.25,7267,2384.82,5927,1945.15,6895,2264.55,1702,557.64,2642,864.67,0,0.0,0,0.0,-1747,-575.65
301331.SZ,20260403,6744,1740.51,6418,1656.57,2698,697.43,3085,796.44,1072,278.24,1011,263.18,0,0.0,0,0.0,-1430,-367.92
301332.SZ,20260403,10585,949.93,11863,1065.12,6934,621.69,4678,418.96,756,67.06,534,48.15,0,0.0,1200,106.44,-3061,-274.92
301333.SZ,20260403,14423,9549.17,9279,6147.58,9137,6049.48,11265,7460.37,4829,3196.71,7447,4924.78,323,212.65,721,475.27,450,302.52
301335.SZ,20260403,6481,1577.91,5694,1386.6,2933,713.39,3499,850.57,1134,275.43,1355,329.55,0,0.0,0,0.0,-1806,-441.07
301336.SZ,20260403,5052,2528.78,6043,3022.0,4056,2027.85,3116,1558.8,1435,718.43,1700,851.67,316,157.41,0,0.0,-1124,-559.1
301337.SZ,20260403,6548,1743.69,6457,1720.74,4066,1084.29,3250,866.01,1229,328.06,1968,524.21,0,0.0,168,45.08,-1785,-475.78
301338.SZ,20260403,15397,25458.73,14627,24207.05,13689,22630.62,15067,24934.05,10386,17212.41,10019,16566.24,4511,7433.25,4271,7027.68,3878,6405.68
301339.SZ,20260403,14744,1880.6,12627,1609.98,6209,791.27,6612,842.78,1062,134.75,2777,353.85,0,0.0,0,0.0,-1273,-160.4
301345.SZ,20260403,3316,7029.71,2229,4732.65,3260,6919.25,3429,7279.94,2112,4479.52,2356,4998.48,1342,2851.42,2016,4268.84,-1794,-3790.45
301348.SZ,20260403,33530,7698.73,23654,5432.38,22274,5117.98,26865,6168.05,10401,2385.73,14454,3317.56,485,110.77,1717,395.24,-2296,-520.32
301349.SZ,20260403,33383,19116.77,39657,22722.72,35125,20162.25,28684,16473.78,20288,11655.92,19351,11120.06,3535,2037.63,4638,2656.0,7338,4202.75
301353.SZ,20260403,6051,1584.51,6766,1771.64,2280,596.89,2060,540.18,922,241.54,889,232.62,462,121.51,0,0.0,-1004,-262.41
301355.SZ,20260403,21731,2528.27,28636,3331.43,14265,1661.13,11834,1377.62,8130,946.94,4754,554.49,1098,127.19,0,0.0,-9092,-1057.25
301356.SZ,20260403,5361,1151.82,6872,1476.4,3331,713.42,2192,470.61,2690,578.35,2235,478.97,0,0.0,83,17.61,236,49.69
301357.SZ,20260403,10949,12531.2,9236,10579.06,11586,13257.92,11936,13655.01,7354,8418.69,8569,9808.41,1980,2263.62,2128,2428.94,-1431,-1626.28
301358.SZ,20260403,63617,43868.78,46115,31815.86,52798,36428.75,56595,39028.98,42632,29393.87,47028,32446.34,15126,10430.19,24435,16830.41,-11294,-7753.49
301359.SZ,20260403,13796,2643.1,14144,2711.57,4756,913.37,4976,953.49,1040,200.56,472,91.96,0,0.0,0,0.0,-3526,-665.52
301360.SZ,20260403,4339,2870.87,3486,2307.39,1620,1072.62,2281,1509.86,833,551.56,1025,677.81,0,0.0,0,0.0,-1620,-1070.2
301361.SZ,20260403,8363,2912.5,6661,2319.58,5705,1985.29,6631,2307.18,1480,515.21,2872,999.88,1261,440.43,645,226.8,-1111,-388.58
301362.SZ,20260403,6142,6301.08,6829,7006.24,7168,7356.06,8000,8212.37,8446,8673.27,7804,8020.94,2854,2937.23,1979,2028.09,1130,1167.95
301363.SZ,20260403,40462,10171.86,30861,7764.32,16523,4153.35,19428,4888.72,7880,1984.36,10338,2596.75,573,143.12,4811,1202.9,-5145,-1288.59
301365.SZ,20260403,37885,11307.39,27226,8117.82,20818,6219.58,23571,7046.77,11457,3402.1,15722,4682.82,3326,980.97,6966,2062.63,-6391,-1924.92
301366.SZ,20260403,8097,2445.38,7923,2392.94,2711,818.25,3308,998.65,1566,472.5,1143,344.54,0,0.0,0,0.0,-1175,-352.22
301367.SZ,20260403,4892,3321.83,3641,2477.54,3473,2361.04,2531,1721.89,2076,1409.63,1834,1243.53,0,0.0,2435,1649.54,282,192.84
301368.SZ,20260403,5438,2734.7,4553,2290.33,5076,2552.62,4590,2307.16,1040,520.95,2064,1037.15,2,1.01,349,174.62,-1472,-740.59
301369.SZ,20260403,3529,4514.19,3625,4636.45,1667,2131.28,1519,1941.82,846,1080.7,663,845.82,90,114.3,325,416.38,261,338.9
301370.SZ,20260403,19021,1974.82,16792,1744.34,11885,1234.76,10138,1052.55,3078,319.37,4175,432.04,0,0.0,2879,300.0,-3459,-356.53
301371.SZ,20260403,5012,1125.9,6028,1353.98,2879,646.83,3177,714.42,1696,382.43,383,86.75,0,0.0,0,0.0,-1930,-433.7
301372.SZ,20260403,6650,1688.93,7146,1816.25,4255,1079.99,4084,1035.12,1514,383.65,1189,301.21,0,0.0,0,0.0,-3725,-942.65
301373.SZ,20260403,24783,17033.33,21868,15061.56,22373,15439.11,22288,15386.8,19128,13221.92,20324,13977.73,4681,3230.1,6485,4498.38,-2271,-1399.63
301376.SZ,20260403,15134,2354.1,15673,2437.46,8077,1253.2,7613,1181.91,2731,422.21,1545,239.58,0,0.0,1111,170.56,-1669,-260.28
301377.SZ,20260403,12194,23746.31,11216,21857.19,13014,25346.86,11836,23051.28,9962,19391.64,9604,18699.82,2732,5327.15,5247,10203.67,11974,23356.28
301378.SZ,20260403,10366,3141.19,10498,3181.41,2592,785.43,2881,873.28,1192,361.21,771,233.14,0,0.0,0,0.0,-392,-120.39
301379.SZ,20260403,13641,3148.49,8100,1871.5,7389,1706.85,7905,1823.2,2463,567.7,6616,1527.66,995,230.28,1867,430.95,-40,-8.91
301380.SZ,20260403,8543,2769.52,8886,2877.49,5789,1875.87,4517,1465.81,2045,661.1,2997,970.52,23,7.34,0,0.0,-3043,-985.91
301381.SZ,20260403,10321,1967.73,9763,1862.99,5075,966.92,4140,788.49,906,172.36,2399,455.53,0,0.0,0,0.0,-1531,-289.61
301382.SZ,20260403,20010,6337.11,25031,7931.28,20703,6557.22,17520,5550.33,11832,3745.51,11031,3493.15,3327,1055.97,2289,721.05,-5930,-1876.01
301383.SZ,20260403,6039,1589.25,6644,1750.47,3318,874.57,2596,683.16,1290,339.15,1407,369.33,0,0.0,0,0.0,-1843,-487.62
301386.SZ,20260403,8670,2074.72,9707,2326.87,6080,1457.6,4552,1089.12,2420,576.3,2951,702.12,40,9.49,0,0.0,548,129.57
301387.SZ,20260403,4591,2342.34,4685,2389.38,2101,1072.43,2374,1211.83,912,464.71,787,401.65,242,123.38,0,0.0,-220,-109.99
301388.SZ,20260403,12070,3668.84,8591,2616.09,5121,1553.53,5500,1668.87,2855,859.85,3318,1005.86,363,108.9,3000,900.3,3573,1071.98
301389.SZ,20260403,20929,10116.39,26337,12715.23,20900,10116.47,16485,7983.59,12105,5847.62,11839,5735.41,4013,1944.82,3286,1591.07,-3294,-1539.66
301390.SZ,20260403,4870,1751.65,5932,2132.49,2413,867.34,1818,654.36,1338,480.13,871,312.27,0,0.0,0,0.0,-1003,-361.32
301391.SZ,20260403,3514,2280.85,3001,1947.77,1814,1176.7,2031,1319.2,1490,966.44,1866,1208.89,174,112.65,94,60.79,-674,-436.55
301392.SZ,20260403,20917,25395.05,23700,28756.79,19699,23908.35,17564,21352.47,12147,14754.43,12281,14918.07,3697,4507.25,2915,3537.75,3305,4028.75
301393.SZ,20260403,12153,6164.51,9017,4562.29,9426,4778.87,9073,4611.3,4622,2346.01,6001,3061.03,488,252.82,2598,1307.6,-3110,-1568.71
301395.SZ,20260403,12298,1917.02,14656,2285.38,7510,1170.99,5869,914.78,5465,851.38,4649,723.94,701,108.24,800,123.52,-3368,-521.94
301396.SZ,20260403,31653,53447.17,48229,81533.1,40345,68213.75,39700,67156.98,34451,58351.35,24521,41531.7,11029,18738.54,5027,8529.03,-2874,-4598.5
301397.SZ,20260403,14096,4221.75,20330,6100.2,15035,4518.72,11210,3375.06,6823,2056.73,5119,1531.72,705,209.78,0,0.0,4800,1444.93
301398.SZ,20260403,9121,4386.0,10140,4883.72,6215,2996.44,5796,2791.14,3099,1495.95,2269,1095.43,0,0.0,230,108.1,2381,1148.78
301399.SZ,20260403,37272,8208.66,28044,6216.13,41103,9085.66,44005,9717.72,16893,3736.58,26781,5897.04,5847,1296.99,2284,497.0,-12523,-2766.81
301408.SZ,20260403,171122,32467.29,239066,45391.77,222684,42339.58,184767,35159.36,131296,25032.23,99402,18917.27,19534,3739.12,21401,4109.82,-32406,-6135.1
301413.SZ,20260403,7159,8171.14,4649,5309.12,4857,5539.68,5552,6336.53,2693,3069.48,4426,5042.74,479,546.48,561,638.4,-388,-437.45
301418.SZ,20260403,4132,1510.1,4938,1803.84,2851,1041.54,2459,898.96,742,271.23,328,120.07,0,0.0,0,0.0,-2182,-796.09
301419.SZ,20260403,27406,11102.46,33232,13431.27,39198,15893.34,36165,14676.18,20743,8401.51,19868,8078.5,5302,2159.72,3385,1371.08,-4950,-1952.6
301421.SZ,20260403,17168,15702.58,21528,19707.84,18858,17261.13,17391,15912.1,10923,10007.5,9086,8321.78,2031,1859.39,975,888.89,-459,-375.73
301428.SZ,20260403,22777,7501.5,20520,6768.36,20839,6876.17,20668,6817.5,11063,3639.9,11791,3874.54,1170,388.4,2870,945.57,-6815,-2231.46
301429.SZ,20260403,13605,2510.48,14796,2728.85,4529,835.9,3349,619.54,150,27.38,139,25.37,0,0.0,0,0.0,-688,-128.66
301439.SZ,20260403,19947,3053.11,15111,2315.51,13562,2076.16,14011,2146.39,6469,986.48,9423,1437.22,0,0.0,1433,216.62,-6150,-944.03
301446.SZ,20260403,3992,1478.66,3391,1256.04,1379,510.48,1639,606.71,284,104.2,278,103.27,0,0.0,347,127.32,487,179.8
301448.SZ,20260403,3856,1415.64,3551,1304.89,1641,602.82,1966,721.77,643,236.55,623,228.35,0,0.0,0,0.0,-1018,-374.24
301449.SZ,20260403,4437,3241.62,3660,2674.29,3111,2274.16,3277,2395.84,1203,879.15,1739,1269.29,0,0.0,76,55.51,-917,-670.3
301456.SZ,20260403,11759,3226.93,10353,2837.03,7504,2055.36,7876,2160.13,2190,597.11,3235,885.26,380,103.06,369,100.02,-3803,-1044.39
301458.SZ,20260403,15413,5216.11,18854,6387.97,12082,4101.2,12597,4276.18,6273,2122.64,3887,1317.66,1920,658.34,350,116.48,4722,1611.61
301459.SZ,20260403,3044,1120.61,2561,942.1,1484,545.72,1361,501.36,869,320.33,1475,543.19,0,0.0,0,0.0,-303,-113.48
301468.SZ,20260403,21831,10166.17,21117,9844.61,10706,4996.46,10851,5058.48,5410,2525.25,6380,2974.63,720,338.78,319,148.94,-707,-322.01
301469.SZ,20260403,6482,1971.47,6536,1988.59,3074,934.73,2520,766.12,725,222.19,1275,388.86,50,15.18,0,0.0,-37,-11.85
301479.SZ,20260403,5205,4396.53,4774,4032.17,5003,4222.75,4587,3874.5,2565,2165.14,2889,2437.14,304,255.86,827,696.46,-3484,-2939.35
301486.SZ,20260403,20655,32133.02,35420,55162.07,35992,56010.45,32820,51134.42,28826,44994.44,21013,32728.72,12221,19049.72,8441,13162.42,-2245,-3336.48
301487.SZ,20260403,40067,7867.3,33773,6637.53,29992,5894.5,28727,5644.27,13806,2706.83,17512,3433.24,1910,376.67,5763,1130.25,-7215,-1419.38
301488.SZ,20260403,3444,4303.15,2718,3400.93,2982,3728.17,2711,3385.67,2159,2698.48,2928,3657.41,486,606.52,715,892.31,-399,-494.35
301489.SZ,20260403,7128,11801.15,8906,14767.14,8038,13318.67,6898,11434.84,4717,7827.34,3121,5169.29,793,1318.18,1752,2894.07,-2109,-3451.42
301491.SZ,20260403,1890,915.54,1406,681.56,2008,973.77,2066,1002.15,838,406.61,1264,612.21,0,0.0,0,0.0,-1263,-612.02
301498.SZ,20260403,11024,5635.94,8831,4514.67,6172,3153.44,7805,3989.41,2732,1396.25,3032,1548.94,0,0.0,260,132.6,-5994,-3061.25
301499.SZ,20260403,9679,2800.47,6352,1841.54,5436,1572.48,6085,1762.08,1985,571.78,3883,1118.11,0,0.0,780,223.0,-652,-191.48
301500.SZ,20260403,43461,8685.15,67978,13588.36,43624,8733.57,28549,5722.4,27651,5544.69,14899,2989.03,4742,953.47,8052,1617.09,-9754,-1944.86
301501.SZ,20260403,2866,1046.68,2475,903.74,2110,770.61,2297,837.97,793,289.41,997,364.99,0,0.0,0,0.0,-2072,-756.89
301502.SZ,20260403,4435,1804.92,4586,1865.15,1624,660.04,1467,596.73,670,275.34,677,278.42,0,0.0,0,0.0,-1538,-623.76
301503.SZ,20260403,5962,2015.1,6029,2037.29,1802,608.17,1988,671.88,399,135.31,646,217.57,500,168.15,0,0.0,-2007,-676.45
301505.SZ,20260403,10271,2176.87,11697,2479.42,6090,1292.48,4346,921.77,1854,393.21,2207,468.78,700,148.33,665,140.91,-2119,-448.3
301507.SZ,20260403,33807,4789.82,24315,3444.91,8525,1208.99,14388,2039.37,2770,392.93,6399,907.46,0,0.0,0,0.0,-3128,-441.95
301508.SZ,20260403,5834,1668.24,6020,1723.6,3342,956.49,2703,772.84,932,268.24,1385,396.52,0,0.0,0,0.0,-1748,-502.16
301509.SZ,20260403,33723,14208.86,23227,9804.78,34926,14742.63,36618,15461.38,25794,10904.55,32851,13863.62,7358,3101.54,9106,3827.79,-10345,-4351.47
301510.SZ,20260403,12731,3791.69,12277,3655.5,9413,2801.17,8953,2666.5,5980,1777.23,5267,1566.45,1368,407.65,2996,889.29,-4635,-1375.43
301511.SZ,20260403,67910,26059.12,70412,27068.56,55208,21228.28,59585,22872.45,36955,14198.91,30884,11874.59,16000,6147.34,15193,5818.05,6988,2724.95
301512.SZ,20260403,3935,1719.0,3560,1555.44,1143,498.75,1290,563.12,63,27.3,291,126.49,0,0.0,0,0.0,-243,-105.36
301515.SZ,20260403,16204,3504.26,17008,3674.6,4505,973.85,4074,883.84,1084,235.13,609,132.57,498,108.56,600,130.8,-2065,-447.53
301516.SZ,20260403,56016,10755.37,51213,9857.85,52710,10157.64,45250,8709.03,23696,4570.53,32102,6179.73,1279,245.12,5135,982.05,-11547,-2216.39
301517.SZ,20260403,15316,8225.75,11412,6143.4,7672,4124.68,9140,4909.53,4312,2316.22,6066,3250.91,635,337.6,1317,700.41,1119,598.74
301518.SZ,20260403,9862,3739.89,5085,1930.4,4099,1556.63,6769,2568.05,3077,1166.85,5568,2108.96,749,283.12,365,139.07,829,311.32
301519.SZ,20260403,21551,2876.63,24533,3273.55,10598,1416.72,8623,1151.78,2721,364.57,1714,232.59,0,0.0,0,0.0,-8988,-1196.73
301520.SZ,20260403,7563,3311.03,5999,2625.51,3100,1358.58,3717,1630.15,1251,548.53,1966,861.86,0,0.0,232,100.62,-540,-236.15
301522.SZ,20260403,18527,5583.5,11820,3566.03,12175,3661.64,11312,3408.29,7624,2292.14,9744,2929.05,4938,1477.26,10388,3111.17,1560,463.54
301525.SZ,20260403,3274,2214.18,1769,1197.94,2809,1900.81,3073,2078.46,823,556.37,1816,1227.53,163,109.37,412,276.81,-868,-587.61
301526.SZ,20260403,366174,41186.86,398303,44897.98,350262,39505.61,371899,41895.22,226912,25619.37,203333,22937.5,57791,6523.76,27604,3104.89,-49639,-5383.56
301528.SZ,20260403,2154,1297.01,2133,1286.28,957,576.59,834,502.46,403,242.36,547,327.22,0,0.0,0,0.0,-230,-136.32
301529.SZ,20260403,8577,9443.44,7755,8555.45,5843,6443.85,5258,5803.64,4856,5358.54,5228,5745.68,1415,1559.85,2450,2700.91,391,434.63
301533.SZ,20260403,5636,1752.83,4757,1481.0,2846,885.26,2675,831.94,924,289.02,1974,614.17,0,0.0,0,0.0,1018,312.91
301535.SZ,20260403,11363,2232.4,8516,1673.83,5850,1148.3,6096,1196.71,1470,288.12,4071,798.28,0,0.0,0,0.0,1107,216.39
301536.SZ,20260403,14441,9816.15,15804,10754.64,12861,8754.08,10582,7202.7,5985,4066.28,6989,4749.73,951,651.63,862,581.07,-6071,-4128.72
301538.SZ,20260403,3861,2928.74,5085,3860.18,3632,2757.7,2340,1775.29,791,600.31,859,651.28,0,0.0,0,0.0,222,170.03
301539.SZ,20260403,7171,1315.08,7034,1290.19,4073,746.93,4598,842.69,1365,250.48,977,179.61,0,0.0,0,0.0,-2953,-539.64
301548.SZ,20260403,7108,4584.22,6710,4334.44,2595,1676.1,2799,1803.2,1731,1116.65,1926,1240.02,364,233.76,363,233.07,484,310.97
301550.SZ,20260403,11019,17569.72,10391,16617.39,14932,23859.87,14903,23825.25,11143,17832.11,11401,18191.64,3318,5315.69,3716,5943.1,3770,6067.61
301551.SZ,20260403,12670,3465.68,8146,2232.53,9412,2573.08,11951,3268.94,4097,1121.08,5553,1516.27,368,101.52,896,243.63,-3855,-1061.36
301552.SZ,20260403,3754,1369.63,3529,1287.31,1813,660.77,1484,540.19,121,43.86,748,272.82,72,26.06,0,0.0,-558,-203.91
301555.SZ,20260403,9158,2895.53,9060,2867.36,4657,1471.96,5019,1584.44,2987,942.17,2640,831.74,0,0.0,83,26.12,-1489,-469.04
301556.SZ,20260403,6686,5398.71,5035,4066.96,5831,4713.82,5354,4327.09,1984,1600.08,3757,3028.5,0,0.0,356,290.06,-3400,-2736.11
301557.SZ,20260403,1993,1922.2,2078,2002.97,1867,1798.79,2126,2050.62,1191,1147.42,847,814.82,0,0.0,0,0.0,-337,-324.43
301558.SZ,20260403,34511,2703.49,35801,2804.18,21505,1679.87,17373,1359.44,4508,352.89,5731,445.83,1381,108.13,3000,234.92,-10005,-782.43
301559.SZ,20260403,10971,1689.69,8931,1377.07,7286,1122.1,5612,863.99,3439,529.23,7153,1099.96,0,0.0,0,0.0,-3214,-499.81
301560.SZ,20260403,7337,2818.61,12602,4842.37,11560,4439.72,8852,3406.39,5746,2219.58,3452,1329.61,955,366.28,693,265.83,606,232.46
301563.SZ,20260403,3914,5251.41,3778,5072.97,3674,4933.77,3070,4127.52,1442,1940.56,1792,2406.42,243,323.45,633,842.27,-1610,-2164.71
301565.SZ,20260403,7145,1475.49,7143,1477.03,5307,1097.81,4423,912.93,1305,269.68,2191,453.03,0,0.0,0,0.0,-1704,-352.71
301566.SZ,20260403,23586,4486.54,19282,3667.73,17481,3323.12,18917,3597.13,9255,1758.8,11868,2257.43,2255,427.59,2510,473.76,-3318,-625.62
301567.SZ,20260403,5258,2111.18,4672,1875.79,2446,981.6,2553,1025.47,755,302.17,892,357.27,389,155.17,731,291.6,-1034,-415.63
301568.SZ,20260403,14077,7058.66,20111,10088.88,16704,8387.64,14002,7019.75,10740,5380.55,7852,3936.85,1671,837.67,1228,619.03,-1309,-669.66
301571.SZ,20260403,13818,9222.39,17568,11733.77,15108,10097.89,14150,9452.95,10999,7349.13,9012,6022.17,4789,3202.53,3983,2663.05,-1148,-763.83
301575.SZ,20260403,1680,734.14,1640,717.54,1765,770.87,1588,694.09,1263,552.97,1661,725.86,181,79.5,0,0.0,-51,-22.59
301577.SZ,20260403,6145,3728.11,6157,3729.6,2256,1365.91,2461,1493.73,927,559.07,710,429.77,0,0.0,0,0.0,-1673,-1011.96
301578.SZ,20260403,5744,1821.02,5769,1829.25,1812,573.53,2064,654.45,800,255.74,523,166.59,0,0.0,0,0.0,-1158,-368.61
301580.SZ,20260403,12382,8653.5,13755,9610.58,7883,5520.94,6974,4879.03,5031,3518.0,6357,4453.59,2853,1994.44,1063,743.67,-4111,-2859.2
301581.SZ,20260403,1712,751.2,1720,754.88,1493,652.9,1121,490.9,383,167.37,532,232.66,0,0.0,215,93.03,-801,-351.9
301584.SZ,20260403,20671,5820.91,28093,7958.1,30262,8545.04,31052,8787.83,26269,7466.37,19705,5564.93,4034,1155.22,2386,676.68,-4644,-1265.09
301585.SZ,20260403,2601,705.55,2726,739.96,1750,474.18,1974,534.08,812,219.77,464,125.46,0,0.0,0,0.0,-1545,-419.17
301586.SZ,20260403,2614,1073.43,2181,895.2,2438,999.19,2299,942.41,1037,424.44,1291,529.51,0,0.0,318,129.95,-1235,-505.22
301587.SZ,20260403,34812,8767.02,24160,6087.96,23681,5981.44,26454,6677.87,10866,2733.34,18765,4722.84,1000,250.49,979,243.62,-6437,-1613.99
301588.SZ,20260403,15976,3280.5,14970,3075.55,7396,1517.0,7048,1449.77,4427,909.14,4141,851.88,1023,212.78,2663,542.21,1717,345.65
301589.SZ,20260403,1929,3017.55,1452,2271.8,1555,2432.3,1335,2087.62,733,1144.97,1330,2079.36,361,563.72,461,719.77,-332,-516.21
301590.SZ,20260403,1050,1711.95,1114,1817.48,959,1563.51,908,1480.54,295,481.47,282,458.9,0,0.0,0,0.0,-319,-517.06
301591.SZ,20260403,5444,2197.07,4260,1719.72,3425,1380.0,3030,1221.56,1202,484.41,2216,893.08,258,104.28,823,331.4,1109,446.75
301592.SZ,20260403,1458,1635.01,1562,1751.68,1570,1759.03,1688,1891.77,677,758.29,874,977.77,419,468.88,0,0.0,-1274,-1426.73
301595.SZ,20260403,8757,4575.09,4388,2291.38,4519,2360.89,5478,2864.1,4478,2335.04,5922,3095.39,285,145.35,2251,1165.51,1219,632.2
301596.SZ,20260403,5436,3691.93,4735,3216.97,4777,3242.22,3564,2423.44,2316,1569.66,2079,1414.12,0,0.0,2151,1449.29,-3723,-2519.9
301598.SZ,20260403,2216,1284.62,1743,1010.92,1652,956.73,1954,1131.38,339,196.82,510,295.87,0,0.0,0,0.0,1,-1.39
301600.SZ,20260403,2307,2266.75,1812,1780.22,1851,1818.36,1882,1848.29,991,972.23,1183,1161.92,0,0.0,272,266.91,-457,-446.92
301601.SZ,20260403,8802,1973.05,8982,2018.25,5793,1300.21,5840,1310.6,1736,388.62,1614,361.62,1665,379.08,1560,350.51,-460,-103.91
301602.SZ,20260403,5810,1144.92,5485,1081.73,2377,467.69,2351,462.79,1033,204.13,1384,272.21,0,0.0,0,0.0,-256,-52.22
301603.SZ,20260403,4966,3474.03,4029,2819.28,4252,2975.0,4148,2902.79,2250,1575.24,2508,1757.65,962,676.12,1745,1220.67,-1162,-805.8
301606.SZ,20260403,12487,8537.05,12492,8545.54,10726,7329.28,10474,7162.33,6904,4727.79,6492,4434.49,534,364.89,1194,816.65,-1483,-1010.32
301607.SZ,20260403,13686,6266.95,14581,6681.86,12112,5560.49,10571,4859.02,7117,3268.38,7224,3312.31,779,355.35,1319,597.97,-517,-227.78
301608.SZ,20260403,2574,2081.09,2312,1869.38,1840,1487.12,1643,1329.13,418,337.2,878,707.7,1,0.8,0,0.0,-238,-191.67
301609.SZ,20260403,13816,6209.85,7895,3561.37,16173,7270.5,16459,7408.65,8238,3701.28,13655,6129.42,1550,701.25,1770,783.44,-3813,-1734.28
301611.SZ,20260403,31025,27959.46,27652,24932.08,14045,12663.93,15701,14157.58,7685,6927.55,7815,7031.83,1060,954.2,2647,2383.65,-1159,-1010.86
301613.SZ,20260403,2384,1075.6,2801,1264.13,3135,1414.72,3382,1527.9,3000,1355.24,1900,856.87,0,0.0,437,196.65,-25,-12.04
301616.SZ,20260403,1878,856.48,2034,928.25,1763,804.99,1682,767.67,556,253.43,480,218.97,0,0.0,0,0.0,-1486,-676.03
301617.SZ,20260403,10559,5608.41,7504,3986.5,4583,2435.79,5973,3171.79,2619,1385.32,4497,2382.86,663,351.07,450,239.42,-788,-423.45
301618.SZ,20260403,1610,756.71,1572,741.05,1176,552.8,1389,652.75,318,149.64,538,252.65,394,187.3,0,0.0,-930,-438.74
301622.SZ,20260403,3491,2123.17,3170,1928.49,3381,2055.14,3240,1972.03,2053,1246.22,2303,1400.28,915,561.11,1127,684.85,-1706,-1028.42
301626.SZ,20260403,5675,13791.94,7352,18109.33,6949,17066.08,8128,20015.51,10688,26447.55,9757,24068.85,9356,23153.93,7431,18265.81,-1090,-2281.27
301628.SZ,20260403,4444,4427.24,5084,5072.04,4624,4615.31,4280,4274.02,2260,2259.84,1635,1630.95,101,101.64,430,427.02,-990,-978.96
301629.SZ,20260403,2090,4865.72,1636,3811.26,1787,4162.4,2074,4826.59,728,1696.77,891,2076.49,107,250.18,111,260.73,-166,-385.27
301630.SZ,20260403,2048,3548.07,3187,5542.3,2468,4290.35,2649,4601.28,2293,4002.38,987,1718.4,169,292.62,154,271.45,1009,1767.32
301631.SZ,20260403,2545,2129.9,2359,1976.45,1772,1483.19,1998,1672.27,1594,1335.37,1409,1179.06,5,4.18,150,124.86,-450,-377.34
301632.SZ,20260403,12676,2504.02,9397,1856.6,8983,1774.23,11266,2224.52,4791,943.5,5138,1013.07,0,0.0,649,127.57,-7345,-1453.13
301633.SZ,20260403,1178,701.55,1115,663.88,1077,640.74,1146,682.15,35,20.82,229,136.08,200,119.0,0,0.0,-720,-428.21
301636.SZ,20260403,9880,6318.12,6379,4085.11,4866,3118.33,7194,4604.03,2382,1524.2,3355,2147.3,200,129.62,400,253.83,-250,-170.91
301638.SZ,20260403,79677,20495.96,82096,21131.02,74046,19062.0,71413,18398.56,51374,13222.4,52885,13605.11,16476,4249.39,15180,3895.06,-9318,-2311.56
301656.SZ,20260403,27339,5672.97,20384,4233.42,25792,5352.82,28302,5874.81,14761,3066.35,17795,3692.55,1631,339.48,3041,630.85,-4809,-995.06
301658.SZ,20260403,57917,24101.67,25996,10817.02,30951,12892.4,49436,20570.88,18021,7495.87,29049,12105.1,3953,1658.56,6362,2655.51,-9856,-4126.88
301662.SZ,20260403,2292,3018.99,2420,3185.46,1380,1818.28,1673,2202.52,754,990.78,795,1048.26,462,608.19,0,0.0,-997,-1310.91
301665.SZ,20260403,7959,2043.42,6362,1633.55,5828,1495.45,6216,1595.8,3913,1002.85,5122,1312.38,0,0.0,0,0.0,-3458,-886.43
301667.SZ,20260403,13542,10971.14,7212,5851.5,10759,8726.92,13765,11160.88,5961,4833.87,7482,6065.65,1386,1123.32,3189,2577.21,216,159.37
301668.SZ,20260403,5139,2502.69,7110,3463.53,5263,2563.95,4627,2254.95,3600,1755.84,2455,1197.54,450,220.12,260,126.57,-3105,-1507.94
301678.SZ,20260403,8792,5241.16,11235,6715.47,9703,5797.87,10184,6080.09,5085,3047.03,3035,1816.43,1400,836.62,526,310.71,-3326,-1966.28
301680.SZ,20260403,8828,8649.89,7587,7451.25,7809,7667.86,7976,7818.07,4183,4105.38,5464,5356.33,835,817.5,629,614.97,-1291,-1256.81
301682.SZ,20260403,11668,12580.14,9681,10460.95,16907,18231.7,17994,19406.69,12374,13337.3,13072,14081.67,5575,6026.39,5777,6226.23,-5284,-5703.12
301683.SZ,20260403,22358,25470.59,15858,18104.84,26733,30437.84,28509,32457.46,15045,17122.28,18927,21563.03,3614,4210.85,4455,5116.23,-8352,-9410.85
301687.SZ,20260403,6280,3146.23,4691,2351.42,6809,3411.78,7295,3653.04,2561,1282.63,3070,1539.28,0,0.0,594,296.91,-2343,-1173.81
302132.SZ,20260403,13228,8751.43,8236,5453.84,12226,8089.55,12151,8042.45,6592,4361.13,8735,5774.55,1028,680.06,3952,2611.33,1617,1070.98
600000.SH,20260403,188376,19096.56,198765,20148.21,146517,14856.02,137579,13950.1,54039,5479.49,53430,5420.13,22586,2289.13,21744,2202.76,-42027,-4250.26
600004.SH,20260403,34100,3047.32,33714,3012.52,21201,1893.24,14735,1316.71,3934,351.28,10786,962.6,0,0.0,0,0.0,-13737,-1225.23
600006.SH,20260403,51206,3184.09,50479,3138.6,32172,2001.26,33963,2111.63,14733,915.49,10613,660.82,0,0.0,3056,189.79,-28284,-1756.33
600007.SH,20260403,23874,5043.91,22716,4798.51,7135,1507.96,6290,1329.97,319,67.26,2322,490.65,0,0.0,0,0.0,5518,1167.93
600008.SH,20260403,285814,8799.55,334131,10280.61,206161,6345.34,230518,7092.57,207676,6386.18,164315,5057.82,72905,2242.76,43592,1342.83,-115004,-3518.09
600009.SH,20260403,19104,5291.33,18642,5163.43,12501,3463.62,11508,3188.1,5820,1612.06,7011,1941.9,658,182.6,923,256.19,-6089,-1685.64
600010.SH,20260403,5399605,144719.44,5471634,146538.61,4290288,114892.66,4298533,115104.34,2976092,79631.35,3122450,83550.13,1608866,42969.7,1382235,37020.08,2223064,60258.62
600011.SH,20260403,333156,23028.53,354810,24525.87,251423,17386.73,240539,16635.57,145344,10046.98,134084,9266.76,46908,3242.08,47397,3276.11,-251053,-17343.99
600012.SH,20260403,50237,7539.05,52181,7829.31,18467,2763.41,15334,2294.26,3359,505.18,4548,684.08,0,0.0,0,0.0,-6425,-956.16
600015.SH,20260403,339217,25048.74,341200,25193.49,254626,18809.3,283542,20945.7,134670,9947.8,134641,9950.14,98737,7303.13,67866,5019.64,-10807,-779.62
600016.SH,20260403,631411,23586.85,685859,25608.35,472890,17665.81,524097,19569.67,464349,17346.94,431228,16111.83,377015,14072.07,304482,11381.82,-679794,-25334.18
600017.SH,20260403,263903,8152.33,296138,9138.39,225768,6989.08,200514,6211.75,96610,2987.55,84629,2625.41,28147,876.38,33147,1029.8,-99118,-2997.96
600018.SH,20260403,192831,9694.61,228894,11505.54,132401,6656.78,129952,6534.42,84851,4267.88,79102,3977.48,38895,1953.4,11030,555.24,-152050,-7643.43
600019.SH,20260403,213429,13684.95,214881,13774.27,144461,9261.18,148112,9495.74,70544,4519.3,85536,5484.21,33593,2152.41,13497,863.62,3167,226.03
600020.SH,20260403,58138,2213.99,70969,2702.44,21636,822.93,25965,990.46,21502,821.41,7342,279.43,3000,114.0,0,0.0,-39797,-1514.52
600021.SH,20260403,183375,31782.97,164024,28431.97,121909,21139.85,121820,21128.52,34238,5934.82,48071,8331.54,12491,2165.22,18098,3130.83,-3493,-583.51
600022.SH,20260403,430690,6413.19,505545,7522.96,344334,5124.36,370684,5519.66,292520,4356.67,220579,3289.43,75780,1133.66,46515,695.83,-258714,-3844.18
600023.SH,20260403,326397,17756.64,310842,16906.21,176228,9581.95,165009,8975.85,66591,3615.19,91967,4999.74,30828,1672.12,32227,1744.1,57914,3163.94
600025.SH,20260403,106165,10317.71,122276,11881.34,63078,6129.66,55698,5413.28,22248,2161.69,20434,1986.0,6926,672.44,9,0.87,-12113,-1171.85
600026.SH,20260403,382324,96489.59,393644,99367.18,256975,65012.83,259658,65741.64,178104,45062.15,169357,42879.74,109264,27717.03,104007,26293.03,-22734,-5646.55
600027.SH,20260403,399010,18263.47,479395,21945.36,382261,17507.71,392578,17977.09,242331,11087.61,204259,9349.82,125793,5759.96,73164,3346.49,-494849,-22667.0
600028.SH,20260403,564775,33126.48,561117,32896.83,564373,33122.47,547200,32119.34,334652,19656.42,331713,19476.59,120605,7071.7,144375,8484.31,-272953,-15980.44
600029.SH,20260403,302026,17177.0,354084,20124.66,203124,11551.45,190317,10825.91,121528,6909.75,84114,4789.25,39395,2240.52,37559,2138.9,-114360,-6474.27
600030.SH,20260403,220868,53190.8,208181,50123.77,231332,55733.8,211928,51054.6,179457,43231.26,207123,49892.17,78576,18923.82,83002,20009.15,-70343,-16827.8
600031.SH,20260403,230580,46152.37,242620,48545.93,160952,32249.22,166586,33382.82,67528,13548.33,65077,13059.77,38260,7654.82,23038,4616.22,-66247,-13156.37
600032.SH,20260403,286148,25910.06,272182,24646.69,192325,17441.53,194868,17677.12,104386,9464.12,109696,9928.04,29378,2649.4,35491,3213.26,-79986,-7194.51
600033.SH,20260403,156444,5797.17,171072,6337.05,85360,3165.75,79668,2953.95,40356,1496.05,31078,1153.16,2700,100.17,3042,114.99,-76840,-2841.76
600035.SH,20260403,49759,1902.71,65154,2490.72,26664,1019.36,19772,755.89,11549,441.14,5791,221.18,2745,104.58,0,0.0,-35619,-1360.51
600036.SH,20260403,173252,68476.0,160778,63535.89,129449,51176.3,154415,61042.17,80988,32008.62,109627,43325.74,80796,31935.29,39666,15692.41,-110824,-43729.15
600037.SH,20260403,54375,3916.81,56142,4048.62,38036,2737.69,32209,2317.43,17373,1248.91,13883,996.76,2044,145.53,9594,686.13,-10012,-727.69
600038.SH,20260403,21006,7033.06,18204,6093.86,11674,3907.36,10641,3561.3,6543,2189.8,9126,3055.83,0,0.0,1252,419.23,892,303.17
600039.SH,20260403,105575,10122.25,113453,10874.69,38276,3670.81,30713,2949.1,17534,1682.83,23117,2220.07,6844,659.08,946,91.1,-9790,-933.46
600048.SH,20260403,408620,22797.01,401928,22421.07,410362,22898.59,417796,23309.46,294009,16403.3,277867,15509.6,123373,6865.96,138773,7724.73,-494413,-27526.0
600050.SH,20260403,382507,17050.08,420303,18724.76,404834,18043.14,454102,20231.77,265152,11813.24,276886,12340.72,372209,16570.88,273410,12180.09,172387,7716.81
600051.SH,20260403,33084,2459.13,38237,2842.74,14761,1098.6,12378,922.57,5096,380.84,2326,173.26,0,0.0,0,0.0,-14681,-1091.2
600052.SH,20260403,61814,2365.96,65206,2496.22,22495,863.49,19757,757.76,8537,327.72,4259,163.29,0,0.0,3624,139.89,-11592,-445.19
600053.SH,20260403,23571,3531.6,25286,3787.53,10040,1504.45,10638,1595.18,4806,721.04,3490,523.13,997,148.75,0,0.0,-2456,-357.61
600054.SH,20260403,46316,5953.67,47310,6083.1,21709,2793.2,20023,2573.26,10668,1369.7,7144,918.12,0,0.0,4217,542.09,-8869,-1136.73
600055.SH,20260403,15304,2241.28,15412,2257.13,8638,1263.85,8095,1184.38,3877,566.63,4312,630.24,0,0.0,0,0.0,-4327,-632.6
600056.SH,20260403,331322,37291.21,498854,56705.27,325571,36831.86,547690,62546.01,259676,29570.7,370580,42485.14,652187,75502.06,151631,17459.4,-524894,-61182.18
600057.SH,20260403,86099,6896.89,83298,6672.24,28593,2293.59,28485,2284.98,4675,373.32,7584,606.58,0,0.0,0,0.0,3018,248.78
600058.SH,20260403,46664,5038.25,46598,5033.76,13842,1492.65,12231,1321.35,9000,975.49,7086,766.39,1000,107.5,4590,492.39,-10865,-1174.18
600059.SH,20260403,35217,3128.89,36653,3257.91,22239,1974.85,19470,1729.72,10740,952.41,10316,912.32,19,1.68,1776,157.89,-10005,-891.42
600060.SH,20260403,35804,8062.13,41890,9428.26,19281,4339.84,18915,4257.47,12595,2834.68,7563,1705.21,2294,515.1,1606,360.81,-17915,-4029.51
600061.SH,20260403,155007,10526.07,195455,13275.63,116888,7940.64,106140,7209.55,89882,6110.32,55026,3734.19,16194,1091.14,21350,1448.8,-81919,-5576.69
600062.SH,20260403,55669,10388.89,51040,9524.25,30120,5620.14,35001,6532.36,16906,3153.56,16182,3017.74,1175,218.76,1647,306.99,-15706,-2924.13
600063.SH,20260403,139940,9171.45,149195,9773.59,84833,5556.02,81121,5314.03,36971,2418.78,29394,1926.02,10284,676.37,12317,808.98,-44334,-2889.34
600064.SH,20260403,60309,4959.47,63138,5191.72,36431,2994.37,42360,3482.15,22414,1841.21,17134,1408.03,3477,286.85,0,0.0,-33354,-2741.75
600066.SH,20260403,147043,54943.2,152959,57155.59,95676,35760.19,100396,37527.39,49588,18557.74,44650,16709.82,18324,6843.75,12625,4712.06,-4364,-1629.5
600067.SH,20260403,149392,5624.75,151727,5714.23,68587,2580.28,47708,1795.59,44401,1669.42,35197,1323.96,2987,112.61,30734,1153.28,-35156,-1326.84
600071.SH,20260403,50475,10172.76,54511,11016.49,40680,8257.65,48326,9885.61,21644,4432.05,30127,6213.22,25635,5365.53,5470,1112.67,-17277,-3691.33
600072.SH,20260403,136401,16253.26,141085,16807.97,100797,12009.69,102699,12244.55,50723,6040.41,43542,5178.8,7104,842.48,7699,914.51,-70257,-8367.5
600073.SH,20260403,27192,1585.82,31411,1832.68,24133,1407.84,21184,1235.82,8847,516.54,7577,441.7,0,0.0,0,0.0,-12282,-716.36
600075.SH,20260403,343329,20635.26,318762,19155.21,199298,11965.12,238779,14357.23,99619,5991.78,86290,5179.98,17996,1087.7,16410,987.44,-40661,-2368.61
600076.SH,20260403,81147,2768.2,90087,3072.46,39498,1347.31,31943,1090.01,24996,852.92,23122,789.39,0,0.0,489,16.58,-18985,-641.33
600078.SH,20260403,81543,8965.78,82020,9025.0,37269,4096.06,38197,4196.94,19879,2190.52,16638,1831.12,1980,219.34,3816,418.65,-2219,-236.99
600079.SH,20260403,26946,5060.62,30456,5720.19,38847,7296.02,41377,7771.76,30206,5677.62,25578,4808.14,6622,1244.85,5210,979.02,-31855,-5979.24
600080.SH,20260403,50880,4342.46,52950,4516.8,29591,2525.75,26476,2260.53,18628,1588.88,20549,1752.94,2159,183.52,1283,110.34,-10682,-903.85
600081.SH,20260403,11394,1250.22,10233,1122.66,2824,309.31,3851,422.18,851,93.38,1962,216.37,1000,110.8,23,2.51,-3734,-410.33
600082.SH,20260403,177982,5809.68,211048,6891.5,76222,2492.34,55572,1820.94,29243,960.37,16827,549.95,0,0.0,0,0.0,-69241,-2260.73
600084.SH,20260403,31209,2120.44,36200,2459.83,16992,1153.64,13553,921.55,8651,590.89,5025,343.17,0,0.0,2074,140.41,-5516,-376.74
600085.SH,20260403,37044,10325.48,33291,9278.34,17488,4872.35,20979,5846.61,7434,2071.01,12869,3583.35,8806,2449.2,3633,1009.73,-13291,-3698.04
600088.SH,20260403,15953,2240.99,16363,2299.48,8421,1181.06,7606,1066.32,3462,485.78,3868,542.03,0,0.0,0,0.0,-4382,-616.88
600089.SH,20260403,614732,157912.13,530932,136424.36,432745,111261.67,425027,109274.49,280738,72227.4,302635,77796.74,120174,30834.25,189794,48739.86,-80424,-20674.05
600094.SH,20260403,288660,12401.84,340980,14630.54,155619,6697.14,122811,5304.0,56264,2424.11,33278,1448.8,2542,113.22,6015,252.98,21710,967.73
600095.SH,20260403,70674,6461.98,69600,6364.5,39184,3581.38,38847,3550.29,21256,1940.08,17590,1606.93,5474,499.17,10551,960.88,-23284,-2125.62
600096.SH,20260403,274786,86609.98,250782,79031.53,183054,57757.8,201591,63577.9,97857,30852.26,105191,33190.53,41322,13017.17,39456,12437.26,-31964,-10047.8
600097.SH,20260403,27476,2884.01,32066,3366.49,12412,1306.53,9611,1010.55,4866,508.31,3748,392.07,671,70.25,0,0.0,-9329,-983.19
600098.SH,20260403,179030,12483.63,175929,12265.46,124245,8655.84,127462,8880.72,60942,4239.3,70403,4900.75,29738,2068.86,20161,1400.71,-78380,-5461.91
600099.SH,20260403,43249,4641.02,47795,5130.96,15709,1689.27,11397,1224.18,2952,316.67,2718,291.82,0,0.0,0,0.0,-10284,-1102.84
600100.SH,20260403,161678,12583.84,155489,12101.95,99610,7755.24,116267,9052.48,47763,3718.47,38707,3011.98,1412,108.87,0,0.0,-15041,-1146.04
600101.SH,20260403,272599,25131.88,294699,27154.4,187452,17292.36,180582,16667.39,76340,7034.74,60646,5602.47,20647,1903.31,21111,1938.04,-144469,-13193.29
600103.SH,20260403,266615,9143.16,288948,9907.44,138924,4767.35,138029,4736.69,54925,1883.54,40930,1404.64,11934,408.96,4491,154.25,-117981,-4038.09
600104.SH,20260403,175018,24772.05,185736,26287.29,144067,20390.76,134360,19016.62,85369,12081.97,94131,13320.53,35118,4960.13,25344,3580.47,-83855,-11841.98
600105.SH,20260403,693832,217535.73,688423,215845.32,505555,158613.21,501948,157484.9,317324,99624.44,342631,107467.58,160733,50324.59,144442,45300.17,52164,16746.48
600106.SH,20260403,110464,6206.71,158771,9029.7,88672,5007.98,135480,7753.25,65933,3788.92,73342,4230.05,102523,6009.39,0,0.0,-83038,-4937.68
600107.SH,20260403,19847,1183.06,20368,1213.74,19310,1145.5,18033,1071.44,6380,378.08,7136,421.46,0,0.0,0,0.0,-15213,-902.57
600108.SH,20260403,569362,24737.68,561486,24387.32,280437,12189.78,244746,10643.03,113610,4949.12,143461,6241.81,37835,1634.5,51550,2238.93,-143692,-6223.58
600109.SH,20260403,69846,5802.33,66602,5531.02,49422,4106.56,48384,4016.96,36021,2988.58,32634,2707.54,4749,394.73,12418,1036.68,-24404,-2007.99
600110.SH,20260403,840674,75054.6,871122,77757.63,638014,56944.64,673240,60056.29,352565,31445.13,333621,29770.24,95144,8454.39,48414,4314.61,-335835,-29939.02
600111.SH,20260403,159735,76408.29,166261,79527.77,154405,73867.03,154566,73938.57,87421,41797.04,81457,38959.22,21287,10182.15,20564,9828.95,-7869,-3590.35
600113.SH,20260403,25306,11762.08,19945,9278.46,17738,8233.22,14151,6585.35,11407,5288.38,9021,4189.15,5765,2665.87,17099,7896.6,14335,6613.24
600114.SH,20260403,32502,8885.53,27578,7542.15,17392,4755.87,17996,4919.46,11090,3032.59,13655,3734.54,2569,703.54,4324,1181.37,4192,1147.29
600115.SH,20260403,669380,28648.99,667631,28562.47,452454,19371.15,418138,17910.2,296595,12689.75,227788,9751.65,148326,6347.48,253198,10833.04,-51555,-2169.69
600116.SH,20260403,178917,11669.44,191266,12477.7,116089,7568.17,101937,6649.42,54338,3543.86,41011,2673.15,3584,233.83,18714,1215.04,-88735,-5782.34
600117.SH,20260403,72063,1847.5,77306,1980.52,27109,694.04,29194,747.73,20678,528.66,13350,341.95,0,0.0,0,0.0,-39218,-1003.75
600118.SH,20260403,118035,92095.69,113661,88725.46,88794,69305.48,87789,68512.96,48158,37572.52,49392,38564.37,25956,20116.1,30102,23287.0,-25363,-19531.08
600119.SH,20260403,36120,2090.77,38179,2209.25,16104,931.9,13424,778.54,4150,238.56,4771,273.45,0,0.0,0,0.0,-9830,-567.08
600120.SH,20260403,115108,6372.95,123502,6834.61,71436,3954.62,74201,4110.41,44292,2453.16,39467,2186.08,10478,579.47,4143,229.11,-18476,-1014.47
600121.SH,20260403,449509,19205.8,459311,19617.29,331334,14148.94,350301,14964.92,196025,8382.09,174495,7461.94,30203,1289.32,22963,982.0,-235292,-10066.44
600123.SH,20260403,176595,11087.31,172008,10799.34,131722,8276.13,135311,8503.81,62304,3909.17,75501,4742.96,31831,2002.12,19632,1228.62,-63061,-3969.97
600125.SH,20260403,162517,11147.1,169254,11607.01,67984,4663.9,67461,4629.81,35202,2416.36,32154,2207.92,4735,324.85,1569,107.48,-1595,-99.11
600126.SH,20260403,412353,35711.91,462939,40081.9,282593,24493.23,265867,23066.39,153324,13293.41,118980,10312.22,19574,1707.7,20058,1745.74,-70439,-6019.48
600127.SH,20260403,305681,22153.13,304353,22056.76,143788,10444.7,137369,9981.69,57385,4169.26,64820,4703.57,5244,377.28,5556,402.35,-79250,-5710.67
600128.SH,20260403,32710,3436.6,36164,3797.47,13316,1398.54,8467,889.31,3254,342.62,4649,490.98,0,0.0,0,0.0,-2066,-212.08
600129.SH,20260403,43309,7186.16,38646,6413.65,20753,3444.3,19536,3241.38,7627,1263.68,10414,1726.14,0,0.0,3093,512.97,-4009,-662.89
600130.SH,20260403,47634,2006.9,48124,2026.13,51844,2182.95,58427,2462.9,22933,972.66,15860,673.46,0,0.0,0,0.0,-34251,-1445.11
600131.SH,20260403,96650,17211.8,94725,16891.61,60819,10837.95,58064,10346.01,24854,4421.83,28410,5040.52,12794,2256.63,13918,2450.07,16292,2906.14
600132.SH,20260403,14848,8567.97,16859,9725.09,11158,6442.74,9995,5773.34,5416,3127.21,4754,2749.43,1052,608.72,866,498.78,-4210,-2431.46
600133.SH,20260403,50994,4381.83,58707,5043.01,43131,3703.75,42392,3640.69,20865,1790.44,20851,1790.25,9091,781.31,2130,183.38,-22046,-1887.13
600135.SH,20260403,185506,18021.77,198100,19224.84,109633,10649.48,104993,10175.65,44199,4287.47,45943,4486.52,14386,1393.24,4688,464.95,-55322,-5377.37
600136.SH,20260403,156297,2818.78,151507,2729.57,172187,3106.83,173500,3130.52,73771,1328.91,77248,1394.42,0,0.0,0,0.0,-45682,-808.3
600137.SH,20260403,25162,5254.47,27118,5660.98,9949,2076.13,9383,1958.74,3509,733.64,2610,546.51,491,101.98,0,0.0,-913,-190.04
600138.SH,20260403,30199,2742.59,29003,2634.79,21513,1953.89,22590,2050.9,9735,883.03,11492,1042.64,3298,299.7,1660,150.88,-15241,-1385.74
600141.SH,20260403,110578,35242.03,94235,30037.72,68660,21874.64,80748,25719.53,31737,10110.08,30245,9649.08,11372,3623.61,17119,5444.03,-2523,-795.07
600143.SH,20260403,196587,31351.83,186634,29766.55,131833,21031.01,131784,21024.76,54906,8757.55,67105,10707.73,11870,1897.07,9672,1538.41,-80138,-12779.44
600148.SH,20260403,10923,1921.43,11406,2006.34,2559,450.58,2083,367.26,157,27.74,150,26.15,0,0.0,0,0.0,-766,-134.7
600149.SH,20260403,266913,15981.75,266764,15966.91,152837,9168.32,156584,9450.53,64267,3928.1,61943,3749.9,3274,211.17,2000,122.0,-47471,-2741.89
600150.SH,20260403,149479,45737.69,143539,43919.22,121052,37050.31,109405,33496.75,69364,21241.96,71278,21826.12,24689,7550.07,40361,12337.94,-43373,-13240.78
600151.SH,20260403,170218,21761.52,163629,20927.79,86967,11111.83,82599,10558.4,38766,4953.66,50002,6379.45,11139,1423.28,10860,1384.64,-29705,-3792.51
600152.SH,20260403,278529,27101.32,285822,27810.1,149941,14619.19,139285,13588.89,76747,7492.29,69002,6739.05,51166,4948.19,62274,6022.95,-13755,-1216.15
600153.SH,20260403,80415,7072.56,81647,7181.51,52152,4582.89,51785,4545.22,18178,1599.32,14391,1266.54,2702,235.2,5624,496.68,-25397,-2216.71
600155.SH,20260403,75282,4693.88,74814,4661.25,76395,4764.76,80821,5040.19,60227,3752.82,42994,2679.04,15262,949.51,28538,1780.48,42011,2634.13
600156.SH,20260403,58032,4168.87,63502,4561.59,27802,1998.6,25853,1856.54,13361,954.84,11840,845.78,2000,141.6,0,0.0,-2992,-202.65
600157.SH,20260403,2021187,34988.32,2220277,38406.56,2109281,36517.16,2370999,41041.65,2006543,34731.38,2058519,35647.25,1638734,28378.27,1125949,19519.67,-1763166,-30499.95
600158.SH,20260403,398289,44181.31,423665,46976.78,308511,34254.57,298928,33230.27,187030,20695.99,142535,15845.75,39588,4394.09,68289,7473.17,-152619,-16813.32
600159.SH,20260403,240753,6627.4,264975,7292.06,125846,3470.57,112896,3114.19,26835,736.49,15564,428.23,1,0.03,0,0.0,5695,154.15
600160.SH,20260403,79475,27026.91,68791,23381.39,49872,16974.02,42945,14617.94,33497,11391.38,51186,17418.95,8855,3007.12,8778,2981.14,-2697,-839.49
600161.SH,20260403,47687,7138.45,49981,7485.56,33337,4991.55,31655,4737.04,13650,2043.03,10623,1587.91,6073,904.19,8487,1266.71,-20071,-3003.72
600162.SH,20260403,192837,3274.43,209903,3563.52,86212,1462.97,91749,1558.05,58209,989.82,30868,524.62,0,0.0,4738,81.02,-33209,-562.4
600163.SH,20260403,357193,21958.9,367200,22552.9,275317,16902.8,278355,17086.9,183726,11267.56,154934,9521.58,26629,1624.18,42376,2592.06,-154472,-9478.49
600165.SH,20260403,22392,734.39,23103,757.14,16940,556.04,15279,502.02,1624,53.27,2573,84.53,0,0.0,0,0.0,-4786,-154.58
600166.SH,20260403,552824,16527.97,610934,18257.51,383695,11466.94,412411,12324.56,257460,7689.64,240860,7200.23,93608,2799.96,23382,702.22,46145,1415.99
600167.SH,20260403,70324,4602.72,71211,4662.75,54262,3553.84,54258,3553.51,17435,1142.21,13391,875.8,1991,129.57,5152,336.28,-35343,-2308.87
600168.SH,20260403,62372,3089.68,79429,3934.79,34619,1713.02,42548,2108.12,31510,1563.16,19633,971.53,13110,648.59,0,0.0,-48465,-2399.59
600169.SH,20260403,43223,1030.53,51025,1216.14,78527,1874.86,74148,1770.07,23754,566.54,20331,485.71,4500,107.55,4500,107.55,-29605,-702.83
600170.SH,20260403,504078,13494.55,492579,13182.7,340576,9120.75,359260,9620.01,213061,5701.71,229037,6131.94,102530,2745.36,79369,2127.7,-265399,-7097.42
600171.SH,20260403,33945,8892.55,30140,7896.11,16140,4227.02,17971,4705.58,6159,1612.58,8272,2166.57,416,108.37,277,72.26,-5044,-1315.18
600172.SH,20260403,420701,32691.88,440149,34196.89,303336,23547.35,294786,22903.91,124939,9700.38,129279,10033.56,25501,1993.01,10263,798.25,19640,1694.56
600173.SH,20260403,71027,4629.02,74250,4841.03,35266,2299.73,34788,2267.46,9360,612.68,8717,569.01,2103,136.06,0,0.0,-8771,-576.24
600176.SH,20260403,285358,75020.82,319711,84038.68,238286,62694.82,216199,56865.68,153374,40396.48,137047,36132.41,63914,16855.78,67976,17931.12,60043,15976.91
600177.SH,20260403,110203,8410.39,107070,8171.65,61670,4711.21,54551,4170.38,13579,1035.22,17198,1315.52,2861,219.44,9494,718.7,-9049,-685.47
600178.SH,20260403,24308,2667.64,25572,2806.94,12432,1364.8,10585,1161.56,3477,380.69,4060,444.63,0,0.0,0,0.0,-5699,-624.74
600179.SH,20260403,221448,9735.76,202367,8900.57,134770,5916.36,128881,5665.89,80241,3521.19,68992,3029.54,39736,1741.18,75954,3318.48,-51065,-2244.66
600180.SH,20260403,110756,3587.0,121865,3947.75,45754,1476.3,42471,1370.04,16995,548.73,14524,470.88,8773,288.75,3418,112.11,-54296,-1759.1
600182.SH,20260403,6569,882.45,7139,959.12,5229,702.45,4813,646.35,3042,407.5,2888,386.93,0,0.0,0,0.0,-4138,-556.04
600183.SH,20260403,180050,95021.07,176591,93175.15,137891,72775.14,132484,69924.65,59763,31547.96,65648,34654.98,16475,8685.03,19456,10274.42,28295,15044.62
600184.SH,20260403,263833,49874.25,249436,47171.56,232281,43913.52,222496,42074.34,115420,21861.95,133360,25245.14,48869,9209.14,55112,10367.82,12176,2415.03
600185.SH,20260403,69921,3913.79,75868,4246.3,49886,2792.86,52892,2962.49,24354,1365.04,22077,1236.27,6842,382.64,166,9.26,-28583,-1597.24
600186.SH,20260403,740027,51869.59,778355,54547.03,481957,33834.63,476477,33444.99,244029,17137.96,220072,15481.63,57802,4054.48,48911,3423.01,-101839,-6930.92
600187.SH,20260403,226201,4026.95,217514,3875.24,76091,1355.95,68297,1215.92,12725,225.71,26709,473.01,0,0.0,2497,44.45,-77667,-1385.88
600188.SH,20260403,168740,32359.12,168377,32289.61,91090,17474.44,84108,16137.65,25168,4833.42,30102,5778.0,4500,860.93,6910,1322.66,-18208,-3481.33
600189.SH,20260403,71918,5228.96,84114,6114.09,23087,1677.03,18117,1315.84,13087,949.91,4161,302.98,0,0.0,1701,122.98,-11273,-821.46
600191.SH,20260403,28802,3365.81,30904,3611.44,11725,1368.7,11678,1364.76,8126,948.14,6613,773.8,9433,1110.15,8891,1042.78,-3906,-467.22
600192.SH,20260403,79979,6669.0,85005,7095.53,47753,3974.0,51826,4324.61,19648,1644.3,17716,1474.13,14946,1236.85,7779,629.88,-21567,-1744.74
600193.SH,20260403,17454,685.35,21426,840.24,22652,887.26,23607,925.75,11611,455.34,6684,261.97,0,0.0,0,0.0,-8838,-343.83
600195.SH,20260403,144265,11395.7,145596,11495.8,71703,5674.44,74123,5861.32,44522,3513.42,41878,3315.61,4398,353.98,3291,264.81,-19109,-1497.8
600196.SH,20260403,98403,26336.38,91283,24431.28,62050,16609.03,61446,16447.13,31062,8311.74,32874,8798.26,4249,1136.24,10160,2716.72,-14347,-3834.32
600197.SH,20260403,17372,2069.36,18001,2145.0,6307,751.32,6679,795.15,2370,281.8,1369,162.32,0,0.0,0,0.0,-6897,-823.42
600198.SH,20260403,61515,4985.97,60008,4861.37,22707,1838.61,20261,1641.84,7565,613.76,10766,873.98,4226,343.15,4978,404.29,-6981,-560.22
600199.SH,20260403,51753,4134.44,52196,4170.91,25834,2066.57,24012,1918.06,10867,866.23,10925,872.99,0,0.0,1321,105.28,-25924,-2070.22
600201.SH,20260403,94752,13694.23,83022,12002.27,64003,9251.2,63560,9193.27,47843,6916.75,53808,7775.56,14613,2111.99,20821,3003.08,-10587,-1533.67
600202.SH,20260403,77980,4360.23,90200,5041.4,27425,1531.74,21555,1203.5,11006,615.36,4656,262.42,0,0.0,0,0.0,-17935,-995.7
600203.SH,20260403,41231,4445.81,37722,4068.15,15160,1633.51,15671,1688.72,4847,522.41,4874,524.68,0,0.0,2971,320.17,1576,172.24
600206.SH,20260403,116846,23695.52,113885,23099.91,65919,13365.97,68333,13857.83,25436,5163.45,27813,5642.98,6094,1235.59,4264,859.8,31743,6473.67
600207.SH,20260403,383449,25438.38,388133,25799.57,261476,17339.92,253165,16799.54,139247,9231.38,119854,7923.1,16177,1065.08,39196,2552.54,-109856,-7348.42
600208.SH,20260403,219831,6894.02,249417,7818.91,150954,4733.21,163017,5112.34,83736,2623.09,93919,2943.41,56677,1776.47,4845,152.13,-94176,-2943.19
600210.SH,20260403,71876,4853.34,78955,5330.02,28807,1945.31,27215,1837.29,11745,791.54,6718,453.65,2000,134.4,1540,103.64,-21542,-1452.28
600211.SH,20260403,17120,7241.86,16178,6843.21,8023,3392.17,9177,3881.97,4283,1810.6,3828,1617.75,1300,549.29,1543,651.0,-1448,-608.65
600212.SH,20260403,52017,3611.58,57768,4016.03,32016,2223.77,24206,1680.02,14944,1039.4,17788,1235.56,7098,494.66,6313,437.8,-33465,-2330.51
600215.SH,20260403,25461,1647.39,26793,1733.27,11231,726.75,8986,581.65,4403,284.94,5316,344.15,0,0.0,0,0.0,-7635,-492.83
600216.SH,20260403,93492,14774.3,98536,15569.86,64804,10241.1,64429,10191.22,34361,5431.57,38168,6033.37,16757,2654.89,8281,1307.4,-17269,-2724.73
600217.SH,20260403,57705,2141.17,55520,2059.62,23646,876.66,23285,863.37,9134,338.76,14464,536.33,2784,102.73,0,0.0,-11251,-414.88
600218.SH,20260403,40986,3581.54,41105,3593.58,25256,2206.53,24413,2133.54,8441,738.58,9165,799.53,0,0.0,0,0.0,-10047,-878.74
600219.SH,20260403,854613,50942.78,865683,51603.25,620935,37024.97,624921,37261.36,354615,21149.37,321663,19185.85,92963,5541.18,110860,6607.84,-516810,-30765.44
600221.SH,20260403,642470,9141.89,639249,9087.38,594959,8466.72,617800,8783.33,695129,9881.09,811597,11535.93,614206,8724.34,478119,6807.4,-683340,-9711.76
600222.SH,20260403,178077,13136.4,183903,13560.97,80593,5949.01,83456,6157.92,42929,3163.28,38719,2860.75,8353,616.09,3874,285.14,-25292,-1835.61
600223.SH,20260403,37563,2565.53,37447,2557.08,16575,1132.59,13246,904.22,1606,109.72,4573,314.14,2513,170.38,2991,202.79,-6603,-452.29
600226.SH,20260403,131251,6148.89,134957,6317.55,121624,5694.82,118078,5530.43,73396,3434.52,71524,3350.61,7796,363.52,9509,443.15,10727,523.1
600227.SH,20260403,1017772,35434.17,987807,34381.59,532572,18558.76,531860,18555.22,231790,8087.67,275070,9626.75,65922,2328.3,53319,1845.33,-213794,-7454.73
600228.SH,20260403,14852,784.3,17906,946.12,18040,953.21,18833,995.48,15279,805.96,11304,595.22,3276,170.02,3404,176.67,-8417,-445.9
600229.SH,20260403,20315,1176.76,23071,1336.0,9236,535.02,7216,418.22,1000,57.7,264,15.26,0,0.0,0,0.0,-7723,-446.5
600230.SH,20260403,77234,14347.45,66890,12429.84,33278,6183.96,39106,7262.86,12322,2287.77,16330,3030.75,4544,838.24,5052,933.97,-1360,-241.73
600231.SH,20260403,92894,1848.47,98519,1959.55,38396,763.26,36874,734.44,10924,218.13,6821,135.86,0,0.0,0,0.0,-39146,-775.79
600232.SH,20260403,55096,4374.46,57046,4528.87,13679,1085.18,9094,722.73,2382,188.27,3560,281.67,0,0.0,1457,114.64,-6207,-493.3
600233.SH,20260403,79149,15971.38,72372,14604.59,45074,9086.87,47542,9588.57,28980,5840.69,32062,6455.38,2175,440.43,3402,690.81,-910,-177.18
600234.SH,20260403,11863,1767.58,12481,1858.99,8119,1207.92,7407,1101.81,6016,893.46,6111,905.52,1719,254.22,1718,256.86,-2987,-439.34
600235.SH,20260403,44426,2831.82,46679,2974.43,19353,1234.82,15080,961.2,10786,689.95,14518,929.16,1712,108.2,0,0.0,-8773,-552.27
600236.SH,20260403,81509,7742.1,81443,7732.63,42528,4041.94,42040,3999.21,16040,1529.61,16479,1571.11,0,0.0,114,10.7,-3902,-350.31
600237.SH,20260403,80850,6847.62,83077,7037.18,50946,4312.34,46455,3935.42,20313,1716.7,23859,2014.62,3585,307.08,2304,196.53,-24493,-2074.39
600238.SH,20260403,33111,1454.41,33045,1452.42,31568,1386.78,25760,1131.34,12135,532.0,9674,424.0,2042,89.24,10377,454.65,-4619,-201.23
600239.SH,20260403,133111,2669.17,143713,2882.86,89775,1802.33,80230,1611.15,55474,1111.04,48626,973.87,0,0.0,5791,114.67,-93390,-1875.37
600241.SH,20260403,57314,5054.59,62794,5527.12,28894,2541.16,25647,2258.03,10972,966.57,8739,777.17,0,0.0,0,0.0,-17394,-1525.11
600243.SH,20260403,37846,1121.33,36404,1073.78,35539,1050.97,33936,1007.08,8394,247.93,11439,339.37,0,0.0,0,0.0,4951,163.31
600246.SH,20260403,171160,15828.88,154989,14331.14,102574,9499.16,111271,10304.6,51531,4772.69,56938,5279.65,17335,1607.93,19402,1793.25,6507,634.88
600248.SH,20260403,80399,2725.49,92101,3122.21,41574,1408.0,47541,1611.73,22724,772.09,9055,307.25,4000,135.6,0,0.0,-42204,-1431.82
600249.SH,20260403,284061,18673.54,303304,19956.62,209373,13762.3,205077,13476.26,140299,9242.54,110998,7295.76,18451,1207.76,32805,2157.49,-116920,-7649.03
600250.SH,20260403,240119,31387.79,230184,30181.33,161231,21136.78,164067,21518.7,66251,8760.17,70493,9222.68,12405,1650.69,15261,2012.73,-62184,-8032.61
600251.SH,20260403,101133,11007.18,91541,9957.1,74496,8101.82,59507,6482.34,28134,3049.53,39588,4292.78,9832,1069.18,22959,2495.49,-3656,-405.31
600252.SH,20260403,421066,11009.7,448266,11708.46,320287,8369.9,295790,7727.46,170354,4458.88,171636,4502.01,50430,1318.91,46445,1219.46,-6621,-99.55
600255.SH,20260403,149232,4813.12,153713,4958.48,69296,2234.95,68841,2220.99,37619,1215.87,33593,1084.48,0,0.0,0,0.0,-68169,-2193.56
600256.SH,20260403,652087,42326.72,639325,41482.54,493027,32060.57,515943,33564.97,337848,21965.56,314687,20451.96,147143,9542.93,160151,10396.31,-285432,-18512.44
600257.SH,20260403,98850,6740.53,120466,8209.47,48702,3321.38,37865,2584.03,29846,2035.71,20793,1422.87,1726,118.75,0,0.0,-28296,-1920.01
600258.SH,20260403,59465,9134.83,65056,9990.62,28047,4308.73,27709,4257.38,10217,1568.26,6931,1065.68,2802,429.7,835,127.84,-10939,-1668.76
600259.SH,20260403,35699,28358.53,38723,30754.61,28284,22498.53,28214,22444.56,15441,12284.53,14158,11263.93,5509,4373.74,3838,3052.23,-110,-56.79
600261.SH,20260403,89294,3208.0,93799,3368.97,38682,1388.52,36201,1299.3,20598,737.54,18574,665.79,0,0.0,0,0.0,-26860,-959.72
600262.SH,20260403,18993,4544.03,18240,4364.98,4374,1044.42,4970,1186.75,1465,352.11,1252,300.44,1937,462.43,2307,550.83,-725,-172.24
600265.SH,20260403,946,195.61,1157,239.21,1112,229.43,958,197.53,432,89.36,375,77.66,0,0.0,0,0.0,-780,-160.82
600266.SH,20260403,122539,6009.13,131409,6443.36,54620,2679.58,51865,2545.05,31195,1532.06,31987,1570.73,18808,921.48,11902,583.12,-34737,-1704.1
600267.SH,20260403,94382,10007.89,90277,9572.37,30707,3258.36,31544,3347.19,10396,1101.96,10969,1163.57,1182,125.46,3877,410.54,-15370,-1624.51
600268.SH,20260403,259195,37796.89,258849,37799.55,185932,27112.29,174357,25429.07,71943,10524.56,76751,11192.17,6806,983.57,13919,1996.51,-106941,-15520.87
600269.SH,20260403,85041,3881.64,95066,4338.99,67598,3086.03,69684,3180.81,23609,1075.51,16614,757.64,7621,348.74,2505,114.48,-59647,-2723.96
600271.SH,20260403,77403,6383.76,79247,6535.39,45626,3763.78,39318,3241.7,17697,1458.0,14490,1195.81,4406,361.92,12078,994.57,-21197,-1747.81
600272.SH,20260403,71464,9362.26,74896,9815.3,36854,4838.04,35680,4682.18,12953,1701.46,11707,1542.9,2842,377.45,1830,238.84,-8685,-1126.28
600273.SH,20260403,99292,8936.55,92668,8342.04,40147,3613.35,48643,4374.37,11170,1002.77,10864,976.17,1566,139.91,0,0.0,-25064,-2248.76
600276.SH,20260403,165832,93655.32,169788,95874.09,146114,82527.02,151271,85438.45,95397,53889.94,94688,53496.39,47572,26874.41,39169,22137.76,-53250,-29986.94
600278.SH,20260403,44914,3184.01,47204,3346.81,27033,1919.22,20513,1456.55,28257,2005.17,20818,1473.04,9396,665.24,21065,1497.22,-7178,-508.94
600279.SH,20260403,38458,1972.95,44780,2297.45,17504,898.22,13471,690.65,9567,488.5,5280,270.07,0,0.0,1998,101.5,-13164,-674.94
600280.SH,20260403,124473,3837.28,125973,3882.66,38699,1194.01,38432,1186.39,12902,397.64,11669,359.88,0,0.0,0,0.0,-49594,-1526.42
600281.SH,20260403,54673,2779.35,60131,3057.48,22562,1145.77,15867,805.85,9427,480.17,6766,343.69,0,0.0,3898,198.26,-17974,-910.63
600282.SH,20260403,183714,10079.46,174411,9563.29,66128,3625.76,76257,4186.7,26090,1431.44,25263,1386.67,0,0.0,0,0.0,-6872,-363.63
600283.SH,20260403,22506,2025.11,27363,2462.03,11779,1059.23,12073,1085.62,6049,543.93,2508,225.19,1610,144.58,0,0.0,-14716,-1323.13
600284.SH,20260403,50638,3510.56,58817,4076.54,27811,1928.19,23699,1644.19,16035,1111.0,12179,842.72,14886,1043.2,14675,1029.49,-5279,-351.73
600285.SH,20260403,24349,5392.06,25716,5696.5,12574,2784.59,15214,3369.17,9883,2194.81,7065,1567.25,2186,480.49,997,219.04,-11226,-2489.14
600287.SH,20260403,38791,2170.18,44851,2509.07,12039,673.79,13831,772.47,11565,644.87,3713,207.31,0,0.0,0,0.0,-7057,-396.51
600288.SH,20260403,23218,3269.11,22576,3178.57,11354,1597.86,10576,1488.86,5062,712.43,6393,900.18,1766,247.93,1855,259.7,-5980,-841.63
600289.SH,20260403,15523,1108.2,16204,1156.75,22304,1591.97,21103,1506.11,12917,923.71,13437,961.03,0,0.0,0,0.0,-5948,-422.06
600292.SH,20260403,91845,12754.31,97213,13509.13,49068,6811.24,47147,6550.05,23657,3288.9,17890,2479.88,1903,263.1,4222,578.49,-21197,-2937.77
600293.SH,20260403,195489,6021.41,213283,6569.69,92580,2852.38,90391,2785.01,33705,1037.56,18100,556.65,0,0.0,0,0.0,-43752,-1348.17
600295.SH,20260403,27278,4047.72,28911,4289.0,8628,1280.71,7308,1085.52,1705,253.03,1393,206.95,0,0.0,0,0.0,-1226,-179.78
600298.SH,20260403,26695,10830.32,29924,12139.57,13333,5409.09,11526,4675.95,4611,1869.41,3915,1588.69,1428,579.61,702,284.22,-741,-294.61
600299.SH,20260403,131797,17840.09,135778,18373.75,56502,7678.1,63267,8611.8,36833,5025.84,33664,4598.22,14956,2039.76,7378,1000.02,8853,1277.4
600300.SH,20260403,146541,5092.72,156093,5427.16,75413,2617.85,68313,2371.84,33430,1158.67,27241,944.61,7656,270.36,11394,395.99,-78970,-2747.41
600301.SH,20260403,34363,16140.12,33973,15953.24,12546,5899.34,11509,5417.17,5097,2394.18,5788,2721.02,1618,753.83,2354,1096.04,-2806,-1307.46
600302.SH,20260403,75866,8640.48,83444,9529.87,61978,7089.78,65880,7551.67,34810,3989.56,33337,3845.33,14085,1690.23,4078,483.18,10197,1227.44
600303.SH,20260403,221783,6746.48,243669,7408.13,96535,2941.09,84132,2565.33,39612,1203.4,30995,945.68,5242,159.88,4376,131.72,-34156,-1034.46
600305.SH,20260403,28997,2180.11,29543,2220.73,13673,1027.33,15854,1191.81,10644,799.94,7896,593.34,0,0.0,20,1.5,-13434,-1008.38
600307.SH,20260403,778593,14367.6,761845,14049.22,372840,6878.22,404979,7474.79,153560,2831.46,147363,2723.91,24432,452.45,15239,281.81,-201429,-3686.71
600308.SH,20260403,67610,2540.98,80362,3018.7,28255,1060.76,22963,860.52,20405,764.4,12946,486.91,0,0.0,0,0.0,-20817,-778.31
600309.SH,20260403,80711,67058.47,73823,61339.43,97429,81029.88,102268,85030.68,49938,41572.94,51318,42704.47,21324,17741.34,21994,18328.06,4353,3877.06
600310.SH,20260403,869156,40995.94,851699,40141.46,650707,30694.64,611605,28858.46,309864,14621.99,286695,13554.58,24301,1160.5,104030,4918.57,-245153,-11433.07
600312.SH,20260403,64681,12995.33,66522,13365.77,45295,9103.46,48002,9640.7,25172,5059.45,24252,4871.75,17430,3495.66,13801,2775.67,-22338,-4463.64
600313.SH,20260403,354343,26127.18,355619,26199.8,204339,15070.46,200360,14778.52,102993,7600.72,103274,7641.35,14604,1076.05,17027,1254.73,-124601,-9133.95
600315.SH,20260403,27138,5825.62,27710,5949.99,12813,2751.2,13982,3000.99,5800,1246.59,5166,1108.44,3316,709.82,2209,473.81,-6089,-1303.23
600316.SH,20260403,58512,22275.99,56478,21494.64,21531,8171.5,26459,10052.65,10378,3934.27,9360,3542.37,3917,1482.37,2041,774.48,-7968,-3030.32
600318.SH,20260403,97596,7143.63,112014,8194.78,47452,3477.04,38268,2807.29,15997,1171.17,10863,796.88,1500,108.6,1400,101.5,-25337,-1831.05
600319.SH,20260403,25149,1812.2,26381,1900.64,8275,597.05,9890,713.36,3885,280.1,4963,355.41,3925,280.05,0,0.0,-8756,-628.85
600320.SH,20260403,251849,12569.72,242118,12079.23,110724,5522.83,124342,6206.71,72921,3638.59,68690,3428.14,6542,325.9,6886,342.97,-62920,-3124.7
600322.SH,20260403,126079,2784.84,157830,3483.07,86176,1904.07,77969,1723.56,55099,1214.32,44923,990.55,15693,345.13,2326,51.17,-47121,-1035.72
600323.SH,20260403,32985,9894.42,33195,9959.12,18633,5600.75,17030,5119.22,5240,1574.49,7218,2166.72,999,299.15,414,123.74,779,228.66
600325.SH,20260403,152185,5196.76,155712,5314.69,106711,3634.61,127065,4332.78,52848,1798.13,51785,1765.14,22818,783.11,0,0.0,-144874,-4932.12
600326.SH,20260403,74461,6835.46,75001,6885.57,45566,4183.27,44343,4070.16,17599,1613.65,18114,1661.02,2652,242.92,2819,258.56,-33376,-3060.62
600327.SH,20260403,82198,3160.1,84178,3236.92,36679,1409.17,34031,1307.4,3885,149.01,9702,373.23,5149,199.27,0,0.0,-43661,-1679.1
600328.SH,20260403,161990,13400.46,164150,13575.02,121466,10054.8,115848,9590.05,57138,4737.95,58624,4861.1,15311,1262.26,17283,1429.29,-7232,-573.67
600329.SH,20260403,11618,4773.35,12162,4996.53,7702,3164.34,7795,3202.68,4247,1744.33,3887,1596.67,277,113.85,0,0.0,-3744,-1536.17
600330.SH,20260403,662268,112463.17,669498,113643.73,529250,89861.22,514538,87326.38,327320,55617.47,320288,54417.96,76651,12957.49,91165,15511.27,194071,33070.62
600331.SH,20260403,225945,33562.5,241051,35797.18,222416,33055.59,219443,32592.82,157048,23358.15,146849,21851.07,51158,7598.28,49224,7333.45,51717,7827.26
600332.SH,20260403,50219,11529.71,51492,11817.38,28574,6557.85,35842,8227.94,18689,4290.72,18149,4164.99,10412,2386.13,2411,554.08,-22664,-5191.14
600333.SH,20260403,137364,7094.68,149238,7705.28,62314,3231.08,58082,3009.58,21522,1106.54,16132,832.28,5639,288.25,3387,173.41,-24761,-1299.45
600335.SH,20260403,47760,2801.47,49433,2899.67,19773,1159.84,24721,1449.7,15786,924.99,10361,607.56,4579,267.9,3383,197.28,-12191,-714.61
600336.SH,20260403,37895,2608.22,43042,2961.0,14239,978.22,15164,1042.17,12654,867.92,6582,451.18,0,0.0,0,0.0,-16076,-1104.31
600337.SH,20260403,146925,3518.0,154337,3696.11,95298,2281.45,95039,2277.6,67911,1626.42,59051,1411.54,0,0.0,1707,40.63,-30686,-734.9
600338.SH,20260403,179744,29934.08,172891,28795.45,117025,19502.4,117504,19581.4,52634,8768.0,55549,9250.48,14222,2368.89,17681,2946.04,-52762,-8759.33
600339.SH,20260403,1631662,75288.93,1632222,75279.96,1288249,59404.83,1246334,57467.12,785600,36211.15,856724,39519.27,406862,18765.51,377094,17404.06,-3515,247.89
600340.SH,20260403,1071417,14300.61,1122739,14949.4,728363,9722.12,694467,9273.63,322920,4262.08,294482,3894.36,43339,560.33,54352,727.75,64848,1010.41
600343.SH,20260403,193634,61274.72,207307,65562.21,119507,37898.92,122038,38707.44,76740,24355.04,67744,21523.11,35773,11341.8,28566,9077.74,-27197,-8384.88
600345.SH,20260403,81692,35777.42,91843,40206.3,74203,32530.79,79048,34683.91,43200,18942.51,38573,16925.02,31864,14051.35,21496,9486.83,-12751,-5543.09
600346.SH,20260403,118069,25595.46,108517,23543.32,77074,16690.73,72714,15743.45,47066,10175.03,61888,13371.47,10628,2306.56,9718,2109.54,-44177,-9593.27
600348.SH,20260403,107303,9455.44,108206,9540.69,69248,6104.64,69079,6092.41,31538,2779.76,33912,2994.52,23188,2049.38,20079,1761.6,-41086,-3636.54
600350.SH,20260403,38853,4134.93,33347,3548.07,12106,1288.42,15958,1698.84,2502,266.04,4156,442.48,0,0.0,0,0.0,14067,1499.19
600351.SH,20260403,113726,7478.67,113149,7441.89,53315,3511.49,51994,3424.59,24467,1613.58,24097,1587.35,0,0.0,2268,149.91,-48026,-3156.75
600352.SH,20260403,145989,18940.89,167391,21720.48,69436,9008.74,51771,6720.08,24504,3180.31,14424,1869.36,9257,1201.31,15602,2021.33,-63991,-8299.36
600353.SH,20260403,64371,8965.91,63312,8818.47,32762,4559.75,31306,4360.32,16262,2265.32,17469,2433.21,1854,258.3,3162,437.29,-10888,-1503.72
600354.SH,20260403,206921,12865.62,210921,13112.96,125399,7801.93,122224,7601.69,68967,4280.34,60433,3755.35,4998,309.15,12706,787.03,-72497,-4509.76
600355.SH,20260403,52700,305.66,5968,34.61,12686,73.58,12710,73.72,0,0.0,46708,270.91,0,0.0,0,0.0,65386,379.24
600356.SH,20260403,32935,2752.02,33494,2798.88,8885,741.23,8273,691.63,3584,300.93,2993,249.96,1348,112.42,1992,166.13,-784,-66.14
600358.SH,20260403,21540,1287.54,21248,1269.96,25926,1549.56,23108,1381.22,12312,736.76,12841,768.11,0,0.0,2581,154.57,-14340,-856.59
600359.SH,20260403,124790,8626.31,123229,8523.84,38921,2711.17,42144,2925.68,16283,1130.72,14621,1018.68,0,0.0,0,0.0,-27439,-1908.98
600360.SH,20260403,25498,2283.03,25638,2294.72,43063,3853.65,42987,3847.05,15007,1342.81,15089,1350.81,146,13.1,0,0.0,-11737,-1040.84
600361.SH,20260403,275353,11011.5,286402,11454.35,163947,6559.96,166573,6664.83,89819,3591.91,78974,3155.92,22221,884.41,19391,772.69,-118405,-4729.89
600362.SH,20260403,84188,35926.55,79839,34073.91,49770,21247.18,47976,20480.28,23507,10033.53,21995,9395.36,11165,4779.79,18819,8037.5,-12474,-5312.55
600363.SH,20260403,18431,9128.42,16469,8156.8,11715,5805.01,12574,6229.95,6906,3421.3,7732,3830.28,1973,975.66,2250,1113.35,-1528,-751.28
600365.SH,20260403,16771,501.62,16115,482.12,18321,549.13,23624,707.86,6628,198.4,1981,59.18,0,0.0,0,0.0,-15142,-453.11
600366.SH,20260403,55455,6502.5,55423,6497.72,26178,3068.78,27729,3250.05,12782,1497.6,10278,1204.81,1000,116.6,1985,232.91,-13021,-1520.66
600367.SH,20260403,111271,22120.44,95677,19024.19,57116,11371.31,60125,11969.72,47466,9446.08,56023,11148.97,15080,3011.81,19108,3806.75,-15563,-3103.37
600368.SH,20260403,60664,2317.38,66636,2544.54,28842,1101.27,25008,954.68,5767,219.04,9529,362.68,9900,376.2,4000,152.0,-46920,-1787.07
600369.SH,20260403,138726,5702.77,150331,6178.32,96945,3985.64,88128,3622.05,45277,1858.91,39482,1623.48,6728,276.0,9735,399.46,-14444,-588.23
600370.SH,20260403,482790,11137.11,475808,10971.29,182770,4220.14,205525,4748.97,88634,2042.4,99424,2292.8,26562,613.42,0,0.0,-177171,-4069.82
600371.SH,20260403,42268,3500.2,50476,4182.17,22761,1883.98,20901,1736.47,14752,1232.07,8404,697.6,0,0.0,0,0.0,-26078,-2168.05
600372.SH,20260403,124395,15919.43,113200,14485.75,82465,10551.08,89027,11387.44,47691,6107.7,32650,4182.31,15429,1977.53,35103,4500.24,-9487,-1198.8
600373.SH,20260403,28206,2375.85,31286,2636.32,19036,1601.96,19668,1655.85,8598,726.07,4886,411.7,0,0.0,0,0.0,-15966,-1343.86
600375.SH,20260403,79656,3903.82,84759,4152.36,52151,2555.87,47964,2353.16,19643,964.33,15447,754.5,5412,263.52,8692,427.54,-47179,-2306.89
600376.SH,20260403,326368,15458.3,320266,15167.56,209625,9926.24,199607,9451.17,75630,3572.75,87055,4113.33,13373,628.77,18068,854.0,-144496,-6839.41
600377.SH,20260403,64541,7578.76,74645,8766.68,33397,3922.95,32239,3787.06,15890,1864.48,10848,1272.3,5749,676.74,1845,216.89,-33482,-3936.19
600378.SH,20260403,56530,17883.88,61717,19530.62,32303,10247.85,29988,9504.68,15214,4813.4,10164,3213.89,3500,1116.7,5678,1812.64,2317,753.11
600379.SH,20260403,23755,2708.42,27739,3160.27,12964,1478.99,11645,1331.21,4495,512.06,2226,253.26,1480,169.16,1084,123.9,-8418,-959.98
600380.SH,20260403,77879,8831.46,83608,9482.85,36299,4117.7,34022,3861.6,17990,2038.94,21015,2381.08,7608,865.56,1131,128.13,-14380,-1629.53
600381.SH,20260403,52678,1640.21,55223,1719.72,62027,1935.47,59073,1843.06,21359,660.69,16688,518.01,0,0.0,5080,155.58,-38218,-1189.67
600382.SH,20260403,84553,7261.58,97002,8328.72,44695,3840.64,42329,3639.32,27762,2387.19,17058,1468.19,2971,255.15,3592,308.34,-6448,-547.43
600383.SH,20260403,181620,4737.38,185402,4837.82,156353,4080.51,173988,4540.78,99730,2600.9,94854,2475.77,37184,971.14,20643,535.56,-93504,-2448.77
600386.SH,20260403,53463,2094.15,56165,2199.27,16184,634.71,13888,543.94,8609,337.24,8203,322.89,0,0.0,0,0.0,-10652,-416.05
600388.SH,20260403,84492,15584.15,89038,16416.13,55589,10263.88,52910,9772.03,29144,5370.12,24651,4549.25,4383,811.09,7010,1291.83,-734,-119.82
600389.SH,20260403,27200,7708.02,28183,7987.06,15925,4509.8,18731,5309.72,14360,4069.99,10389,2941.32,3091,875.19,3272,924.89,-5902,-1669.62
600390.SH,20260403,108911,5774.91,127203,6742.12,104583,5545.83,111013,5895.64,63020,3349.32,47423,2514.86,13601,722.09,4476,239.54,-39767,-2095.65
600391.SH,20260403,42714,16614.68,38173,14852.03,16263,6331.75,16618,6469.19,7544,2939.13,7455,2898.42,2724,1060.35,6999,2726.28,4846,1894.25
600392.SH,20260403,182730,41220.93,202238,45622.44,138152,31179.4,128681,29036.73,91588,20673.07,88921,20063.83,26016,5868.52,18645,4218.93,-1508,-247.41
600395.SH,20260403,171474,9368.33,172147,9413.08,78217,4278.11,79463,4343.81,50955,2782.88,40752,2223.79,2044,110.38,10328,559.02,-14900,-821.52
600396.SH,20260403,1298138,95633.34,1280640,94352.1,769053,56702.59,781548,57545.48,383491,28221.83,399788,29459.62,76614,5594.57,65319,4795.12,-48773,-3195.71
600397.SH,20260403,192576,26816.72,164536,22908.53,84977,11820.19,100681,13996.58,43126,5989.07,43170,6015.01,14229,1972.88,26521,3678.74,37917,5255.82
600398.SH,20260403,187497,12247.53,191286,12491.64,91448,5971.35,85657,5592.18,30704,2005.94,28090,1834.4,3895,252.19,8511,558.79,-23352,-1504.91
600399.SH,20260403,165088,9545.83,157044,9077.39,119080,6873.71,110306,6371.7,51393,2962.09,61175,3527.15,3795,217.28,10830,622.66,-52884,-3041.4
600400.SH,20260403,125625,2606.94,152423,3161.47,60174,1248.06,58249,1209.36,29401,609.36,45359,942.74,55499,1151.89,14669,302.68,-102337,-2119.76
600403.SH,20260403,160359,8845.5,153300,8455.8,73458,4057.34,70408,3888.55,23200,1277.71,31317,1728.72,1827,101.03,3819,208.52,-23632,-1294.65
600405.SH,20260403,96729,4951.1,107174,5486.08,54485,2791.78,47035,2406.87,23237,1186.65,16990,868.88,3558,183.15,6810,350.85,-37228,-1899.85
600406.SH,20260403,250555,65819.4,258444,67857.29,190669,50130.34,187330,49245.73,118739,31195.53,102363,26920.36,37199,9757.71,49024,12879.61,-20281,-4993.04
600408.SH,20260403,421279,13475.9,397532,12708.64,185897,5949.18,203839,6516.79,76671,2440.61,81399,2606.26,26086,824.21,27163,858.22,-124943,-3987.9
600409.SH,20260403,166350,11359.81,173887,11874.2,90742,6190.82,100193,6832.48,40632,2770.82,31753,2167.9,9746,667.07,1637,113.94,-79657,-5429.01
600410.SH,20260403,538450,135658.81,531390,133923.37,380674,95982.99,386775,97500.38,174862,44085.77,187361,47241.38,43890,11099.49,32350,8161.94,-3541,-707.21
600415.SH,20260403,126776,16471.74,124788,16217.06,80679,10478.87,66898,8694.02,30036,3901.17,27361,3557.03,3705,480.79,22149,2864.47,-24296,-3141.72
600416.SH,20260403,65069,8001.53,60099,7390.2,51909,6376.7,49795,6115.53,26186,3218.25,22769,2802.57,6936,852.56,17437,2140.75,-24983,-3051.3
600418.SH,20260403,66289,29719.96,61825,27710.88,60387,27068.42,61704,27641.27,46145,20685.79,43091,19317.29,18941,8492.39,25142,11297.13,-29969,-13335.58
600419.SH,20260403,38638,3685.13,34987,3337.47,10854,1035.94,11738,1120.04,1820,173.4,4586,436.96,0,0.0,0,0.0,-818,-77.91
600420.SH,20260403,78475,8296.06,76497,8087.35,20670,2185.45,22992,2431.42,5674,600.29,6691,708.24,1361,145.22,0,0.0,-20204,-2132.85
600421.SH,20260403,14148,863.91,14110,861.7,16957,1031.1,15551,945.94,10832,653.86,15425,931.43,3149,190.2,0,0.0,-4910,-294.96
600422.SH,20260403,42028,4832.24,44158,5077.76,21805,2507.17,22825,2626.11,15012,1726.38,8915,1021.91,1745,200.18,4692,540.19,-20012,-2299.25
600423.SH,20260403,301920,10123.29,334450,11207.57,119139,3996.98,105042,3531.87,39420,1318.39,20692,688.94,0,0.0,295,10.27,-67641,-2276.43
600425.SH,20260403,130831,5278.56,150246,6061.12,76389,3082.58,73294,2958.54,57161,2303.77,46199,1860.11,10500,420.6,5142,205.73,-65752,-2645.08
600426.SH,20260403,71644,25201.74,65081,22890.36,39361,13846.09,40435,14222.22,17934,6311.26,21180,7456.45,7402,2597.62,9646,3387.69,767,289.11
600428.SH,20260403,370427,35649.55,339474,32689.45,236498,22847.49,222399,21490.63,110232,10625.45,145977,14044.02,12449,1207.43,21755,2105.82,1190,225.39
600429.SH,20260403,161544,9498.17,160785,9452.57,59060,3470.58,51725,3040.46,18832,1104.79,22689,1331.04,2072,122.04,6309,371.52,-48670,-2853.57
600433.SH,20260403,180290,6373.94,199321,7043.92,98584,3488.73,95753,3389.74,67559,2384.24,53415,1885.08,4959,172.57,2903,100.73,-39117,-1354.05
600435.SH,20260403,96341,13792.3,82323,11785.2,49538,7088.65,49816,7133.97,20190,2888.4,24842,3557.38,5816,828.71,14904,2121.51,-9560,-1365.06
600436.SH,20260403,4769,7212.16,5223,7899.26,4099,6198.05,4446,6723.09,2088,3158.13,1825,2759.51,679,1026.54,141,213.02,-4242,-6412.93
600438.SH,20260403,216249,34128.34,193811,30596.21,154197,24346.7,144145,22765.78,77777,12274.3,80991,12776.41,27472,4331.78,56748,8942.71,-66607,-10515.99
600439.SH,20260403,75697,1883.14,81789,2033.7,30555,760.31,28942,721.37,13367,333.76,13888,347.64,5000,125.5,0,0.0,-38744,-962.92
600444.SH,20260403,15767,2642.92,16760,2809.08,3988,668.2,3862,646.87,1355,226.65,488,81.82,0,0.0,0,0.0,-5012,-838.2
600446.SH,20260403,43439,5371.92,45126,5580.4,26293,3250.6,25868,3200.97,11243,1388.23,8678,1071.44,1287,160.17,2590,318.12,-9479,-1167.44
600448.SH,20260403,197379,6083.93,224120,6907.17,71957,2217.29,82754,2550.7,59837,1846.93,21975,680.68,3496,108.03,3819,117.63,-62133,-1922.34
600449.SH,20260403,23808,2915.92,28034,3433.57,14656,1796.63,15989,1958.67,10428,1275.52,4815,589.35,2134,262.19,2187,268.68,-10662,-1305.76
600452.SH,20260403,206270,22344.24,179117,19401.1,98030,10615.82,104932,11363.36,59568,6443.58,68636,7431.28,19881,2153.0,31064,3360.89,-3772,-389.67
600455.SH,20260403,22935,5726.25,26569,6631.81,8507,2126.03,6787,1697.77,4134,1037.19,2220,559.88,0,0.0,0,0.0,-2906,-726.89
600456.SH,20260403,25640,8464.63,20293,6701.33,11705,3863.45,13571,4479.95,6402,2113.43,8539,2819.55,3459,1140.75,4802,1581.43,1571,519.19
600458.SH,20260403,107467,12385.82,125412,14436.73,58380,6734.62,52404,6050.01,31206,3592.01,20089,2324.85,3918,455.71,3066,356.58,-25167,-2853.38
600459.SH,20260403,48657,9395.33,46855,9049.8,32066,6193.02,32006,6183.52,12694,2455.16,13222,2553.12,2006,387.71,3339,644.76,1246,249.14
600460.SH,20260403,97562,24329.82,86792,21650.29,58489,14587.32,61571,15357.08,28062,6999.84,27575,6877.97,2163,537.4,10338,2569.04,-15496,-3860.63
600461.SH,20260403,44519,4314.85,47504,4602.23,18783,1819.09,19143,1854.91,6326,612.03,2981,288.82,0,0.0,0,0.0,1344,134.46
600463.SH,20260403,34334,3333.95,38106,3702.9,16010,1556.6,12847,1247.98,6465,625.94,5144,496.55,1914,185.66,2626,254.72,-1359,-131.98
600467.SH,20260403,199803,4769.29,216015,5156.6,106198,2537.02,114391,2734.06,41954,998.87,33004,785.96,19740,472.99,4285,101.55,-125679,-3001.69
600468.SH,20260403,350800,26976.88,336163,25837.09,221977,17056.49,224688,17272.71,85350,6532.6,89750,6879.75,19051,1469.69,26577,2046.1,-126640,-9742.32
600469.SH,20260403,62341,4052.17,67963,4420.73,21139,1378.23,15231,990.72,6043,391.81,4356,281.94,0,0.0,1973,128.84,-14558,-948.71
600470.SH,20260403,228722,14896.83,223294,14545.84,103244,6741.17,109586,7150.0,44816,2922.6,45901,2993.77,2000,129.0,0,0.0,-93599,-6107.39
600475.SH,20260403,57152,9546.92,50613,8455.2,35365,5914.92,36569,6107.1,27355,4579.27,23352,3909.96,9224,1559.29,18562,3128.14,-259,-34.01
600476.SH,20260403,34324,3587.13,38744,4048.49,14170,1478.66,13584,1417.89,10745,1120.18,6911,719.59,0,0.0,0,0.0,-10165,-1050.27
600477.SH,20260403,251060,7713.49,266982,8204.88,131330,4039.17,131565,4044.83,72580,2229.44,58789,1808.11,28314,874.33,25948,798.61,-137924,-4242.57
600478.SH,20260403,218048,15271.71,227319,15919.73,125768,8816.56,132321,9278.47,62800,4398.81,56708,3969.82,16843,1178.52,7111,497.56,-76710,-5362.5
600479.SH,20260403,52657,5599.7,57202,6082.41,13458,1431.66,10366,1103.25,3527,374.29,2074,219.99,0,0.0,0,0.0,-21357,-2267.81
600480.SH,20260403,62177,5942.33,69534,6643.3,33862,3228.37,26067,2485.35,16907,1612.3,17072,1629.21,2160,207.36,2434,232.5,-30085,-2873.04
600481.SH,20260403,248470,15453.06,243572,15144.98,136715,8501.74,130701,8122.89,55141,3421.56,56406,3506.95,4381,272.5,14027,874.04,-63525,-3939.6
600482.SH,20260403,113941,37489.59,118127,38864.39,76267,25101.97,73997,24357.76,48163,15842.42,44286,14556.98,19886,6538.45,21847,7193.31,8546,2822.29
600483.SH,20260403,77169,7872.89,96573,9848.4,37783,3855.95,46916,4788.52,41457,4225.96,29203,2979.93,20851,2127.82,4568,465.78,-29610,-3011.42
600486.SH,20260403,23918,17765.42,21659,16083.95,12627,9362.28,14378,10664.23,5207,3852.11,4530,3357.36,2148,1583.87,3334,2458.14,4602,3430.82
600487.SH,20260403,445592,257174.42,447065,257742.46,517644,298795.71,540077,311600.4,410349,236747.35,413882,239022.6,324741,187980.97,297302,172332.99,196512,114356.18
600488.SH,20260403,199142,13852.25,191616,13337.11,214308,14913.83,226984,15798.96,210974,14683.38,214077,14897.56,313039,21799.76,304785,21215.58,-358299,-24954.49
600489.SH,20260403,141493,37601.32,156106,41496.69,111933,29761.15,108209,28774.64,88663,23578.16,70279,18691.9,27320,7272.83,34816,9250.24,5445,1455.43
600490.SH,20260403,179026,13698.54,182377,13956.57,87734,6729.99,96509,7405.57,49624,3804.46,36730,2816.98,15839,1215.48,16607,1269.36,-80875,-6179.47
600491.SH,20260403,54171,1493.82,58650,1617.11,35910,990.41,34144,940.58,8736,240.68,8054,222.87,2031,55.65,0,0.0,-26250,-722.34
600493.SH,20260403,56954,4058.26,60621,4319.25,18680,1333.1,16206,1157.61,6228,444.9,5035,359.39,0,0.0,0,0.0,-6792,-481.31
600495.SH,20260403,376386,17632.51,422177,19772.45,276963,12984.55,269878,12664.86,119546,5606.79,109878,5144.83,59566,2781.16,30529,1422.87,-225934,-10537.38
600496.SH,20260403,104795,4142.39,109221,4316.53,39391,1555.74,37226,1469.94,10657,420.69,10985,434.36,2589,102.01,0,0.0,-13610,-534.02
600497.SH,20260403,276707,21446.06,262418,20331.79,142510,11044.84,140418,10885.99,78812,6106.82,88990,6898.02,5700,440.99,11903,922.91,-68782,-5299.44
600498.SH,20260403,364569,181532.11,375630,186899.95,367805,183207.09,388239,193301.27,263053,131009.92,247426,123230.99,167918,83499.25,152050,75816.16,29888,15769.98
600499.SH,20260403,98201,15779.95,93233,14978.7,40775,6556.06,44825,7209.93,18960,3048.51,17862,2873.63,3280,529.56,5296,851.81,8702,1412.62
600500.SH,20260403,152190,6409.9,158391,6664.34,116293,4891.95,114649,4823.02,64065,2693.25,55553,2337.03,2814,116.78,6770,287.5,-77312,-3240.51
600501.SH,20260403,29635,6380.09,26420,5688.96,15953,3431.66,17104,3679.59,5491,1180.67,7535,1620.82,581,125.15,601,128.19,-4648,-999.31
600502.SH,20260403,799712,43191.47,802002,43336.77,537229,29047.02,538473,29127.13,281194,15248.03,282112,15262.24,75215,4053.48,70764,3813.86,-306885,-16579.59
600503.SH,20260403,131936,3062.32,136689,3171.75,57330,1330.51,51968,1207.4,17591,407.98,18200,421.66,0,0.0,0,0.0,-63091,-1462.54
600505.SH,20260403,120957,15359.22,118927,15089.83,68906,8746.88,69930,8875.53,34614,4388.22,32037,4071.15,2472,311.45,6055,769.27,-51819,-6552.4
600506.SH,20260403,31588,6727.59,32448,6914.4,22485,4795.08,23734,5061.84,8058,1718.7,7046,1504.6,1097,239.47,0,0.0,-8262,-1767.62
600507.SH,20260403,79621,4468.19,91963,5158.59,42580,2386.95,41725,2338.54,15176,849.59,12094,678.19,12637,706.74,4232,236.15,-54586,-3050.4
600508.SH,20260403,69882,8927.1,73396,9374.66,47102,6018.41,51092,6524.82,27311,3485.08,23340,2977.61,6099,771.5,2566,325.0,-44459,-5678.94
600509.SH,20260403,194899,15179.47,193980,15113.33,146609,11437.28,144593,11283.78,86450,6755.31,85441,6673.13,25082,1950.48,29026,2252.3,-121308,-9485.94
600510.SH,20260403,31260,2573.11,37362,3073.06,22163,1826.28,20691,1707.9,16759,1379.59,11408,941.35,3257,269.52,3978,326.19,-6857,-557.98
600511.SH,20260403,26552,7734.0,27870,8116.82,10760,3134.01,9377,2732.01,4807,1399.76,4828,1405.82,400,116.68,445,129.81,-2630,-761.29
600512.SH,20260403,381228,8895.0,384295,8973.7,261140,6103.71,261013,6092.74,119460,2789.38,96760,2259.72,23410,545.2,43169,1007.11,-103058,-2441.74
600513.SH,20260403,163984,46760.24,147044,41999.42,120838,34427.92,111695,31907.13,65437,18650.55,74524,21270.7,19985,5715.86,36981,10377.32,-5773,-1758.47
600515.SH,20260403,291703,10349.21,304954,10819.91,151593,5379.07,149521,5306.44,72349,2565.88,77060,2733.66,15890,565.87,0,0.0,-128040,-4541.88
600516.SH,20260403,242139,13074.13,236608,12772.04,151528,8179.83,149529,8076.67,54711,2953.24,51580,2784.28,6811,367.91,17473,942.13,-80344,-4328.05
600517.SH,20260403,123564,7725.17,121732,7615.14,65623,4095.28,62718,3915.57,38969,2433.21,39640,2468.74,3995,246.89,8061,501.11,-32981,-2055.84
600518.SH,20260403,953068,16860.67,972164,17174.62,848674,15020.32,840356,14873.17,582915,10334.37,728154,12915.95,389398,6913.68,233382,4165.29,-756305,-13345.66
600519.SH,20260403,9,137.87,5,75.67,11966,175039.73,11619,169960.6,5349,78262.59,5504,80514.32,2870,41959.11,3065,44848.71,1191,17540.29
600520.SH,20260403,13757,3148.83,12872,2947.16,7784,1782.09,7085,1620.9,3699,845.29,5283,1208.13,0,0.0,0,0.0,438,100.81
600521.SH,20260403,138844,22196.04,141286,22581.01,95067,15214.8,93518,14965.44,47749,7644.14,37728,6044.65,3904,620.05,13032,2083.94,-53782,-8585.11
600522.SH,20260403,613461,188096.5,622217,190720.08,656125,201221.58,622292,190768.77,505652,155123.13,492076,150950.61,188751,57930.15,227404,69931.89,218637,67668.48
600523.SH,20260403,12960,1766.31,15249,2079.16,7649,1042.15,7009,954.28,3731,508.07,1282,174.29,0,0.0,800,108.8,-6566,-894.39
600525.SH,20260403,22475,1197.38,25138,1338.47,42716,2274.67,39197,2086.62,34203,1823.9,22805,1214.87,6083,323.73,18337,979.73,20904,1124.63
600526.SH,20260403,56520,2936.25,62716,3258.68,22921,1189.91,19156,993.32,8393,435.17,5962,309.32,0,0.0,0,0.0,-11540,-601.38
600527.SH,20260403,621619,14430.58,613036,14237.82,283596,6606.09,308037,7169.63,134700,3141.36,140956,3286.53,29114,675.54,7000,159.6,-98450,-2301.84
600528.SH,20260403,335296,27565.56,366942,30163.05,295879,24310.34,280070,23011.53,122181,10056.85,99206,8159.52,15835,1305.03,22974,1903.68,-221026,-18152.33
600529.SH,20260403,22323,4098.67,21658,3977.47,15384,2822.38,13640,2501.88,3654,671.01,2349,429.82,0,0.0,3713,682.89,-8004,-1465.8
600530.SH,20260403,37808,1996.44,39324,2075.98,9173,484.13,7871,415.06,3925,207.58,3711,197.12,0,0.0,0,0.0,-2404,-129.08
600531.SH,20260403,138613,17724.68,136808,17493.96,64139,8199.2,65047,8319.51,32053,4097.24,35280,4506.38,7956,1017.87,5626,719.14,-30751,-3923.21
600533.SH,20260403,117107,2757.4,128697,3031.66,51805,1222.2,46290,1088.85,27520,645.72,21445,504.8,0,0.0,0,0.0,-31200,-742.88
600535.SH,20260403,42794,6149.23,42711,6134.62,20643,2964.76,18636,2679.19,6794,975.83,8832,1269.74,777,112.8,829,119.07,-8807,-1263.55
600536.SH,20260403,53836,19304.6,52782,18935.17,31025,11141.64,34480,12378.79,16941,6081.91,15667,5618.11,7154,2549.94,6027,2146.02,888,353.54
600537.SH,20260403,558575,20292.4,619390,22504.52,393724,14306.32,427983,15539.2,253136,9196.16,169950,6185.78,75085,2739.62,63197,2305.0,-152273,-5515.31
600538.SH,20260403,59152,3823.69,64249,4149.6,46911,3031.15,42018,2714.77,15522,1000.09,15318,990.56,1992,129.28,1992,129.28,-21716,-1396.4
600539.SH,20260403,111006,15370.65,122678,16989.62,55357,7663.99,48812,6766.78,40075,5557.97,34403,4767.68,5535,774.87,6080,843.4,-16181,-2231.14
600540.SH,20260403,181028,8069.58,201788,8995.62,79883,3559.79,70141,3125.89,36074,1614.66,40466,1801.85,18407,811.55,2998,132.21,-70933,-3159.71
600543.SH,20260403,36338,1705.56,43244,2031.54,26252,1234.1,22943,1078.97,11491,541.01,7894,370.17,0,0.0,0,0.0,-15537,-729.53
600545.SH,20260403,516555,18931.93,560791,20564.33,249766,9164.17,265701,9752.03,140325,5160.51,127703,4689.19,72992,2693.96,25442,945.03,-166627,-6022.33
600546.SH,20260403,81914,9105.62,80893,8991.97,47621,5298.44,48166,5360.69,27193,3025.32,32255,3591.94,11643,1299.91,7057,784.69,-15433,-1719.78
600547.SH,20260403,113202,45468.11,120587,48441.43,88125,35423.72,86692,34842.24,58932,23681.22,45282,18190.24,13568,5448.33,21266,8547.46,565,239.97
600548.SH,20260403,36206,3417.89,38004,3587.58,22601,2133.93,19274,1820.56,7322,691.69,7648,722.29,0,0.0,1203,113.08,-7573,-711.53
600549.SH,20260403,103882,55450.79,103726,55376.19,82690,44149.89,80281,42875.41,57560,30729.38,50449,26933.27,31922,17024.5,41597,22169.69,10498,5586.79
600550.SH,20260403,285681,42288.64,292796,43331.7,181685,26951.21,188773,27983.02,93798,13886.96,79139,11733.25,17792,2626.31,18249,2705.14,-51554,-7433.97
600551.SH,20260403,17024,1332.87,18372,1438.43,6668,521.91,6128,479.44,4927,385.15,2701,211.42,0,0.0,1418,110.64,-7214,-566.07
600552.SH,20260403,67511,7943.79,79328,9332.59,36251,4264.65,36702,4320.22,19084,2245.95,13621,1601.86,12604,1480.92,5798,680.65,-22122,-2591.19
600556.SH,20260403,166015,9615.56,166715,9655.23,83399,4829.69,85791,4968.87,34801,2014.4,26764,1549.73,0,0.0,4945,285.81,-56341,-3259.94
600557.SH,20260403,27944,3907.87,29137,4074.42,14003,1957.09,12568,1756.37,3458,482.98,3473,485.15,920,128.34,1147,160.35,-2585,-359.59
600558.SH,20260403,78823,4290.36,86693,4718.62,28351,1543.72,23840,1296.11,7980,432.97,6997,380.63,2376,128.3,0,0.0,-28544,-1553.24
600559.SH,20260403,38485,5150.29,39105,5233.74,20815,2785.43,21167,2832.54,6300,843.74,6090,814.67,762,101.5,0,0.0,-18308,-2449.68
600560.SH,20260403,13180,1854.49,14650,2062.06,4760,670.44,4189,589.96,1922,270.54,1023,143.46,0,0.0,0,0.0,-4604,-649.06
600561.SH,20260403,45783,2847.23,52708,3278.27,17279,1074.82,14203,882.8,6269,392.04,2420,153.02,0,0.0,0,0.0,-11865,-728.65
600562.SH,20260403,36456,8811.82,36289,8778.15,21626,5222.89,22156,5352.14,12122,2925.46,13192,3177.02,2333,564.53,901,217.39,-20980,-5072.23
600563.SH,20260403,23917,28957.4,20349,24625.05,21175,25641.91,20393,24681.13,17414,21082.23,15595,18852.43,8149,9858.0,14319,17380.93,-3297,-3874.29
600566.SH,20260403,34986,9359.59,32048,8572.04,12023,3218.49,13260,3550.8,2098,562.65,4089,1096.82,1653,442.71,1363,363.78,-1219,-322.27
600567.SH,20260403,189885,2875.69,227796,3447.63,194415,2943.61,208739,3160.81,87618,1326.46,93182,1412.04,87774,1330.35,29975,455.62,-243188,-3675.35
600568.SH,20260403,36310,972.04,33119,885.73,38849,1039.01,42395,1134.84,9427,252.06,9072,242.55,0,0.0,0,0.0,-3696,-95.01
600569.SH,20260403,208930,4440.56,207644,4412.92,114518,2429.13,112318,2382.79,38823,824.49,36852,782.75,283,5.97,5740,121.69,-85531,-1807.47
600570.SH,20260403,64137,16262.94,57647,14619.41,36206,9184.11,39689,10069.36,18138,4603.94,19483,4942.08,1977,501.61,3639,921.75,-6523,-1639.88
600571.SH,20260403,43492,5734.72,52030,6856.48,25662,3387.11,21308,2820.25,10151,1340.19,6111,806.52,929,124.3,785,103.07,-5738,-742.25
600572.SH,20260403,221355,9797.53,243262,10764.25,118058,5226.46,110041,4873.7,58666,2593.48,41904,1853.78,10976,487.71,13848,613.44,-160635,-7098.59
600573.SH,20260403,51650,6329.07,58371,7146.64,26231,3217.51,24264,2979.0,13138,1608.6,9841,1208.04,2295,280.5,838,101.98,-3024,-360.15
600575.SH,20260403,240765,9073.95,254233,9576.54,118322,4459.62,122918,4634.04,55228,2077.26,37164,1400.25,0,0.0,0,0.0,-68393,-2562.06
600576.SH,20260403,62557,3569.67,66650,3803.81,29167,1662.3,28464,1623.85,12258,700.39,10868,617.9,2000,113.2,0,0.0,-32998,-1884.48
600577.SH,20260403,123905,14756.5,123427,14694.14,116284,13845.44,111726,13306.44,64121,7632.37,62525,7445.61,10910,1298.01,17543,2086.13,-8625,-988.21
600578.SH,20260403,155857,7852.23,184070,9275.32,97663,4918.22,94378,4756.48,72810,3672.05,51486,2593.85,12523,633.17,8919,450.01,-115288,-5805.97
600579.SH,20260403,29633,2279.12,31999,2460.63,9285,714.71,9050,696.49,5521,423.44,3390,260.15,0,0.0,0,0.0,-5507,-422.05
600580.SH,20260403,149207,53205.78,126314,45036.68,81750,29152.36,82864,29547.72,36310,12944.07,49389,17602.33,7143,2552.39,15842,5667.86,-13806,-4871.63
600581.SH,20260403,268950,7152.74,298831,7951.22,296457,7876.78,212014,5638.8,247233,6551.29,178164,4725.66,51073,1349.95,174704,4615.08,219014,5786.01
600582.SH,20260403,109484,6208.39,116167,6585.8,58147,3296.05,54477,3088.79,29284,1659.71,31938,1810.87,9957,564.56,4290,243.24,-35098,-1982.83
600583.SH,20260403,404632,27306.38,387643,26143.07,255819,17254.28,260505,17577.99,137444,9266.16,134270,9066.25,35156,2377.48,50633,3416.98,-45766,-3014.61
600584.SH,20260403,145632,55973.7,138441,53210.27,76056,29230.18,76387,29356.96,33266,12783.48,37430,14383.71,6752,2595.43,9448,3631.85,-20427,-7809.1
600585.SH,20260403,64382,14779.79,72843,16718.0,32129,7375.1,39211,9006.21,27559,6331.53,14673,3370.69,5495,1258.54,2839,650.07,-37410,-8583.17
600586.SH,20260403,229019,12202.01,218417,11638.11,174275,9288.78,164119,8752.3,72114,3848.09,82572,4396.04,21882,1167.68,32183,1720.11,-140078,-7443.93
600587.SH,20260403,24605,3507.49,25594,3649.13,14167,2018.28,15530,2214.98,11218,1599.08,8961,1274.31,2479,353.51,2384,339.94,-12630,-1799.85
600588.SH,20260403,164919,19038.62,169486,19569.1,82837,9569.0,89189,10301.36,38058,4392.62,30929,3567.22,10717,1235.78,6926,798.36,-65215,-7527.58
600589.SH,20260403,487826,49370.49,506882,51295.51,289139,29269.65,294876,29857.8,132313,13415.54,117073,11884.16,32098,3261.04,22545,2279.26,-103092,-10334.92
600590.SH,20260403,225524,30490.94,234671,31724.75,124838,16887.92,122008,16497.79,66915,9042.75,70849,9586.28,17854,2411.92,7604,1024.71,13222,1860.7
600592.SH,20260403,27170,5242.41,24644,4755.64,11272,2173.58,11403,2197.7,5530,1063.1,7926,1525.94,3,0.58,2,0.39,-7195,-1383.46
600593.SH,20260403,15444,5543.82,16808,6032.89,8565,3075.58,7444,2671.61,2987,1070.2,2734,981.51,0,0.0,10,3.58,-3346,-1196.56
600594.SH,20260403,1011937,50445.97,949523,47253.69,752609,37470.26,685394,34152.6,384494,19167.17,443119,22057.26,124749,6195.12,195754,9814.97,-186416,-8939.1
600595.SH,20260403,178615,13169.01,169309,12477.28,98446,7254.02,101012,7443.64,47165,3478.39,51817,3826.32,10867,800.46,12954,954.63,894,88.93
600596.SH,20260403,72688,7638.68,75150,7898.63,42787,4495.76,39340,4135.55,18722,1970.91,17561,1846.04,1976,207.68,4122,432.81,-25897,-2719.75
600597.SH,20260403,33852,2517.18,37171,2765.04,17497,1301.57,18957,1411.13,13069,972.5,8289,615.07,0,0.0,0,0.0,-17280,-1286.97
600598.SH,20260403,219288,35083.13,230679,36892.39,151606,24275.52,123045,19712.76,79166,12663.34,83183,13330.85,32108,5149.81,45261,7235.8,-43765,-7004.59
600599.SH,20260403,1979,100.14,110,5.57,1330,67.3,1047,52.98,0,0.0,2152,108.89,0,0.0,0,0.0,3309,167.44
600600.SH,20260403,24270,15459.76,26026,16576.41,18049,11499.6,17343,11056.95,9732,6201.48,8892,5663.35,1335,852.72,1125,716.86,-8929,-5659.32
600601.SH,20260403,184114,17823.44,171445,16595.23,109996,10648.14,99469,9633.29,53254,5151.73,54172,5242.26,9193,891.79,31472,3044.32,-946,-74.84
600602.SH,20260403,393728,90089.51,527313,121995.09,314171,72342.0,411657,96321.63,207574,48264.42,231853,54616.41,334543,80938.71,79193,18701.5,-206126,-51387.07
600603.SH,20260403,72513,4865.68,80882,5431.34,52801,3552.6,50655,3405.85,20050,1344.53,17797,1193.4,3970,267.77,0,0.0,-24106,-1619.68
600604.SH,20260403,57265,2781.41,64021,3109.07,42728,2072.27,46134,2237.9,23493,1138.1,15470,750.52,2180,107.69,41,1.99,-43372,-2103.89
600605.SH,20260403,9920,2633.56,11383,3020.91,5934,1573.58,4892,1299.34,3385,897.44,1912,507.34,483,129.44,1535,406.44,-712,-187.36
600606.SH,20260403,253262,3732.43,265213,3907.48,175806,2590.91,174245,2567.52,129797,1911.42,111022,1635.0,4459,65.9,12844,190.66,-110517,-1621.25
600608.SH,20260403,16256,468.68,12944,374.46,26998,783.08,23143,671.8,16301,472.45,17075,495.75,0,0.0,6393,182.2,4375,132.25
600609.SH,20260403,61031,2421.62,62795,2490.2,31626,1255.51,25303,1004.86,7979,315.86,12538,497.93,0,0.0,0,0.0,-22554,-894.24
600610.SH,20260403,117465,10081.37,115463,9907.22,61664,5291.1,66857,5734.72,28202,2415.81,20247,1738.7,6936,594.82,11700,1002.47,-48006,-4112.51
600611.SH,20260403,83635,3878.35,91285,4231.25,46158,2139.04,45072,2088.31,23113,1070.03,20082,930.64,3533,162.77,0,0.0,-56687,-2627.34
600612.SH,20260403,5374,2226.02,4618,1913.11,1634,676.32,1728,715.05,384,159.12,1018,421.7,261,108.11,289,119.7,272,113.06
600613.SH,20260403,287792,19138.22,300313,19969.9,133121,8873.52,122593,8174.83,70511,4696.16,70293,4680.89,21248,1416.14,19473,1298.42,-11556,-753.43
600615.SH,20260403,19361,2106.76,21592,2348.58,5970,648.44,5033,547.25,2424,264.64,1578,172.62,1606,174.25,1158,125.64,-4997,-542.72
600616.SH,20260403,55173,2737.66,61957,3073.92,16012,792.83,12672,629.08,10355,513.63,6911,341.12,0,0.0,0,0.0,-18620,-926.73
600617.SH,20260403,650748,22196.88,633730,21617.29,229509,7851.03,231015,7903.95,113375,3884.07,131328,4492.72,13813,465.92,11373,383.94,-205800,-7043.98
600618.SH,20260403,59769,7213.85,48415,5845.66,24522,2959.63,24211,2920.59,11621,1400.01,20455,2463.7,5319,640.75,8150,984.29,-257,-36.72
600619.SH,20260403,67441,10791.84,67922,10866.7,36408,5825.77,32615,5220.91,15663,2506.54,18941,3031.58,820,130.99,854,135.96,65,22.81
600620.SH,20260403,34862,2117.91,36996,2246.97,11014,669.66,8181,497.71,3182,193.46,3881,236.36,0,0.0,0,0.0,-6766,-410.25
600621.SH,20260403,38338,5266.97,31308,4302.79,27649,3796.87,26877,3691.56,9269,1275.5,15268,2098.1,1847,252.56,3651,499.46,109,16.05
600622.SH,20260403,51970,1294.63,51708,1287.08,34977,870.92,38360,955.73,15786,392.66,12665,315.4,0,0.0,0,0.0,-2985,-71.85
600623.SH,20260403,151853,13745.15,133938,12136.54,95770,8695.34,108023,9798.14,66303,6010.53,74097,6725.24,24332,2225.5,22200,2016.62,-50902,-4647.97
600624.SH,20260403,28293,1277.51,28770,1298.65,23730,1070.09,23612,1065.59,6468,291.13,6110,274.49,0,0.0,0,0.0,-18872,-851.92
600626.SH,20260403,75243,2867.61,80698,3076.19,21254,809.13,19248,734.48,10533,403.31,7084,269.38,0,0.0,0,0.0,-12399,-473.64
600628.SH,20260403,54188,3839.6,62547,4432.37,24169,1712.08,18407,1303.27,8069,571.02,5472,387.07,0,0.0,0,0.0,-25913,-1833.85
600629.SH,20260403,60829,12157.04,67050,13397.14,43253,8644.5,36861,7367.43,23504,4690.44,21352,4260.4,4849,963.55,7172,1430.56,-18381,-3652.74
600630.SH,20260403,25531,1964.49,25378,1952.5,10366,797.02,9352,718.9,3502,268.84,4594,353.13,0,0.0,75,5.82,-4405,-337.67
600633.SH,20260403,75086,9118.36,78259,9502.8,51164,6214.77,49688,6036.32,16950,2059.25,17140,2082.96,2077,252.9,190,23.2,-8051,-968.57
600635.SH,20260403,261861,13988.22,247474,13223.57,184098,9845.75,174120,9309.3,83748,4467.26,87936,4692.57,11412,610.33,31589,1686.12,-161698,-8634.99
600636.SH,20260403,14104,1062.83,16792,1265.23,10779,811.48,15175,1141.95,14773,1111.9,9277,697.96,1588,118.93,0,0.0,-23753,-1788.48
600637.SH,20260403,134819,12307.53,132793,12120.9,109487,9993.59,96976,8855.19,34517,3149.8,41667,3803.24,1886,171.81,9273,843.41,-45718,-4172.11
600638.SH,20260403,37841,2178.5,43060,2478.67,14194,817.01,12396,713.95,6911,397.98,3490,200.87,0,0.0,0,0.0,-10228,-588.81
600639.SH,20260403,33096,3521.71,38626,4114.11,18367,1956.52,18201,1938.63,10572,1127.65,6176,656.22,968,103.09,0,0.0,-16199,-1730.32
600640.SH,20260403,23974,2790.24,25540,2974.48,10832,1260.58,9869,1147.33,3757,437.65,3819,444.19,1927,224.85,1262,147.33,-3919,-456.31
600641.SH,20260403,115932,21095.24,110876,20181.03,88555,16122.37,93226,16960.26,50389,9173.63,43221,7880.23,5893,1077.37,13447,2447.09,46353,8479.17
600642.SH,20260403,85350,7514.89,95726,8427.96,50993,4491.62,47340,4171.12,22247,1958.69,18091,1593.32,4345,383.66,1778,156.46,-11756,-1029.74
600643.SH,20260403,386639,20334.08,382488,20092.77,306431,16109.6,300451,15798.04,125860,6617.68,155334,8182.18,36729,1936.42,17385,924.79,-39867,-2008.56
600644.SH,20260403,381386,44593.44,363395,42551.31,227504,26662.56,207194,24284.21,92633,10875.29,94250,11115.9,42387,5079.63,79070,9259.5,-200693,-23573.9
600645.SH,20260403,102900,29884.59,93033,27045.54,115320,33477.99,109243,31728.71,80876,23424.99,82306,23832.63,26053,7507.63,40567,11688.32,-10726,-3165.01
600648.SH,20260403,12204,1240.87,14085,1431.99,4833,491.39,4865,494.1,4725,478.96,2812,285.14,0,0.0,0,0.0,-5780,-586.59
600649.SH,20260403,113565,4872.3,114883,4925.38,69631,2989.58,72643,3118.36,35357,1516.42,39294,1688.16,8267,353.59,0,0.0,-60671,-2591.97
600650.SH,20260403,17808,2258.69,18073,2294.16,6564,832.97,6064,768.11,1925,244.14,2160,273.53,0,0.0,0,0.0,-3931,-499.3
600651.SH,20260403,258358,18561.74,283965,20419.86,166350,11994.85,175976,12686.77,104315,7507.32,72244,5196.74,8094,584.69,4932,345.23,36218,2648.73
600653.SH,20260403,130948,2236.48,124518,2125.37,49424,844.39,52151,892.25,14709,250.36,18412,313.62,0,0.0,0,0.0,-47977,-816.41
600654.SH,20260403,373263,12829.28,569191,19937.38,226511,7850.26,388434,13726.11,208299,7422.76,190468,6806.16,369863,13436.94,29842,1069.6,-275560,-10371.54
600655.SH,20260403,45334,2068.7,45797,2088.64,22990,1047.26,20052,914.86,5522,251.21,7996,363.62,0,0.0,1,0.05,-14928,-678.05
600657.SH,20260403,70358,2081.81,78077,2309.87,28158,832.64,37312,1103.79,20230,598.36,9581,283.25,12412,366.65,6188,182.55,-15976,-471.2
600658.SH,20260403,50792,2264.17,51210,2282.21,19517,869.2,16799,748.47,10236,455.04,2200,98.11,0,0.0,10336,459.63,791,35.5
600660.SH,20260403,36144,20930.98,35442,20528.84,26503,15354.69,22487,13028.92,11259,6515.61,14456,8367.23,5308,3071.59,6829,3947.89,187,109.07
600661.SH,20260403,21750,2048.76,21316,2008.24,5552,522.87,3816,358.52,1409,133.61,3579,338.49,0,0.0,0,0.0,-3971,-374.49
600662.SH,20260403,54941,2746.72,66416,3317.39,17437,870.33,20259,1011.87,20834,1039.48,8691,434.11,2154,106.84,0,0.0,-24266,-1208.95
600663.SH,20260403,24302,1874.27,25660,1978.76,8075,622.24,5538,426.98,788,60.94,1967,151.72,0,0.0,0,0.0,-4589,-353.31
600664.SH,20260403,228462,8103.47,224926,7975.64,93683,3327.27,96565,3427.58,47355,1681.28,63974,2269.95,32078,1132.45,16113,571.29,-101390,-3589.5
600665.SH,20260403,80544,2524.83,86039,2695.55,28435,888.87,28618,893.3,10069,312.16,4391,137.01,0,0.0,0,0.0,-18372,-572.02
600666.SH,20260403,2441524,145069.78,2497865,148345.53,1810953,107611.25,1790068,106431.42,943538,56081.25,982414,58495.2,250280,15085.54,175949,10575.66,-510339,-29555.39
600667.SH,20260403,405170,35053.58,414362,35832.77,269299,23307.25,276027,23893.77,154691,13395.44,154832,13413.78,44325,3822.97,28264,2438.9,-96800,-8298.02
600668.SH,20260403,13740,1421.49,15845,1640.16,9932,1027.11,9030,934.75,4818,499.22,2668,275.74,1000,102.7,1947,199.86,-4873,-505.64
600671.SH,20260403,10348,2202.03,10655,2268.04,5039,1071.86,4466,949.96,2522,537.42,2788,593.31,0,0.0,0,0.0,-683,-145.68
600673.SH,20260403,171660,52008.32,186975,56669.69,133289,40427.79,124275,37701.85,88884,26958.08,87354,26498.33,43787,13293.83,39015,11818.14,59821,18325.07
600674.SH,20260403,147946,22260.89,134449,20225.72,82712,12441.35,95118,14307.1,38877,5844.31,43695,6571.05,9136,1369.45,5409,812.12,-7383,-1095.5
600675.SH,20260403,92228,2352.85,98316,2506.86,55312,1411.67,58423,1490.29,33285,847.5,24086,614.87,0,0.0,0,0.0,-42888,-1088.95
600676.SH,20260403,66717,4856.86,76514,5568.68,25010,1822.98,22887,1670.14,16862,1229.05,9287,677.3,5794,425.97,5695,418.75,-32694,-2383.39
600678.SH,20260403,71518,7185.7,72359,7269.56,27705,2782.21,23910,2401.86,10666,1069.85,13608,1365.12,2214,223.13,2226,224.35,-19177,-1924.44
600679.SH,20260403,15354,1791.04,16573,1932.32,7101,827.83,6819,795.3,5822,674.52,2724,315.31,1000,115.9,3161,366.36,-2075,-244.69
600681.SH,20260403,277065,11690.06,303661,12820.64,232183,9809.85,235459,9940.4,126869,5354.79,105301,4445.43,12799,537.82,4496,186.06,-247789,-10461.2
600682.SH,20260403,133573,9502.06,147921,10518.44,109269,7771.15,115571,8217.95,75316,5352.45,54014,3839.29,8467,600.46,9118,650.45,-49794,-3521.4
600683.SH,20260403,121970,10989.88,115426,10403.44,70513,6337.95,67799,6092.8,30871,2765.2,30250,2710.1,12425,1107.24,22304,1993.94,-12115,-1102.07
600684.SH,20260403,151761,6985.15,177313,8157.54,94464,4351.7,80950,3727.81,34647,1590.9,27906,1286.03,8425,386.19,3127,142.57,-42310,-1940.39
600685.SH,20260403,60943,16727.35,51377,14101.7,27746,7613.29,30898,8482.73,13840,3795.83,14360,3938.59,2330,636.99,8224,2250.44,701,201.95
600686.SH,20260403,78911,14078.67,82836,14777.36,40909,7293.46,35999,6419.81,15454,2759.45,18119,3236.61,3762,677.09,2082,374.89,-15386,-2723.34
600688.SH,20260403,196293,5680.52,209261,6050.98,137424,3974.91,132978,3848.49,76739,2218.33,68217,1974.29,0,0.0,0,0.0,-73656,-2118.02
600689.SH,20260403,11569,1483.17,14555,1865.56,8626,1105.75,6827,876.19,6569,843.46,2875,369.74,1002,128.27,3509,449.15,-4872,-625.66
600690.SH,20260403,143302,30454.27,142867,30355.7,109271,23238.63,103738,22056.13,53158,11298.86,60674,12904.02,15199,3226.97,13652,2902.89,-48147,-10189.68
600691.SH,20260403,462151,14246.46,450056,13876.78,185160,5711.57,186606,5761.77,88922,2735.83,97717,3010.73,11281,358.9,13134,403.47,-179361,-5537.02
600692.SH,20260403,128003,10176.66,143639,11424.42,55701,4467.64,54216,4373.74,36577,2951.16,31776,2568.85,10708,880.05,1358,108.5,-18021,-1476.09
600693.SH,20260403,145617,15836.89,142678,15516.59,50779,5522.13,49541,5383.71,14829,1611.28,18841,2051.65,0,0.0,165,18.35,-51105,-5565.42
600694.SH,20260403,6765,1110.48,9208,1511.71,6719,1103.48,4840,794.78,1333,218.45,769,125.91,0,0.0,0,0.0,-6418,-1054.11
600696.SH,20260403,27402,411.44,26735,401.7,11905,178.63,13348,199.93,2000,29.8,1224,18.24,0,0.0,0,0.0,-9984,-149.92
600697.SH,20260403,25061,2896.77,28596,3308.23,9817,1136.28,7990,923.9,2604,302.2,896,103.11,0,0.0,0,0.0,-4637,-539.03
600698.SH,20260403,186471,13596.01,190234,13868.13,78040,5699.64,81305,5936.66,30781,2243.01,25357,1850.48,1604,116.61,0,0.0,-35382,-2553.03
600699.SH,20260403,179061,45912.63,199014,51028.71,149469,38327.76,140763,36095.49,75558,19369.55,66706,17108.04,22330,5728.1,19934,5105.8,-6453,-1610.03
600702.SH,20260403,17840,7934.85,18040,8027.84,12841,5712.99,13426,5969.09,6100,2709.24,5205,2313.75,1082,481.68,1192,528.07,-7497,-3336.62
600703.SH,20260403,1037819,122389.89,1093810,128967.45,693854,81883.06,670946,79179.57,407895,48156.33,358245,42294.92,144657,17047.14,161225,19034.47,171999,20493.26
600704.SH,20260403,112745,5794.17,127711,6560.97,88219,4533.85,99550,5116.57,76237,3916.0,65282,3353.22,24816,1274.38,9474,487.65,-61804,-3168.78
600706.SH,20260403,40739,3721.54,44809,4092.46,20267,1851.97,18430,1682.56,6908,628.63,4675,427.12,0,0.0,0,0.0,-19752,-1800.57
600707.SH,20260403,69214,3806.38,71230,3916.53,41645,2289.67,41117,2260.72,15598,857.27,14109,776.07,0,0.0,0,0.0,-9087,-496.12
600708.SH,20260403,101977,3340.25,106333,3483.28,59794,1956.56,57175,1870.71,36226,1186.4,34488,1129.23,0,0.0,0,0.0,-36058,-1173.08
600710.SH,20260403,70883,8945.18,84146,10620.02,32939,4166.56,25268,3200.79,15483,1964.28,11690,1483.84,6027,770.63,4228,542.0,-6204,-782.29
600711.SH,20260403,464141,61193.2,463539,61087.06,344777,45479.82,362890,47871.6,220422,29080.79,241844,31925.26,113244,14937.46,74311,9807.35,-159157,-20858.55
600712.SH,20260403,30862,1865.39,32887,1988.02,14667,885.66,13499,814.53,5502,331.81,2339,141.25,0,0.0,2306,139.05,-10527,-634.66
600713.SH,20260403,297986,16644.15,287299,16049.55,149261,8345.59,142712,7976.91,63231,3537.39,85786,4803.12,16916,948.78,11597,646.33,14798,846.38
600714.SH,20260403,143263,23532.47,120069,19742.81,58127,9574.4,56780,9356.51,38501,6321.73,48419,7952.61,3350,554.42,17973,2931.09,3061,471.36
600715.SH,20260403,112756,2191.4,126967,2465.64,59104,1148.32,69883,1358.74,47379,920.0,26552,516.08,4162,80.74,0,0.0,-41520,-804.04
600716.SH,20260403,48515,2074.34,66240,2830.36,26104,1117.54,25880,1106.13,28466,1213.82,10599,453.4,2994,129.34,3360,145.15,-25698,-1093.27
600717.SH,20260403,121611,5543.59,135634,6179.88,58366,2660.73,56437,2576.22,34244,1558.1,18457,839.66,9990,454.55,13684,621.2,-61872,-2819.47
600718.SH,20260403,50524,4503.09,57438,5120.71,57770,5148.23,47842,4264.49,19851,1768.11,20602,1832.85,3805,337.93,6068,539.32,-24254,-2157.7
600719.SH,20260403,92244,5891.59,101131,6460.42,48988,3130.98,49270,3149.31,24146,1540.13,18509,1184.09,7722,497.6,4190,266.47,-32738,-2097.82
600720.SH,20260403,43860,3063.2,46166,3223.92,17279,1206.42,14141,987.49,2001,139.91,2833,198.12,0,0.0,0,0.0,-7558,-527.16
600722.SH,20260403,475081,62930.23,431292,57098.36,265905,35226.57,266431,35315.82,106126,14051.9,143154,18997.05,25238,3368.32,31473,4165.79,12367,1722.19
600724.SH,20260403,148065,9591.31,148752,9640.16,57945,3759.17,60598,3929.98,21176,1376.14,20928,1356.53,3092,200.05,0,0.0,-5231,-316.19
600725.SH,20260403,77544,3296.99,80158,3409.0,56746,2410.53,58736,2494.22,44731,1908.56,35732,1522.12,0,0.0,4395,190.74,-53312,-2267.11
600726.SH,20260403,1816144,92970.43,1769680,90539.42,1090425,55916.09,1113481,57101.86,519742,26665.77,596504,30621.02,230821,11837.99,177466,9127.99,-274723,-13836.05
600727.SH,20260403,210803,15468.1,232188,17039.25,106231,7818.09,95097,6986.96,47784,3507.32,40558,2985.87,9040,665.83,6015,447.27,-29480,-2124.69
600728.SH,20260403,98221,5422.2,96335,5317.23,52064,2872.93,52622,2903.75,14146,779.65,17266,952.67,2158,119.12,366,20.24,-27570,-1513.95
600729.SH,20260403,12690,2742.66,13839,2990.43,6328,1366.79,6618,1431.08,3876,837.54,2431,524.19,0,0.0,6,1.29,-5824,-1259.59
600730.SH,20260403,56383,5115.62,58415,5296.74,45115,4096.75,43933,3993.63,20048,1818.64,19274,1747.61,76,6.95,0,0.0,13922,1287.28
600731.SH,20260403,62204,4280.75,67200,4623.41,38235,2632.91,34860,2402.57,14712,1011.94,13091,899.62,0,0.0,0,0.0,-13319,-918.07
600732.SH,20260403,144308,20219.13,171535,24017.78,109937,15403.62,118972,16670.6,78972,11060.9,56653,7941.24,29151,4077.24,15209,2131.27,-86333,-12023.66
600733.SH,20260403,131480,9343.81,146574,10417.98,123636,8792.36,127781,9087.02,100345,7140.4,89392,6360.86,31234,2225.5,22948,1636.21,-126051,-8945.57
600734.SH,20260403,290182,10849.11,307760,11502.3,142026,5314.64,135178,5068.43,55537,2081.1,48631,1820.21,3824,146.08,0,0.0,-38887,-1423.66
600736.SH,20260403,57542,3375.27,63113,3702.75,25551,1497.37,24402,1429.02,10149,594.07,8723,509.6,4815,280.71,1819,106.05,-31621,-1852.78
600737.SH,20260403,113629,16202.88,105028,14973.98,106893,15240.48,110891,15800.11,52944,7533.82,65227,9285.22,18607,2640.88,10927,1558.75,40021,5741.88
600738.SH,20260403,53017,2475.26,54973,2566.1,17193,801.31,15690,731.69,4659,217.04,4206,195.81,0,0.0,0,0.0,-12471,-581.61
600739.SH,20260403,32370,3633.18,37953,4259.06,20980,2351.22,21455,2405.25,12594,1410.36,12294,1374.9,10905,1218.71,5148,574.26,-11503,-1287.95
600740.SH,20260403,250319,10490.13,253877,10638.49,151223,6343.0,174080,7303.35,92706,3880.74,108741,4549.91,55596,2323.34,13147,545.45,-124017,-5194.49
600741.SH,20260403,124536,24779.28,112088,22300.45,52149,10377.9,50644,10081.53,11215,2233.17,21069,4193.3,1760,350.75,5860,1165.82,7631,1526.77
600742.SH,20260403,43695,4264.02,50289,4908.24,24360,2379.8,19096,1866.36,7032,684.54,5955,578.63,1815,177.69,1561,152.82,-18593,-1814.08
600743.SH,20260403,72628,1319.05,88518,1606.4,44416,806.45,36328,659.73,18043,326.74,10241,186.1,0,0.0,0,0.0,-65519,-1186.97
600744.SH,20260403,612855,44102.17,608146,43753.64,275361,19824.23,307669,22148.06,158657,11416.27,131181,9453.49,46152,3317.71,46029,3305.19,-200721,-14400.3
600745.SH,20260403,62829,19128.01,61296,18661.09,39600,12054.61,43698,13301.8,24337,7412.12,22827,6948.62,2629,796.38,1574,479.61,-24549,-7462.85
600746.SH,20260403,220454,22024.52,246948,24693.44,134306,13449.04,114901,11500.28,52253,5230.42,45189,4532.99,11568,1170.6,11542,1147.85,-55687,-5540.01
600748.SH,20260403,96468,4582.88,101609,4824.85,44263,2098.57,43592,2066.53,27242,1287.88,22687,1074.04,0,0.0,83,3.91,-36801,-1752.26
600749.SH,20260403,22979,3604.74,24171,3791.78,10366,1626.01,10643,1670.22,4074,639.72,4548,713.19,1943,304.71,0,0.0,-11302,-1773.08
600750.SH,20260403,33378,8969.61,34844,9362.92,23013,6183.53,19785,5320.28,7762,2084.41,10382,2787.55,1971,530.32,1113,297.12,2569,693.06
600751.SH,20260403,214828,8337.95,231425,8983.16,118420,4596.84,110757,4298.71,72741,2821.82,59348,2299.6,18193,701.6,22652,876.74,-112035,-4329.98
600753.SH,20260403,22462,2664.76,26182,3110.04,25406,3010.24,23497,2786.45,14269,1691.33,10549,1247.61,0,0.0,1909,222.23,-20071,-2393.06
600754.SH,20260403,51282,14225.12,56135,15568.96,23124,6412.9,19346,5370.81,10419,2892.51,8670,2405.14,2222,613.69,2896,799.3,-10629,-2938.19
600755.SH,20260403,80970,5134.31,78044,4947.75,81301,5154.13,74398,4717.63,32175,2038.63,35489,2248.57,2661,168.71,9176,581.82,-18728,-1181.83
600756.SH,20260403,93007,15762.2,91293,15470.89,64274,10882.91,64526,10928.18,27862,4709.49,28390,4797.09,3545,596.88,4479,755.32,-622,-39.73
600757.SH,20260403,43424,3810.37,39705,3483.05,21314,1868.7,28859,2531.1,8589,753.1,4763,418.03,0,0.0,0,0.0,6609,582.19
600758.SH,20260403,553816,22866.19,594728,24536.29,498933,20594.87,513006,21181.63,257158,10605.98,219740,9076.89,46798,1932.02,29231,1204.24,-327369,-13476.21
600759.SH,20260403,1548753,88763.05,1637194,93796.63,1205828,69178.35,1274012,73103.85,766523,44039.38,698548,40130.29,299017,17177.0,210366,12127.02,-569239,-32491.22
600760.SH,20260403,40914,19679.75,37230,17905.47,30090,14473.8,28383,13656.01,16164,7777.5,19331,9302.22,4631,2228.71,6856,3296.07,4389,2123.9
600761.SH,20260403,58080,10087.27,55494,9636.69,44647,7759.89,45354,7882.83,21434,3709.27,21208,3675.15,0,0.0,2104,361.75,-4239,-750.49
600763.SH,20260403,27378,11240.41,22923,9412.2,13302,5461.07,15937,6545.14,6433,2643.04,8695,3570.51,1400,576.53,957,393.2,-2481,-1014.57
600764.SH,20260403,18447,4323.64,15679,3676.58,9928,2326.63,11241,2633.26,3152,741.19,3426,802.02,546,127.22,1727,406.82,-1459,-341.44
600765.SH,20260403,71452,11420.72,67765,10830.69,57325,9160.61,52516,8393.32,29205,4662.71,31890,5090.58,5162,820.61,10974,1750.07,-21778,-3464.1
600768.SH,20260403,32572,5356.34,33027,5428.33,10442,1714.08,9400,1545.15,5176,850.16,5863,963.34,100,16.25,0,0.0,-2350,-386.98
600769.SH,20260403,38146,5244.27,37239,5120.04,25934,3564.02,26217,3604.76,15643,2150.58,16196,2222.57,2583,354.38,2654,365.89,-1004,-136.56
600770.SH,20260403,71708,3861.92,73218,3943.42,21744,1169.96,21435,1154.47,11033,596.55,7852,424.21,0,0.0,1980,106.33,-19495,-1049.36
600771.SH,20260403,51925,9093.59,50630,8861.37,37997,6655.8,38323,6708.25,13659,2386.38,15798,2766.85,3331,580.62,2163,379.92,17481,3080.14
600773.SH,20260403,86186,15337.04,85405,15196.72,62820,11172.18,58073,10337.54,31411,5585.25,32876,5838.37,9263,1649.1,13325,2370.93,-12372,-2189.91
600774.SH,20260403,39685,3530.73,39765,3537.05,8325,740.69,8034,716.36,2092,187.02,2303,205.03,0,0.0,0,0.0,-7868,-701.0
600775.SH,20260403,162251,20885.26,151528,19516.0,73247,9437.4,79659,10261.22,28494,3676.39,32452,4174.81,6065,771.28,6418,818.29,-34510,-4446.52
600776.SH,20260403,84559,12654.42,92008,13769.04,38905,5822.02,43871,6568.85,19508,2922.96,12414,1857.43,9406,1405.62,4085,609.7,-8725,-1297.08
600777.SH,20260403,92105,4944.82,93053,4995.16,150624,8081.74,157841,8472.67,114400,6145.7,102928,5523.42,7744,413.2,11051,594.21,-33552,-1769.04
600778.SH,20260403,48695,2968.61,57204,3486.06,21256,1298.01,17122,1046.81,9147,560.69,4772,294.44,0,0.0,0,0.0,-12078,-736.8
600779.SH,20260403,13014,4231.46,13534,4403.34,7217,2349.22,7672,2495.43,3584,1166.6,2348,762.95,0,0.0,261,85.56,-8849,-2879.27
600780.SH,20260403,155201,9920.26,164423,10507.52,138701,8863.95,126589,8093.71,61071,3891.34,56120,3576.94,5149,328.07,12990,825.44,-57670,-3677.39
600782.SH,20260403,179880,6314.56,188810,6626.59,106549,3740.08,106970,3755.01,52017,1824.96,42665,1497.99,0,0.0,0,0.0,-56746,-1984.4
600783.SH,20260403,50685,10202.34,55375,11139.36,25329,5100.84,25167,5073.62,10121,2035.87,7290,1473.58,1700,348.11,3,0.6,-6891,-1382.21
600784.SH,20260403,32875,2280.36,37348,2589.63,25238,1746.5,22423,1553.76,12015,837.25,8118,563.65,0,0.0,2239,157.08,-12342,-852.58
600785.SH,20260403,22478,3722.94,23091,3826.51,6113,1013.01,6048,1002.28,2249,373.89,2177,360.3,1242,206.17,766,126.93,-374,-65.13
600787.SH,20260403,77268,4162.84,81592,4395.72,44016,2370.36,41769,2250.17,24903,1341.38,19314,1038.91,4558,244.76,8070,434.55,-16954,-909.9
600789.SH,20260403,82919,6948.05,78149,6547.44,45288,3796.16,43715,3663.65,21108,1769.67,27631,2317.44,5703,478.07,5522,463.4,-8359,-689.22
600790.SH,20260403,33716,1253.21,44291,1646.25,22321,831.49,20034,745.1,9575,354.34,1287,47.69,0,0.0,0,0.0,-23755,-883.16
600791.SH,20260403,109359,11769.26,114771,12346.96,81294,8750.35,78416,8434.19,44702,4809.24,42808,4610.84,10993,1173.58,10353,1110.43,-25015,-2652.55
600792.SH,20260403,317117,12856.12,312783,12673.02,195084,7901.35,167008,6777.01,89111,3605.42,101891,4124.68,11607,463.57,31237,1251.76,-89629,-3629.08
600793.SH,20260403,15421,2759.19,13675,2447.26,4382,782.69,5022,897.21,890,158.97,1996,356.38,0,0.0,0,0.0,1717,309.13
600794.SH,20260403,72167,2596.21,78928,2838.68,32396,1166.54,29542,1063.23,13031,467.31,9124,328.15,0,0.0,0,0.0,-24023,-860.87
600795.SH,20260403,571896,27189.25,513074,24391.63,487749,23185.0,433247,20601.49,399113,18959.47,357075,16973.15,251464,11943.88,406827,19311.32,-46631,-2209.15
600796.SH,20260403,93369,5857.89,98007,6152.79,24867,1565.15,20008,1256.82,3940,247.84,4161,261.27,0,0.0,0,0.0,-8440,-540.2
600797.SH,20260403,79222,6958.85,83983,7375.57,51409,4516.32,51692,4542.65,25535,2244.26,19292,1696.33,1510,133.33,2710,238.21,-26131,-2281.48
600798.SH,20260403,198180,7637.4,223820,8618.12,88654,3421.51,70239,2715.5,34933,1345.68,24640,952.31,2823,107.56,5891,226.21,-71878,-2746.75
600800.SH,20260403,225720,10227.32,248656,11269.7,137671,6230.96,135198,6127.36,89643,4049.54,76309,3455.09,24678,1131.43,17550,787.09,-22722,-1018.42
600801.SH,20260403,101290,23160.12,91338,20885.18,30125,6896.3,38078,8714.22,16335,3740.53,15928,3647.23,4429,1013.69,6835,1564.0,2475,574.2
600802.SH,20260403,111600,6550.97,115280,6768.36,34766,2048.33,32794,1932.83,12817,754.51,11109,652.62,0,0.0,0,0.0,-32495,-1907.71
600803.SH,20260403,47641,10530.08,48554,10733.45,22450,4962.32,26578,5878.28,15754,3484.99,12861,2843.99,4803,1064.7,2655,586.37,-12229,-2702.56
600805.SH,20260403,76849,3846.17,91875,4597.88,64021,3200.38,50454,2525.56,27605,1382.09,25396,1267.99,2888,142.96,3638,180.16,-19949,-1008.71
600807.SH,20260403,133476,4079.04,149439,4566.65,65178,1992.06,65063,1989.36,33936,1037.95,19143,584.49,5457,165.71,4402,134.26,-63947,-1946.26
600808.SH,20260403,160691,5973.23,170396,6331.91,65442,2432.9,74469,2770.39,57295,2134.58,55749,2076.47,22280,827.99,5095,189.93,-38206,-1406.02
600809.SH,20260403,16442,23341.38,15480,21986.04,15291,21698.31,13958,19820.84,7915,11233.66,9873,13997.16,1902,2696.64,2238,3165.94,-7382,-10508.62
600810.SH,20260403,132682,10719.25,131480,10619.88,63770,5166.61,65860,5333.43,22744,1836.32,22498,1824.02,7372,596.59,6730,541.43,12843,1072.84
600812.SH,20260403,195071,10828.96,181347,10067.07,83515,4648.69,93625,5209.38,51019,2838.98,52220,2908.38,7322,405.47,9735,537.28,-50358,-2784.32
600814.SH,20260403,33429,2503.3,38844,2911.04,18262,1368.21,14033,1049.65,4835,362.44,3649,273.26,0,0.0,0,0.0,-17105,-1283.59
600815.SH,20260403,504176,17722.1,505961,17799.91,262166,9223.32,273884,9655.39,136280,4810.79,107881,3798.87,14420,514.82,29316,1016.86,-195100,-6884.64
600816.SH,20260403,134596,3376.55,148382,3718.6,96821,2428.23,89131,2236.34,39793,996.59,34997,878.93,6656,166.4,5356,133.9,-52394,-1302.59
600817.SH,20260403,58492,6609.69,66824,7547.47,28508,3231.59,26629,3027.57,10470,1184.69,8143,926.4,4196,483.34,70,7.86,-12244,-1382.44
600818.SH,20260403,29192,2471.46,29849,2527.48,13847,1170.5,12401,1047.2,3474,293.15,4001,338.17,0,0.0,262,22.26,-11843,-996.82
600819.SH,20260403,63465,4281.15,66072,4456.58,22740,1534.04,19854,1341.63,7593,510.01,12234,823.61,5903,401.39,1541,104.79,-9423,-644.31
600820.SH,20260403,79321,4812.57,80271,4868.15,52623,3192.5,55365,3361.04,20441,1240.6,17746,1077.07,2723,165.01,1726,104.42,-3596,-213.11
600821.SH,20260403,1247049,99810.34,1190825,95302.46,699516,56063.58,727035,58282.39,374871,30010.25,418326,33563.32,140893,11380.57,126144,10116.58,-401799,-31917.94
600822.SH,20260403,15606,1541.98,16459,1626.98,6085,601.47,4749,468.67,1732,170.76,2215,218.57,0,0.0,0,0.0,-2955,-293.22
600824.SH,20260403,56225,2196.99,57001,2227.46,25046,980.13,22291,871.36,3766,146.22,5745,224.52,0,0.0,0,0.0,-30159,-1178.56
600825.SH,20260403,90153,5139.84,103241,5892.38,49294,2814.6,42424,2427.23,20687,1184.39,17614,999.42,6842,392.6,3697,212.39,-9540,-551.83
600826.SH,20260403,27926,2673.92,28856,2763.29,6469,619.43,5939,567.52,2560,245.14,2160,207.68,0,0.0,0,0.0,-658,-63.19
600827.SH,20260403,22301,1880.53,25192,2124.7,10119,852.82,11198,943.8,10732,903.0,6762,567.85,0,0.0,0,0.0,-9295,-783.75
600828.SH,20260403,120022,6001.34,116571,5828.85,47348,2368.64,47070,2354.18,11541,576.32,19170,959.05,3900,195.78,0,0.0,-31601,-1575.15
600829.SH,20260403,275047,31201.91,302894,34374.65,160151,18197.75,153485,17443.81,69789,7913.45,45050,5110.76,5752,671.91,9310,1055.79,-43008,-4850.84
600830.SH,20260403,25304,2166.42,28526,2441.85,10435,893.12,8506,728.25,3914,334.98,3891,332.63,1270,108.2,0,0.0,-7503,-641.49
600831.SH,20260403,92150,3346.3,106697,3873.61,32093,1163.61,30524,1106.65,20490,742.15,11006,398.98,3494,127.18,0,0.0,-17935,-648.63
600833.SH,20260403,21132,2513.3,22639,2693.23,6708,798.13,5874,698.79,3470,413.95,3647,434.16,850,100.81,0,0.0,-6814,-812.55
600834.SH,20260403,20033,1653.09,22804,1881.57,6784,559.29,6161,508.22,4798,395.84,2650,218.44,0,0.0,0,0.0,-5933,-490.14
600835.SH,20260403,17609,3793.87,17693,3812.38,9432,2031.96,8858,1909.33,7183,1546.66,7195,1548.34,0,0.0,478,102.44,-3890,-838.42
600838.SH,20260403,37915,3727.06,38505,3785.01,17814,1750.74,16319,1604.1,8196,804.28,6198,608.44,0,0.0,2903,284.53,-8229,-809.5
600839.SH,20260403,203218,17270.54,212596,18067.45,140901,11977.22,135565,11523.23,42745,3632.4,36650,3115.05,7114,602.97,9166,777.4,-137965,-11713.08
600841.SH,20260403,101227,8382.4,95858,7936.69,22492,1859.85,21641,1791.4,7285,601.55,9124,753.2,2286,188.18,6667,550.7,-18364,-1518.87
600843.SH,20260403,32329,2966.77,33526,3077.19,14465,1327.82,14805,1358.47,4703,432.53,4863,447.16,4405,404.15,2708,248.44,-17972,-1646.02
600844.SH,20260403,524193,21311.93,468678,19093.54,391208,15924.38,388703,15840.97,152517,6225.55,225316,9182.27,64589,2663.55,49809,2008.64,-24328,-1130.51
600845.SH,20260403,81963,18473.59,84786,19102.58,50884,11465.78,51697,11651.63,24301,5472.24,20363,4590.58,2344,528.56,2647,595.37,-1416,-299.75
600846.SH,20260403,12871,1519.32,14242,1682.93,5892,695.39,5064,597.75,3106,368.72,2563,302.76,0,0.0,0,0.0,-7477,-886.34
600847.SH,20260403,23076,2815.4,23519,2871.22,6390,780.38,6182,754.15,1651,201.24,1416,171.66,0,0.0,0,0.0,-1535,-188.07
600848.SH,20260403,28184,2781.98,30994,3059.1,12263,1210.22,10029,989.71,8977,884.33,8401,827.71,0,0.0,0,0.0,-8059,-791.91
600850.SH,20260403,25734,5715.63,23242,5160.62,18878,4189.35,15559,3457.52,9945,2205.59,8752,1942.61,5006,1109.49,12009,2659.32,1867,419.82
600851.SH,20260403,186772,15641.88,195550,16381.63,80098,6725.29,80737,6777.97,40447,3390.94,31724,2660.89,2963,254.52,2269,192.14,-35086,-2913.76
600853.SH,20260403,78091,2961.53,79225,3004.56,34527,1308.48,26357,998.56,6688,254.55,9593,364.02,0,0.0,4132,157.43,-20181,-765.32
600854.SH,20260403,57793,2796.18,67922,3286.01,31928,1545.66,29590,1430.98,16280,783.44,8489,408.29,0,0.0,0,0.0,-31419,-1517.36
600855.SH,20260403,44371,7371.31,46049,7649.22,18086,3006.44,16069,2671.83,7883,1308.4,7780,1291.77,676,112.08,1118,185.42,-3661,-603.74
600857.SH,20260403,13319,1539.35,15345,1773.56,6263,723.77,4936,570.26,1126,129.93,427,49.23,0,0.0,0,0.0,-6796,-784.64
600858.SH,20260403,47135,2656.66,49211,2770.91,16571,929.49,17049,955.88,7250,404.23,4696,263.6,0,0.0,0,0.0,-11042,-618.57
600859.SH,20260403,47443,5703.75,44346,5331.94,37437,4505.25,33594,4041.97,18468,2217.49,22938,2757.45,7518,910.51,9987,1205.64,-21367,-2564.93
600860.SH,20260403,75203,8185.94,68905,7503.39,39095,4259.71,39518,4305.49,10643,1161.42,16426,1788.87,1143,124.7,1235,134.02,-17785,-1942.05
600861.SH,20260403,13310,2131.69,14864,2378.97,6926,1108.39,4348,695.69,520,83.07,2453,393.4,1908,305.74,999,160.84,-9050,-1446.5
600862.SH,20260403,51190,10673.95,45437,9472.3,34289,7147.77,40484,8438.84,20593,4291.32,23475,4896.45,4072,850.35,748,155.81,-17650,-3673.78
600863.SH,20260403,199596,9960.68,211562,10555.67,144251,7197.97,134699,6722.66,114210,5695.08,96852,4830.15,11608,579.11,26551,1324.37,-36468,-1809.3
600864.SH,20260403,189519,12211.29,197083,12702.51,158830,10246.71,153576,9907.78,62623,4048.38,69965,4512.22,28886,1854.0,19234,1237.86,-35856,-2263.84
600865.SH,20260403,28572,3132.71,29439,3228.23,10893,1193.83,9283,1017.35,2989,329.51,3732,410.46,0,0.0,0,0.0,-2630,-286.47
600866.SH,20260403,86758,6100.65,95507,6715.39,45184,3178.02,50100,3523.73,30148,2121.99,14579,1027.5,0,0.0,1904,134.04,-37696,-2649.86
600867.SH,20260403,585760,58476.02,614558,61386.22,442806,44157.9,445066,44408.94,236995,23660.11,207696,20725.28,42270,4236.39,40510,4009.97,-10021,-972.61
600868.SH,20260403,381971,13296.03,406588,14146.63,167864,5849.97,162907,5679.49,78929,2747.52,56651,1977.14,7107,248.17,9725,338.43,-97816,-3382.83
600869.SH,20260403,382052,56757.13,408680,60952.95,452865,67380.59,498614,74517.28,345535,51631.57,359492,53893.96,250569,38379.88,164234,24784.98,151043,22416.89
600871.SH,20260403,910662,26102.35,866071,24796.34,568967,16317.65,565185,16199.28,390499,11182.42,344636,9886.18,60299,1720.7,154535,4441.31,-159709,-4477.54
600872.SH,20260403,51539,9886.28,42609,8172.17,18960,3635.07,21702,4165.33,10213,1956.77,14722,2821.69,4676,895.51,6355,1214.44,-9762,-1871.74
600873.SH,20260403,132559,14769.35,131442,14642.33,81211,9042.5,84066,9363.78,42984,4789.25,42361,4717.42,11692,1300.96,10577,1178.53,-19008,-2095.71
600874.SH,20260403,75153,4469.06,97117,5778.04,49264,2930.63,37425,2228.2,22982,1367.17,19637,1168.29,8480,508.8,1700,101.15,-45499,-2709.2
600875.SH,20260403,214689,79540.33,227032,84102.78,144042,53370.3,145264,53831.1,87166,32293.68,74353,27549.1,40422,14960.23,39669,14681.56,-23286,-8446.12
600876.SH,20260403,54902,4978.85,53270,4834.46,19218,1747.42,20271,1837.55,7043,636.86,7622,691.13,0,0.0,0,0.0,-2226,-205.57
600877.SH,20260403,57611,9018.03,55634,8709.12,25355,3967.33,27683,4328.44,11001,1719.22,13082,2048.0,2432,380.98,0,0.0,-12598,-1963.84
600879.SH,20260403,442208,91704.73,425324,88193.71,325884,67565.61,294609,61111.54,113745,23605.17,139590,28967.71,24867,5179.98,47180,9782.54,-86132,-17662.7
600880.SH,20260403,95393,4432.29,98197,4561.42,45190,2100.1,36606,1700.46,16803,776.76,17553,815.89,0,0.0,5030,231.38,-17266,-802.32
600881.SH,20260403,130202,2070.37,159640,2537.39,95929,1525.5,82326,1308.03,50627,803.58,35531,564.43,7500,118.5,6761,108.1,-134858,-2140.56
600882.SH,20260403,30960,5492.97,28585,5073.48,12181,2159.15,14256,2527.58,3144,556.61,3439,606.78,0,0.0,5,0.88,-2890,-513.72
600883.SH,20260403,43718,3384.08,47356,3662.94,15751,1220.99,13464,1041.68,5549,429.81,4198,330.26,0,0.0,0,0.0,-10342,-790.88
600884.SH,20260403,171554,22236.23,192758,24973.69,121828,15791.54,136391,17685.2,76356,9897.85,76807,9951.67,49463,6400.69,13244,1715.75,-93093,-12028.77
600885.SH,20260403,104446,26571.88,101088,25712.96,88366,22476.49,85001,21613.44,30591,7773.1,34176,8698.57,5914,1502.33,9052,2298.82,2804,763.01
600886.SH,20260403,92398,12818.09,96407,13375.34,47651,6609.75,47115,6534.39,16714,2316.91,10641,1474.12,20110,2779.29,22711,3140.19,-9323,-1295.98
600887.SH,20260403,120753,31768.02,105595,27771.6,55797,14676.59,67675,17802.15,33359,8774.85,35610,9372.94,13412,3532.09,14440,3804.86,-14345,-3754.53
600888.SH,20260403,114478,8999.18,126090,9911.72,87578,6883.14,92901,7304.72,48411,3804.32,61644,4847.45,46740,3679.08,16571,1301.82,-88515,-6955.28
600889.SH,20260403,18412,2475.92,18716,2517.69,16253,2184.39,17713,2381.88,7816,1048.43,6224,832.75,1126,151.22,954,127.64,-6937,-936.87
600892.SH,20260403,16149,574.53,17173,610.66,18166,645.54,14835,527.75,4329,153.88,5509,195.19,0,0.0,1127,40.35,-17502,-620.87
600893.SH,20260403,110689,54326.19,121629,59708.62,84174,41325.53,87369,42907.32,46960,23061.88,52944,26013.43,37869,18642.9,17750,8727.14,-35743,-17564.62
600894.SH,20260403,118214,11430.08,115602,11175.64,47327,4574.24,53903,5212.22,12629,1220.1,10269,991.68,1604,155.11,0,0.0,-4284,-397.87
600895.SH,20260403,59797,20612.64,57432,19796.37,46074,15879.69,45649,15737.04,28162,9703.9,30814,10619.5,4411,1524.77,4549,1568.1,8342,2897.6
600897.SH,20260403,11408,1830.1,12342,1978.94,6941,1113.44,5931,951.15,3371,539.72,3447,553.18,0,0.0,0,0.0,-3495,-560.63
600900.SH,20260403,262567,70288.8,285430,76408.62,194840,52170.94,209432,56075.27,117987,31588.94,114073,30549.44,80883,21663.56,47342,12678.92,-164078,-43901.5
600901.SH,20260403,146342,9851.77,146196,9838.64,83087,5594.93,77852,5243.6,28037,1887.17,36006,2426.19,5291,357.46,2703,182.9,9900,680.15
600903.SH,20260403,54043,3381.7,57038,3569.73,38314,2399.41,38983,2441.28,24298,1520.52,20528,1283.94,0,0.0,107,6.67,-47776,-2991.57
600905.SH,20260403,648873,26726.63,785253,32340.27,606019,24958.55,559614,23053.75,304370,12541.8,315139,12992.12,178012,7343.9,77268,3184.75,-615732,-25325.6
600906.SH,20260403,62384,3910.01,65711,4118.82,28595,1792.55,26102,1635.71,17963,1128.05,12848,805.82,1907,118.81,6188,389.06,-13399,-835.99
600908.SH,20260403,89806,5071.96,96132,5428.77,48347,2731.68,53278,3010.92,20178,1139.74,13921,786.88,5000,283.2,0,0.0,-22469,-1267.28
600909.SH,20260403,132264,7257.18,134178,7364.42,126602,6945.07,129040,7080.31,87618,4805.25,79680,4372.23,22904,1256.92,26490,1447.47,-98704,-5410.81
600916.SH,20260403,89380,8296.26,93111,8640.32,46812,4344.14,42871,3980.56,12535,1162.23,14725,1367.45,2677,250.52,697,64.82,-32762,-3036.48
600917.SH,20260403,56262,3004.0,63260,3377.52,41247,2204.95,37920,2027.4,21367,1141.43,16983,907.09,5062,269.68,5775,308.06,-44972,-2399.76
600918.SH,20260403,69306,4134.76,99148,5911.32,49141,2930.46,50838,3032.07,34342,2049.23,20191,1205.17,20181,1201.47,2794,167.36,-66222,-3939.99
600919.SH,20260403,189526,20495.36,194582,21037.19,138270,14951.95,173971,18810.74,109321,11820.67,107042,11576.02,64244,6942.78,25766,2786.82,-77253,-8329.43
600925.SH,20260403,69794,3186.47,80423,3672.03,47762,2182.51,45243,2065.69,27764,1268.23,19238,880.19,5733,260.51,6149,279.81,-56415,-2578.66
600926.SH,20260403,76820,12931.76,74078,12469.14,78701,13255.2,80182,13503.46,47403,7981.46,47135,7939.52,17338,2931.43,18867,3187.72,22755,3854.89
600927.SH,20260403,25283,3414.06,25089,3387.37,7842,1058.65,9142,1234.57,3495,472.17,2389,322.94,0,0.0,0,0.0,-2626,-353.66
600928.SH,20260403,104299,3712.23,115596,4114.75,52652,1873.8,50694,1804.78,33574,1194.99,21197,753.64,5893,209.2,8931,317.05,-49418,-1757.71
600929.SH,20260403,70772,4106.98,73690,4277.8,36511,2119.12,33075,1920.07,40368,2339.58,15261,883.8,22695,1321.07,48319,2805.06,11684,666.58
600930.SH,20260403,824801,49702.77,824835,49697.97,620028,37371.31,621226,37435.48,300219,18094.02,317527,19133.19,120647,7265.45,102107,6166.92,-528688,-31788.6
600933.SH,20260403,31418,5223.8,29332,4877.27,15493,2575.41,16290,2710.07,7750,1288.61,7497,1244.69,4035,669.92,5577,925.71,-2989,-498.9
600935.SH,20260403,258406,6950.95,263002,7069.26,139830,3759.95,172263,4628.84,68124,1825.47,52013,1398.89,20918,560.62,0,0.0,-101002,-2707.15
600936.SH,20260403,113967,4514.53,133077,5270.95,53561,2122.17,45828,1816.8,31953,1266.02,23486,929.63,2910,114.65,0,0.0,-49781,-1969.71
600938.SH,20260403,164447,64443.28,157993,61905.51,169427,66409.62,153296,60097.23,133892,52474.49,145836,57136.96,37446,14689.41,48087,18877.11,12776,5081.24
600939.SH,20260403,106453,3137.23,118686,3497.85,45293,1334.11,45702,1346.65,24789,729.84,12147,356.7,0,0.0,0,0.0,-39437,-1160.13
600941.SH,20260403,29548,27474.85,32925,30613.67,22842,21237.07,21768,20243.65,11938,11104.51,11919,11085.71,6389,5944.38,4106,3817.77,-12748,-11849.44
600955.SH,20260403,55005,9081.4,54339,8971.95,21734,3589.71,25821,4262.44,9818,1623.76,7945,1319.69,2441,408.97,893,149.76,-6728,-1116.56
600956.SH,20260403,134004,10871.46,129338,10490.14,71616,5808.83,74039,6007.85,44300,3593.62,41015,3327.46,55,4.47,5583,452.93,-35806,-2895.32
600958.SH,20260403,130052,11620.95,125167,11187.09,152325,13624.35,150511,13456.25,67835,6067.89,69719,6238.73,13128,1181.36,17943,1612.48,-89225,-7963.11
600959.SH,20260403,455102,17703.01,526685,20473.0,341270,13290.34,333513,13013.82,179513,6992.16,161396,6303.68,64788,2547.27,19080,742.28,54875,2195.41
600960.SH,20260403,84472,4187.15,90748,4497.63,35764,1772.66,26362,1307.8,12674,628.41,12118,601.28,2036,100.58,5718,282.09,-16092,-792.98
600961.SH,20260403,63567,10786.02,52252,8869.64,21546,3653.74,24802,4207.12,8837,1498.16,14431,2445.04,2540,428.08,5006,844.19,3588,604.04
600962.SH,20260403,9383,1745.27,10555,1963.44,4883,908.54,3913,727.44,3385,630.04,3183,592.97,0,0.0,0,0.0,-2657,-493.98
600963.SH,20260403,117659,5516.54,132462,6209.46,55686,2611.14,43071,2021.31,29118,1364.72,27308,1283.43,24322,1141.1,23944,1119.31,-14656,-682.16
600965.SH,20260403,55844,3100.12,59662,3310.31,24343,1350.86,25658,1424.87,20655,1142.87,15522,858.67,0,0.0,0,0.0,-18306,-1015.29
600966.SH,20260403,82785,5206.57,79545,5002.53,21556,1354.52,21451,1348.53,4953,310.49,7799,489.72,4100,257.67,4599,288.46,-21024,-1318.8
600967.SH,20260403,106533,15238.38,96630,13830.79,58224,8325.88,58502,8368.79,24959,3569.94,27794,3972.24,25662,3662.83,32452,4625.22,-24039,-3456.71
600968.SH,20260403,322108,14459.16,378262,16970.28,236538,10633.45,238354,10722.43,127585,5736.96,102543,4618.93,41985,1888.96,9057,406.89,-131553,-5906.55
600969.SH,20260403,51465,4709.24,53096,4861.62,33906,3096.2,29200,2662.54,18003,1642.2,13211,1211.38,1447,133.12,9314,845.22,-11711,-1078.14
600970.SH,20260403,119835,12465.43,117068,12178.76,54399,5660.43,64605,6724.65,33522,3498.2,23512,2451.95,1696,176.81,4267,445.52,-416,-31.88
600971.SH,20260403,118143,8522.58,110927,8001.71,32743,2363.1,39519,2852.8,11049,797.69,11191,805.65,1337,95.73,1635,118.93,4242,305.48
600973.SH,20260403,88204,5792.17,88554,5814.9,55988,3675.54,47321,3105.97,21799,1429.35,26021,1707.57,0,0.0,4095,268.62,-7821,-503.33
600975.SH,20260403,89479,4730.1,93275,4931.05,59244,3132.5,58602,3098.27,21954,1157.72,15059,794.97,0,0.0,3741,196.03,-44661,-2364.53
600976.SH,20260403,16987,5926.01,18442,6430.02,13218,4608.64,12595,4393.24,6094,2125.29,5357,1869.61,1432,499.91,1337,466.98,-4489,-1547.76
600977.SH,20260403,77131,10258.99,80818,10750.5,46247,6151.64,46766,6223.5,20514,2730.83,22275,2965.05,8400,1122.15,2434,324.56,-33765,-4497.7
600979.SH,20260403,345799,15826.24,350428,16032.87,252278,11544.01,253494,11593.84,111561,5089.71,111431,5095.82,15770,722.4,10055,459.83,-202662,-9262.91
600980.SH,20260403,15100,3174.09,15032,3159.42,3389,711.73,3076,646.67,751,157.73,1132,237.46,1103,231.75,1103,231.75,-1947,-408.37
600981.SH,20260403,124351,3682.85,144255,4273.08,49795,1475.14,52013,1540.39,40627,1205.68,18505,550.2,0,0.0,0,0.0,-50121,-1484.13
600982.SH,20260403,484258,25791.06,506100,26924.07,370254,19724.8,374220,19922.48,182987,9745.33,168752,9002.79,43023,2290.22,31451,1702.07,-280463,-14875.92
600983.SH,20260403,26277,2624.37,29324,2925.14,8621,857.09,6224,620.8,2912,290.18,2262,225.7,0,0.0,0,0.0,-12982,-1290.5
600984.SH,20260403,100597,3739.08,119389,4435.67,51269,1904.72,47261,1756.76,33111,1230.06,18449,686.2,3242,119.86,3119,115.09,-61503,-2280.09
600985.SH,20260403,70699,9566.33,72706,9837.33,32368,4379.94,30138,4078.63,9976,1350.49,10391,1409.15,2125,287.69,1934,259.34,-5096,-694.63
600986.SH,20260403,271414,24941.84,265755,24420.15,138420,12723.92,141893,13045.31,59221,5434.76,60003,5511.41,13839,1269.55,15244,1393.2,-49168,-4503.88
600987.SH,20260403,49054,3641.88,48119,3571.54,10670,791.3,11969,888.62,10441,776.5,8699,648.09,0,0.0,1378,101.42,1759,132.77
600988.SH,20260403,152574,68422.56,142955,64107.91,123738,55449.26,147197,65950.16,98690,44185.74,94034,42148.99,50044,22520.64,40860,18371.14,5741,2655.13
600989.SH,20260403,276381,79142.44,258042,73903.09,237607,68137.82,261772,75034.09,171174,49109.6,168507,48343.4,93397,26753.16,90239,25862.44,-75399,-21553.79
600990.SH,20260403,16487,3587.25,15615,3397.68,10638,2313.94,10231,2224.62,5127,1113.43,6390,1388.6,0,0.0,17,3.71,-4474,-973.41
600992.SH,20260403,25274,2977.66,25511,3005.99,9923,1167.21,10283,1209.46,5688,668.71,3305,390.06,0,0.0,1786,208.07,-6161,-725.02
600993.SH,20260403,13979,3549.65,15785,4009.17,8191,2079.06,7001,1777.99,4309,1096.12,4028,1023.11,450,114.62,115,29.19,-6932,-1761.07
600995.SH,20260403,99692,13369.33,95543,12812.89,70036,9393.49,64588,8669.43,29325,3934.25,34778,4661.95,7622,1017.4,11765,1570.19,-31966,-4274.97
600996.SH,20260403,216772,20832.4,231887,22268.33,202268,19456.47,212771,20460.27,105786,10153.0,75196,7234.78,14007,1350.55,18979,1829.05,-37768,-3529.49
600997.SH,20260403,99653,5822.62,108339,6331.08,60802,3556.67,52799,3085.9,26300,1535.3,29734,1736.12,17313,1005.94,13195,767.44,-28166,-1654.18
600998.SH,20260403,244242,13000.33,248120,13202.73,147852,7870.58,143795,7657.8,46491,2475.89,46566,2481.24,9935,528.37,10039,533.4,-123964,-6584.63
600999.SH,20260403,65542,10232.95,64828,10120.92,60476,9440.97,52734,8232.15,35834,5588.84,28651,4470.21,13083,2037.64,28722,4477.13,1816,288.33
601000.SH,20260403,315036,14962.65,289481,13741.58,157498,7477.1,185442,8805.07,91008,4322.61,103791,4933.72,47240,2242.51,32069,1524.5,-16017,-740.12
601001.SH,20260403,58042,9520.59,62510,10262.24,30688,5044.68,38408,6319.36,44852,7387.55,30456,5007.33,641,104.68,2849,468.57,-23513,-3874.07
601002.SH,20260403,227217,11825.8,228315,11885.0,143947,7500.95,155032,8072.99,81870,4263.31,71344,3717.38,4217,218.22,2561,132.92,-77432,-4018.93
601003.SH,20260403,70498,3202.83,67848,3082.15,20518,930.88,21024,953.09,7943,360.09,10087,458.55,0,0.0,0,0.0,-9466,-427.17
601005.SH,20260403,237508,3314.54,305553,4259.04,181679,2534.5,196721,2744.17,200528,2793.91,127356,1778.77,115056,1604.87,105141,1465.85,-430481,-5988.95
601006.SH,20260403,692097,36201.99,763391,39926.69,621791,32550.2,616228,32270.2,305556,15997.9,309672,16207.39,200085,10460.82,130238,6806.64,-897359,-46969.74
601007.SH,20260403,95340,7693.46,99924,8057.33,30590,2458.92,37596,3011.96,25270,2023.21,27061,2167.85,15106,1201.69,1726,140.15,-33984,-2715.74
601008.SH,20260403,51700,2523.09,59426,2900.32,22727,1110.2,17172,838.64,7574,370.7,9546,466.0,4143,200.97,0,0.0,-30532,-1489.73
601009.SH,20260403,138297,15431.34,139835,15600.79,80395,8973.72,85272,9517.15,45380,5064.98,48613,5427.19,17777,1983.0,8129,907.91,-13176,-1466.24
601010.SH,20260403,105856,2281.35,111923,2411.64,59127,1273.37,53163,1144.89,11559,248.31,11456,246.49,0,0.0,0,0.0,-39188,-842.51
601011.SH,20260403,260507,8623.21,257796,8531.01,163855,5418.11,166340,5500.81,63665,2105.18,72297,2389.72,13307,437.15,4901,162.11,-183872,-6082.45
601012.SH,20260403,882010,148843.31,780385,131703.12,595070,100474.05,618081,104271.33,247168,41737.73,301260,50915.81,86881,14661.63,111402,18826.46,-369936,-62411.45
601015.SH,20260403,529942,22115.43,529251,22059.68,343711,14343.75,360412,15032.6,143422,5988.51,152573,6390.97,43144,1792.28,17983,756.72,-280092,-11653.71
601016.SH,20260403,2111128,81249.35,2108025,81121.69,1190920,45903.39,1195730,46087.75,648467,24968.11,618564,23824.4,196029,7512.36,224225,8599.37,-863079,-33115.96
601018.SH,20260403,236174,9494.62,263076,10573.53,91968,3697.17,82602,3322.01,44921,1803.22,33537,1347.93,10024,403.34,3872,154.88,-59341,-2373.2
601019.SH,20260403,39377,3447.85,41016,3590.19,6928,605.67,4851,425.04,0,0.0,438,38.29,0,0.0,0,0.0,-1997,-173.84
601021.SH,20260403,19379,9011.62,22742,10573.55,10965,5099.47,11633,5412.98,4583,2130.03,4606,2141.82,4803,2234.26,748,347.04,-12595,-5854.14
601022.SH,20260403,48862,4400.6,58168,5234.86,34808,3135.85,27578,2486.82,11537,1033.23,9343,837.13,0,0.0,118,10.87,-19284,-1720.83
601026.SH,20260403,31900,5856.51,29415,5401.44,21118,3872.16,22207,4070.21,7215,1321.94,9155,1681.43,746,139.39,201,36.92,-14233,-2615.34
601033.SH,20260403,26158,3782.81,31865,4608.41,20750,3001.48,17675,2555.27,8486,1227.36,7272,1051.53,1424,204.27,5,0.72,-20217,-2926.27
601038.SH,20260403,34175,4233.27,37635,4664.24,17950,2222.14,18049,2236.31,5988,743.41,3742,463.08,2157,268.97,844,104.15,-22659,-2812.79
601058.SH,20260403,112587,14886.07,116809,15441.01,56189,7430.17,61087,8079.07,29039,3842.14,20492,2712.07,8298,1094.58,7724,1020.81,-6823,-888.52
601059.SH,20260403,17944,2954.88,20875,3437.33,16556,2725.19,19097,3143.56,17965,2956.29,12431,2045.08,614,101.13,677,111.51,-6297,-1034.3
601061.SH,20260403,64570,7303.3,59758,6761.6,16474,1863.18,18204,2058.55,15379,1739.4,18157,2050.78,5808,657.55,6112,692.49,-423,-45.78
601065.SH,20260403,31904,2613.09,36994,3030.46,30781,2521.44,30705,2515.33,17025,1396.25,12011,985.0,0,0.0,0,0.0,-26856,-2202.83
601066.SH,20260403,29167,6203.21,29456,6266.31,17441,3708.62,20266,4309.0,12478,2652.61,9712,2063.42,1825,388.23,1477,313.93,-20224,-4297.58
601068.SH,20260403,133919,7545.38,135028,7609.24,60657,3418.83,59898,3376.52,21251,1195.72,20901,1174.15,2000,111.8,2000,111.8,-30609,-1715.42
601069.SH,20260403,45326,13876.61,42755,13090.09,16296,4993.53,15815,4846.57,7466,2285.5,8295,2539.94,0,0.0,2223,679.04,-1192,-369.14
601077.SH,20260403,115902,8198.41,125062,8842.57,78752,5577.26,82205,5819.84,47167,3335.77,41757,2958.3,27974,1978.47,20770,1469.2,-34480,-2421.65
601083.SH,20260403,161793,21190.57,149389,19574.27,70990,9314.35,77714,10198.54,37376,4915.71,41919,5501.16,5024,664.85,6162,811.51,-16741,-2186.18
601086.SH,20260403,28544,2474.96,30566,2650.44,10049,870.81,8536,739.44,2147,185.81,1638,141.7,0,0.0,0,0.0,-7778,-672.8
601088.SH,20260403,101069,47952.98,105454,50030.31,60194,28558.23,69835,33127.6,47121,22359.01,30580,14511.69,4858,2304.46,7373,3505.07,-23534,-11125.94
601089.SH,20260403,47246,11155.06,45494,10743.86,12893,3055.02,15353,3628.84,4991,1180.68,4783,1134.65,638,149.16,138,32.57,-1860,-447.07
601096.SH,20260403,161881,8892.31,155501,8544.56,87503,4807.14,84493,4640.04,40219,2206.96,48638,2670.77,8543,468.13,9513,519.17,-41002,-2252.34
601098.SH,20260403,27081,2980.25,28086,3090.47,9828,1082.45,10965,1207.34,4565,501.39,2423,266.27,0,0.0,0,0.0,-8650,-949.38
601099.SH,20260403,268583,9861.36,279121,10247.98,182568,6706.22,187288,6878.89,124076,4557.73,118280,4349.11,41840,1539.69,32379,1189.02,-179666,-6589.2
601100.SH,20260403,28917,29747.95,34286,35278.49,38299,39381.06,39026,40134.15,21163,21776.96,18579,19110.77,13797,14184.55,10285,10567.11,-23216,-23838.46
601101.SH,20260403,113126,9314.83,109314,9005.04,55000,4538.15,59653,4918.62,33619,2776.54,31232,2578.35,0,0.0,1546,127.51,-19788,-1639.48
601106.SH,20260403,230050,9631.07,229027,9585.83,99082,4147.57,101343,4243.5,49484,2071.41,48345,2025.16,6491,271.67,6392,267.22,-40645,-1692.93
601107.SH,20260403,123053,7044.73,144572,8267.28,71153,4067.0,72861,4163.8,28324,1618.59,12091,693.0,10293,583.11,3299,189.36,-38299,-2185.56
601108.SH,20260403,89088,6883.61,84707,6543.31,75075,5802.25,71569,5530.76,46431,3588.91,64198,4960.72,15212,1171.79,5333,411.78,17490,1364.32
601111.SH,20260403,236097,16044.11,245849,16700.79,151852,10318.83,145379,9881.17,85786,5828.9,66839,4544.75,23451,1595.3,39119,2660.44,-118020,-8005.44
601112.SH,20260403,53450,10116.79,58514,11075.5,37027,7010.01,36498,6909.01,18574,3516.75,14181,2685.43,1375,259.66,1232,233.29,-40188,-7608.65
601113.SH,20260403,42181,1778.34,49582,2090.03,31549,1329.03,34493,1454.68,24983,1053.6,14638,616.26,0,0.0,0,0.0,-37341,-1573.36
601116.SH,20260403,46955,6274.48,44592,5960.41,19044,2546.27,19601,2621.16,6804,908.45,7639,1018.88,0,0.0,971,128.76,-8975,-1198.86
601117.SH,20260403,271759,23826.03,294257,25793.86,259393,22729.31,254722,22324.99,155769,13637.38,172394,15083.9,80676,7052.14,46224,4042.12,-96507,-8405.49
601118.SH,20260403,128899,8236.27,161523,10320.28,118552,7569.9,94364,6033.83,58784,3763.3,57338,3663.2,20724,1321.97,13734,874.11,-91839,-5862.14
601121.SH,20260403,58314,4216.84,59001,4268.95,25067,1813.32,27513,1989.13,19005,1377.8,12812,929.82,0,0.0,3060,220.05,-14844,-1076.54
601126.SH,20260403,80586,33870.65,76020,31940.53,58805,24726.48,54507,22926.65,29076,12228.17,36799,15490.56,14046,5882.45,15188,6350.0,2917,1300.6
601127.SH,20260403,79433,69321.58,65244,56939.39,77578,67751.71,68620,59905.26,42960,37531.74,50709,44286.1,14882,13046.79,30281,26521.08,9207,8176.01
601128.SH,20260403,93867,6608.31,110424,7771.08,78258,5508.08,70604,4970.58,36362,2559.3,34074,2398.66,19972,1403.78,13358,939.16,-88268,-6207.59
601133.SH,20260403,169845,33416.14,177274,34873.45,100004,19674.51,105452,20731.52,61386,12064.41,56850,11174.62,26186,5128.35,17845,3503.83,11378,2297.48
601136.SH,20260403,25103,4049.92,28275,4563.72,17938,2892.97,18970,3059.83,10529,1700.83,8119,1310.4,1884,304.81,90,14.58,-17903,-2888.02
601137.SH,20260403,33218,5960.82,35066,6291.92,30793,5528.44,28189,5064.16,16872,3029.92,17815,3197.21,2142,383.94,1956,349.84,-14225,-2536.56
601138.SH,20260403,354725,186156.88,350904,184180.94,324279,170209.26,359337,188619.78,243537,127837.47,231782,121679.74,122859,64524.98,103378,54248.14,-60708,-31480.44
601139.SH,20260403,195924,13886.09,197772,14007.65,75145,5322.24,74696,5293.98,28369,2005.08,25003,1771.36,8235,579.89,10201,720.3,-39183,-2757.0
601155.SH,20260403,86985,12024.3,76007,10508.11,40547,5602.54,47981,6624.99,21544,2979.9,24036,3326.21,3495,485.68,4548,633.12,-3129,-389.42
601156.SH,20260403,29115,4939.4,27622,4686.18,14418,2443.77,17930,3040.36,14868,2518.25,14181,2401.37,8072,1366.01,6740,1139.52,-12177,-2061.51
601158.SH,20260403,79348,3439.02,105064,4553.61,46968,2036.33,36051,1562.04,32480,1406.44,20375,883.1,6413,278.37,3719,161.4,-55277,-2394.94
601162.SH,20260403,277081,10041.48,292153,10583.7,172582,6258.66,174826,6337.48,106396,3857.02,91005,3302.34,28399,1026.45,26474,960.1,-157263,-5674.27
601163.SH,20260403,26870,3793.37,28613,4036.17,12436,1755.67,10531,1489.73,8025,1136.31,6380,903.48,0,0.0,1807,255.98,-9269,-1302.34
601166.SH,20260403,159182,29838.65,162146,30401.84,175496,32914.03,170231,31926.51,111248,20858.47,115594,21669.9,33226,6238.55,31180,5851.45,-123725,-23172.96
601168.SH,20260403,117761,30070.1,118901,30354.99,79668,20352.92,84149,21495.52,59067,15090.59,54877,14028.21,32957,8418.09,31525,8052.98,-2880,-702.3
601169.SH,20260403,281807,15380.86,320356,17481.09,305264,16668.41,300976,16433.76,210732,11511.06,204392,11163.53,154456,8431.87,126535,6913.82,-273005,-14910.99
601177.SH,20260403,16978,2385.09,19330,2716.88,8713,1223.9,6662,935.55,2432,342.65,3110,436.85,979,137.65,0,0.0,-7468,-1050.26
601179.SH,20260403,614088,93880.21,616599,94259.54,400613,61305.12,389477,59625.58,191383,29324.76,185029,28341.67,64059,9746.98,79038,12030.28,-107200,-15864.72
601186.SH,20260403,147977,10247.78,168871,11691.48,140864,9755.53,143894,9963.45,91728,6349.27,105377,7295.12,76814,5317.05,39241,2719.58,-126715,-8763.68
601187.SH,20260403,75317,5816.88,67561,5216.71,39069,3015.8,42327,3270.24,6693,517.99,11213,865.32,21,1.61,0,0.0,7419,577.84
601188.SH,20260403,101798,3293.34,109602,3546.96,58813,1901.74,47428,1534.56,14623,472.81,18204,586.35,0,0.0,0,0.0,-37582,-1215.83
601198.SH,20260403,70010,8777.1,69219,8675.77,50697,6355.62,59805,7499.56,45444,5699.36,31267,3922.14,14112,1771.8,19971,2506.41,10727,1356.74
601199.SH,20260403,43775,2440.59,58027,3236.55,38888,2170.12,27093,1510.6,9887,550.22,7430,413.79,0,0.0,0,0.0,-31094,-1736.72
601200.SH,20260403,125798,10015.48,160576,12788.71,68808,5488.19,58015,4623.75,40039,3189.51,22261,1771.34,11330,898.13,5123,407.5,-49240,-3933.58
601208.SH,20260403,218856,66924.0,210494,64318.56,185777,56847.9,168288,51470.49,115929,35467.09,124583,38127.99,17979,5458.3,35175,10780.26,107633,33086.27
601211.SH,20260403,162906,26965.69,152586,25250.74,148556,24586.21,144435,23904.58,93964,15544.52,117637,19458.28,44483,7360.1,35251,5842.92,-41921,-6890.28
601212.SH,20260403,377622,29276.3,360447,27941.59,149801,11614.62,150518,11672.59,55172,4279.11,69216,5369.17,16227,1257.03,18642,1443.72,-60273,-4646.75
601216.SH,20260403,373529,19231.76,373635,19230.4,292581,15077.6,288070,14859.17,134923,6953.03,131802,6789.75,51103,2632.0,58629,3015.08,-217286,-11165.37
601218.SH,20260403,537357,31564.22,523659,30752.95,328423,19322.07,337365,19848.18,127146,7477.32,151333,8901.05,50151,2941.05,30719,1802.47,-230976,-13567.07
601222.SH,20260403,155707,9188.3,163635,9661.68,96383,5688.11,89119,5258.99,55729,3289.97,52993,3125.97,10914,646.42,12985,766.16,-66643,-3934.81
601225.SH,20260403,95544,24284.49,96705,24578.52,42175,10728.2,47605,12111.21,28122,7150.14,23780,6041.63,14059,3562.67,11810,2994.14,-14257,-3615.89
601226.SH,20260403,134250,11749.52,129887,11366.25,64160,5618.05,68517,5996.8,30666,2680.32,29712,2596.95,8371,727.39,9331,815.28,-36353,-3171.47
601228.SH,20260403,117197,3910.91,129455,4317.58,65470,2188.11,60578,2025.82,29909,998.99,31543,1053.51,14000,464.9,5000,166.0,-35628,-1179.63
601229.SH,20260403,133568,13141.35,124622,12259.54,102439,10073.35,107067,10530.94,38989,3828.01,37890,3722.9,8948,878.41,14365,1407.74,-26341,-2576.08
601231.SH,20260403,208688,72381.64,230823,80045.42,132266,45940.99,122974,42687.7,63413,21992.19,57957,20148.31,24793,8604.41,17405,6037.8,24874,8847.81
601233.SH,20260403,148466,26690.02,138918,24971.14,70397,12650.6,81262,14607.14,33909,6100.47,27642,4971.61,4622,828.56,9571,1719.75,7129,1290.62
601236.SH,20260403,48162,3605.56,49976,3741.22,31908,2388.52,26137,1956.32,10915,817.18,12786,957.56,6274,469.92,8359,626.09,-12009,-895.18
601238.SH,20260403,58660,4156.42,63993,4533.83,39572,2804.66,37430,2654.01,26235,1859.07,22558,1597.3,1181,83.5,1667,118.52,-36910,-2612.81
601279.SH,20260403,87672,3509.59,92121,3690.06,36462,1457.6,30099,1202.31,8271,332.36,12988,518.18,2803,111.0,0,0.0,-25750,-1031.67
601288.SH,20260403,1171078,80179.38,1208413,82714.49,1292505,88525.69,1155047,79095.31,812255,55598.9,855681,58599.61,377448,25860.34,434146,29754.9,-348812,-23698.25
601298.SH,20260403,63293,5510.46,62874,5472.51,17263,1501.99,16616,1446.47,4460,387.56,3628,315.43,1353,117.71,3251,283.3,-3379,-291.16
601311.SH,20260403,97376,8927.41,107439,9846.02,66826,6128.71,64127,5884.27,21792,1995.53,20003,1830.76,11932,1092.35,6357,582.96,-40777,-3725.74
601318.SH,20260403,116423,66914.28,108922,62601.87,118895,68364.06,118035,67870.14,77316,44456.5,82414,47381.77,31043,17847.26,34307,19728.32,-36200,-20698.85
601319.SH,20260403,200576,14830.28,217703,16089.41,110456,8166.45,101486,7505.36,56832,4197.82,52095,3850.59,13360,985.16,9940,734.36,-74596,-5481.56
601326.SH,20260403,290538,10780.3,304664,11294.28,169287,6288.08,163438,6077.93,93377,3462.01,85889,3194.71,18030,671.25,17240,634.7,-135601,-4992.81
601328.SH,20260403,364108,25578.5,377738,26532.77,342446,24063.54,345980,24313.85,233271,16387.38,217916,15304.7,85752,6018.54,83944,5896.64,-185107,-12983.73
601330.SH,20260403,188346,14919.79,178551,14142.5,89138,7065.8,89561,7098.04,39155,3105.57,46919,3723.15,3843,304.11,5452,431.58,-49495,-3914.67
601333.SH,20260403,270205,8375.44,294733,9133.98,160349,4975.58,150037,4656.72,108419,3370.12,119482,3716.31,32000,994.23,6721,208.35,-199653,-6185.48
601336.SH,20260403,50417,30348.74,51308,30885.25,37594,22636.93,34016,20488.31,23724,14286.52,21992,13262.65,9175,5531.47,13594,8167.45,-12175,-7343.23
601339.SH,20260403,59946,4374.17,60047,4377.7,17713,1289.57,16245,1185.47,3896,285.43,5263,386.0,0,0.0,0,0.0,6090,452.81
601360.SH,20260403,284124,29366.17,268278,27729.05,192459,19898.49,196328,20299.78,91301,9441.03,98655,10200.64,20570,2132.83,25193,2609.05,-156647,-16179.23
601366.SH,20260403,75033,2965.49,86494,3420.71,31760,1258.0,29955,1185.66,16221,640.77,6565,257.88,0,0.0,0,0.0,-35222,-1396.59
601368.SH,20260403,77571,3646.41,98113,4610.42,47701,2245.92,39030,1836.04,20309,950.78,14410,674.35,5972,277.7,0,0.0,-38921,-1829.77
601369.SH,20260403,50977,5093.92,43093,4304.43,22879,2284.0,25967,2591.52,5959,595.66,8406,838.45,1989,196.82,4338,435.99,9163,923.79
601375.SH,20260403,125832,4975.65,121192,4792.57,66681,2637.83,70839,2802.33,25236,997.5,22451,888.01,0,0.0,3267,128.07,-37431,-1480.5
601377.SH,20260403,258249,14838.83,262297,15070.06,225858,12984.1,209337,12028.22,133818,7685.89,134559,7738.35,55405,3181.25,67137,3853.43,-131982,-7561.78
601388.SH,20260403,512473,17959.53,549194,19233.56,266696,9353.26,249201,8748.83,131637,4624.28,118253,4160.32,27220,950.85,21378,745.21,-233683,-8196.47
601390.SH,20260403,932779,48982.79,985100,51743.65,929858,48862.9,842861,44302.48,551181,28953.9,477615,25094.86,285511,15006.66,393754,20665.26,-936200,-49244.83
601398.SH,20260403,898062,67571.36,937123,70498.0,711381,53540.44,735482,55338.98,539297,40596.35,491424,36998.41,304249,22871.67,288961,21744.41,-526949,-39643.44
601399.SH,20260403,265664,11705.23,267137,11768.61,141086,6217.84,145922,6428.62,73546,3236.93,81261,3578.49,26012,1143.71,11987,527.98,-108258,-4754.7
601456.SH,20260403,42665,3853.56,47467,4286.41,45127,4075.45,44267,3998.36,23201,2096.66,26992,2440.4,15542,1404.83,7810,705.33,-30137,-2715.59
601500.SH,20260403,53375,2251.21,52890,2230.36,31500,1327.14,33835,1426.31,6685,282.0,4835,203.68,0,0.0,0,0.0,-28180,-1185.03
601512.SH,20260403,15054,1300.92,18406,1590.59,6907,597.09,4595,397.43,2423,209.55,1383,119.53,0,0.0,0,0.0,-6420,-554.13
601515.SH,20260403,466451,20463.89,519585,22788.34,495582,21902.52,427114,18887.4,323317,14335.59,304765,13546.94,107923,4879.17,141809,6358.49,-388944,-17112.34
601518.SH,20260403,81608,2355.19,103160,2976.7,45230,1305.39,32134,927.3,17754,513.07,13349,385.9,4050,116.25,0,0.0,-40983,-1181.93
601519.SH,20260403,92209,9423.3,90838,9281.24,34894,3562.85,39968,4083.2,18044,1841.68,19644,2005.15,7885,805.47,2583,263.71,-19278,-1960.41
601528.SH,20260403,83974,4418.07,99283,5224.55,74255,3908.33,80170,4219.09,42602,2240.11,28874,1519.99,9496,502.52,2000,105.4,-96531,-5073.5
601555.SH,20260403,202435,16270.18,173568,13945.38,191352,15381.45,190849,15341.96,74455,5986.59,91267,7340.92,6379,514.14,18938,1524.1,82190,6637.34
601566.SH,20260403,28654,3004.92,27226,2856.72,11685,1226.11,11930,1252.74,4475,470.71,5658,592.27,0,0.0,0,0.0,-5093,-536.39
601567.SH,20260403,80594,20078.99,87745,21867.76,43146,10743.53,40741,10149.03,31957,7974.11,23074,5752.33,6777,1681.19,10913,2708.7,-19335,-4793.65
601568.SH,20260403,136352,5621.65,155451,6409.23,97130,4003.89,103184,4253.24,56993,2353.0,42284,1745.32,16141,663.4,5697,234.15,-115970,-4785.91
601577.SH,20260403,57634,5508.76,59542,5688.97,34328,3279.75,33666,3217.72,11726,1120.19,12040,1152.22,3117,299.99,1557,149.78,-7047,-668.72
601579.SH,20260403,78449,14257.07,79011,14365.59,35504,6458.33,34530,6284.06,14913,2714.34,11739,2134.25,3208,580.53,6793,1226.37,6891,1253.21
601588.SH,20260403,136138,2281.18,164878,2763.15,80552,1349.48,62342,1044.14,35328,591.69,24798,415.06,0,0.0,0,0.0,-58138,-971.16
601595.SH,20260403,20462,4938.02,24300,5864.59,13896,3356.14,12933,3123.97,6944,1676.29,4506,1087.46,437,105.58,0,0.0,-5897,-1427.28
601598.SH,20260403,124564,7832.78,124023,7796.32,58056,3649.71,56679,3565.37,13312,837.59,13328,838.88,0,0.0,1903,119.51,1985,132.79
601599.SH,20260403,175183,6476.71,186611,6898.99,62436,2307.88,63527,2346.58,34906,1288.24,24527,905.78,9973,366.56,7833,288.05,-75848,-2801.78
601600.SH,20260403,836212,94444.75,839710,94839.43,719708,81363.33,718446,81244.62,499234,56510.34,488227,55256.13,239769,27107.14,248540,28085.37,-481069,-54297.14
601601.SH,20260403,85403,32554.68,89848,34251.28,41581,15875.24,42592,16262.32,18310,6990.45,19472,7437.12,13764,5261.52,7146,2731.17,-29525,-11250.44
601606.SH,20260403,110359,43193.42,101260,39642.76,54577,21377.77,59104,23146.53,25402,9947.05,27897,10920.97,8609,3360.75,10686,4168.73,-13475,-5282.4
601607.SH,20260403,98448,17040.0,83378,14428.86,44343,7678.28,47709,8260.8,13804,2388.89,22548,3903.82,4286,739.49,7247,1253.18,4894,861.27
601608.SH,20260403,127249,7728.03,118670,7205.55,68306,4143.69,68313,4146.34,28009,1698.44,38252,2319.79,10761,650.86,9090,549.34,-36741,-2219.08
601609.SH,20260403,68309,6697.89,67367,6605.26,38961,3819.6,37334,3661.15,16674,1636.06,18577,1822.12,1111,108.88,1777,173.9,-13434,-1309.26
601611.SH,20260403,303031,41178.65,282272,38368.5,200267,27202.82,191529,26020.46,100805,13680.35,102818,13951.71,44049,5977.03,71535,9698.19,-139011,-18864.96
601615.SH,20260403,340937,54521.83,311175,49765.37,174642,27921.27,187127,29911.25,89684,14347.75,93439,14955.26,26808,4285.66,40329,6444.63,-1526,-232.75
601616.SH,20260403,169374,7791.35,165308,7602.87,62117,2861.78,64534,2973.29,29345,1350.47,27734,1276.5,3369,155.65,6629,306.59,-33325,-1522.38
601618.SH,20260403,442388,13071.25,512907,15152.11,321263,9497.59,305795,9040.64,256170,7567.64,202841,5997.75,127951,3786.71,126229,3732.69,-432926,-12777.57
601619.SH,20260403,253951,12793.27,262642,13225.01,137792,6938.81,136380,6869.42,98500,4953.73,94369,4749.52,15654,789.79,12507,631.66,-72007,-3602.23
601628.SH,20260403,66558,24141.66,69873,25342.77,39746,14418.32,37688,13672.86,20620,7480.6,21858,7934.3,7713,2799.66,5218,1890.31,-22016,-7955.29
601633.SH,20260403,60062,12541.26,65669,13707.88,42685,8924.51,39828,8327.97,20953,4381.73,18776,3928.64,3760,786.49,3187,669.5,-17138,-3559.13
601636.SH,20260403,164034,9289.14,179733,10178.04,115260,6522.23,105427,5967.53,38122,2157.57,29253,1656.3,2000,114.8,5003,281.87,-80228,-4540.09
601658.SH,20260403,510993,26127.68,694408,35491.74,456961,23382.06,447521,22900.69,314510,16077.13,268134,13717.46,245702,12558.84,118103,6035.83,-405038,-20679.84
601665.SH,20260403,123668,7144.49,150274,8678.25,110301,6373.15,131909,7620.57,59050,3410.0,68627,3967.36,96522,5571.02,38731,2232.48,-107553,-6198.82
601666.SH,20260403,198901,15740.54,228903,18110.6,120475,9528.29,101693,8060.0,44585,3523.61,45568,3626.11,18446,1491.88,6243,487.61,-87060,-6939.1
601668.SH,20260403,352165,17617.1,328550,16428.79,427981,21405.83,410041,20507.93,268389,13425.13,284619,14237.01,194600,9732.03,219924,11006.37,-84421,-4190.9
601669.SH,20260403,767676,42876.76,822133,45906.71,660692,36907.62,677692,37852.71,350586,19578.73,323295,18064.83,171730,9588.04,127563,7126.91,-538796,-30046.51
601677.SH,20260403,75682,11355.19,68610,10295.28,46777,7021.35,56350,8459.45,28445,4266.37,30694,4605.09,8592,1292.51,3842,575.6,-666,-90.84
601678.SH,20260403,246281,11922.35,285390,13812.65,177992,8638.91,160846,7808.17,93546,4533.67,70103,3401.45,10414,501.72,11894,574.37,-52352,-2510.83
601686.SH,20260403,28316,1626.81,34061,1958.06,13152,755.72,10485,602.67,8959,513.78,9995,574.77,6458,373.27,2344,134.08,-11235,-647.94
601688.SH,20260403,153893,27317.46,142919,25363.41,118220,20982.2,118631,21058.52,65546,11634.28,75031,13328.15,25385,4518.11,26463,4701.97,-1742,-274.13
601689.SH,20260403,61328,35504.44,60862,35241.92,55283,32010.06,52463,30388.68,34504,19994.15,34796,20152.53,11464,6637.47,14457,8362.99,-6104,-3495.02
601696.SH,20260403,78606,9507.24,79672,9636.69,56943,6886.76,59948,7254.81,34458,4170.64,29952,3620.15,6631,799.32,7066,852.32,-34938,-4209.11
601698.SH,20260403,142075,45379.89,141879,45325.18,91612,29289.79,87648,28026.77,43441,13899.52,46739,14940.59,14485,4637.47,15348,4914.12,-12415,-3860.74
601699.SH,20260403,117400,15411.92,129543,17006.81,76663,10065.22,74815,9821.36,38411,5040.61,33967,4451.31,9126,1188.1,3275,426.37,-60909,-7974.38
601700.SH,20260403,85420,4328.42,80936,4100.9,42492,2153.95,45168,2290.16,20364,1030.49,20680,1047.87,8635,437.07,10127,510.99,-2501,-126.14
601702.SH,20260403,32855,6138.39,29820,5573.43,16958,3167.42,18761,3505.72,6245,1165.97,6809,1269.39,2197,412.61,2865,535.84,-4914,-916.29
601717.SH,20260403,67939,13651.04,68621,13785.67,45491,9146.33,47983,9650.3,38460,7744.45,32074,6460.72,16215,3257.51,19427,3902.63,-27735,-5537.75
601718.SH,20260403,159830,4750.7,153072,4550.18,97450,2895.02,98867,2943.02,41467,1234.58,21555,640.72,0,0.0,25253,746.39,-86427,-2563.23
601727.SH,20260403,523510,40739.21,543606,42313.04,318500,24789.07,336887,26224.67,211439,16460.45,172180,13393.71,42132,3273.01,42909,3330.32,-300755,-23393.11
601728.SH,20260403,345098,19592.23,341420,19372.18,320104,18167.87,303967,17255.0,125254,7105.96,125038,7102.6,52322,2966.72,72353,4103.0,121259,6932.78
601766.SH,20260403,300801,18684.56,322928,20057.64,259979,16151.63,265075,16467.79,178152,11072.85,177960,11053.1,75721,4696.2,48691,3026.72,-92498,-5717.98
601777.SH,20260403,78950,7947.11,87322,8788.39,49659,4993.58,49457,4975.05,28154,2831.05,23957,2408.75,8422,848.62,4449,448.16,-42825,-4304.99
601778.SH,20260403,794181,38150.73,780513,37475.7,677894,32543.71,686246,32948.81,381870,18318.65,361235,17346.12,64702,3111.89,90653,4354.35,371140,17938.35
601788.SH,20260403,40399,6147.09,40568,6172.65,33456,5089.84,33778,5139.57,20842,3168.75,20590,3129.16,12777,1944.38,12538,1908.68,-12360,-1872.09
601789.SH,20260403,572252,30987.81,591465,32023.92,276361,14984.65,282169,15304.32,114045,6183.19,112779,6113.51,37748,2052.75,13994,766.64,-190805,-10324.72
601798.SH,20260403,35672,3143.11,37629,3317.58,12192,1075.29,9734,857.55,2858,251.16,3359,294.43,0,0.0,0,0.0,-4430,-393.76
601799.SH,20260403,8599,10280.84,8585,10261.93,4573,5461.4,5199,6210.37,2542,3036.17,2188,2614.99,1054,1259.49,796,950.61,-4558,-5436.84
601800.SH,20260403,83062,6234.44,96373,7233.4,53415,4009.09,54561,4095.48,31061,2331.64,29494,2213.19,16354,1227.98,3464,261.08,-50570,-3792.5
601801.SH,20260403,44383,2724.38,45948,2819.73,14021,859.36,13472,826.07,4621,283.58,3605,221.52,0,0.0,0,0.0,-6073,-371.67
601808.SH,20260403,125456,19843.63,132172,20898.54,75081,11890.13,67356,10667.29,40492,6406.6,40128,6363.82,9671,1534.7,11044,1745.41,-25739,-4076.74
601811.SH,20260403,17564,2384.17,18990,2577.47,6301,855.21,5042,684.63,1456,197.8,1289,175.08,0,0.0,0,0.0,-107,-14.06
601816.SH,20260403,319681,16181.13,352290,17825.6,259369,13130.72,293257,14845.06,259242,13122.43,228679,11581.59,68964,3488.23,33030,1670.26,-121758,-6139.51
601818.SH,20260403,446443,14228.65,483642,15401.57,393513,12541.46,364978,11628.25,325525,10375.62,283641,9041.03,263831,8403.43,297050,9478.29,-127966,-4023.13
601825.SH,20260403,101290,9289.56,90703,8314.58,43777,4014.18,52147,4785.29,11266,1033.15,13483,1237.02,0,0.0,0,0.0,8889,825.11
601827.SH,20260403,61594,4889.26,73816,5860.18,39591,3145.21,34106,2707.56,18557,1470.63,14858,1177.53,3039,240.19,0,0.0,-42594,-3377.14
601828.SH,20260403,69104,1610.84,71073,1657.13,40693,948.4,37787,879.93,17264,401.99,18201,424.17,0,0.0,0,0.0,-33099,-768.67
601838.SH,20260403,69989,12007.73,82325,14119.63,50780,8712.16,51712,8874.49,33263,5706.24,22899,3930.07,8261,1417.19,5357,919.14,-31741,-5439.71
601857.SH,20260403,533902,65570.43,542593,66623.65,508071,62419.18,528442,64894.85,357335,43934.43,378906,46574.96,234796,28820.53,184162,22651.12,-81904,-9932.39
601858.SH,20260403,47794,10405.1,48178,10487.79,19907,4330.52,19599,4262.46,10390,2260.35,8293,1809.94,1926,420.41,3947,856.19,-1366,-300.43
601860.SH,20260403,198079,5324.55,254964,6850.94,125449,3375.04,120827,3253.96,84510,2276.73,57035,1536.32,26632,715.45,1845,50.55,-187090,-5032.69
601865.SH,20260403,88310,11998.0,91306,12404.63,58634,7972.2,48958,6648.42,23090,3136.53,23372,3176.95,2884,394.55,9282,1271.28,-33687,-4555.34
601866.SH,20260403,1345920,39071.06,1562042,45311.27,950184,27627.16,947869,27596.99,788432,23005.73,606452,17702.39,185340,5365.38,153513,4458.69,210882,6222.85
601868.SH,20260403,2857999,80182.68,2922620,81950.07,1737996,48761.01,1758179,49333.04,982232,27545.67,1015772,28525.02,446601,12526.07,328257,9207.31,-203526,-5488.3
601869.SH,20260403,62949,220197.21,60001,209870.46,51162,178943.5,49679,173630.82,47711,166885.79,43079,150700.03,24696,86283.1,33761,118108.29,11373,39724.3
601872.SH,20260403,774089,158654.04,733636,150302.44,586935,120534.77,616178,126473.45,447550,91827.0,442851,90838.14,316960,64839.37,332869,68241.14,-30654,-5651.84
601877.SH,20260403,97945,30618.2,77905,24361.51,60172,18812.15,65391,20444.76,34275,10716.24,44902,14028.76,13617,4253.18,17811,5564.73,4173,1309.78
601878.SH,20260403,75291,7101.07,68791,6490.49,74282,7007.93,75982,7165.56,45590,4296.84,47684,4493.91,10642,1005.55,13347,1261.43,-56536,-5320.6
601880.SH,20260403,462806,7512.48,497709,8071.29,333172,5409.95,375673,6099.09,250282,4061.27,240260,3905.64,149309,2423.24,81927,1330.92,-335186,-5432.67
601881.SH,20260403,109346,13726.41,110844,13919.25,80509,10107.87,89082,11187.6,41650,5233.83,45606,5727.35,33235,4170.13,19206,2404.05,-61249,-7680.23
601882.SH,20260403,14078,2590.71,13129,2416.46,8710,1602.54,8686,1597.99,3337,614.2,4493,826.66,788,144.91,605,111.26,199,37.44
601886.SH,20260403,58995,5224.68,61879,5481.22,11216,994.85,9413,832.89,6146,542.07,4708,416.03,0,0.0,357,31.45,88,9.33
601888.SH,20260403,63383,43761.16,53977,37274.38,46215,31922.51,43100,29764.21,19209,13262.09,27192,18769.45,4700,3242.56,9236,6380.26,-1132,-778.12
601890.SH,20260403,127535,12744.27,123931,12383.76,60878,6079.24,60889,6082.03,29605,2955.33,28457,2842.63,1000,101.2,5741,571.61,-50394,-5026.79
601898.SH,20260403,144563,25404.46,154491,27146.75,71677,12597.0,68621,12063.04,40881,7185.8,36332,6387.03,14711,2589.65,12388,2180.1,-2037,-333.84
601899.SH,20260403,456968,150721.09,467611,154221.86,381164,125742.33,430818,142129.86,279273,92113.72,338644,111686.36,302587,99785.41,182918,60324.49,-207483,-68298.38
601900.SH,20260403,26447,3388.0,27936,3579.36,12199,1562.8,11351,1453.76,5272,673.83,5071,647.92,1222,156.66,782,100.25,-7808,-1001.35
601901.SH,20260403,292851,20270.95,307820,21304.25,302548,20931.72,303130,20966.79,182875,12640.18,198315,13712.85,72273,5003.44,41281,2862.39,148231,10267.26
601908.SH,20260403,992158,45906.52,1033402,47812.9,722852,33439.4,749329,34692.95,323317,14986.6,282119,13061.04,52108,2410.52,25586,1176.14,-479616,-22030.03
601916.SH,20260403,352795,10437.63,395350,11688.49,285744,8453.37,267118,7899.11,221381,6548.35,190272,5632.99,142448,4209.58,149627,4428.34,-174161,-5123.56
601918.SH,20260403,180470,13355.28,184515,13660.53,95143,7049.39,97062,7186.17,73529,5445.25,57304,4242.29,11161,822.99,21421,1583.93,-29263,-2176.49
601919.SH,20260403,250495,37670.26,308774,46418.14,185422,27895.45,208406,31346.63,123891,18632.8,105300,15840.94,103046,15474.76,40375,6067.55,-172837,-25949.59
601921.SH,20260403,41920,3288.33,43155,3384.4,23842,1870.01,18640,1462.1,3924,307.65,7891,619.49,0,0.0,0,0.0,-6176,-481.78
601928.SH,20260403,39069,3833.73,35909,3522.69,15192,1490.6,19041,1868.8,3260,319.31,2440,239.36,0,0.0,131,12.8,10518,1035.04
601929.SH,20260403,412317,11731.36,408772,11630.86,142230,4046.76,144247,4103.06,46136,1311.9,51771,1471.9,9108,259.29,5000,143.5,-162649,-4617.59
601933.SH,20260403,314611,11633.64,328295,12142.79,162293,6003.2,164110,6070.82,108992,4033.3,99938,3694.71,18093,669.37,11646,431.2,-218296,-8070.68
601939.SH,20260403,383385,36048.01,391561,36817.76,255071,23987.61,265006,24918.5,145709,13709.69,140493,13211.73,84819,7971.97,71924,6769.29,-194358,-18250.58
601949.SH,20260403,46363,2836.34,50190,3070.13,20272,1239.55,20093,1227.3,9467,576.25,5819,354.71,0,0.0,0,0.0,-21954,-1340.07
601952.SH,20260403,120765,11891.29,137820,13565.29,80595,7944.55,73990,7299.8,35918,3539.1,32052,3162.64,8408,832.21,1824,179.43,-54420,-5355.82
601956.SH,20260403,33955,2165.17,35183,2243.02,7609,484.63,6774,431.7,393,24.92,0,0.0,0,0.0,0,0.0,-9156,-584.74
601958.SH,20260403,105212,19446.22,90776,16782.36,43593,8053.6,45665,8438.77,30801,5688.81,34734,6412.49,3967,731.62,12398,2286.62,-7776,-1438.63
601963.SH,20260403,87934,8971.47,97374,9931.38,36634,3735.58,36805,3753.88,14237,1451.54,6625,675.73,2000,202.4,0,0.0,-19764,-2003.77
601965.SH,20260403,30290,5151.4,32817,5581.95,15833,2695.66,13914,2369.86,5807,989.49,4408,749.81,0,0.0,790,134.93,-5965,-1009.81
601966.SH,20260403,29333,4107.5,27714,3881.38,21968,3076.75,22468,3146.71,8834,1237.52,11634,1628.86,1740,243.58,60,8.41,-12738,-1782.06
601968.SH,20260403,38715,1985.71,43100,2211.46,17079,875.32,15092,773.01,10057,514.53,5234,267.42,0,0.0,2425,123.68,-16883,-865.94
601969.SH,20260403,158116,17284.0,139437,15244.81,97013,10605.65,101207,11063.72,50626,5526.71,61836,6749.14,5440,594.41,8715,953.1,-53226,-5817.5
601975.SH,20260403,2289044,116589.54,2244624,114311.46,1652388,84258.25,1599817,81574.02,1146794,58537.75,1006134,51418.11,471313,24113.49,708964,36195.44,210170,11615.21
601985.SH,20260403,528931,46817.35,552175,48876.89,406955,36037.85,424193,37564.57,211312,18712.44,182127,16122.89,69782,6171.28,58485,5174.57,-396497,-35078.3
601988.SH,20260403,831712,48492.09,873515,50920.54,666395,38870.77,746073,43513.97,429649,25053.88,442777,25817.12,464394,27040.69,329784,19205.81,-544573,-31729.42
601990.SH,20260403,54494,3940.85,58587,4236.91,33016,2385.72,33057,2388.75,10558,762.73,9939,717.6,5184,375.79,1669,121.84,-19346,-1393.53
601991.SH,20260403,785317,29326.63,811532,30312.63,509409,19054.33,538883,20154.62,334835,12505.87,298271,11146.2,93886,3519.5,74760,2792.88,-533598,-19919.56
601992.SH,20260403,395796,6804.72,450300,7740.48,203277,3496.69,195426,3361.47,133874,2302.73,88764,1528.57,7867,135.16,6324,108.77,-243136,-4185.12
601995.SH,20260403,31024,10021.49,38091,12304.93,27650,8929.68,27517,8884.35,21330,6878.89,17058,5502.85,3828,1237.53,1166,375.46,-22215,-7156.64
601996.SH,20260403,376568,8681.39,438628,10104.41,155026,3591.13,143670,3331.15,86105,1977.53,35401,814.49,0,0.0,0,0.0,-65245,-1495.28
601997.SH,20260403,89995,5163.24,102746,5892.97,70110,4022.59,74113,4252.52,39354,2256.55,43437,2494.2,23381,1343.45,2542,146.13,-64596,-3703.04
601998.SH,20260403,198623,16477.08,199061,16512.63,75924,6298.91,80683,6692.79,28239,2343.86,29055,2413.18,10393,863.68,4380,364.94,-9101,-742.89
601999.SH,20260403,88091,6452.17,88449,6481.65,27877,2045.34,26306,1933.07,17295,1269.44,16754,1227.52,0,0.0,1754,124.71,-12377,-907.43
603000.SH,20260403,72438,13701.87,73236,13854.75,35627,6741.17,36107,6833.75,18588,3516.13,16930,3199.82,884,168.05,1264,238.9,-31657,-5981.31
603001.SH,20260403,28119,2522.81,31949,2867.8,19193,1720.96,19265,1729.19,16909,1517.48,13007,1164.26,0,0.0,0,0.0,-819,-71.75
603002.SH,20260403,127214,12457.63,138142,13520.89,83845,8212.35,79579,7798.99,36350,3560.14,28167,2759.49,5767,564.17,7288,714.92,11045,1112.89
603004.SH,20260403,8035,1726.23,9400,2019.73,3816,819.1,2612,561.75,1324,285.79,1163,249.62,0,0.0,0,0.0,-2815,-606.02
603005.SH,20260403,116223,30770.99,128911,34154.05,79428,21043.94,76262,20200.31,42582,11276.99,36776,9737.26,8238,2196.3,4522,1196.6,23785,6348.66
603006.SH,20260403,14650,1837.25,14902,1869.18,3503,439.99,3075,385.75,1044,131.8,1220,154.11,0,0.0,0,0.0,919,116.56
603007.SH,20260403,48259,2968.07,45654,2808.33,57220,3522.33,59190,3642.51,29576,1820.05,32381,1992.71,2170,133.09,0,0.0,-14681,-896.39
603008.SH,20260403,74752,9261.62,60512,7532.27,79499,9883.88,77205,9623.46,54616,6814.1,74591,9323.19,123504,15565.13,120063,15045.81,161939,20258.57
603009.SH,20260403,18962,8880.82,23457,10979.84,12228,5729.41,12438,5831.79,10107,4731.99,9787,4592.0,7488,3514.24,3102,1452.83,-9705,-4526.98
603010.SH,20260403,29448,3405.78,37779,4366.88,17103,1977.83,19911,2302.05,21151,2442.24,10013,1156.91,0,0.0,0,0.0,-8499,-978.12
603011.SH,20260403,86337,17369.27,78933,15876.46,38518,7751.48,43699,8793.74,19206,3861.04,23404,4705.05,3207,642.16,1232,248.7,-25860,-5177.4
603012.SH,20260403,48263,3699.34,53697,4114.54,25677,1968.91,25710,1971.14,15063,1153.84,9468,726.58,2417,185.62,2545,195.46,-306,-18.21
603013.SH,20260403,17010,3159.0,16352,3037.0,5276,979.96,4691,872.26,1671,309.14,2878,532.4,0,0.0,35,6.43,182,35.8
603014.SH,20260403,5852,2153.53,5548,2041.53,2234,822.35,1969,725.32,726,266.23,1000,367.31,0,0.0,295,107.94,-1088,-400.22
603015.SH,20260403,23535,2844.4,24660,2978.64,8852,1067.3,7869,949.99,2555,308.39,2413,291.47,0,0.0,0,0.0,-7154,-862.69
603016.SH,20260403,36527,17551.88,34754,16788.49,34887,16798.55,33146,15991.07,20253,9696.41,19480,9320.1,6500,3164.35,10787,5111.54,-5739,-3001.27
603017.SH,20260403,135323,20143.13,134134,19983.17,82516,12312.55,89937,13418.7,34756,5175.85,31955,4779.78,8751,1335.13,5320,785.0,-40328,-5940.33
603018.SH,20260403,22863,1637.29,33238,2379.52,13558,970.54,11979,857.26,10249,732.84,2826,202.13,1374,98.24,0,0.0,-17854,-1276.99
603019.SH,20260403,87571,68168.57,77668,60478.94,65985,51371.22,64935,50559.96,35853,27905.74,38575,30020.74,13206,10278.39,21435,16664.27,15914,12469.3
603020.SH,20260403,52676,5844.5,49217,5458.23,17128,1903.9,19913,2211.28,8698,967.04,9372,1045.93,0,0.0,0,0.0,-3058,-333.38
603021.SH,20260403,30965,2195.29,35574,2521.27,31511,2235.84,31106,2206.65,9349,663.28,9191,652.32,5577,394.53,1531,108.7,-29415,-2081.11
603022.SH,20260403,37824,3734.61,43416,4285.28,15864,1567.21,11806,1166.09,6269,618.53,4735,468.98,0,0.0,0,0.0,-9807,-971.49
603023.SH,20260403,217788,10403.64,231240,11031.89,116838,5569.54,104576,5001.31,51301,2444.41,47627,2267.74,453,20.88,2937,137.54,-12912,-514.38
603025.SH,20260403,39648,5473.0,38652,5334.63,17275,2384.12,17511,2418.79,4358,602.14,5436,749.83,318,43.99,0,0.0,706,101.95
603026.SH,20260403,82475,66694.37,78437,63494.76,76632,61987.87,80906,65457.27,36774,29715.86,41631,33617.19,21626,17486.15,16533,13315.03,-2714,-2338.87
603027.SH,20260403,73160,6864.99,76061,7125.96,26193,2455.89,24481,2301.2,22385,2089.44,20198,1891.65,2217,209.91,3216,301.42,-32310,-3018.36
603028.SH,20260403,28472,2315.45,30124,2449.4,11472,933.35,9649,785.25,2844,231.99,3015,246.14,0,0.0,0,0.0,-2780,-225.06
603029.SH,20260403,22358,3982.96,23198,4131.63,6088,1085.52,5018,895.07,806,145.27,1037,187.05,0,0.0,0,0.0,-84,-15.87
603030.SH,20260403,165209,3720.6,165014,3713.19,118128,2663.24,109023,2458.64,47013,1058.9,47395,1070.06,727,16.17,9645,217.01,-65309,-1473.06
603031.SH,20260403,26898,13166.56,30674,15008.86,20000,9807.17,17717,8691.74,13159,6455.89,12590,6188.69,1427,709.12,502,249.45,-4366,-2103.66
603032.SH,20260403,24317,4126.5,27104,4597.64,11047,1876.34,10409,1769.6,4076,691.32,3293,557.15,2113,356.17,747,125.94,-10439,-1767.54
603033.SH,20260403,75071,7714.7,84507,8708.28,72084,7424.15,77274,8007.94,52504,5494.57,48495,5066.34,20951,2214.12,10335,1064.98,30212,3048.57
603035.SH,20260403,12520,1733.83,12845,1778.23,6192,856.84,6077,842.6,1646,229.42,1435,199.26,0,0.0,0,0.0,-4385,-607.48
603036.SH,20260403,13037,2333.62,13842,2475.67,7406,1324.14,6759,1208.76,3341,597.31,3183,570.64,0,0.0,0,0.0,-5526,-984.88
603037.SH,20260403,32007,4081.22,32978,4206.52,10455,1331.93,9101,1158.36,1615,205.95,1999,254.21,0,0.0,0,0.0,-8764,-1117.03
603038.SH,20260403,13608,1968.0,13459,1946.78,7969,1152.38,7927,1146.02,1906,275.28,2097,302.86,0,0.0,0,0.0,-2967,-427.47
603039.SH,20260403,38608,17203.04,39669,17674.01,33843,15082.75,33438,14905.29,12475,5559.13,11417,5084.51,1157,516.39,1559,697.5,-2470,-1084.95
603040.SH,20260403,5237,4174.98,4832,3851.34,2233,1781.49,2367,1887.94,1021,814.3,1071,855.75,0,0.0,221,175.74,186,152.22
603041.SH,20260403,19892,2397.42,22647,2729.79,6476,781.71,3612,435.32,1940,234.68,2049,248.71,0,0.0,0,0.0,-2414,-290.28
603042.SH,20260403,201123,42589.51,203492,43068.28,120860,25638.8,113769,24163.11,55208,11747.35,53000,11264.78,9999,2122.47,16930,3601.96,-27980,-5924.31
603043.SH,20260403,27794,4264.37,22943,3520.76,9766,1498.04,14682,2252.34,1604,247.8,2332,360.26,794,123.15,0,0.0,-542,-85.85
603045.SH,20260403,24229,6899.29,26055,7418.89,9620,2739.52,7373,2100.81,1776,504.91,2069,587.95,20,5.64,148,41.71,-7735,-2207.05
603048.SH,20260403,13549,2894.4,13145,2807.72,5315,1134.77,5243,1120.8,1330,285.33,1806,385.97,0,0.0,0,0.0,-955,-205.73
603049.SH,20260403,7427,3613.34,8664,4215.35,4844,2356.01,4589,2232.57,3506,1705.43,2537,1234.07,527,256.83,514,249.6,-2976,-1448.51
603050.SH,20260403,16095,3118.01,16172,3132.26,10004,1935.07,8141,1576.3,5995,1164.6,7236,1403.91,1389,267.2,1935,372.42,-3034,-587.24
603051.SH,20260403,20591,4218.04,19438,3982.4,11801,2420.37,10469,2147.02,4315,885.59,5719,1173.54,0,0.0,1081,221.03,-1343,-272.31
603052.SH,20260403,31628,20013.76,31695,20064.48,26000,16470.61,26220,16603.66,14071,8924.76,14434,9145.05,1832,1147.33,1183,743.28,-3933,-2374.46
603053.SH,20260403,40891,4027.7,55064,5418.13,21723,2139.38,19736,1944.75,12414,1219.38,4205,413.99,3977,390.4,0,0.0,-34475,-3390.78
603055.SH,20260403,56650,5132.04,58153,5266.35,36612,3318.31,28928,2624.91,9408,851.02,13825,1249.76,1166,106.11,2930,266.47,-4823,-431.52
603057.SH,20260403,36599,9430.95,38299,9868.76,9934,2572.65,10351,2677.1,4826,1249.75,2709,707.49,0,0.0,0,0.0,1248,318.78
603058.SH,20260403,31935,3658.85,31966,3661.46,12550,1438.91,13730,1574.53,7130,819.4,5919,681.16,0,0.0,0,0.0,-3545,-407.8
603059.SH,20260403,7151,2271.16,7098,2253.96,2087,661.48,1662,527.33,969,304.45,1055,333.46,0,0.0,392,122.35,-1047,-332.1
603060.SH,20260403,31446,1929.72,32040,1966.43,10233,628.15,7758,475.87,4963,302.81,6565,401.04,0,0.0,280,17.33,-6593,-404.42
603061.SH,20260403,6420,17067.83,5951,15824.02,4693,12478.38,4171,11099.87,2791,7409.99,2931,7789.51,1574,4182.64,2425,6425.45,-668,-1761.03
603062.SH,20260403,3882,1805.28,4502,2092.56,2208,1027.23,1785,831.33,795,369.21,598,277.83,0,0.0,0,0.0,-405,-185.02
603063.SH,20260403,70022,20842.62,74281,22099.69,61893,18411.27,60603,18032.65,35386,10533.57,35796,10646.02,10201,3024.84,6822,2033.95,-39819,-11804.71
603065.SH,20260403,25711,2042.62,26595,2111.66,10829,859.39,8361,663.76,3676,291.31,5260,417.91,0,0.0,0,0.0,-616,-52.9
603066.SH,20260403,19439,1887.4,18274,1775.13,9772,945.76,6901,670.93,5259,508.17,817,79.28,2646,254.55,11124,1070.54,3955,375.18
603067.SH,20260403,115989,38611.04,128614,42963.49,100886,33707.3,100704,33735.02,40555,13585.96,47235,15825.09,32405,11114.31,13282,4495.02,37411,12201.69
603068.SH,20260403,9873,3004.39,10335,3146.38,2806,854.11,3306,1006.07,2439,743.4,1477,449.45,0,0.0,0,0.0,-1802,-549.83
603069.SH,20260403,19837,3379.91,22979,3915.2,10290,1752.69,9911,1685.28,6927,1175.69,5230,889.03,2000,340.0,934,158.78,-8738,-1487.58
603070.SH,20260403,16023,2254.78,17356,2440.82,7406,1043.01,6346,892.31,3461,486.11,2948,416.38,0,0.0,240,34.39,-1928,-265.9
603071.SH,20260403,26209,3466.61,30907,4087.28,13512,1788.7,12353,1635.34,7908,1043.65,3432,453.41,0,0.0,937,122.93,-11627,-1540.66
603072.SH,20260403,8312,2938.96,7230,2556.04,4488,1585.0,4440,1569.3,1161,410.28,1657,584.38,0,0.0,634,224.52,439,156.74
603073.SH,20260403,19520,3684.87,21906,4132.8,4898,926.61,3577,676.34,1532,286.64,677,128.86,210,39.88,0,0.0,-2639,-494.74
603075.SH,20260403,8760,1912.63,8744,1909.33,4280,931.78,4178,909.73,1709,371.38,1827,396.73,0,0.0,0,0.0,-241,-54.08
603076.SH,20260403,31311,8939.45,33348,9520.7,14870,4249.93,13829,3952.47,9149,2616.13,7064,2020.03,394,112.8,1483,425.11,-1594,-445.45
603077.SH,20260403,663028,17852.5,708964,19076.51,471081,12686.94,466606,12566.63,303575,8167.28,283027,7622.03,73167,1967.65,52253,1409.19,-389098,-10425.24
603078.SH,20260403,30274,6482.31,28647,6132.8,12566,2689.25,12345,2642.25,6260,1337.98,6469,1382.44,1396,298.92,3035,650.96,2147,466.1
603079.SH,20260403,17529,2941.61,17735,2979.4,7113,1195.18,6551,1098.79,1657,278.8,2013,337.39,0,0.0,0,0.0,-3671,-617.89
603080.SH,20260403,14280,2972.69,13249,2757.51,6456,1343.44,6695,1393.56,3021,625.11,3689,764.49,1,0.21,125,25.88,-1322,-280.71
603081.SH,20260403,21899,2567.42,25847,3030.44,13613,1594.68,15282,1791.12,13657,1594.2,8042,934.97,1204,140.63,1202,140.39,-13571,-1576.66
603082.SH,20260403,5185,1823.79,5234,1840.74,1757,616.45,1236,433.96,378,132.73,850,298.27,0,0.0,0,0.0,-1162,-408.29
603083.SH,20260403,71886,74734.91,71776,74612.31,72070,74945.52,72102,74975.01,37783,39300.87,40143,41751.34,19494,20257.12,17212,17899.75,6544,7079.41
603085.SH,20260403,33339,3625.37,35202,3828.2,12377,1345.48,11145,1211.98,6059,658.2,5636,612.74,917,101.24,709,77.37,-3706,-404.04
603086.SH,20260403,36746,2685.47,40717,2976.48,19108,1396.52,16678,1218.56,6103,446.51,4562,333.46,0,0.0,0,0.0,-15861,-1160.3
603087.SH,20260403,23624,14994.26,21516,13659.5,16973,10779.61,17548,11142.43,9143,5804.61,10229,6495.31,3475,2210.33,3922,2491.57,-4826,-3063.32
603088.SH,20260403,115160,13645.0,113474,13440.59,52485,6225.52,43751,5187.0,22528,2670.03,27796,3294.8,3040,362.06,8192,980.22,-6207,-714.74
603089.SH,20260403,12100,1436.51,12930,1534.74,4287,508.27,4859,576.77,5860,695.74,3500,415.11,0,0.0,958,113.91,-3651,-431.88
603090.SH,20260403,14427,8483.87,14452,8495.63,5067,2982.54,4221,2484.58,2173,1276.99,2994,1763.18,0,0.0,0,0.0,-1181,-692.23
603091.SH,20260403,3610,2598.23,4460,3204.7,2093,1504.73,2160,1553.47,1336,960.61,419,305.41,0,0.0,0,0.0,-3461,-2465.99
603092.SH,20260403,6729,4345.27,6934,4477.26,5776,3728.83,5408,3491.33,2968,1918.38,3567,2304.91,779,502.25,342,221.23,-4298,-2768.76
603093.SH,20260403,84468,15465.72,78821,14432.29,36329,6665.52,38563,7073.31,10629,1935.63,11425,2086.22,3859,693.86,6476,1168.9,-12639,-2290.32
603095.SH,20260403,13267,2296.04,12615,2184.56,5662,979.66,5234,906.62,2717,470.99,3797,655.5,0,0.0,0,0.0,-1574,-272.05
603096.SH,20260403,15037,2499.08,16751,2783.54,4204,698.75,3128,519.13,924,153.47,287,48.63,0,0.0,0,0.0,-2742,-456.28
603097.SH,20260403,10322,3247.52,8970,2822.93,4338,1367.04,4385,1381.88,2160,679.49,3865,1216.13,400,126.88,0,0.0,1268,397.99
603098.SH,20260403,50480,7445.27,50595,7465.37,40161,5923.52,37864,5579.2,15215,2237.14,13722,2018.76,719,103.82,4394,646.42,-16003,-2344.38
603099.SH,20260403,18120,6255.99,17517,6049.81,6503,2246.39,7420,2562.47,2579,891.48,2265,781.6,0,0.0,0,0.0,-3248,-1119.4
603100.SH,20260403,13992,2677.41,15811,3025.39,7888,1508.39,7451,1424.86,3710,709.8,2328,445.36,0,0.0,0,0.0,-7021,-1340.49
603101.SH,20260403,22165,1757.76,23814,1889.19,9734,772.34,7001,555.79,1726,137.27,2810,222.39,0,0.0,0,0.0,-5919,-469.75
603102.SH,20260403,3494,1433.34,3866,1586.03,936,383.48,472,193.27,50,20.3,142,57.82,0,0.0,0,0.0,-773,-317.03
603103.SH,20260403,32479,7180.41,26524,5867.63,9668,2136.79,8891,1966.02,5412,1190.09,8514,1875.38,2545,569.55,6175,1367.81,-897,-218.68
603105.SH,20260403,175752,18296.09,159119,16572.52,94677,9865.79,99564,10373.47,47702,4968.09,53445,5559.3,0,0.0,6003,624.68,-52276,-5454.79
603106.SH,20260403,58056,5245.49,65746,5939.75,23605,2133.73,21296,1932.13,5997,543.72,1893,171.09,1277,120.04,0,0.0,-5049,-446.1
603107.SH,20260403,12529,1758.55,15101,2119.04,5677,797.14,3662,514.9,832,116.6,275,38.35,0,0.0,0,0.0,-5716,-802.72
603108.SH,20260403,71552,8854.59,68225,8445.34,36365,4499.62,34519,4275.29,10960,1358.93,15153,1871.18,2364,293.14,3344,414.46,-24065,-2988.03
603109.SH,20260403,15278,3115.07,14474,2954.46,9449,1926.33,9799,1997.99,3673,747.93,4781,969.17,654,132.3,0,0.0,-1810,-368.79
603110.SH,20260403,70828,11079.09,79333,12412.83,49431,7743.53,48280,7554.72,25619,4029.81,18475,2903.97,5593,877.46,5383,858.36,17701,2827.79
603111.SH,20260403,39777,2597.16,44121,2881.11,20475,1336.59,15064,982.23,6035,393.1,7102,463.52,0,0.0,0,0.0,-13039,-849.2
603112.SH,20260403,13156,2182.83,14983,2486.38,7025,1166.41,8113,1348.4,5439,905.12,2524,419.57,0,0.0,0,0.0,-7130,-1185.2
603113.SH,20260403,107022,7263.08,114481,7772.01,63704,4328.66,60971,4143.54,27892,1895.04,29344,1991.46,6178,420.23,0,0.0,-37078,-2536.74
603115.SH,20260403,65137,27717.93,55951,23821.66,32923,13997.5,35038,14914.74,10754,4592.78,16978,7217.72,4226,1800.55,5073,2154.64,-5831,-2474.56
603116.SH,20260403,48573,2611.4,57361,3079.64,10956,587.03,7667,412.81,4490,242.09,990,53.86,2000,105.8,0,0.0,-11268,-608.4
603117.SH,20260403,67366,3084.92,72105,3301.62,26304,1205.07,19460,891.76,8155,375.93,10260,472.54,0,0.0,0,0.0,-15243,-699.57
603118.SH,20260403,249633,32787.0,247704,32547.91,175288,23032.85,172136,22624.1,90129,11847.62,86078,11305.53,17231,2259.02,26362,3448.95,41660,5516.29
603119.SH,20260403,43737,30709.56,36443,25585.36,20256,14217.53,19872,13953.04,9014,6319.87,11244,7891.02,2134,1494.82,7582,5312.36,2875,2020.56
603120.SH,20260403,4058,1541.45,4192,1592.45,2007,761.63,1728,656.11,528,200.57,673,255.09,0,0.0,0,0.0,-1063,-403.74
603121.SH,20260403,64775,11947.02,77878,14359.97,41586,7674.51,36513,6742.53,21517,3972.53,13652,2522.64,3872,712.46,3707,681.38,-8438,-1538.6
603122.SH,20260403,524090,103523.7,482267,95318.9,361765,71433.78,357032,70513.13,152230,30042.06,170015,33527.59,26545,5269.4,55316,10909.32,4848,1342.66
603123.SH,20260403,166574,19835.79,228716,27267.92,135266,16113.59,200467,23914.78,79459,9478.05,118194,14110.28,203336,24317.2,37258,4451.65,-118951,-14228.69
603124.SH,20260403,11141,11771.57,11101,11741.46,8582,9078.7,8167,8635.79,4532,4783.42,4559,4804.64,1463,1533.53,1891,1985.33,469,482.12
603125.SH,20260403,12422,2125.72,13280,2272.07,6853,1172.98,5686,973.37,2134,366.18,2443,419.46,0,0.0,0,0.0,-1113,-186.43
603126.SH,20260403,62496,4578.66,72238,5289.78,24506,1794.03,19932,1460.39,7673,561.65,4559,333.72,3497,255.88,1443,106.35,-7387,-536.2
603127.SH,20260403,211132,76925.7,202012,73589.72,136617,49805.81,143037,52113.13,62906,22931.37,73149,26668.43,25369,9195.6,17827,6487.19,36835,13549.9
603128.SH,20260403,53814,2953.15,56803,3117.58,38041,2086.93,39101,2145.69,11156,612.37,7108,389.17,0,0.0,0,0.0,-22996,-1260.91
603129.SH,20260403,4390,10624.52,4478,10837.71,3867,9359.4,3843,9293.46,1034,2496.33,969,2347.59,126,307.09,126,308.59,-671,-1572.84
603130.SH,20260403,10150,3707.87,9335,3410.95,2773,1012.93,3040,1110.65,1193,435.42,1728,629.89,0,0.0,13,4.73,-822,-300.42
603131.SH,20260403,26675,5308.41,26076,5190.06,12896,2566.45,13327,2653.94,4159,829.31,4772,950.66,2105,419.04,1660,328.55,-6050,-1209.68
603132.SH,20260403,50836,8754.64,57445,9907.87,26660,4590.53,25708,4431.89,13074,2261.32,9849,1699.48,7757,1349.94,5325,917.18,-609,-127.8
603135.SH,20260403,15300,1526.32,15258,1522.08,2452,244.25,2571,256.28,415,41.31,338,33.53,0,0.0,0,0.0,590,59.86
603136.SH,20260403,25189,2773.93,27079,2982.37,8963,986.98,7605,837.28,4346,477.9,2397,263.0,0,0.0,1417,156.15,-6983,-769.34
603137.SH,20260403,19947,2609.59,21280,2784.17,6562,859.29,5928,776.77,2528,331.42,1829,239.35,0,0.0,0,0.0,363,47.13
603138.SH,20260403,73641,13881.76,84307,15887.01,37332,7035.53,33149,6252.66,13533,2553.12,9757,1847.89,2707,517.14,0,0.0,-20264,-3811.59
603139.SH,20260403,11593,2975.0,12341,3165.98,6262,1605.56,4823,1237.33,1943,496.81,3572,913.95,1492,381.11,554,141.21,-2760,-707.26
603150.SH,20260403,19446,10245.77,20512,10805.71,10697,5648.86,10880,5750.31,10144,5368.41,7252,3837.6,2854,1498.69,4497,2368.11,-647,-348.04
603151.SH,20260403,26681,4204.4,29712,4680.46,7537,1186.2,6298,991.1,4436,696.53,2644,415.56,0,0.0,0,0.0,-6533,-1027.61
603153.SH,20260403,10321,1605.2,10303,1602.52,3379,525.61,3014,468.89,656,101.89,1039,161.28,0,0.0,0,0.0,-2414,-377.28
603155.SH,20260403,15716,2383.32,14686,2227.86,7733,1171.71,7138,1080.96,4411,667.37,5205,787.85,0,0.0,831,125.73,-2372,-361.74
603156.SH,20260403,15461,4644.08,16034,4815.05,9256,2780.41,7570,2274.83,3919,1172.89,4657,1395.89,1195,355.63,1570,467.23,-4935,-1481.92
603158.SH,20260403,169653,19755.77,180443,21014.33,97776,11393.85,99214,11560.29,45618,5318.88,41789,4874.64,11365,1326.0,2965,345.25,-31575,-3662.94
603159.SH,20260403,6442,1577.38,7592,1860.99,3929,961.79,3932,963.6,2234,547.61,1524,372.98,443,110.79,0,0.0,-2052,-505.72
603160.SH,20260403,15019,9568.15,13342,8500.71,10076,6416.09,10488,6679.38,4639,2956.13,5184,3303.13,392,249.39,1112,706.52,811,522.79
603161.SH,20260403,12641,1789.77,12173,1723.5,2666,376.98,2854,403.79,1052,149.25,1332,188.71,0,0.0,0,0.0,135,19.17
603162.SH,20260403,91798,12692.53,97934,13537.78,50374,6983.47,45020,6246.14,19518,2707.7,19455,2699.75,1502,207.7,783,107.74,-9254,-1268.9
603163.SH,20260403,16846,16487.59,14107,13807.59,6408,6270.58,7525,7363.91,2765,2704.45,3714,3632.37,700,681.78,1373,1340.53,2658,2601.75
603165.SH,20260403,77948,11479.24,81489,11999.66,42861,6316.07,40560,5977.82,14845,2184.52,16113,2371.64,5615,834.53,3108,465.24,-30619,-4515.43
603166.SH,20260403,23433,3047.92,23316,3033.01,12430,1616.44,12208,1587.76,2692,350.22,3031,393.8,0,0.0,0,0.0,-7181,-933.8
603167.SH,20260403,26077,2405.36,30835,2844.13,15144,1398.58,13159,1214.91,7888,726.91,5115,471.81,0,0.0,0,0.0,-16455,-1517.71
603168.SH,20260403,69213,4757.93,72755,5001.21,16740,1152.0,12342,852.72,4993,346.61,5849,402.61,0,0.0,0,0.0,-13181,-908.85
603169.SH,20260403,114833,11152.69,103556,10057.89,61942,6014.55,61760,5994.76,32309,3134.66,36876,3583.0,10846,1044.74,17738,1710.98,-34714,-3365.04
603170.SH,20260403,26644,3444.31,29800,3853.57,11102,1442.29,9349,1213.38,3969,512.32,2566,331.97,0,0.0,0,0.0,2651,347.9
603171.SH,20260403,16225,7980.62,15516,7629.68,3843,1889.46,4158,2045.63,1342,658.98,1052,516.58,1475,726.96,2160,1064.14,-63,-23.89
603172.SH,20260403,10588,2181.55,10298,2122.33,2580,531.78,2566,528.46,379,78.06,683,140.6,0,0.0,0,0.0,-774,-160.97
603173.SH,20260403,8608,3399.6,8172,3227.68,3891,1537.55,3802,1503.54,2296,905.58,2065,814.78,440,171.6,1196,468.33,-533,-215.54
603175.SH,20260403,12892,9877.47,13528,10367.08,8444,6470.73,8100,6208.14,5720,4380.05,5490,4201.71,1493,1147.34,1432,1098.66,-4051,-3117.99
603176.SH,20260403,43953,2274.34,46128,2386.52,9461,488.3,7870,406.44,1988,101.71,1404,71.39,0,0.0,0,0.0,-6522,-340.65
603177.SH,20260403,49260,5117.07,48758,5069.0,28277,2935.27,19240,1993.67,9340,965.64,9588,988.6,7471,782.89,16762,1749.61,7628,795.94
603178.SH,20260403,8020,1198.59,7537,1126.32,2289,341.54,2953,440.71,797,118.35,616,91.46,0,0.0,0,0.0,-960,-142.63
603179.SH,20260403,38310,25048.69,36998,24192.25,19698,12878.9,16961,11095.58,12605,8248.24,12106,7919.95,8667,5668.54,13215,8636.59,10900,7138.21
603180.SH,20260403,5125,941.25,6674,1225.33,3067,562.7,1555,285.47,130,23.86,93,17.0,0,0.0,0,0.0,-2190,-402.54
603181.SH,20260403,18732,2648.49,17790,2516.84,11373,1607.66,11867,1677.06,6930,978.88,7466,1053.59,1431,202.49,1343,190.03,-4639,-656.77
603183.SH,20260403,119448,5155.87,135146,5829.29,35588,1532.74,32572,1405.32,17002,731.92,4319,185.92,0,0.0,0,0.0,-9922,-428.53
603185.SH,20260403,58658,12864.56,51628,11332.54,28617,6278.14,31474,6902.75,21359,4684.98,21212,4647.25,713,158.04,5034,1103.18,-2643,-592.79
603186.SH,20260403,56527,35128.34,58558,36405.83,27325,16979.29,23752,14755.96,13431,8343.55,13024,8091.85,3914,2441.19,5864,3638.73,14750,9165.37
603187.SH,20260403,27541,3870.6,27950,3928.1,8594,1207.27,8095,1136.51,2331,326.59,2421,339.85,0,0.0,0,0.0,-2722,-380.33
603188.SH,20260403,68219,3205.42,71194,3345.61,19175,899.5,20850,979.99,10909,514.34,6259,293.66,0,0.0,0,0.0,-20945,-982.45
603189.SH,20260403,36317,6368.42,60423,10690.69,32301,5668.08,52936,9403.66,40990,7271.48,29026,5160.32,51339,9204.46,18562,3257.78,-39681,-7242.46
603190.SH,20260403,8350,2015.92,8855,2137.77,2752,664.41,2421,584.51,734,176.61,560,134.67,0,0.0,0,0.0,-1714,-412.82
603191.SH,20260403,44946,9230.2,38417,7899.19,21051,4329.78,23744,4872.32,13550,2781.19,15633,3206.25,3541,728.64,5294,1092.04,-434,-91.3
603192.SH,20260403,4683,1106.35,5177,1222.66,3306,780.5,3197,755.2,1073,253.35,1188,280.1,500,117.75,0,0.0,-1866,-440.14
603193.SH,20260403,47128,11337.98,50148,12076.27,27958,6734.94,28261,6808.6,13527,3271.19,9966,2409.58,2289,556.72,2527,606.38,-3928,-958.39
603194.SH,20260403,5323,1715.82,5228,1686.44,2572,828.96,2223,716.28,639,205.64,1083,347.69,0,0.0,0,0.0,-1604,-518.99
603195.SH,20260403,6748,2801.07,7140,2963.11,2966,1230.81,3100,1287.23,1321,548.82,1113,462.17,325,135.14,8,3.32,-3257,-1350.96
603196.SH,20260403,19733,5474.96,22371,6205.14,12857,3569.82,13230,3675.75,11219,3110.69,7724,2141.18,0,0.0,484,133.39,-9997,-2777.48
603197.SH,20260403,7594,2403.04,6756,2138.42,4581,1447.25,3839,1212.03,1532,482.67,1767,558.04,343,107.36,1688,531.82,-2002,-634.02
603198.SH,20260403,37849,13515.35,31256,11159.47,15640,5587.4,16387,5856.56,7880,2815.31,10404,3716.28,2293,814.89,5615,2000.64,4175,1492.31
603199.SH,20260403,9312,3658.4,9847,3869.22,6070,2385.84,5981,2350.79,3187,1251.96,2991,1174.07,263,103.07,13,5.21,-6768,-2656.0
603200.SH,20260403,15337,8713.77,15709,8923.64,8580,4869.91,9327,5295.45,4538,2572.18,3258,1849.06,530,302.47,691,390.18,-5427,-3082.56
603201.SH,20260403,9030,1436.26,9703,1543.08,2887,457.88,2936,466.14,1500,238.38,778,123.3,0,0.0,0,0.0,-3196,-508.67
603202.SH,20260403,3768,3535.47,2904,2722.8,4128,3876.83,3826,3591.57,2840,2670.03,3573,3360.04,0,0.0,434,407.92,4939,4646.01
603203.SH,20260403,32556,12364.66,28083,10657.82,19824,7521.87,20475,7774.7,7341,2788.23,8460,3215.86,762,285.64,3465,1312.02,14845,5643.98
603205.SH,20260403,4310,1100.74,4455,1138.1,1348,344.76,1165,297.34,682,176.41,721,186.47,0,0.0,0,0.0,-1281,-328.48
603206.SH,20260403,49458,7951.69,52961,8510.54,26474,4259.95,29909,4815.52,12413,1994.54,5475,880.11,0,0.0,0,0.0,9646,1561.58
603207.SH,20260403,7357,2024.61,7045,1938.54,2381,655.13,2270,624.69,449,123.59,872,240.1,0,0.0,0,0.0,-1587,-437.08
603208.SH,20260403,12164,1608.15,12696,1678.68,3647,482.44,3147,416.16,1650,218.53,1618,214.27,0,0.0,0,0.0,-3769,-499.17
603209.SH,20260403,33187,5072.48,34526,5270.09,14132,2158.19,12789,1956.48,5843,889.84,4578,699.61,1694,259.65,2963,453.99,-8936,-1355.38
603210.SH,20260403,11936,2016.1,11108,1877.13,5539,934.53,6245,1052.51,2040,343.8,2759,465.57,597,100.77,0,0.0,-5215,-882.38
603211.SH,20260403,26891,6483.18,26836,6468.48,13872,3339.7,14005,3369.41,7208,1735.37,7108,1715.13,740,175.75,762,180.98,-4141,-985.58
603212.SH,20260403,66388,8421.97,66346,8420.83,33804,4289.58,37983,4819.46,22580,2865.91,21115,2681.04,10691,1359.35,8019,1015.48,-10468,-1348.01
603213.SH,20260403,15610,2093.72,18545,2487.22,12929,1733.98,10248,1374.62,2248,301.37,1994,267.22,0,0.0,0,0.0,-8491,-1138.1
603214.SH,20260403,29945,4779.39,38048,6071.85,11574,1850.06,8528,1362.73,7312,1165.74,2255,360.61,0,0.0,0,0.0,-10552,-1682.32
603215.SH,20260403,8920,1751.11,9157,1797.78,4873,956.77,4682,918.37,4918,969.12,4846,955.74,0,0.0,26,5.11,491,101.93
603216.SH,20260403,10662,3380.95,11047,3502.42,2494,789.44,2433,770.52,1759,555.46,1838,580.68,421,133.46,18,5.68,-1604,-508.36
603217.SH,20260403,27318,7223.11,26767,7079.31,21170,5597.05,21107,5580.93,8687,2296.81,10108,2672.0,968,257.35,159,42.08,200,66.78
603218.SH,20260403,88749,11967.44,82111,11069.98,64100,8640.33,55863,7539.66,26973,3640.62,28082,3771.81,7252,977.49,21018,2844.42,-5936,-802.04
603219.SH,20260403,18639,2938.85,20042,3159.91,12051,1897.61,9301,1465.96,5956,937.46,5924,932.22,730,114.98,2109,330.82,1350,216.69
603220.SH,20260403,241931,62642.79,244854,63363.9,180815,46867.69,174202,45117.07,97562,25333.11,97636,25375.89,24720,6401.79,28337,7388.51,97601,25473.55
603221.SH,20260403,16447,1815.44,17545,1936.31,6198,684.95,4626,510.67,2547,280.84,3092,342.12,71,7.87,0,0.0,-1565,-173.9
603222.SH,20260403,473357,48971.03,459859,47532.71,348622,36128.08,299517,31016.85,151761,15703.9,159067,16480.67,44476,4572.33,99772,10345.12,-4978,-185.26
603223.SH,20260403,34023,2865.22,38891,3272.89,28445,2395.73,24647,2077.18,11391,958.31,9996,842.12,0,0.0,325,27.07,-14004,-1170.76
603225.SH,20260403,107746,18191.63,119114,20103.79,44684,7536.86,48490,8180.35,16580,2797.04,12126,2044.75,12000,2019.42,1280,216.06,-33867,-5687.23
603226.SH,20260403,11489,4190.3,12625,4601.72,9419,3439.38,9367,3422.3,5423,1977.03,4446,1621.46,383,139.87,276,101.1,-1080,-389.05
603227.SH,20260403,164969,16321.01,151159,14957.48,95688,9463.05,98940,9791.26,36773,3637.21,45601,4506.58,18723,1850.13,20453,2016.08,-13076,-1284.34
603228.SH,20260403,60422,32757.06,54066,29312.21,42391,22981.88,43246,23450.39,24221,13135.98,28005,15191.55,8040,4366.08,9756,5286.86,736,443.15
603229.SH,20260403,77878,7825.62,67005,6731.42,28477,2862.04,31786,3197.21,15814,1588.75,23379,2347.78,0,0.0,0,0.0,-8370,-833.34
603230.SH,20260403,13048,1555.23,17724,2112.82,9260,1103.07,9832,1173.08,5893,706.54,3607,431.34,4163,496.21,1201,143.81,-8172,-974.38
603231.SH,20260403,12152,2079.9,11943,2043.68,3111,531.84,3770,643.68,1616,274.61,2166,368.29,1000,169.3,0,0.0,-3797,-651.36
603232.SH,20260403,34008,6490.4,29442,5619.98,14330,2734.67,14552,2776.72,5135,980.03,9503,1813.03,24,4.63,0,0.0,1627,312.46
603233.SH,20260403,23501,4189.96,23688,4222.65,6961,1241.53,5954,1062.29,754,134.18,1574,280.73,0,0.0,0,0.0,-3686,-655.81
603235.SH,20260403,4973,1344.04,4668,1260.68,1547,417.27,1763,475.88,1239,334.42,1105,298.69,0,0.0,223,60.48,-1367,-368.24
603236.SH,20260403,22133,16284.73,22061,16240.09,16135,11876.5,16303,12004.92,11056,8153.96,9118,6718.75,2697,1982.67,4538,3334.09,703,514.14
603237.SH,20260403,15409,2642.91,18501,3173.59,10687,1834.86,9122,1565.62,2851,489.35,1324,227.91,0,0.0,0,0.0,-4952,-848.39
603238.SH,20260403,22255,3354.43,22440,3381.54,5072,763.08,4515,680.01,1982,297.56,2354,353.53,0,0.0,0,0.0,-3949,-596.18
603239.SH,20260403,24755,6029.06,29321,7137.73,20297,4940.54,21050,5126.85,11890,2894.3,11024,2682.92,7130,1734.42,2677,650.82,-11476,-2781.89
603248.SH,20260403,100658,29857.15,108735,32262.34,66945,19863.63,65351,19389.58,36153,10725.62,31157,9249.29,4921,1471.97,3434,1017.18,-28905,-8547.32
603255.SH,20260403,3417,923.01,3461,935.93,1881,507.69,1661,447.64,678,183.58,854,230.7,0,0.0,0,0.0,-139,-38.76
603256.SH,20260403,96183,66169.7,98298,67665.28,66990,46084.34,68347,47027.65,33520,23092.0,32005,22009.65,9522,6566.38,7565,5209.84,-6289,-4169.27
603257.SH,20260403,4966,2612.63,5443,2865.12,3147,1654.07,2968,1558.01,921,483.28,876,461.75,722,381.3,469,246.39,-1302,-684.5
603258.SH,20260403,24304,4159.54,30104,5151.17,14459,2482.48,17959,3078.54,6641,1141.19,7176,1224.37,15057,2566.4,5222,895.53,-7843,-1320.76
603259.SH,20260403,150647,150693.31,138156,138171.25,158837,158947.22,151677,151767.16,97132,97189.03,107001,107092.39,51015,51033.07,60797,60831.82,-19374,-19337.09
603260.SH,20260403,40958,15924.95,33778,13134.34,20627,8025.35,23854,9276.06,11614,4516.08,15267,5937.3,881,340.41,1181,459.09,4406,1729.48
603261.SH,20260403,2794,967.01,2995,1036.06,3039,1049.25,3436,1187.59,2048,707.17,1450,499.78,0,0.0,0,0.0,-2753,-953.91
603262.SH,20260403,6717,1630.99,7101,1725.51,2808,681.82,1870,453.46,337,82.02,429,104.75,0,0.0,462,111.11,-883,-217.65
603266.SH,20260403,11045,1991.43,10348,1865.57,2883,519.39,2621,472.45,939,169.24,3157,568.26,2473,444.16,1214,217.94,-3738,-671.98
603267.SH,20260403,16843,7952.67,14015,6618.74,10427,4924.62,11734,5541.97,5998,2829.52,6627,3122.04,1426,670.05,2318,1094.1,1251,591.96
603268.SH,20260403,5418,6363.8,5768,6771.18,10038,11795.18,9989,11734.93,5351,6290.45,6636,7803.51,4024,4727.45,2438,2867.26,-5623,-6566.54
603269.SH,20260403,60477,7855.25,57968,7529.62,22684,2943.45,27502,3567.22,14366,1862.18,8522,1104.19,1957,252.83,5492,712.69,-11207,-1447.87
603270.SH,20260403,14192,3501.91,14045,3465.68,5609,1385.72,5155,1272.2,713,175.7,1314,325.44,503,125.0,503,125.0,-447,-104.97
603271.SH,20260403,10023,4694.72,10851,5083.24,8241,3860.14,7680,3597.16,3329,1558.26,2688,1258.63,912,425.26,1286,599.36,-3449,-1614.24
603272.SH,20260403,35715,11257.4,35456,11193.18,14030,4434.44,14357,4529.99,7630,2411.76,6786,2151.24,773,248.22,1549,477.41,-2897,-938.81
603273.SH,20260403,11722,2071.42,12086,2136.41,5005,885.21,4125,729.44,1528,271.72,2044,362.5,0,0.0,0,0.0,-111,-15.25
603275.SH,20260403,6770,3006.44,6113,2711.45,3086,1370.0,3548,1576.14,1383,613.55,1170,520.03,0,0.0,408,182.38,1641,734.54
603276.SH,20260403,13759,2228.35,14254,2308.1,2240,363.25,2185,354.37,440,70.87,0,0.0,0,0.0,0,0.0,-346,-57.26
603277.SH,20260403,9019,1269.45,11824,1664.58,3200,450.02,1794,252.91,1756,248.07,357,50.05,0,0.0,0,0.0,-5967,-840.04
603278.SH,20260403,30431,3210.81,31450,3317.67,9380,988.99,8296,875.0,2514,264.39,2388,251.32,1077,113.95,1268,134.15,-3534,-372.15
603279.SH,20260403,61545,10165.77,60733,10023.59,21939,3629.15,22910,3794.86,8124,1341.22,7870,1302.26,0,0.0,94,15.43,-9676,-1581.67
603280.SH,20260403,11590,3923.06,12004,4065.09,5371,1816.39,4442,1500.68,2189,741.89,2187,741.59,0,0.0,517,173.98,-2978,-1006.83
603281.SH,20260403,10403,3402.55,10156,3320.29,6372,2088.57,7315,2398.37,7316,2394.08,5835,1909.36,2010,654.77,2794,911.95,2091,686.03
603282.SH,20260403,12239,2464.89,13181,2655.96,2956,596.59,2313,467.36,725,147.4,425,85.57,0,0.0,0,0.0,-2794,-565.17
603283.SH,20260403,17391,7268.48,20149,8419.6,13626,5696.13,14036,5867.89,9487,3960.44,5662,2365.98,1707,713.7,2365,985.28,-6687,-2789.85
603284.SH,20260403,16542,8313.43,16983,8526.09,16443,8256.86,16723,8400.61,11144,5585.85,11673,5863.68,5066,2547.65,3815,1913.41,567,308.73
603285.SH,20260403,12551,3820.31,11892,3620.99,2350,715.49,2669,812.38,988,300.95,1328,403.37,0,0.0,0,0.0,63,17.51
603286.SH,20260403,13224,7797.37,14159,8350.58,8450,4990.33,7992,4721.3,6185,3652.75,6134,3624.69,2002,1181.98,1576,925.86,-3787,-2228.87
603288.SH,20260403,97517,40750.06,88622,37036.02,56166,23469.7,57238,23921.14,25733,10754.91,27374,11436.05,5482,2283.26,11663,4864.71,-2427,-1013.73
603289.SH,20260403,42357,4670.87,43694,4817.04,14210,1566.03,11143,1228.05,3084,339.24,4814,531.05,0,0.0,0,0.0,134,19.82
603290.SH,20260403,13999,13637.38,15550,15150.84,11904,11597.95,11331,11040.77,6261,6102.66,4556,4438.22,579,562.41,1305,1270.57,-3704,-3601.56
603291.SH,20260403,32696,3762.32,34427,3963.11,16569,1911.14,14815,1707.52,3073,352.06,3106,356.04,10,1.15,0,0.0,-4950,-568.45
603296.SH,20260403,60703,55395.27,60244,54987.34,44403,40552.26,46691,42642.76,32548,29762.96,28901,26431.46,9623,8804.49,11442,10453.42,13446,12355.3
603297.SH,20260403,8378,8718.52,8828,9194.82,5148,5373.46,4950,5174.74,2257,2359.77,1594,1664.88,758,797.75,1169,1215.07,-27,-39.89
603298.SH,20260403,16130,4004.3,15015,3727.03,5932,1471.58,7305,1812.39,2298,569.49,2040,505.95,0,0.0,0,0.0,-1874,-462.58
603299.SH,20260403,29182,3282.77,28173,3168.21,15386,1731.55,15105,1700.41,3980,447.23,5270,592.92,0,0.0,0,0.0,-11142,-1253.82
603300.SH,20260403,192734,12579.83,211031,13776.45,140831,9185.46,139668,9115.06,55611,3631.04,50456,3285.83,18088,1178.01,6108,397.01,-101373,-6606.47
603301.SH,20260403,12723,12070.71,12528,11899.58,16861,15965.44,17237,16330.88,13937,13204.46,14128,13326.14,1352,1276.03,980,960.04,-1115,-1033.93
603303.SH,20260403,10726,1565.64,10554,1539.8,2182,318.05,2922,426.21,1152,167.16,584,84.84,0,0.0,0,0.0,-1460,-211.05
603305.SH,20260403,80815,11620.86,78507,11284.39,53517,7695.28,53252,7657.18,25868,3716.78,26111,3756.56,3633,520.37,5964,855.16,-19581,-2807.95
603306.SH,20260403,28674,24256.74,29546,24990.43,35365,29934.74,37219,31499.04,35280,29892.55,32096,27178.63,14893,12621.5,15351,13037.42,102,194.04
603307.SH,20260403,3862,1433.63,3948,1465.98,1216,451.49,840,311.26,409,150.96,699,258.84,0,0.0,0,0.0,-179,-67.88
603308.SH,20260403,59840,38454.03,62114,39897.77,49347,31738.87,49732,31997.91,26846,17283.77,23666,15244.48,4702,3032.63,5223,3369.14,-11768,-7386.44
603309.SH,20260403,38994,5690.64,42713,6235.08,16442,2401.3,13770,2013.17,4266,626.89,3219,470.59,0,0.0,0,0.0,-18968,-2768.19
603310.SH,20260403,5961,959.43,7362,1185.03,4625,744.26,3273,526.71,1543,248.25,1494,240.2,0,0.0,0,0.0,-3144,-505.65
603311.SH,20260403,27050,4332.04,30483,4882.37,11368,1824.32,9896,1588.62,6889,1107.27,5649,907.85,721,115.22,0,0.0,-11072,-1771.57
603312.SH,20260403,9131,3406.1,7953,2966.58,4432,1649.97,5331,1986.5,3043,1136.22,2986,1112.91,0,0.0,336,126.31,-709,-265.25
603313.SH,20260403,27616,2171.2,30865,2425.73,11923,937.55,9712,763.76,4324,338.98,3286,258.22,0,0.0,0,0.0,-8793,-691.68
603315.SH,20260403,21741,2904.89,21312,2848.92,16333,2183.37,15674,2094.98,7079,948.04,4834,648.81,820,109.39,4153,552.98,363,47.27
603316.SH,20260403,49373,6617.32,52626,7050.67,29679,3976.18,24964,3345.94,7478,1002.23,9620,1291.33,1636,219.7,955,127.49,-9964,-1327.55
603317.SH,20260403,33851,4293.9,36322,4604.21,11481,1453.92,8756,1109.21,5172,655.42,4190,532.52,3702,469.07,4937,626.37,-6980,-881.31
603318.SH,20260403,188845,14194.31,172759,12991.15,78875,5928.17,74692,5621.34,30318,2279.78,40871,3066.05,9552,709.41,19268,1433.14,-27810,-2107.08
603319.SH,20260403,17937,5549.82,19797,6127.85,14347,4438.36,15964,4942.36,10524,3258.33,9278,2873.16,3760,1172.2,1530,475.35,-16933,-5245.25
603320.SH,20260403,11457,2247.33,11838,2321.0,4185,819.54,3739,732.93,1102,216.77,540,106.0,0,0.0,628,123.72,-1555,-302.51
603321.SH,20260403,32073,2258.87,34758,2448.53,10226,722.46,8552,604.33,2672,188.59,1661,117.06,0,0.0,0,0.0,-9837,-691.5
603322.SH,20260403,17460,5267.93,16499,4977.83,9085,2739.08,8690,2621.44,4920,1481.64,4686,1410.06,1497,450.29,3087,929.61,-78,-22.17
603323.SH,20260403,92727,4490.11,114133,5527.21,72546,3513.94,71474,3460.44,61660,2982.89,38557,1864.67,4608,222.32,7378,356.94,-74901,-3622.33
603324.SH,20260403,13284,3259.37,13629,3342.56,7926,1945.57,6890,1690.68,4881,1192.6,4863,1191.85,0,0.0,709,172.45,-285,-64.91
603325.SH,20260403,1899,1363.01,2004,1438.21,1670,1198.72,1707,1226.27,874,628.38,732,525.64,0,0.0,0,0.0,-586,-418.88
603326.SH,20260403,37309,3117.27,41392,3457.97,10077,841.73,6010,501.93,970,81.01,954,80.11,0,0.0,0,0.0,-8302,-692.12
603327.SH,20260403,44947,4009.84,45045,4017.94,13523,1205.2,13178,1175.2,2808,249.97,3054,271.86,0,0.0,0,0.0,-7212,-640.46
603328.SH,20260403,105842,11882.13,116489,13074.25,55882,6274.43,46790,5254.36,20983,2354.87,21945,2463.77,7848,881.27,5331,600.33,-34979,-3912.5
603329.SH,20260403,16583,1675.39,17524,1770.55,5302,535.95,4726,478.09,1296,130.48,1931,194.58,1000,101.4,0,0.0,-4175,-422.82
603330.SH,20260403,29453,1923.22,34594,2258.89,18240,1192.24,15547,1014.95,8704,569.38,4322,281.24,0,0.0,1934,129.77,-12347,-801.35
603331.SH,20260403,24970,3670.72,24001,3528.15,8640,1269.14,9911,1455.88,5018,737.09,5248,770.48,532,77.57,0,0.0,-2466,-360.32
603332.SH,20260403,30754,3733.2,28320,3437.64,6605,801.98,8919,1082.79,1741,210.99,1860,225.73,0,0.0,0,0.0,-2543,-308.43
603333.SH,20260403,120318,9225.1,153127,11739.91,60723,4673.93,45274,3485.56,27056,2067.09,14989,1146.52,5416,415.34,123,9.47,-45405,-3482.56
603334.SH,20260403,3765,1853.26,4280,2107.04,3083,1517.65,3390,1668.3,2549,1255.72,2168,1067.28,1748,859.71,1308,643.72,-2741,-1348.55
603335.SH,20260403,97458,5582.4,108553,6219.29,26035,1499.11,22461,1290.42,8841,505.56,3130,181.48,1811,104.12,0,0.0,-16370,-939.84
603336.SH,20260403,22126,1946.8,25309,2226.99,19134,1684.57,16505,1453.23,3953,348.33,5099,448.4,1700,148.92,0,0.0,-7225,-636.13
603337.SH,20260403,9781,3769.21,9359,3604.14,4563,1757.94,4708,1818.93,1521,586.58,2198,847.03,997,388.15,597,231.79,184,76.06
603338.SH,20260403,8240,3968.29,7683,3699.51,4628,2227.7,5337,2571.22,1995,960.11,3024,1456.51,1805,872.41,624,301.27,-3466,-1666.86
603339.SH,20260403,10502,1348.33,11926,1530.81,4239,543.55,3967,508.95,2167,278.02,1883,241.58,868,111.45,0,0.0,-3201,-410.47
603341.SH,20260403,26059,9572.53,23088,8486.13,14476,5318.66,15370,5649.79,6837,2517.9,6694,2458.21,1107,410.03,3327,1224.99,-3613,-1329.18
603344.SH,20260403,6292,1673.31,6205,1650.92,1823,484.59,1156,307.33,674,178.58,735,195.07,0,0.0,693,183.16,-19,-6.97
603345.SH,20260403,18985,18335.32,16175,15620.14,6291,6075.03,7702,7440.43,2545,2458.43,3698,3571.22,402,388.36,647,625.35,2213,2144.1
603348.SH,20260403,7240,1421.66,8097,1589.65,6716,1318.38,5144,1010.11,1727,340.04,2443,480.32,0,0.0,0,0.0,-2878,-563.09
603350.SH,20260403,3085,1070.23,3342,1158.96,1590,552.75,1481,515.01,407,141.35,259,90.35,0,0.0,0,0.0,-1183,-410.05
603351.SH,20260403,9594,2488.91,10104,2620.03,2319,601.07,2441,635.34,1018,264.25,780,203.24,394,104.37,0,0.0,-1759,-457.8
603352.SH,20260403,10217,3727.81,9877,3603.84,6393,2331.01,6638,2421.6,2256,823.82,2337,852.47,0,0.0,13,4.73,-4451,-1625.68
603353.SH,20260403,76525,27864.63,81463,29668.45,38391,13972.08,37624,13683.46,18869,6852.87,14963,5440.95,7115,2608.81,6851,2505.53,-1248,-503.25
603355.SH,20260403,7556,2122.93,8229,2311.24,3145,881.79,3240,910.12,1958,551.2,1190,334.57,0,0.0,0,0.0,-1937,-543.21
603356.SH,20260403,31813,5258.54,31969,5286.01,13355,2211.27,10685,1771.26,3225,533.01,4897,808.74,1609,262.24,2451,399.05,-1482,-251.72
603357.SH,20260403,28432,2250.43,29528,2338.08,10907,864.41,9544,755.82,2009,159.24,2276,180.19,0,0.0,0,0.0,-7853,-624.84
603358.SH,20260403,88097,30780.67,94456,33120.3,60318,21108.23,68857,24221.19,51696,18056.52,53773,18811.06,41118,14545.32,24143,8338.19,-17035,-6072.77
603359.SH,20260403,82580,4689.79,79671,4526.66,29412,1667.27,26423,1495.56,7477,425.15,8214,467.77,0,0.0,5161,292.22,-8869,-506.88
603360.SH,20260403,30202,7997.28,27597,7312.92,22566,5983.36,21132,5606.24,12580,3336.51,16153,4275.38,1059,282.96,1524,405.59,-1307,-340.78
603363.SH,20260403,275810,10644.26,281803,10873.19,141688,5475.17,149394,5772.67,42001,1624.59,41252,1595.54,12949,497.38,0,0.0,-146036,-5633.95
603365.SH,20260403,15122,3201.26,14091,2982.4,4746,1007.47,3652,774.88,928,196.52,3053,647.96,0,0.0,0,0.0,-1236,-260.36
603366.SH,20260403,235556,19994.46,235856,20018.44,136276,11551.95,128773,10933.5,42483,3608.06,48381,4103.13,8483,716.68,9787,816.09,-80233,-6829.38
603367.SH,20260403,104186,17272.65,102804,17050.76,59540,9885.9,56460,9376.49,29545,4903.9,27924,4640.95,6040,1001.99,12124,1996.25,-25791,-4302.6
603368.SH,20260403,19862,3378.73,19677,3348.14,10501,1786.78,10843,1845.18,2825,480.46,2668,452.65,0,0.0,0,0.0,-3873,-660.07
603369.SH,20260403,80690,21326.98,80885,21367.15,42126,11133.4,45789,12101.18,18821,4958.21,13172,3467.08,2186,571.81,3976,1054.99,-31249,-8269.36
603370.SH,20260403,3435,1451.28,3401,1436.42,2206,931.04,2367,999.12,965,406.36,837,353.13,0,0.0,0,0.0,-1657,-698.42
603373.SH,20260403,7668,3180.22,8653,3589.4,6218,2581.37,6396,2655.35,4981,2071.84,4249,1766.06,2215,917.06,1784,739.67,-5154,-2135.82
603375.SH,20260403,6895,2546.4,6827,2520.31,3365,1243.62,3240,1198.28,878,323.36,912,336.36,293,107.68,452,166.11,-417,-153.0
603376.SH,20260403,6405,2093.07,6320,2067.17,3800,1242.87,3851,1259.21,1838,602.15,2055,671.85,487,158.47,304,98.33,-2985,-973.63
603377.SH,20260403,36326,1296.31,34928,1245.38,31702,1130.07,32137,1145.8,15341,546.47,14700,524.26,2963,105.48,4566,162.89,-28051,-994.6
603378.SH,20260403,62849,3233.87,67348,3463.18,17687,909.43,16361,841.74,5801,296.64,2628,135.03,0,0.0,0,0.0,-15348,-786.9
603379.SH,20260403,20040,12426.11,19825,12290.16,13920,8647.16,13659,8486.33,9201,5712.29,8605,5348.15,1663,1031.5,2735,1692.42,220,163.78
603380.SH,20260403,4746,1572.11,4665,1545.04,1093,362.1,1210,400.92,236,78.15,200,66.41,0,0.0,0,0.0,-1147,-379.07
603381.SH,20260403,38066,8391.56,37415,8244.52,13591,2996.8,13033,2872.67,8673,1913.01,9076,2004.65,954,208.26,1760,387.78,2671,586.41
603382.SH,20260403,4879,1283.77,4953,1304.01,2634,692.86,3190,838.12,764,200.63,134,35.13,0,0.0,0,0.0,-2777,-731.92
603383.SH,20260403,12632,3539.96,11290,3163.97,5296,1483.25,6165,1727.43,2375,666.01,2848,797.81,0,0.0,0,0.0,-2257,-630.8
603385.SH,20260403,31506,2003.86,33625,2137.71,7932,505.72,6613,421.3,2121,134.57,1321,85.14,0,0.0,0,0.0,-5333,-337.66
603386.SH,20260403,30125,3922.03,28119,3661.68,10037,1307.26,7655,996.64,5225,681.23,10016,1303.93,2403,313.53,2000,261.81,-4468,-580.74
603387.SH,20260403,223630,22994.17,223030,22953.21,164427,16941.49,158000,16284.01,75840,7837.34,79440,8194.62,11886,1244.99,15313,1586.15,-76993,-7929.71
603389.SH,20260403,2077,866.86,2077,866.82,3113,1299.53,2922,1219.84,1762,734.23,1690,704.3,0,0.0,263,109.66,-614,-255.92
603390.SH,20260403,27930,3301.05,31432,3714.22,9009,1065.02,10352,1222.78,11320,1336.38,6475,765.45,0,0.0,0,0.0,-6425,-757.38
603391.SH,20260403,2715,1838.37,3318,2245.52,2129,1441.16,2336,1580.82,1245,841.83,1029,695.49,941,636.93,347,236.46,-1396,-938.95
603392.SH,20260403,16239,6329.79,16626,6487.53,7550,2943.07,7141,2781.73,2736,1069.5,2030,788.66,0,0.0,729,284.44,-6697,-2624.28
603393.SH,20260403,79931,27156.5,77333,26264.43,41168,14012.45,42781,14549.05,19077,6492.62,18259,6231.31,13855,4733.02,15658,5349.81,-16667,-5656.8
603395.SH,20260403,16143,4565.09,14872,4206.23,12678,3580.11,11957,3374.32,4719,1334.66,6138,1738.74,0,0.0,572,160.56,-8226,-2316.52
603396.SH,20260403,25450,8417.03,22252,7364.43,14822,4907.76,16283,5386.19,7439,2454.41,9018,2977.52,3020,997.25,3178,1048.31,6620,2184.84
603398.SH,20260403,26123,3002.31,24454,2811.29,33577,3859.27,32403,3725.46,16767,1932.52,18607,2140.44,1041,120.52,2044,237.42,19346,2241.25
603399.SH,20260403,154943,17052.34,155797,17150.9,84668,9340.0,81394,8977.38,31436,3467.98,35349,3898.01,6434,703.82,4941,537.85,-27925,-3042.83
603400.SH,20260403,2752,1795.12,3406,2222.66,1557,1017.03,1222,796.71,864,562.96,515,336.26,0,0.0,30,19.47,-1505,-983.02
603402.SH,20260403,3976,5425.26,4377,5969.54,4953,6765.68,5000,6834.14,2498,3417.64,2281,3120.47,278,380.26,48,64.68,-1599,-2136.49
603406.SH,20260403,6757,2275.47,6572,2212.28,4728,1588.9,4545,1527.77,1317,441.33,1682,564.63,0,0.0,3,1.02,-4458,-1502.41
603408.SH,20260403,12284,1429.76,11302,1315.52,3508,408.23,3163,368.18,1097,127.81,2424,282.11,0,0.0,0,0.0,-2128,-249.17
603409.SH,20260403,6012,2292.25,7118,2714.0,5173,1973.16,4774,1822.88,2132,813.21,1716,653.67,291,111.92,0,0.0,-3607,-1375.03
603416.SH,20260403,4137,1988.64,4222,2029.22,2638,1267.07,1846,887.25,993,476.78,736,353.11,0,0.0,964,462.91,-367,-174.85
603418.SH,20260403,2476,1218.76,2862,1408.6,2310,1137.19,2133,1049.83,791,389.67,605,297.52,220,107.96,197,97.64,-2431,-1196.83
603421.SH,20260403,203039,16872.87,211662,17579.3,142855,11866.59,140786,11716.74,56623,4706.87,58483,4858.99,18296,1529.47,9882,820.78,-86504,-7175.99
603429.SH,20260403,16105,1670.53,13124,1361.61,25210,2616.58,23416,2433.08,14075,1456.73,14003,1448.44,0,0.0,4847,500.71,11028,1134.45
603439.SH,20260403,13155,1465.93,14968,1667.36,5623,625.95,4383,488.75,1335,148.4,1762,195.66,1000,111.5,0,0.0,-7683,-855.55
603444.SH,20260403,5368,19396.83,5146,18592.32,2642,9550.05,2939,10621.87,1365,4928.64,1322,4773.58,185,670.89,154,558.63,-1608,-5791.28
603456.SH,20260403,91898,15809.99,85802,14761.21,52552,9047.41,52327,9008.13,17903,3080.92,23197,3992.86,3203,550.84,4231,726.96,-22047,-3797.95
603458.SH,20260403,47160,4810.82,57148,5825.46,35394,3611.23,35945,3667.64,26585,2710.83,19483,1988.22,6336,649.07,2899,300.63,-16801,-1706.49
603466.SH,20260403,70163,6332.84,74744,6744.32,33115,2988.43,32272,2912.88,12176,1099.29,6942,626.77,3877,351.28,5373,487.87,-28040,-2526.43
603477.SH,20260403,133653,22120.46,129967,21491.47,78946,13085.6,79107,13120.66,43235,7164.49,38504,6386.63,5421,899.58,13677,2271.38,-13677,-2238.83
603486.SH,20260403,11830,7118.95,11305,6804.09,6090,3665.11,6370,3831.67,2328,1402.26,3008,1809.75,684,410.37,250,151.18,-1841,-1105.8
603488.SH,20260403,24201,2410.99,27640,2753.58,12757,1269.87,10674,1063.31,7105,706.48,5749,570.46,0,0.0,0,0.0,-6857,-683.67
603489.SH,20260403,26672,8231.47,26996,8327.02,11857,3656.07,11389,3513.47,5399,1661.28,5122,1580.11,406,123.46,827,251.7,-3918,-1208.02
603496.SH,20260403,85719,23788.13,85861,23821.58,49468,13730.94,45000,12492.95,22574,6269.34,23563,6541.16,5330,1478.64,8667,2411.37,29000,8076.61
603499.SH,20260403,14860,3125.45,13650,2875.54,14091,2956.59,12401,2608.09,9423,1966.54,9742,2027.74,1388,289.66,3969,826.89,-155,-41.75
603500.SH,20260403,24693,2685.35,24226,2634.84,9986,1085.83,7839,851.25,4314,468.95,5856,637.3,20,2.17,1091,118.92,-6497,-704.94
603501.SH,20260403,53156,48031.1,43169,39007.41,46337,41862.72,44977,40640.75,25774,23300.14,33667,30425.64,15468,13995.08,18922,17115.26,11578,10519.63
603505.SH,20260403,29461,5139.59,29276,5107.9,16173,2819.24,16197,2824.51,9796,1708.86,7108,1239.44,754,131.57,3604,627.42,-10019,-1745.23
603506.SH,20260403,18035,2133.47,18944,2241.13,5174,611.77,4227,499.34,700,83.55,738,88.31,0,0.0,0,0.0,-4469,-529.46
603507.SH,20260403,42548,17182.19,40718,16452.44,30713,12402.15,30835,12458.77,23011,9294.99,21672,8736.62,5407,2181.43,8454,3412.93,-1380,-558.39
603508.SH,20260403,10859,2793.65,9695,2493.73,4756,1223.31,5220,1342.49,1810,464.48,2185,562.08,0,0.0,325,83.15,-1397,-357.63
603511.SH,20260403,6164,842.59,6806,930.73,3815,521.77,3166,432.64,200,27.32,207,28.32,0,0.0,0,0.0,-1881,-257.61
603515.SH,20260403,14648,2869.37,13015,2548.68,5920,1160.42,6081,1192.68,1980,388.32,2852,558.79,0,0.0,600,117.96,4009,787.14
603516.SH,20260403,27536,35949.59,21882,28566.77,13036,17017.14,12234,15982.94,8067,10529.63,11172,14572.1,2456,3202.04,5806,7576.59,1036,1358.93
603517.SH,20260403,28590,3605.36,26602,3354.77,22340,2816.92,26557,3347.89,16946,2140.48,14863,1878.36,146,18.27,0,0.0,-1596,-195.83
603518.SH,20260403,27780,2432.71,25546,2237.18,10864,950.36,10125,885.68,2916,254.15,5851,511.05,0,0.0,38,3.31,-3188,-279.4
603519.SH,20260403,19920,2649.98,20660,2748.32,5460,725.94,4672,621.25,1460,194.71,1508,201.06,0,0.0,0,0.0,-874,-115.04
603520.SH,20260403,145129,15410.28,139730,14840.75,88799,9443.31,86656,9215.24,29823,3173.18,36297,3857.93,0,0.0,1068,112.84,-36107,-3826.24
603527.SH,20260403,94275,9717.32,96551,9945.09,30090,3108.84,24201,2496.91,10755,1103.82,10919,1134.34,0,0.0,3449,353.64,-6118,-620.49
603528.SH,20260403,34712,2772.21,35196,2811.68,17943,1431.62,16551,1321.27,9884,790.02,10792,860.9,0,0.0,0,0.0,-9315,-742.43
603529.SH,20260403,81257,24861.07,76086,23289.97,59953,18363.2,53890,16524.3,32334,9902.12,39480,12079.84,7927,2424.06,12014,3656.34,-21815,-6696.03
603530.SH,20260403,15050,8297.53,15379,8477.41,4483,2471.7,5163,2847.15,2658,1467.37,2488,1370.42,1230,675.01,391,216.63,-985,-535.32
603533.SH,20260403,71331,17226.97,65928,15922.73,40419,9763.12,38526,9307.71,18898,4559.95,20027,4833.36,5166,1244.17,11333,2730.41,-8592,-2058.23
603535.SH,20260403,15794,1305.66,15503,1282.04,5377,444.08,6134,506.27,1894,156.74,1428,118.17,0,0.0,0,0.0,-2933,-243.71
603536.SH,20260403,33849,3259.95,39293,3784.8,14483,1394.19,10976,1056.25,3351,322.23,2613,250.92,1198,115.61,0,0.0,-11629,-1126.25
603538.SH,20260403,318920,136209.73,306986,131117.86,294960,125569.92,290947,123870.11,196457,83745.12,190265,80963.87,86460,36463.23,108599,46036.15,9984,4312.95
603551.SH,20260403,18372,2249.69,19104,2338.84,5467,668.88,4560,558.02,1547,189.2,1722,210.91,0,0.0,0,0.0,-3472,-425.47
603556.SH,20260403,13781,4553.63,13211,4364.59,3803,1257.38,4012,1326.4,2352,775.36,2713,895.38,0,0.0,0,0.0,-1248,-410.91
603557.SH,20260403,22567,850.25,25828,972.05,27989,1054.55,33831,1274.05,18898,709.5,9795,368.21,0,0.0,0,0.0,-38663,-1452.23
603558.SH,20260403,58194,7707.55,56718,7514.59,29920,3969.43,32157,4261.3,13970,1845.19,12904,1705.24,3822,503.01,4127,544.05,-8970,-1189.99
603559.SH,20260403,12209,878.36,11814,849.92,12272,882.86,13676,982.65,5551,399.56,2783,201.31,1878,135.22,3637,262.1,-6756,-482.93
603565.SH,20260403,75788,8721.71,75274,8662.8,45393,5230.02,37049,4266.36,15253,1756.2,15084,1737.43,3755,430.94,12782,1472.28,-4451,-491.91
603566.SH,20260403,22732,2832.55,26246,3272.92,8430,1050.81,7050,879.12,1433,178.99,922,116.32,2450,310.14,827,104.12,-11287,-1411.61
603567.SH,20260403,126901,8605.43,121282,8222.68,65551,4446.39,58503,3974.25,24947,1696.63,35138,2384.59,0,0.0,2476,166.93,-21979,-1493.15
603568.SH,20260403,20434,5077.76,18855,4683.63,5980,1484.66,5646,1403.03,1691,420.38,3603,896.13,0,0.0,0,0.0,3436,857.12
603569.SH,20260403,21101,1409.19,22327,1490.71,6914,461.56,5381,359.31,3167,211.37,3474,232.1,0,0.0,0,0.0,-5584,-371.89
603577.SH,20260403,38913,3997.5,44340,4554.36,17747,1824.91,17721,1822.63,9606,987.81,5026,516.32,821,83.09,0,0.0,-7909,-811.88
603578.SH,20260403,23237,2828.04,24381,2967.17,8046,980.02,7387,899.45,2674,324.32,2189,265.76,0,0.0,0,0.0,-3547,-432.35
603579.SH,20260403,12439,2465.76,13138,2604.62,5764,1142.41,5299,1050.62,1604,318.72,1369,271.66,0,0.0,0,0.0,-3637,-720.96
603580.SH,20260403,5319,894.6,7031,1182.96,6461,1089.18,5499,925.67,4711,793.77,3961,668.93,0,0.0,0,0.0,-2949,-495.2
603583.SH,20260403,13743,4491.76,14569,4763.73,8260,2698.49,7140,2334.22,3574,1169.44,2892,947.08,1468,482.53,2444,797.19,-3283,-1074.01
603585.SH,20260403,45251,10638.48,57854,13660.79,33326,7833.73,43267,10267.11,28172,6740.51,23650,5684.25,22201,5388.65,4180,989.22,-20568,-5011.92
603586.SH,20260403,10144,1822.05,11577,2080.61,4045,726.72,2530,454.48,3436,619.11,3518,632.78,0,0.0,0,0.0,-1497,-268.24
603587.SH,20260403,11686,1409.12,14475,1745.05,5308,640.32,4280,517.3,4024,486.2,5017,605.89,2780,335.7,26,3.11,-8953,-1080.62
603588.SH,20260403,215327,33186.44,213039,32819.23,209784,32313.05,233275,35898.53,161442,24841.81,193840,29783.79,365822,56075.92,312221,47915.69,-181131,-27528.5
603589.SH,20260403,18952,4681.04,19929,4922.63,9282,2291.26,8482,2093.24,3452,854.1,3266,808.27,439,109.84,448,112.09,-9817,-2422.85
603590.SH,20260403,17612,6712.32,16442,6266.71,5453,2076.41,5872,2238.68,2107,801.78,2482,943.22,0,0.0,376,141.9,-930,-350.14
603595.SH,20260403,9938,1449.04,10423,1519.47,11318,1650.3,10014,1459.61,3097,450.99,4147,604.94,877,127.17,646,93.48,-6360,-924.78
603596.SH,20260403,25406,11184.36,27304,12018.75,26871,11829.12,27026,11900.42,16837,7416.9,16222,7143.71,2388,1051.06,950,418.55,-14690,-6432.2
603598.SH,20260403,51085,9663.93,47806,9041.31,16941,3202.67,18425,3485.41,5948,1123.7,7598,1435.84,0,0.0,145,27.74,-7840,-1479.84
603599.SH,20260403,62388,9004.95,63589,9177.42,27119,3912.96,29652,4281.55,18400,2657.97,12004,1733.32,5370,779.78,8031,1163.37,-7112,-1016.56
603600.SH,20260403,17407,1761.36,18325,1853.91,6955,704.12,6533,662.06,3572,362.73,2819,286.97,2201,224.06,2458,249.33,-2175,-219.36
603601.SH,20260403,1196233,170992.93,1199939,171561.13,944376,134931.91,953859,136256.17,552785,78939.48,541733,77394.71,269848,38572.21,267710,38224.52,-71798,-9579.0
603602.SH,20260403,16350,2060.21,18140,2285.75,5338,672.78,4429,558.37,3291,413.91,2410,302.77,0,0.0,0,0.0,-3903,-492.21
603605.SH,20260403,12408,7472.91,12648,7619.27,8067,4852.02,9005,5411.86,3274,1965.67,2296,1379.77,200,120.3,0,0.0,-7803,-4694.35
603606.SH,20260403,55019,32323.89,53054,31165.93,27064,15917.62,28965,17028.52,10544,6199.78,12444,7319.19,3156,1853.41,1319,781.07,-13629,-7981.21
603607.SH,20260403,13595,2898.03,15525,3309.11,9133,1946.2,8078,1721.71,3812,812.91,2340,498.34,0,0.0,597,128.0,-4732,-1006.88
603608.SH,20260403,41342,3858.57,40533,3782.77,24879,2322.7,22754,2125.41,17312,1613.49,16602,1547.95,1528,141.34,5172,479.96,-2150,-200.68
603609.SH,20260403,20584,1389.85,24728,1668.81,8978,607.29,6174,418.36,2340,157.48,1001,67.51,1,0.07,0,0.0,-7185,-482.46
603610.SH,20260403,21649,3257.92,23401,3518.79,13809,2076.39,13448,2024.98,5060,761.47,4172,628.07,1981,299.22,1478,223.16,-12813,-1926.99
603611.SH,20260403,15585,3071.96,16876,3325.42,10351,2038.95,9099,1791.6,3846,757.2,3264,643.36,0,0.0,543,107.73,-7860,-1546.44
603612.SH,20260403,86047,20984.87,71265,17378.56,48200,11761.4,49375,12050.22,23705,5780.06,31260,7615.72,9229,2240.71,15280,3722.55,-17571,-4282.75
603613.SH,20260403,19921,4884.26,18043,4424.42,18513,4534.35,18957,4643.76,11963,2928.67,13646,3341.64,2451,599.49,2202,536.96,-13246,-3243.72
603615.SH,20260403,28563,4951.94,28607,4953.03,22926,3986.25,17858,3093.27,12147,2119.44,14295,2505.46,729,127.5,3605,633.38,1274,257.51
603616.SH,20260403,124608,7479.44,126278,7579.9,41430,2487.99,40346,2421.74,15579,930.47,14719,882.56,3994,240.24,4268,253.95,-14663,-880.47
603617.SH,20260403,36336,2548.5,39093,2740.13,8817,616.79,9176,640.73,7601,530.73,4485,315.16,0,0.0,0,0.0,-7420,-521.2
603618.SH,20260403,430437,123682.63,419441,120617.58,284827,81842.77,279993,80632.89,194932,55955.1,217962,62411.5,104532,29909.48,97332,27728.01,26039,7502.87
603619.SH,20260403,124558,44210.01,142939,50741.13,102969,36539.38,103366,36674.31,75739,26862.58,65723,23301.9,27809,9870.2,19048,6764.83,7072,2611.26
603626.SH,20260403,109590,25093.73,131560,30125.49,72018,16490.62,70181,16072.44,57771,13221.85,42431,9720.78,18172,4173.18,13379,3060.66,-10441,-2338.93
603628.SH,20260403,100048,13543.92,101350,13732.03,77748,10528.77,78415,10606.31,33172,4491.14,32267,4374.89,5789,788.47,4725,639.08,-57374,-7759.81
603629.SH,20260403,87287,52275.18,84972,50897.45,61463,36847.67,62879,37692.54,37767,22668.08,37325,22394.41,12049,7229.27,13390,8035.8,-4395,-2492.61
603630.SH,20260403,16326,2560.27,17066,2677.07,5407,848.71,4308,675.27,2229,347.96,2588,404.6,0,0.0,0,0.0,-3062,-483.48
603633.SH,20260403,39858,2912.19,42149,3079.73,13232,967.0,11209,820.13,4942,362.02,4674,341.33,0,0.0,0,0.0,-11818,-860.98
603636.SH,20260403,40753,3596.7,41323,3646.98,23332,2057.5,20725,1827.07,7554,666.9,11418,1007.77,1827,160.73,0,0.0,-9274,-818.04
603637.SH,20260403,29421,3420.8,30999,3605.33,9831,1142.26,8353,971.71,4548,529.1,4448,515.12,0,0.0,0,0.0,-2078,-241.15
603638.SH,20260403,15153,2930.74,15560,3008.8,9311,1800.33,9937,1920.92,3288,634.29,2255,435.64,0,0.0,0,0.0,-5731,-1103.14
603639.SH,20260403,20397,2655.2,23097,3005.77,8373,1088.73,6927,901.44,2590,337.28,1336,174.01,0,0.0,0,0.0,-10162,-1323.84
603648.SH,20260403,13482,1315.04,15341,1496.64,6123,597.32,4568,445.52,3336,327.16,3032,297.36,0,0.0,0,0.0,-3691,-360.8
603650.SH,20260403,29650,14583.39,26054,12815.78,15195,7471.58,15973,7856.61,7894,3879.83,8251,4055.21,1133,555.31,3594,1762.51,3037,1502.54
603655.SH,20260403,8771,3187.51,9683,3516.82,4717,1714.56,5106,1856.09,3984,1440.16,3504,1270.21,2019,734.56,1198,433.67,-2377,-866.22
603656.SH,20260403,9502,1938.89,9250,1887.81,6400,1304.7,5403,1101.8,2612,531.73,2483,506.13,0,0.0,1378,279.59,186,37.14
603657.SH,20260403,22363,6183.87,21097,5832.88,7558,2089.15,7426,2053.99,2173,599.34,3403,939.1,0,0.0,168,46.4,-1784,-489.26
603658.SH,20260403,11800,4016.09,11330,3856.6,5746,1954.02,5746,1954.61,1871,636.05,2341,794.96,0,0.0,0,0.0,-1801,-614.33
603659.SH,20260403,282767,85005.33,254757,76617.72,214987,64658.02,206387,62096.48,118982,35821.82,147020,44219.48,41238,12401.53,49809,14953.01,-12447,-3791.67
603660.SH,20260403,69792,6293.47,71999,6492.63,60818,5486.57,55048,4968.51,17913,1613.46,25028,2251.61,5460,492.23,1909,172.97,-27170,-2441.69
603661.SH,20260403,12365,3975.27,11552,3706.18,4256,1372.07,4614,1491.66,2279,737.23,2164,699.79,0,0.0,570,186.94,4418,1431.33
603662.SH,20260403,9282,4971.67,8226,4407.05,6687,3579.87,5903,3159.81,1632,874.12,3048,1629.67,68,36.19,492,265.31,-546,-291.31
603663.SH,20260403,27902,11305.51,25979,10531.59,13651,5534.13,13754,5578.07,9833,3986.23,8279,3352.48,2738,1102.66,6112,2466.38,-2462,-994.78
603665.SH,20260403,12603,3717.76,11986,3537.6,6592,1944.27,5883,1734.51,2169,640.9,3495,1030.82,0,0.0,0,0.0,-4100,-1207.08
603666.SH,20260403,11308,2866.16,11203,2841.47,6414,1625.75,6282,1588.81,3252,825.32,2656,673.78,1032,263.79,1865,476.95,-4704,-1191.58
603667.SH,20260403,55106,36811.1,54257,36241.99,41562,27770.8,38165,25504.35,14628,9775.37,17637,11783.58,4169,2777.43,5406,3604.78,3504,2426.78
603668.SH,20260403,62380,8352.13,68979,9234.13,38692,5182.42,43052,5769.33,38535,5164.57,24720,3312.51,5407,726.13,8263,1109.28,2202,312.7
603669.SH,20260403,268106,13280.95,291238,14421.85,134806,6678.65,123575,6123.59,55403,2747.98,47782,2371.11,8079,398.92,3799,189.95,16483,832.49
603676.SH,20260403,16695,1797.65,16028,1725.68,2253,242.71,2688,289.64,243,26.32,475,51.36,0,0.0,0,0.0,-4977,-535.69
603677.SH,20260403,10503,1566.42,11132,1660.61,2744,409.53,2245,334.85,136,20.4,6,0.89,0,0.0,0,0.0,-2839,-424.25
603678.SH,20260403,39459,12463.3,34879,11024.39,22122,6980.52,23645,7471.83,12909,4072.97,12516,3948.16,2894,909.0,6344,1981.41,2557,779.97
603679.SH,20260403,70631,9307.27,63497,8393.06,41763,5525.57,39955,5272.23,16469,2183.34,22993,3045.22,3442,455.66,5860,761.33,-20424,-2704.53
603680.SH,20260403,14489,1839.61,13968,1773.26,3692,467.63,4879,618.4,4405,557.51,3739,473.09,0,0.0,0,0.0,-2334,-296.56
603681.SH,20260403,23563,3972.26,24117,4064.98,12512,2109.43,15084,2542.4,6837,1153.0,6591,1110.06,5055,849.64,2174,366.88,-9768,-1640.29
603682.SH,20260403,48903,3013.68,56257,3465.48,19667,1211.54,15892,978.32,10828,666.93,7249,448.35,0,0.0,0,0.0,-5684,-346.29
603683.SH,20260403,37625,9916.7,41531,10935.18,34180,9013.05,31575,8337.35,26125,6886.29,18125,4782.39,5333,1406.13,12032,3167.26,-1365,-332.82
603685.SH,20260403,15509,4888.67,20556,6479.28,11552,3644.13,10390,3277.54,9602,3024.21,6132,1929.68,415,129.48,0,0.0,-9124,-2872.02
603686.SH,20260403,59044,10634.7,58565,10550.22,26306,4730.87,27115,4875.99,9776,1758.22,8746,1572.21,0,0.0,700,125.37,-9797,-1769.59
603687.SH,20260403,349070,52843.41,363423,55057.27,271700,41159.11,266798,40459.75,154896,23545.27,162506,24693.49,53825,8240.22,36764,5577.49,-109309,-16421.99
603688.SH,20260403,55486,23613.08,72692,30928.37,44681,19010.57,40362,17175.2,28751,12236.43,20979,8928.12,12047,5124.63,6933,2953.02,-24794,-10514.54
603689.SH,20260403,28305,2298.13,38815,3149.67,22778,1848.43,16365,1328.51,8302,673.02,4204,341.39,0,0.0,0,0.0,-21430,-1739.94
603690.SH,20260403,31451,7413.97,30284,7138.73,12979,3059.36,13462,3174.1,3870,911.43,4815,1134.85,932,220.88,670,157.96,2100,497.5
603693.SH,20260403,93996,12841.65,87359,11946.97,54237,7415.52,54279,7415.39,24387,3320.17,30437,4143.86,9390,1279.28,9936,1350.39,-23361,-3208.43
603696.SH,20260403,57516,8984.97,49111,7671.88,16419,2567.04,20383,3187.71,7851,1229.26,11565,1814.39,1000,161.0,1726,268.29,1265,194.0
603697.SH,20260403,21672,2143.77,24158,2389.5,9350,924.39,6442,637.2,1559,153.95,1981,195.41,0,0.0,0,0.0,-8266,-816.54
603698.SH,20260403,51779,15173.53,46542,13649.22,26848,7873.47,20931,6135.78,15499,4525.08,17742,5184.15,11623,3395.62,20534,5998.54,12623,3686.4
603699.SH,20260403,25430,13033.86,24476,12542.15,9247,4734.7,10852,5550.39,4206,2150.68,3512,1805.24,1184,600.58,1227,622.05,243,137.55
603700.SH,20260403,17954,2346.52,19542,2554.06,4630,605.58,3540,463.14,1141,148.9,1874,246.18,1231,162.37,0,0.0,-7638,-998.65
603701.SH,20260403,23537,5374.85,30764,7018.4,22069,5037.8,19720,4503.96,16749,3824.24,11270,2575.05,0,0.0,601,139.48,-15543,-3510.22
603703.SH,20260403,58887,7262.23,61992,7649.53,27107,3346.48,23712,2929.82,12207,1506.41,12644,1555.82,2884,355.68,2738,335.63,-12856,-1600.43
603706.SH,20260403,7730,1473.11,8353,1591.4,2873,547.19,2049,390.26,41,7.81,242,46.45,0,0.0,0,0.0,-2538,-483.08
603707.SH,20260403,68431,6670.43,65288,6362.54,39267,3828.16,37366,3643.88,13126,1278.48,18170,1770.65,0,0.0,0,0.0,-19192,-1865.58
603708.SH,20260403,30883,3552.19,32562,3745.27,10615,1221.91,8941,1029.56,2470,282.92,2463,281.95,0,0.0,2,0.23,-6438,-741.2
603709.SH,20260403,14113,2290.13,14931,2422.59,3284,532.86,2825,457.98,1376,223.63,1017,166.06,0,0.0,0,0.0,-557,-90.72
603711.SH,20260403,9205,1126.56,8801,1077.48,2710,331.67,2310,282.87,40,4.87,844,102.76,0,0.0,0,0.0,-899,-110.36
603712.SH,20260403,40587,6318.22,36411,5670.03,20881,3252.5,26710,4156.48,7864,1225.1,6936,1081.78,1991,308.2,1266,195.73,-7933,-1237.97
603713.SH,20260403,4725,2758.11,4736,2764.34,2049,1195.28,2067,1206.5,605,352.63,689,401.5,113,66.31,0,0.0,-374,-214.73
603716.SH,20260403,183981,45149.9,180715,44393.81,112395,27612.99,115251,28264.34,43251,10588.5,45568,11175.54,16848,4128.02,14940,3645.72,-2184,-521.19
603717.SH,20260403,50282,3253.53,57132,3697.28,23168,1502.0,19290,1250.38,6587,426.88,3615,234.75,0,0.0,0,0.0,-13839,-896.87
603718.SH,20260403,62376,2791.65,70747,3164.43,31567,1413.83,27369,1226.01,9499,425.2,5326,240.23,0,0.0,0,0.0,-22076,-987.8
603719.SH,20260403,14941,1487.61,14177,1412.06,6190,617.02,5788,575.94,857,85.33,2023,201.96,0,0.0,0,0.0,-4058,-403.47
603721.SH,20260403,2824,540.93,2679,513.12,2101,402.69,2102,403.06,442,84.16,354,67.4,0,0.0,232,44.2,-983,-187.73
603722.SH,20260403,5586,1794.84,5354,1720.52,2055,660.99,1749,562.57,419,134.52,957,307.27,0,0.0,0,0.0,-510,-164.99
603725.SH,20260403,27352,2326.37,26399,2245.33,7545,642.66,5808,494.98,1353,115.16,4043,343.88,0,0.0,0,0.0,1375,118.55
603726.SH,20260403,10778,2351.22,10536,2298.59,4613,1005.91,4201,916.3,1488,324.13,1860,405.18,525,113.93,807,175.12,-1570,-341.95
603727.SH,20260403,80933,16281.75,79418,15984.14,44123,8897.26,46553,9380.87,24453,4946.29,23067,4659.98,3572,716.98,4043,817.28,-3711,-725.9
603728.SH,20260403,12625,7079.13,11327,6353.08,6013,3369.35,6759,3790.14,3440,1926.43,5040,2821.43,2083,1169.69,1035,579.95,-1409,-795.78
603729.SH,20260403,20066,3238.89,23223,3746.54,7590,1224.29,5893,950.51,3256,527.83,1796,293.96,0,0.0,0,0.0,-7664,-1237.27
603730.SH,20260403,64019,5751.82,77019,6915.0,37696,3384.77,34568,3108.02,29478,2656.85,20142,1810.57,16009,1429.95,15473,1389.81,-31433,-2813.66
603733.SH,20260403,12800,2817.4,12509,2751.75,8189,1804.94,8367,1843.52,2601,571.51,3170,699.36,456,100.78,0,0.0,1012,225.82
603737.SH,20260403,12229,6109.6,11030,5510.42,4243,2121.07,5078,2537.32,1652,827.24,1789,896.54,39,19.42,266,133.05,-1423,-708.68
603738.SH,20260403,174870,44542.7,176346,44902.75,136769,34850.65,138067,35188.97,104970,26783.58,95628,24370.89,34708,8867.24,41276,10581.56,21427,5671.23
603739.SH,20260403,35285,5144.07,33316,4854.71,9491,1384.97,8759,1280.15,4281,621.33,6982,1015.51,0,0.0,0,0.0,865,123.8
603755.SH,20260403,7677,2118.43,7556,2085.4,1688,465.11,1893,521.49,1062,292.12,978,268.77,0,0.0,0,0.0,-2037,-562.44
603757.SH,20260403,83982,36748.13,105277,46077.6,59939,26317.37,65642,28982.85,43663,19254.09,37949,16879.86,28910,13018.94,7626,3398.2,-20752,-9266.57
603758.SH,20260403,14955,1826.19,15403,1882.43,5863,717.66,5767,706.83,1590,193.31,3896,477.27,2658,329.37,0,0.0,-3238,-396.93
603759.SH,20260403,30652,2838.19,30083,2784.96,17290,1601.39,19524,1807.2,7679,708.48,4849,448.72,0,0.0,1165,107.18,-11543,-1066.08
603766.SH,20260403,266237,38199.26,241436,34637.97,110125,15828.93,123035,17686.28,41448,5972.16,48301,6951.5,6213,891.8,11250,1616.4,-10879,-1496.86
603767.SH,20260403,17675,3229.09,16965,3099.28,3464,632.2,4025,734.26,1775,324.16,1331,242.51,0,0.0,593,109.41,-3742,-683.13
603768.SH,20260403,16414,1749.68,17416,1856.05,5810,618.82,4873,518.57,1151,121.97,1162,123.9,76,8.04,0,0.0,-2301,-244.25
603773.SH,20260403,32336,10817.27,34181,11444.2,20446,6840.19,17104,5719.17,11187,3738.87,12737,4249.9,2407,802.6,2354,785.65,11023,3698.05
603776.SH,20260403,7056,1272.94,7929,1429.74,5043,908.54,4151,748.17,1239,222.81,1258,226.37,0,0.0,0,0.0,-2432,-437.42
603777.SH,20260403,30519,3911.61,36784,4713.28,16053,2057.21,15886,2036.51,10686,1370.28,4026,516.09,1015,129.21,1576,202.44,-9950,-1271.56
603778.SH,20260403,684526,196640.03,641087,184306.55,471618,135624.61,475367,136763.11,223711,64313.9,258137,74160.32,54349,15699.21,59613,17047.78,-35447,-10000.64
603779.SH,20260403,63426,3724.03,73253,4298.91,25641,1507.41,23114,1361.2,9122,535.77,4861,284.89,3039,177.78,0,0.0,-27916,-1649.31
603786.SH,20260403,15360,8253.69,14412,7744.03,4118,2214.73,4866,2618.79,1672,898.84,2001,1074.03,169,91.17,40,21.58,36,17.48
603787.SH,20260403,98237,14905.83,104119,15813.04,76160,11556.37,68303,10363.36,29547,4458.32,26687,4038.01,2957,448.21,7792,1154.31,-42877,-6518.15
603788.SH,20260403,8537,1257.82,9104,1341.58,2046,301.72,1525,225.12,1018,150.09,972,142.93,0,0.0,0,0.0,-2603,-383.12
603789.SH,20260403,21140,1139.19,24273,1310.87,29203,1578.4,25932,1401.27,11719,632.26,11858,637.7,0,0.0,0,0.0,-27224,-1475.88
603790.SH,20260403,11030,2278.32,11560,2390.03,6052,1253.09,5769,1193.51,3173,652.25,3506,721.45,1070,221.88,490,100.55,-871,-187.89
603797.SH,20260403,49731,2230.38,56913,2550.66,24453,1096.85,19290,865.32,11251,502.5,5119,229.89,0,0.0,4113,183.85,-3795,-170.88
603798.SH,20260403,69733,10378.21,77626,11552.05,41059,6111.27,43990,6551.92,19422,2889.89,11612,1737.84,6355,960.68,3341,498.24,-24693,-3686.44
603799.SH,20260403,152692,88197.77,130525,75392.93,128384,74226.95,132032,76320.42,73972,42775.89,87867,50807.24,27391,15812.64,32014,18492.66,-30779,-17720.37
603800.SH,20260403,12817,4904.53,14724,5634.46,8168,3126.31,7412,2834.98,6270,2400.15,4663,1785.21,765,291.96,1221,468.3,-7385,-2819.91
603801.SH,20260403,10270,928.69,13351,1208.28,6447,583.26,5995,542.32,4792,434.13,2163,195.48,0,0.0,0,0.0,-9143,-828.47
603803.SH,20260403,408291,55226.52,437533,59120.97,228835,31008.53,225800,30638.88,115886,15657.87,100365,13585.22,27099,3664.98,16412,2212.84,-31525,-4001.69
603806.SH,20260403,171289,29081.84,162349,27570.77,121581,20648.79,125507,21313.35,64146,10894.58,64484,10955.02,16731,2839.55,21406,3625.6,-50356,-8559.19
603808.SH,20260403,62117,6263.47,60113,6060.23,22155,2233.66,21830,2204.03,12495,1256.83,13707,1377.54,0,0.0,1117,112.15,8141,820.35
603809.SH,20260403,36047,3745.35,36950,3838.93,22054,2291.54,18897,1962.17,3482,360.81,5734,596.6,0,0.0,0,0.0,-12950,-1340.81
603810.SH,20260403,14192,2143.17,14843,2242.06,5691,860.03,4464,674.36,2104,316.88,1576,237.51,0,0.0,1104,166.15,-2035,-308.38
603811.SH,20260403,45065,5379.02,42329,5053.71,23210,2772.49,23072,2757.2,11729,1402.23,13865,1654.78,4535,541.48,5273,629.54,-9957,-1189.17
603813.SH,20260403,506,109.9,30,6.52,387,84.06,443,96.22,0,0.0,420,91.22,0,0.0,0,0.0,893,193.96
603815.SH,20260403,67086,3825.24,72219,4119.39,27629,1575.98,23032,1312.02,9822,558.5,11286,642.12,2000,113.8,0,0.0,-24279,-1387.1
603816.SH,20260403,14254,4810.88,15454,5214.98,6400,2161.18,5050,1705.46,2038,687.32,2188,738.94,0,0.0,0,0.0,-937,-311.66
603817.SH,20260403,160304,10982.29,189231,12956.44,54488,3736.0,46534,3195.16,26067,1787.09,16124,1103.73,11030,749.95,0,0.0,-49905,-3415.16
603818.SH,20260403,89751,3023.87,103469,3485.7,32216,1084.19,30311,1018.33,17931,605.46,10193,344.37,4075,134.88,0,0.0,-10299,-344.12
603819.SH,20260403,67702,9005.71,71043,9452.69,27608,3678.9,23782,3169.15,7598,1010.75,8300,1102.27,1582,209.62,1365,180.86,-19381,-2570.6
603822.SH,20260403,4027,3412.48,4374,3701.13,5481,4634.08,5514,4663.04,2641,2222.48,2655,2235.07,587,492.32,193,162.13,-3594,-3038.15
603823.SH,20260403,15052,2235.39,15884,2359.34,7953,1180.88,7157,1063.18,2650,393.28,2911,431.23,991,147.46,694,103.27,-5789,-860.84
603825.SH,20260403,11330,909.4,11477,921.22,11151,894.71,11615,932.95,3781,306.08,3171,256.02,0,0.0,0,0.0,-9074,-729.95
603826.SH,20260403,58850,15612.61,54372,14427.17,34701,9213.11,32466,8622.61,18957,5025.4,20787,5513.03,5539,1463.69,10422,2752.01,-1656,-434.98
603828.SH,20260403,10812,640.7,10324,612.03,9062,536.56,8475,502.24,3617,214.82,4354,257.73,0,0.0,338,20.08,-7371,-435.84
603829.SH,20260403,19052,5351.04,21196,5954.37,15730,4418.12,15877,4459.13,6561,1845.25,5664,1592.67,2292,645.13,898,253.38,-6697,-1879.77
603833.SH,20260403,10062,5474.81,10869,5912.99,4440,2412.6,5123,2786.67,2317,1263.65,764,416.95,199,107.76,262,142.21,-5052,-2744.8
603836.SH,20260403,14087,1760.17,15180,1896.61,4611,576.17,3701,462.22,1482,184.25,204,25.32,0,0.0,1095,136.44,-1776,-223.36
603838.SH,20260403,3865,331.7,4231,362.98,3320,284.7,3517,301.85,3766,322.53,2000,171.48,0,0.0,1203,102.62,-2665,-228.63
603839.SH,20260403,26120,1890.4,27608,1998.12,3559,257.56,2664,192.39,1056,75.84,463,33.29,0,0.0,0,0.0,-3597,-260.69
603843.SH,20260403,135891,12891.76,121057,11462.19,154003,14563.02,149373,14130.45,48408,4573.56,50569,4796.18,4391,422.54,21694,2062.06,28180,2723.9
603848.SH,20260403,9078,1354.69,9007,1344.49,2546,379.96,1758,262.34,742,111.15,1602,239.12,8,1.21,7,1.06,-1628,-244.64
603855.SH,20260403,8378,1581.53,9677,1825.85,4207,794.07,3282,619.75,2526,476.59,2152,406.59,0,0.0,0,0.0,-6937,-1308.27
603856.SH,20260403,19973,2487.25,20381,2537.81,4856,603.9,5730,712.9,2347,292.62,1065,133.06,0,0.0,0,0.0,-5436,-677.54
603858.SH,20260403,26841,4444.5,25572,4233.08,12092,2003.54,11708,1940.53,4105,678.09,5035,833.72,0,0.0,724,118.81,-5607,-926.61
603859.SH,20260403,13935,4982.85,13246,4740.23,7276,2604.36,6720,2403.41,2123,759.61,3672,1312.15,800,286.83,495,177.85,-2955,-1054.97
603860.SH,20260403,11239,3406.32,12757,3868.61,4818,1466.93,3310,1008.33,1240,381.39,1230,377.7,0,0.0,0,0.0,-1455,-447.88
603861.SH,20260403,73256,11776.79,81701,13138.18,39913,6421.32,36250,5837.11,13362,2152.55,11263,1813.21,5108,831.06,2425,393.22,8403,1363.32
603863.SH,20260403,88260,15611.87,97531,17243.19,60537,10706.59,55819,9876.28,32019,5660.06,27335,4837.22,7835,1386.99,7966,1408.83,-3719,-627.84
603866.SH,20260403,55670,2761.07,48709,2414.63,22143,1098.21,19722,978.1,3840,190.05,9361,464.64,0,0.0,3861,191.96,-5308,-260.52
603867.SH,20260403,23833,6810.45,24850,7105.38,11044,3155.46,8724,2493.9,10284,2938.95,10771,3073.37,0,0.0,816,232.21,-5421,-1558.02
603868.SH,20260403,6213,1993.51,7945,2548.9,3215,1032.03,3365,1079.89,4357,1397.64,2475,794.39,0,0.0,0,0.0,-6473,-2075.51
603869.SH,20260403,2767,262.2,2961,280.53,3093,292.95,2599,246.22,0,0.0,300,28.41,0,0.0,0,0.0,-808,-76.27
603871.SH,20260403,69070,9044.18,75501,9883.93,25520,3338.22,19699,2577.85,10902,1425.43,10196,1333.46,0,0.0,96,12.58,-20982,-2742.78
603876.SH,20260403,111435,24355.58,115332,25209.86,96140,21016.13,91486,20011.42,43248,9460.42,44594,9739.53,9023,1971.9,8435,1843.21,-948,-202.04
603877.SH,20260403,8962,1241.34,10158,1407.37,3576,494.16,2620,361.75,684,94.59,444,60.95,0,0.0,0,0.0,-1698,-234.29
603878.SH,20260403,54635,3963.52,56151,4073.35,23249,1682.41,24688,1785.95,20619,1487.77,11290,814.0,3821,275.86,10195,736.25,-11992,-868.96
603879.SH,20260403,64553,3403.29,69870,3679.65,23466,1235.23,20880,1099.74,9733,510.63,4945,261.72,0,0.0,2058,108.05,-13231,-694.0
603880.SH,20260403,57390,3732.02,67442,4382.59,24218,1572.32,17431,1130.74,9197,598.4,5932,389.4,0,0.0,0,0.0,-15306,-995.16
603881.SH,20260403,234338,86184.31,243719,89685.21,155392,57193.79,156551,57626.13,69421,25568.23,68142,25065.41,22112,8154.22,12850,4723.81,-20072,-7124.67
603882.SH,20260403,20143,5282.0,19375,5083.98,10164,2667.31,11122,2916.83,5053,1325.75,4863,1274.26,0,0.0,0,0.0,-5370,-1411.94
603883.SH,20260403,57267,7846.79,62172,8520.67,41529,5688.36,37004,5070.91,14553,1990.81,14117,1929.72,2742,375.66,2798,380.32,-19381,-2644.89
603885.SH,20260403,55087,6650.34,55844,6740.56,25435,3071.76,26151,3158.72,11465,1383.46,9840,1187.59,948,114.52,1100,133.21,-7344,-879.38
603886.SH,20260403,32676,4179.39,36226,4633.63,17340,2222.12,15367,1971.01,2574,330.91,2906,374.03,1909,246.26,0,0.0,-4878,-627.82
603887.SH,20260403,85501,13168.26,97303,14986.38,54979,8473.37,60043,9251.16,33758,5204.04,22337,3447.31,8136,1255.43,2690,416.25,-6289,-925.15
603888.SH,20260403,31716,6154.99,35010,6796.55,16056,3116.39,13952,2708.29,7293,1417.06,6784,1315.5,681,131.9,0,0.0,-10117,-1966.98
603889.SH,20260403,33852,2539.18,36305,2722.61,5495,412.13,3564,267.82,1742,130.35,1220,91.24,0,0.0,0,0.0,-4017,-299.82
603890.SH,20260403,45126,6228.33,47632,6573.6,23990,3312.04,20861,2881.91,6692,923.46,7212,994.29,0,0.0,102,14.04,-1784,-245.37
603893.SH,20260403,11677,17481.38,10566,15823.71,9300,13917.7,9128,13667.06,4711,7051.18,5748,8596.4,1840,2755.55,2086,3118.64,-692,-1031.34
603895.SH,20260403,8606,2165.36,8638,2174.74,2894,727.76,2363,593.72,457,114.94,956,239.6,0,0.0,0,0.0,-526,-133.29
603896.SH,20260403,7835,1469.52,8127,1523.79,5724,1073.42,4757,891.04,935,175.02,1680,316.21,70,13.09,0,0.0,-3418,-638.42
603897.SH,20260403,81186,26910.38,100883,33468.72,43715,14491.77,42905,14228.39,27420,9111.62,20043,6666.81,14602,4878.31,3092,1028.16,3447,1129.06
603898.SH,20260403,17678,2336.74,16252,2149.35,13986,1847.3,12814,1690.55,5382,710.24,8545,1128.32,3679,483.9,3114,409.96,2075,285.32
603899.SH,20260403,17966,4606.34,18504,4744.42,6261,1605.59,5845,1498.47,1692,434.4,1579,405.65,495,126.82,486,124.6,-4594,-1177.47
603900.SH,20260403,41200,3011.99,44192,3230.41,7860,573.97,7576,552.2,4417,322.33,1709,125.67,0,0.0,0,0.0,-11257,-820.09
603901.SH,20260403,32397,3756.89,34001,3943.68,14475,1679.48,11885,1378.7,4398,510.02,5384,624.0,0,0.0,0,0.0,2425,283.56
603903.SH,20260403,26957,3041.31,29433,3318.91,14097,1590.33,12138,1369.85,2213,247.84,1696,190.73,0,0.0,0,0.0,-2200,-240.94
603906.SH,20260403,186033,41144.42,185452,41013.27,103451,22960.94,96905,21547.06,49188,10896.74,51938,11515.08,11305,2517.46,15682,3444.15,-29317,-6430.21
603908.SH,20260403,10170,2233.83,11075,2432.43,3625,796.49,3717,816.83,3077,674.39,2021,442.55,423,91.79,482,104.69,-1108,-244.8
603909.SH,20260403,30474,3278.66,34145,3673.9,9850,1060.58,9274,998.02,6002,643.54,2907,310.86,0,0.0,0,0.0,-3616,-391.79
603912.SH,20260403,227969,21696.5,239814,22819.92,151813,14464.53,149639,14257.05,54325,5181.04,49411,4709.6,11762,1110.7,7006,666.21,-5519,-473.58
603915.SH,20260403,26100,3868.31,26255,3892.8,11626,1725.05,9541,1415.71,7765,1152.23,8335,1234.93,2967,438.05,4327,640.21,-3157,-470.15
603916.SH,20260403,33249,3432.6,33841,3494.8,9694,1000.22,7884,812.59,2154,222.19,3372,347.62,0,0.0,0,0.0,-3779,-391.25
603917.SH,20260403,20762,2627.79,20333,2574.32,6861,867.9,6127,774.45,582,74.59,1745,221.51,0,0.0,0,0.0,-2563,-324.34
603918.SH,20260403,35356,4658.36,34278,4514.6,12998,1711.17,11503,1513.97,4287,563.79,6378,841.5,864,113.62,1346,176.86,-3385,-440.76
603919.SH,20260403,30678,5477.98,31310,5586.24,16148,2883.65,14900,2660.75,5311,946.74,6907,1233.33,1689,300.63,709,128.68,-9578,-1698.81
603920.SH,20260403,70031,34656.63,59084,29236.21,44426,21990.92,47230,23383.52,25607,12668.3,28364,14030.32,8183,4050.44,13570,6716.25,12542,6251.12
603922.SH,20260403,19539,3907.9,20627,4127.2,11982,2395.96,10627,2125.45,11042,2212.9,10234,2047.17,2774,553.53,3849,770.47,-5997,-1199.74
603926.SH,20260403,22251,3995.7,24641,4422.94,6047,1085.44,5766,1035.62,4908,879.46,2806,503.28,7,1.25,0,0.0,-3561,-635.66
603927.SH,20260403,25405,4118.12,23293,3776.71,14959,2424.61,13875,2249.81,6035,977.88,7772,1258.73,663,108.07,2122,343.43,-3263,-526.92
603928.SH,20260403,15841,2247.44,15610,2214.24,3943,559.13,3937,558.75,182,25.83,419,59.41,0,0.0,0,0.0,-890,-125.31
603929.SH,20260403,15783,27991.82,15699,27843.21,8133,14440.51,7883,13997.61,4136,7338.93,4062,7211.59,600,1069.49,1008,1788.33,998,1798.41
603931.SH,20260403,10173,2686.73,10200,2693.32,3276,865.55,2922,772.26,872,230.27,1199,316.97,0,0.0,0,0.0,779,206.23
603936.SH,20260403,137034,17412.13,136074,17289.67,81727,10388.71,87444,11116.67,34907,4436.91,32178,4089.4,5876,749.57,3848,491.59,5804,754.68
603937.SH,20260403,71741,10360.66,73153,10566.7,40733,5883.7,40532,5856.45,14944,2157.62,14531,2095.98,798,117.15,0,0.0,-10768,-1541.32
603938.SH,20260403,128413,33019.2,144603,37196.9,92972,23921.5,86850,22345.72,45947,11850.4,34583,8900.16,12035,3095.62,13331,3443.94,-19560,-4945.42
603939.SH,20260403,25543,6035.06,28485,6728.7,14052,3318.24,12526,2958.0,3825,903.27,5832,1375.4,7955,1873.03,4532,1067.49,-19353,-4561.38
603948.SH,20260403,6469,1669.85,6687,1726.35,1866,480.91,1342,346.06,931,240.09,1237,318.44,0,0.0,0,0.0,-1366,-352.85
603949.SH,20260403,52749,9194.18,52954,9226.9,23428,4084.87,23633,4122.25,6679,1163.67,7934,1386.27,1665,292.7,0,0.0,-15015,-2608.78
603955.SH,20260403,5418,1301.11,5479,1315.74,3244,777.71,3229,774.24,1726,413.25,1715,410.42,35,8.33,0,0.0,-925,-223.66
603956.SH,20260403,44323,2463.5,47161,2620.64,16662,924.96,14634,813.15,4829,268.22,2176,120.97,0,0.0,1843,101.92,-11040,-611.74
603958.SH,20260403,39452,7550.26,45746,8751.6,21329,4084.75,17740,3397.26,11213,2144.65,7518,1442.51,1169,223.77,2159,412.07,-6157,-1174.99
603959.SH,20260403,55645,3361.57,61778,3730.27,33750,2037.07,29339,1771.51,14943,901.14,11219,676.67,0,0.0,2002,121.32,-16473,-992.53
603960.SH,20260403,41282,8514.59,40500,8354.48,26585,5476.34,26162,5390.96,14258,2937.86,13858,2858.22,2734,568.11,4339,893.23,9355,1936.16
603966.SH,20260403,156867,20787.54,160170,21251.33,126691,16830.03,140938,18790.08,74705,9955.45,93318,12496.16,71487,9715.06,35322,4750.51,72015,9445.06
603967.SH,20260403,28951,3776.87,30810,4019.68,9299,1213.03,7465,974.14,2256,294.75,2231,290.83,0,0.0,0,0.0,-11422,-1489.31
603968.SH,20260403,75020,9520.24,81772,10369.69,31527,4005.62,26064,3312.7,13313,1696.67,10729,1374.91,3296,422.35,4591,587.59,-362,-42.45
603969.SH,20260403,65664,5671.46,70802,6109.47,44869,3870.14,43314,3740.67,23722,2047.18,15983,1381.14,7139,616.82,11296,974.33,-41920,-3611.74
603970.SH,20260403,15341,1892.35,16254,2005.33,5775,714.14,5313,657.14,566,70.16,1619,199.92,1504,185.74,0,0.0,-5187,-642.43
603976.SH,20260403,10962,2202.6,10276,2064.14,2846,572.15,3093,622.12,291,58.5,730,146.99,0,0.0,0,0.0,-1059,-211.76
603977.SH,20260403,141236,21356.31,146202,22130.61,73798,11162.84,66777,10105.49,39570,5993.57,35390,5355.61,13887,2080.24,20122,3001.26,-27738,-4246.28
603978.SH,20260403,36203,8579.22,38263,9074.13,21503,5103.78,20858,4946.62,11954,2825.25,10402,2458.64,2709,638.71,2846,667.56,-7534,-1800.72
603979.SH,20260403,27187,15783.58,31818,18467.51,15782,9159.23,12928,7508.77,7024,4075.73,5278,3065.1,3339,1935.7,3308,1912.85,-2221,-1287.14
603980.SH,20260403,139830,8665.64,130228,8074.53,50654,3137.66,47900,2967.21,20192,1253.03,27368,1696.5,2894,179.14,8074,497.23,-33614,-2086.83
603982.SH,20260403,42698,3204.46,43642,3275.94,14807,1111.89,15082,1132.41,4171,312.46,2952,220.46,0,0.0,0,0.0,-8016,-603.82
603983.SH,20260403,12750,3142.07,14400,3549.93,6654,1637.94,5761,1418.76,3029,745.24,2872,707.28,1100,275.77,500,125.05,-6819,-1685.06
603985.SH,20260403,224778,45544.16,250405,50732.76,151789,30752.55,146977,29772.41,78400,15887.69,59280,12020.07,14919,3025.74,13224,2684.9,-19472,-3905.57
603986.SH,20260403,66355,166288.05,70928,177771.32,63991,160322.33,67344,168704.37,41881,104973.02,41840,104876.5,25245,63255.9,17361,43487.12,-10385,-25795.83
603987.SH,20260403,42181,3699.17,44374,3890.43,10379,907.9,9287,813.44,3282,287.07,2181,190.26,0,0.0,0,0.0,-9671,-846.55
603988.SH,20260403,33843,8311.39,41944,10296.39,18233,4492.22,15421,3802.3,11299,2766.14,6298,1549.02,2715,668.58,2427,590.62,-5461,-1321.66
603989.SH,20260403,19648,3329.7,20408,3458.43,12680,2149.65,12099,2051.21,3669,621.49,3490,591.21,0,0.0,0,0.0,-2025,-336.57
603990.SH,20260403,47226,7169.65,51071,7748.83,43272,6569.78,41699,6330.48,23703,3590.06,16699,2533.56,5229,793.91,9961,1510.53,-6022,-893.27
603991.SH,20260403,2913,2927.47,2889,2903.48,4431,4452.5,4181,4205.87,3404,3420.71,3236,3252.02,929,933.25,1371,1372.56,-2343,-2347.09
603992.SH,20260403,45973,16445.09,43164,15455.69,34706,12414.16,34336,12312.83,16770,6012.09,18166,6492.75,5279,1890.09,7060,2500.15,-13905,-4964.19
603993.SH,20260403,595418,104677.93,597688,105070.34,417501,73452.7,415482,73088.43,221301,38954.63,220414,38797.79,96302,16936.85,96938,17065.56,-100682,-17540.58
603995.SH,20260403,10871,1874.69,11262,1942.75,5115,882.07,4478,771.83,1182,204.14,1428,246.32,0,0.0,0,0.0,-2784,-480.96
603997.SH,20260403,64438,7750.2,67481,8118.38,36048,4330.08,35761,4296.31,10036,1204.82,7239,870.55,3900,468.18,3940,468.05,-6452,-783.94
603998.SH,20260403,55816,6147.82,56738,6246.0,23526,2596.73,17091,1886.48,12497,1376.2,13507,1491.62,0,0.0,4503,496.65,-13187,-1447.87
603999.SH,20260403,62976,4146.92,65619,4322.03,19186,1263.46,21077,1386.32,8474,557.5,4951,325.35,1011,65.82,0,0.0,-7593,-503.05
605001.SH,20260403,52443,3779.04,55849,4023.23,10127,730.43,7708,556.72,2128,153.22,1076,77.96,1770,126.91,1836,131.69,-1368,-100.68
605003.SH,20260403,7704,2139.89,8410,2336.12,2630,730.82,2318,643.83,1301,362.55,1451,404.52,920,256.77,375,105.56,712,198.72
605005.SH,20260403,21362,4209.46,22727,4477.27,11003,2168.28,12179,2400.15,7733,1522.74,6377,1254.3,1185,231.24,0,0.0,-10523,-2074.95
605006.SH,20260403,208433,19149.3,234134,21494.71,110418,10133.34,93270,8567.53,32063,2936.8,26869,2470.34,3549,331.21,191,18.07,-18666,-1656.18
605007.SH,20260403,19565,2641.54,18188,2457.05,10509,1419.02,8924,1205.77,4425,595.51,7387,993.24,0,0.0,0,0.0,2257,303.75
605008.SH,20260403,10978,1334.04,10559,1281.16,5112,618.4,4178,506.23,825,99.91,2178,264.96,0,0.0,0,0.0,413,53.85
605009.SH,20260403,6006,1681.86,6190,1732.9,1803,504.59,2020,565.55,358,99.95,622,174.15,665,186.2,0,0.0,-1910,-534.69
605011.SH,20260403,39515,7706.95,39703,7743.17,25997,5065.45,23057,4492.31,7678,1493.83,9581,1864.66,33,6.35,882,172.43,-17761,-3462.62
605016.SH,20260403,14800,3660.85,14526,3592.53,4066,1004.91,5192,1282.42,2655,653.47,1806,445.02,3,0.74,0,0.0,-4456,-1100.13
605018.SH,20260403,32623,3540.87,33988,3688.14,12268,1330.65,11332,1229.91,3994,434.12,3553,386.27,1083,117.72,1095,119.03,-3132,-336.82
605020.SH,20260403,50040,11803.49,51997,12265.83,39086,9212.51,42666,10048.31,25467,6004.19,23764,5595.56,7815,1829.32,3980,939.8,-18126,-4244.66
605028.SH,20260403,13045,3480.33,13998,3735.59,8146,2173.62,7451,1987.94,3215,859.15,2957,789.58,0,0.0,0,0.0,-1468,-385.17
605033.SH,20260403,16038,3611.1,14755,3323.39,5524,1244.24,6446,1451.35,2312,520.84,2673,601.43,747,167.33,747,167.33,-791,-181.22
605050.SH,20260403,89114,11670.81,95804,12549.44,64116,8399.86,61093,8003.36,26277,3426.91,25367,3311.23,2757,366.45,0,0.0,-39269,-5118.08
605055.SH,20260403,71096,7326.33,67055,6917.22,27147,2804.49,27674,2855.4,16264,1676.46,18271,1881.84,0,0.0,1507,152.83,-3263,-342.21
605056.SH,20260403,56921,14747.63,68339,17694.88,46343,12002.75,44777,11596.32,41641,10758.58,34619,8963.77,11395,2967.14,8565,2221.14,758,228.18
605058.SH,20260403,18209,5880.17,19550,6313.5,8098,2618.22,6361,2053.35,3597,1167.7,2085,672.04,753,245.78,2661,872.96,332,125.45
605060.SH,20260403,30554,14982.22,27333,13399.56,13013,6383.98,11578,5682.33,5779,2834.98,9403,4613.88,280,137.37,1312,642.78,2940,1459.31
605066.SH,20260403,58388,4532.1,60302,4680.67,23347,1812.2,20365,1580.26,7112,550.89,6146,475.48,0,0.0,2033,158.78,-11696,-907.78
605068.SH,20260403,9762,2523.78,11498,2972.27,4322,1116.37,3239,836.72,1458,376.54,805,207.7,0,0.0,0,0.0,-5404,-1395.22
605069.SH,20260403,16177,1803.67,17427,1941.7,5652,630.61,4707,526.47,1600,178.3,1295,144.41,0,0.0,0,0.0,-2469,-272.7
605077.SH,20260403,11719,1748.62,12641,1886.26,5196,774.42,3692,550.34,2111,314.41,2694,400.85,0,0.0,0,0.0,1780,264.42
605080.SH,20260403,3985,891.5,4424,989.22,1945,434.82,1632,364.66,426,94.95,300,67.39,0,0.0,0,0.0,-1659,-370.27
605081.SH,20260403,6425,397.86,5724,354.69,6329,391.71,4983,308.76,3168,196.32,5215,322.44,0,0.0,0,0.0,6990,432.44
605086.SH,20260403,5752,1964.52,5412,1849.35,1657,566.43,1370,468.4,190,64.55,817,277.75,0,0.0,0,0.0,-361,-123.92
605088.SH,20260403,9127,3013.66,10687,3526.3,7734,2554.2,6707,2215.42,4871,1605.14,3232,1066.0,1300,427.23,2406,792.52,-5588,-1839.82
605089.SH,20260403,10554,2559.93,11820,2865.48,4447,1076.87,3447,835.51,1455,352.11,768,186.49,0,0.0,420,101.43,-1098,-264.04
605090.SH,20260403,42245,16145.18,41571,15887.56,30572,11687.43,28902,11048.28,16823,6433.77,20031,7658.56,2721,1040.12,1857,712.1,-3435,-1271.5
605098.SH,20260403,7255,3939.69,7542,4097.68,3791,2061.85,3418,1857.4,1515,824.17,1950,1058.47,349,187.83,0,0.0,-164,-91.74
605099.SH,20260403,30768,11771.13,29092,11127.69,15407,5887.54,17174,6560.48,6930,2638.46,6820,2601.64,0,0.0,19,7.32,-10080,-3830.81
605100.SH,20260403,7203,2985.92,8248,3416.73,4982,2062.63,5108,2116.42,2277,944.18,2405,996.2,1299,536.61,0,0.0,-1057,-431.65
605108.SH,20260403,7572,1235.18,7808,1273.24,4418,719.36,3983,649.08,769,125.97,968,158.18,0,0.0,0,0.0,-3129,-509.04
605111.SH,20260403,31532,11614.65,30080,11077.5,18200,6702.98,18756,6912.37,9290,3416.28,9844,3617.78,0,0.0,342,126.26,-1503,-548.72
605116.SH,20260403,69116,19951.4,67146,19397.58,46582,13440.24,47272,13641.65,25053,7231.25,26587,7657.81,5031,1446.84,4777,1372.68,-9976,-2911.63
605117.SH,20260403,60331,73481.15,57030,69450.56,40660,49510.28,36905,44979.05,19780,24094.13,19824,24161.74,9705,11830.39,16718,20324.6,-9375,-11408.25
605118.SH,20260403,17788,7278.93,20798,8508.99,5714,2342.35,5893,2417.55,4135,1695.81,1471,603.27,680,276.88,155,64.15,-2773,-1136.74
605122.SH,20260403,22310,2768.29,27677,3438.9,11273,1405.59,6629,825.46,2930,366.57,1157,143.78,0,0.0,1050,132.3,-5199,-648.92
605123.SH,20260403,9452,8883.28,10114,9503.63,4524,4246.57,4894,4596.38,3218,3024.27,2536,2381.76,755,710.48,405,382.82,-1509,-1417.38
605128.SH,20260403,6136,1938.96,5875,1856.31,3455,1091.39,4654,1470.19,3084,973.8,2542,802.97,396,125.31,0,0.0,-1649,-519.37
605133.SH,20260403,39020,10596.59,44047,12057.2,23497,6408.25,31200,8612.84,26866,7372.81,25563,6986.46,37341,10599.76,25915,7320.92,-22061,-6468.41
605136.SH,20260403,32976,3214.76,34412,3354.83,13920,1356.25,11032,1076.09,3289,319.3,5831,565.87,2653,259.17,1563,152.69,-11690,-1139.96
605138.SH,20260403,21767,1429.53,22853,1502.21,6045,398.26,5176,339.61,1715,111.3,1498,97.28,0,0.0,0,0.0,-4507,-297.83
605151.SH,20260403,12064,2151.71,11751,2095.98,2560,457.18,2368,422.54,778,140.47,1283,230.84,0,0.0,0,0.0,634,112.18
605155.SH,20260403,16322,2479.72,16466,2501.39,4071,619.49,3620,550.53,2276,343.52,2412,364.8,787,119.62,958,145.62,2068,312.31
605158.SH,20260403,17425,1274.03,17944,1311.98,4350,317.78,5022,366.63,2146,156.56,955,69.75,0,0.0,0,0.0,-4829,-351.53
605162.SH,20260403,316262,44441.33,311894,43911.71,210252,29620.81,209077,29444.01,88803,12565.53,94155,13389.33,36759,5335.93,36948,5218.56,-105047,-14964.24
605166.SH,20260403,17067,1677.56,20475,2012.42,10731,1055.52,9859,969.71,4082,400.9,1547,151.86,0,0.0,0,0.0,-10680,-1050.56
605167.SH,20260403,23646,3895.72,28430,4683.17,15594,2567.61,13878,2285.78,6778,1117.42,5355,884.4,1645,272.61,0,0.0,-14505,-2388.47
605168.SH,20260403,18106,6378.34,17990,6342.51,10935,3855.24,10878,3831.88,5015,1765.27,5121,1800.18,789,275.11,856,299.41,-4812,-1702.39
605169.SH,20260403,30034,3498.98,27296,3181.15,17400,2027.5,16878,1966.78,4388,505.84,7648,884.39,0,0.0,0,0.0,-6332,-740.47
605177.SH,20260403,14336,2946.22,14908,3063.48,3383,694.17,3047,626.31,1143,235.87,907,186.48,0,0.0,0,0.0,-3458,-713.03
605178.SH,20260403,8446,5589.51,9517,6293.96,5818,3843.83,5665,3744.01,3916,2586.05,2818,1862.04,482,319.4,662,438.78,-3124,-2050.51
605179.SH,20260403,11945,2007.57,11159,1874.7,3011,505.31,4099,688.94,1064,178.18,762,127.43,0,0.0,0,0.0,-1036,-173.59
605180.SH,20260403,10851,1539.19,11681,1658.19,4104,583.08,3622,513.77,869,122.9,1253,176.72,732,103.5,0,0.0,-1706,-240.27
605183.SH,20260403,9950,1830.72,10864,1998.78,3551,653.8,2442,449.96,1679,308.25,1874,344.04,0,0.0,0,0.0,-2600,-478.66
605186.SH,20260403,15857,2979.87,16434,3088.58,4991,937.79,4501,844.48,731,135.88,644,120.48,0,0.0,0,0.0,-4839,-907.49
605188.SH,20260403,17027,2809.65,16163,2667.06,4327,714.02,4772,787.24,688,113.12,1107,182.48,0,0.0,0,0.0,-1113,-183.91
605189.SH,20260403,24629,3490.32,23989,3399.37,3460,490.27,3091,437.71,481,68.21,1490,211.72,0,0.0,0,0.0,-368,-51.66
605196.SH,20260403,37941,17953.9,46524,22012.19,26042,12334.68,26454,12540.28,18426,8737.4,12665,6015.7,5542,2643.03,2308,1100.85,-24891,-11795.91
605198.SH,20260403,5136,1930.32,5748,2159.56,3204,1202.75,3825,1437.65,2347,883.12,1112,417.84,400,149.92,403,151.04,-1254,-469.76
605199.SH,20260403,27781,1891.14,29567,2013.27,22093,1504.08,19176,1304.41,10746,729.34,7877,535.28,0,0.0,4000,271.6,-14078,-956.65
605208.SH,20260403,28511,3716.84,29820,3885.45,9978,1298.43,7640,996.12,5048,656.92,5303,690.64,799,103.22,1574,203.2,-1728,-221.56
605218.SH,20260403,10383,1725.71,10980,1824.85,2580,428.86,2606,432.82,1213,201.32,590,98.21,0,0.0,0,0.0,-2178,-361.05
605222.SH,20260403,45720,10288.16,44163,9937.96,23595,5307.65,22044,4960.27,8314,1868.53,9406,2112.64,1199,267.84,3215,721.31,-4806,-1086.8
605228.SH,20260403,61436,8355.29,58397,7947.84,28782,3912.21,30655,4159.41,8969,1221.51,9690,1320.38,3384,461.76,3828,523.13,-9620,-1297.6
605255.SH,20260403,8558,7970.45,7844,7298.73,3368,3134.29,3448,3210.79,1683,1561.04,2127,1977.89,0,0.0,189,178.38,353,337.69
605258.SH,20260403,18683,6287.87,19121,6438.05,5584,1880.29,5458,1837.18,1966,662.67,1654,555.6,0,0.0,0,0.0,-2571,-868.67
605259.SH,20260403,6951,1440.92,8708,1804.91,4483,928.48,4416,914.6,3256,673.57,1566,323.46,0,0.0,0,0.0,-3584,-742.29
605266.SH,20260403,9642,1833.98,9809,1866.86,2642,502.91,2131,404.97,164,31.08,508,96.13,0,0.0,0,0.0,-2070,-393.58
605268.SH,20260403,36184,4300.76,32908,3913.1,14176,1685.44,14874,1767.93,3106,368.95,5684,674.14,0,0.0,0,0.0,-3658,-433.67
605277.SH,20260403,24945,5575.04,27059,6045.76,10404,2325.67,10415,2328.45,4304,960.09,2878,643.53,699,156.94,0,0.0,-1069,-233.6
605286.SH,20260403,21903,9738.62,26291,11696.19,14731,6550.41,13234,5884.41,9743,4329.88,7564,3352.35,2408,1066.19,1696,752.15,1287,591.24
605287.SH,20260403,50126,20022.23,50482,20167.48,17843,7143.2,16531,6619.3,9759,3907.84,12681,5076.7,6897,2753.03,4931,1962.82,-11180,-4424.93
605288.SH,20260403,3334,2887.6,3429,2969.77,793,686.24,929,803.96,767,663.09,536,463.21,0,0.0,0,0.0,-898,-777.28
605289.SH,20260403,37794,38781.24,36761,37717.54,18566,19064.12,17717,18178.83,12337,12670.02,8899,9102.82,9084,9302.91,14406,14819.11,2921,3017.85
605296.SH,20260403,21475,5896.27,23987,6581.05,11090,3042.8,9589,2632.27,5483,1503.16,5262,1444.84,816,223.01,26,7.09,-12379,-3392.76
605298.SH,20260403,5544,2564.05,5266,2434.37,4777,2210.34,4510,2085.95,1724,795.69,1951,904.9,312,142.68,630,287.53,1463,677.77
605299.SH,20260403,281309,62772.14,264498,59119.39,166589,37233.8,166920,37268.06,61627,13774.3,73820,16423.84,14422,3174.28,18709,4143.24,-62428,-13924.45
605300.SH,20260403,10428,1099.88,9506,1001.95,5157,543.72,4053,427.08,0,0.0,2026,214.57,0,0.0,0,0.0,-3761,-395.23
605303.SH,20260403,41591,6987.53,44454,7507.03,24179,4098.47,30244,5180.67,10883,1854.84,15422,2646.47,17500,3108.97,4033,715.63,13301,2158.89
605305.SH,20260403,19895,7809.53,22284,8749.8,14617,5740.54,13343,5244.76,9758,3830.24,8872,3476.27,1586,622.79,1357,532.28,-8234,-3242.22
605318.SH,20260403,11327,8583.98,8658,6541.27,9052,6823.73,9814,7399.13,4759,3576.18,6897,5220.56,961,724.74,730,547.68,3850,2948.06
605319.SH,20260403,39594,10255.39,37538,9712.23,35712,9249.1,34418,8921.38,17658,4581.45,18111,4697.39,125,32.63,3022,787.56,15262,3971.74
605333.SH,20260403,8804,2224.09,8728,2204.05,5120,1292.72,5156,1302.9,2640,664.32,2597,654.59,2200,555.57,2283,575.17,620,157.03
605336.SH,20260403,13617,1988.11,14520,2117.28,10302,1499.7,9399,1372.96,6896,1008.78,5728,838.11,840,123.06,2008,291.32,-5829,-851.56
605337.SH,20260403,16838,1796.42,15045,1605.7,5226,557.11,5614,597.99,662,70.76,2067,220.6,0,0.0,0,0.0,-2435,-260.79
605338.SH,20260403,12106,3156.21,12835,3345.36,3644,949.78,2864,746.63,1061,275.8,1113,289.81,0,0.0,0,0.0,-165,-39.22
605339.SH,20260403,6096,970.46,5764,917.74,2424,385.15,2191,347.66,418,66.35,983,156.57,0,0.0,0,0.0,-1400,-222.25
605358.SH,20260403,45437,14789.61,41676,13564.43,21740,7074.67,23286,7577.16,12828,4170.87,13347,4341.86,2185,710.06,3882,1261.76,-816,-252.61
605365.SH,20260403,36586,7464.69,41935,8554.45,20300,4141.72,21044,4296.24,11577,2360.81,7509,1530.8,2519,515.64,494,101.37,-7624,-1546.34
605366.SH,20260403,118539,12729.79,135217,14521.19,61883,6645.41,60233,6466.83,51184,5493.17,37251,3996.32,13581,1451.75,12485,1335.78,-10942,-1182.73
605368.SH,20260403,36363,2964.71,41968,3422.59,30252,2469.76,26783,2185.15,10811,881.32,8565,699.07,1255,101.53,1365,110.51,-35323,-2881.2
605369.SH,20260403,6510,1147.79,6289,1108.62,1736,306.19,2106,371.55,437,76.69,288,50.5,0,0.0,0,0.0,-987,-174.14
605376.SH,20260403,35045,34387.4,34544,33913.16,29363,28889.13,31101,30591.25,18863,18592.25,18816,18550.86,7609,7486.74,6419,6300.24,14217,14032.31
605377.SH,20260403,33689,3169.03,34834,3276.37,14339,1347.54,12953,1217.04,3933,369.04,4174,392.2,0,0.0,0,0.0,-4461,-421.74
605378.SH,20260403,11535,2209.26,11882,2274.28,4449,850.89,3575,683.06,200,38.0,1035,197.63,1089,207.56,781,150.74,-2790,-530.56
605388.SH,20260403,71993,4678.8,72001,4679.91,39715,2581.12,35310,2296.38,12855,831.25,12366,803.16,0,0.0,4886,311.73,-25638,-1667.4
605389.SH,20260403,3337,2344.37,3816,2680.24,2135,1498.54,1721,1206.55,1050,739.1,786,555.72,161,112.52,360,252.02,-1401,-979.48
605398.SH,20260403,14789,3937.78,16143,4297.65,7443,1979.86,7256,1930.47,3297,875.41,2131,564.92,0,0.0,0,0.0,-4987,-1324.13
605399.SH,20260403,19468,2669.44,18376,2521.21,10814,1479.49,9615,1318.58,3336,456.52,2940,401.36,746,102.35,3433,466.65,-393,-57.54
605488.SH,20260403,17771,5750.1,18869,6103.65,10663,3447.56,11015,3561.73,5166,1670.04,3645,1178.63,1677,542.89,1748,566.59,-1494,-472.12
605499.SH,20260403,12332,25041.73,10380,21077.1,9465,19231.57,11298,22955.67,3609,7326.08,3758,7631.42,981,1987.53,951,1922.73,387,781.76
605500.SH,20260403,37308,3244.89,37573,3267.41,12468,1084.02,11654,1012.34,1199,104.82,1748,153.97,0,0.0,0,0.0,-1585,-137.63
605507.SH,20260403,20468,5210.95,20387,5190.08,6408,1630.23,7456,1898.08,2922,744.6,1955,497.62,0,0.0,0,0.0,-3432,-870.83
605555.SH,20260403,54680,8252.23,57826,8726.02,28600,4314.78,23973,3618.81,7048,1065.46,8800,1329.79,1798,273.1,1527,230.95,-9622,-1428.11
605566.SH,20260403,12877,3730.27,15468,4484.21,7618,2208.23,7210,2090.54,5682,1647.97,3858,1116.86,1727,508.09,1368,402.95,-2130,-615.85
605567.SH,20260403,31124,3273.83,34060,3581.41,7877,830.46,5668,595.54,2042,214.55,2288,243.46,973,101.58,0,0.0,-8796,-924.0
605577.SH,20260403,47032,5884.54,52178,6530.31,13219,1651.0,8681,1082.72,6963,870.33,6254,787.14,5837,740.85,5938,746.55,-8899,-1117.33
605580.SH,20260403,15736,3313.42,15071,3173.27,4384,922.38,4227,889.17,1210,253.6,2031,426.95,0,0.0,0,0.0,-1610,-337.08
605588.SH,20260403,6324,3208.8,5812,2948.28,2048,1038.33,1997,1013.0,194,98.18,757,384.03,0,0.0,0,0.0,310,158.71
605589.SH,20260403,82735,25930.07,95480,30119.27,91619,28897.72,118072,37434.77,87072,27598.43,95286,30252.33,81144,26184.86,33731,10804.72,7913,1902.73
605598.SH,20260403,14006,6364.79,13428,6105.09,6684,3036.51,6001,2726.55,1898,860.95,2680,1215.26,1431,642.74,1910,858.1,1431,643.34
605599.SH,20260403,30140,6679.98,28196,6249.85,3332,738.45,3565,790.32,1385,306.84,1893,418.43,469,103.7,1672,370.37,-1751,-388.84
688001.SH,20260403,47992,16381.41,43456,14792.6,24922,8499.94,25749,8797.72,12067,4137.24,13700,4705.25,2310,802.64,4386,1525.66,14398,5013.84
688002.SH,20260403,21782,22262.23,20524,20968.53,12782,13067.28,13141,13435.05,4180,4267.66,4739,4849.39,1377,1413.0,1716,1757.19,937,972.9
688003.SH,20260403,19481,11842.44,20390,12402.19,20536,12583.77,17876,10950.22,8129,4978.57,8494,5222.27,2348,1454.92,3733,2285.02,2280,1495.47
688004.SH,20260403,9795,2041.05,11700,2436.65,5121,1066.02,4069,846.85,2034,421.65,1835,380.97,654,135.74,0,0.0,-3381,-703.79
688005.SH,20260403,43165,11759.64,38372,10461.33,36965,10070.03,38723,10551.15,24281,6607.19,31221,8493.49,15995,4357.11,12092,3288.0,-16460,-4484.3
688006.SH,20260403,28268,7679.59,25004,6795.62,15347,4167.27,17178,4662.74,9557,2596.6,9945,2700.3,404,109.97,1448,394.77,-2335,-627.64
688007.SH,20260403,19214,2577.59,19599,2629.81,7300,978.62,9027,1211.26,7595,1018.91,6467,865.22,984,131.17,0,0.0,-1995,-266.64
688008.SH,20260403,56217,72025.39,51686,66220.91,69641,89239.28,66885,85710.91,44204,56624.77,45847,58757.46,15923,20444.54,21567,27644.7,-2917,-3660.35
688009.SH,20260403,149252,8066.01,154852,8367.96,125547,6790.36,129977,7032.84,70705,3830.2,60675,3285.78,0,0.0,0,0.0,28076,1536.98
688010.SH,20260403,23953,7298.18,23039,7004.43,20236,6166.77,18830,5746.34,7731,2365.7,9762,2980.92,2443,744.15,2731,843.13,13633,4186.5
688011.SH,20260403,8480,5925.81,6625,4611.74,10185,7111.0,9582,6673.94,8784,6144.11,9313,6532.98,511,357.51,2439,1719.77,5283,3761.43
688012.SH,20260403,2310,6826.23,2912,8603.35,40462,119571.57,36886,109048.09,12487,36895.61,13989,41318.43,3664,10846.29,5136,15169.83,-5289,-15595.3
688013.SH,20260403,8590,3144.62,8361,3062.1,2221,812.57,2609,954.26,1626,594.34,1091,397.98,0,0.0,375,137.2,-1396,-511.73
688015.SH,20260403,11541,2443.99,11701,2477.83,2998,634.86,2834,600.12,660,139.69,664,140.6,0,0.0,0,0.0,-878,-185.63
688016.SH,20260403,7515,7548.1,7825,7857.18,8466,8498.71,7126,7156.1,3641,3650.74,4257,4272.0,532,531.81,945,944.09,-2077,-2076.04
688017.SH,20260403,13625,25774.47,14597,27597.54,17349,32843.57,16807,31788.49,9892,18729.02,9081,17183.39,3896,7370.81,4277,8148.44,-8759,-16471.39
688018.SH,20260403,5291,7526.38,5484,7798.66,6045,8592.67,5986,8515.29,3066,4362.81,3187,4530.92,688,980.49,433,617.47,-1587,-2251.03
688019.SH,20260403,1416,3594.61,1230,3121.41,14516,36831.16,14365,36443.57,4437,11252.81,4831,12261.21,2035,5152.9,1978,5005.29,1943,4930.76
688020.SH,20260403,3849,3094.79,4306,3460.14,3589,2885.62,3598,2895.81,2051,1649.77,1609,1294.15,149,120.02,124,100.09,-1794,-1435.3
688021.SH,20260403,31814,7535.1,32208,7629.99,7915,1879.2,7490,1775.42,3772,900.01,5717,1364.22,1915,455.82,2,0.5,-7639,-1817.98
688022.SH,20260403,12158,1681.64,13866,1917.94,8254,1140.86,5685,785.87,1580,218.21,2441,336.9,0,0.0,0,0.0,-2263,-312.95
688023.SH,20260403,6577,3119.4,7800,3700.11,4925,2334.34,4343,2059.23,3117,1479.51,2928,1386.94,451,213.04,0,0.0,-2859,-1353.21
688025.SH,20260403,3064,7550.14,3476,8543.37,39580,97409.22,41528,102244.6,19891,48998.83,17773,43797.59,8073,19859.3,7832,19231.93,135,587.85
688026.SH,20260403,11324,1815.72,11091,1778.35,4454,713.96,2261,362.11,1693,271.32,3164,507.46,0,0.0,955,153.07,737,118.81
688027.SH,20260403,278,1476.01,254,1345.02,10881,57741.26,10606,56273.63,3967,21046.19,4270,22658.62,1894,10058.44,1890,10044.63,791,4256.53
688028.SH,20260403,26796,24673.98,34693,32022.36,35941,33190.37,35918,33245.63,35563,32946.68,29105,26963.17,13310,12379.82,11893,10959.68,5949,5501.37
688029.SH,20260403,7898,5867.41,8348,6201.84,6791,5046.83,5783,4296.85,917,682.24,1400,1041.17,141,104.1,217,160.71,-396,-292.38
688030.SH,20260403,10405,1484.95,10527,1502.41,4122,586.83,3625,515.86,1601,228.01,1976,281.52,0,0.0,0,0.0,-724,-103.83
688031.SH,20260403,34494,44095.52,29851,38179.4,23871,30514.21,21738,27787.38,9898,12654.45,17343,22159.65,3682,4713.7,3012,3851.45,-1674,-2126.5
688032.SH,20260403,7124,8198.51,6952,7996.2,11347,13049.58,10878,12507.73,6801,7797.26,8012,9196.97,1676,1935.26,1106,1279.7,-4921,-5655.46
688033.SH,20260403,47317,3844.23,48970,3977.14,55274,4488.4,59017,4794.02,40479,3284.47,35083,2845.94,0,0.0,0,0.0,1594,156.76
688035.SH,20260403,15156,8130.29,14655,7856.98,6755,3614.68,7129,3821.25,2997,1604.26,3010,1611.02,496,262.38,609,322.37,437,232.34
688036.SH,20260403,22136,11467.49,21515,11148.98,21050,10908.58,21986,11396.44,10157,5264.56,8141,4216.59,2279,1179.79,3981,2058.4,-6163,-3212.39
688037.SH,20260403,12547,20718.62,11861,19579.06,8153,13461.41,8593,14192.7,2590,4280.07,3164,5231.33,869,1432.23,540,889.23,-2106,-3458.6
688038.SH,20260403,18843,3801.92,19085,3838.96,15440,3121.72,15437,3129.91,7282,1468.89,5556,1117.25,500,103.05,1986,409.46,2954,628.59
688039.SH,20260403,8019,3183.21,6608,2624.68,3396,1346.87,3529,1399.48,1254,497.28,1930,763.71,316,125.16,919,364.64,202,78.97
688041.SH,20260403,5717,12321.01,6809,14660.65,65750,141624.58,66656,143629.71,30337,65337.68,29477,63504.94,15290,32922.07,14151,30410.04,4318,9387.42
688045.SH,20260403,13441,5827.26,13818,5986.26,4858,2106.14,4604,2000.31,881,380.89,757,327.72,0,0.0,0,0.0,-2993,-1289.18
688046.SH,20260403,38663,6130.88,40370,6399.95,19968,3170.35,18723,2976.45,12884,2040.83,12303,1948.97,1501,236.34,1621,253.02,2268,369.86
688047.SH,20260403,8839,11355.87,8037,10328.92,11105,14270.9,10875,13972.28,8115,10414.44,6840,8775.37,1967,2522.9,4274,5487.54,94,138.24
688048.SH,20260403,6354,15270.91,6915,16595.57,86591,207921.96,85360,204580.17,40806,97881.31,43565,104512.48,21190,50540.62,19101,45926.6,6818,16845.99
688049.SH,20260403,10523,4612.0,10510,4605.23,6714,2941.98,8281,3629.08,6192,2714.76,5033,2206.52,688,301.15,293,129.07,-2457,-1070.92
688050.SH,20260403,5305,2716.62,4838,2476.97,3217,1645.6,3573,1828.83,1705,871.16,1735,886.71,0,0.0,80,40.86,-1272,-650.72
688051.SH,20260403,4819,1427.93,5324,1578.24,1913,570.59,1374,410.23,0,0.0,0,0.0,0,0.0,34,10.05,-1786,-533.31
688052.SH,20260403,5663,8423.22,5826,8663.45,7149,10624.87,6761,10054.67,4487,6653.72,3588,5327.92,1220,1808.2,2343,3463.98,-1960,-2900.66
688053.SH,20260403,2831,995.73,2606,917.01,3799,1335.87,3726,1308.9,1026,359.39,2405,841.77,1080,376.69,0,0.0,-2339,-820.21
688055.SH,20260403,77782,2997.62,80564,3103.18,50538,1947.08,45027,1734.37,12532,480.89,15262,588.04,0,0.0,0,0.0,-7930,-295.42
688056.SH,20260403,4467,1491.11,4496,1500.36,678,225.88,812,271.1,163,54.47,0,0.0,0,0.0,0,0.0,37,13.56
688057.SH,20260403,6652,792.99,7806,930.35,3699,440.9,2673,318.63,1059,126.24,932,111.16,0,0.0,0,0.0,-695,-82.36
688058.SH,20260403,8828,2402.88,9332,2539.37,2604,707.35,2394,650.6,916,247.99,622,168.25,0,0.0,0,0.0,-1561,-423.55
688059.SH,20260403,7586,8502.54,8386,9396.33,6898,7738.33,6303,7068.44,4106,4604.87,2913,3261.25,421,466.91,1409,1586.64,-3706,-4117.11
688060.SH,20260403,1507,639.38,1873,794.32,885,374.83,725,306.77,316,133.46,110,46.59,0,0.0,0,0.0,-880,-372.44
688061.SH,20260403,5979,1741.53,5486,1598.86,1410,410.79,1996,580.4,331,95.67,238,68.73,0,0.0,0,0.0,-416,-121.26
688062.SH,20260403,50474,19355.3,46385,17788.4,33523,12853.42,32017,12288.37,18960,7273.84,18680,7165.04,3779,1447.52,9654,3688.26,6794,2621.9
688063.SH,20260403,41613,27926.44,35360,23749.12,28096,18871.18,27005,18146.51,15884,10673.26,23381,15663.31,5859,3930.39,5706,3842.33,-4243,-2849.98
688065.SH,20260403,13766,6644.3,12463,6020.23,14257,6875.87,16288,7863.28,9481,4583.23,7501,3621.97,1283,624.1,2534,1222.01,-6302,-3055.65
688066.SH,20260403,57046,9831.42,49268,8502.07,39938,6886.06,39648,6830.47,19742,3405.36,26442,4553.43,0,0.0,1367,236.87,-3655,-638.83
688067.SH,20260403,8322,2139.35,8569,2202.74,5445,1401.43,4876,1255.07,557,143.13,880,226.09,0,0.0,0,0.0,-1329,-344.62
688068.SH,20260403,14848,19462.07,14674,19239.59,11056,14500.45,11097,14553.6,6329,8293.92,6343,8304.36,1826,2385.29,1945,2544.17,-546,-686.35
688069.SH,20260403,17852,5393.19,18995,5736.66,8909,2703.17,9427,2861.59,5884,1785.34,4223,1283.46,389,117.42,389,117.42,-860,-250.88
688070.SH,20260403,9130,4054.98,8811,3913.69,4719,2090.58,3973,1762.38,2396,1062.72,2611,1158.53,1293,572.9,2143,946.57,1159,514.02
688071.SH,20260403,6281,1913.83,6043,1842.34,2674,814.59,2657,809.1,785,238.61,1039,315.59,0,0.0,0,0.0,353,107.53
688072.SH,20260403,949,3418.54,1027,3697.97,18667,67189.0,18002,64801.51,5875,21159.2,5920,21294.78,2517,9052.35,3060,11024.84,201,834.24
688073.SH,20260403,9649,5747.7,8884,5295.91,4910,2926.35,4676,2790.25,2112,1258.51,2363,1407.98,914,545.27,1662,983.69,-84,-60.34
688075.SH,20260403,2081,788.9,2635,998.37,1657,627.26,1516,574.31,626,237.02,512,194.04,623,236.15,323,122.6,-1263,-478.47
688076.SH,20260403,8152,2383.85,8583,2509.46,10006,2925.02,10803,3158.61,5653,1651.41,5792,1692.98,2183,640.09,816,239.32,-8425,-2463.91
688077.SH,20260403,12119,3318.86,13150,3601.19,4809,1316.56,4137,1133.52,2614,714.43,2167,593.91,480,132.72,567,153.95,-711,-196.19
688078.SH,20260403,4294,1010.3,4576,1077.42,1835,431.33,1344,315.02,487,114.26,185,43.37,0,0.0,511,120.09,-311,-72.77
688079.SH,20260403,98208,13330.79,92971,12605.88,79609,10756.73,72378,9787.53,33399,4507.7,49396,6692.47,3529,490.66,0,0.0,37662,5113.13
688080.SH,20260403,4378,2219.56,4496,2280.07,3644,1844.84,3109,1573.56,1772,897.44,2489,1260.48,300,152.28,0,0.0,-175,-88.86
688081.SH,20260403,4540,1884.27,6271,2599.17,5644,2334.35,5238,2168.46,4252,1756.43,3839,1584.71,911,377.3,0,0.0,-4481,-1853.01
688082.SH,20260403,6414,8993.31,6319,8859.71,5535,7757.92,5551,7782.15,2436,3415.85,2800,3924.33,715,1001.09,430,601.97,-843,-1176.33
688083.SH,20260403,14831,7059.41,16597,7901.55,6646,3172.06,6469,3086.58,3056,1457.09,1924,916.69,1578,750.82,1122,534.56,-6597,-3143.22
688084.SH,20260403,4657,2919.58,4983,3121.1,1556,974.16,1376,863.15,508,317.95,363,227.44,0,0.0,0,0.0,-1256,-784.44
688085.SH,20260403,13341,2423.99,13918,2527.73,6631,1202.62,6085,1104.04,1996,362.55,1966,357.38,0,0.0,0,0.0,-2146,-386.44
688087.SH,20260403,19608,7347.83,18894,7075.81,4172,1557.84,4807,1799.27,1222,457.16,1319,494.56,335,126.87,317,120.04,408,166.63
688088.SH,20260403,16546,6357.79,16011,6151.3,7986,3067.74,8829,3393.41,4806,1848.22,4287,1648.35,516,197.96,726,278.66,-1405,-535.83
688089.SH,20260403,6610,1184.41,7012,1256.51,4421,791.39,4455,798.02,1362,244.51,925,165.78,0,0.0,0,0.0,-2912,-522.12
688090.SH,20260403,32441,19406.79,32424,19439.13,39072,23444.77,35230,21107.79,24288,14525.51,26743,15993.48,9690,5786.04,11094,6622.7,-6418,-3862.48
688091.SH,20260403,21419,12634.54,19535,11536.36,21569,12738.47,20982,12390.07,17516,10340.06,14509,8571.07,4419,2593.8,9896,5809.38,-406,-258.5
688092.SH,20260403,6962,1946.86,6652,1861.55,3103,867.04,1649,462.07,1732,481.41,2782,774.24,416,115.36,1130,312.82,1728,475.3
688093.SH,20260403,5838,1804.81,5581,1725.63,2977,921.87,3700,1145.67,1633,504.63,1670,515.22,553,170.72,51,15.51,499,154.35
688095.SH,20260403,7924,5517.1,7536,5247.81,2740,1905.88,2782,1935.49,1408,977.35,1958,1359.58,208,144.65,3,2.1,-878,-611.94
688096.SH,20260403,36080,2823.12,33751,2645.47,23434,1827.84,18726,1461.39,11521,900.59,18558,1444.69,0,0.0,0,0.0,-12751,-998.95
688097.SH,20260403,44474,25165.25,53028,30026.01,37558,21305.94,32975,18695.06,19413,11003.53,16313,9258.95,3695,2106.28,2825,1600.99,715,442.65
688098.SH,20260403,41547,3796.69,50598,4620.51,28677,2626.83,22118,2026.31,12731,1162.51,10239,939.21,0,0.0,0,0.0,-3032,-266.62
688099.SH,20260403,24193,18563.2,21559,16549.46,22293,17111.57,20893,16047.33,15831,12155.04,19022,14599.44,4389,3381.04,5233,4014.62,1047,818.55
688100.SH,20260403,9335,3347.36,8210,2944.52,5643,2022.34,5005,1793.46,2208,791.97,2468,883.55,960,344.07,2463,884.21,456,169.67
688101.SH,20260403,6963,1098.58,9600,1515.03,3901,615.04,2445,385.29,2451,386.42,1270,199.72,0,0.0,0,0.0,-3137,-493.96
688102.SH,20260403,42276,14786.72,38188,13371.94,37435,13086.19,33689,11785.18,24960,8712.53,29412,10254.19,4917,1715.56,8299,2889.7,-1069,-395.38
688103.SH,20260403,4619,2429.43,4925,2589.94,2219,1166.32,1643,864.22,1053,553.89,1259,662.29,537,281.45,600,314.64,517,271.87
688105.SH,20260403,9764,1915.64,9810,1923.58,4654,910.01,3108,608.27,1332,261.97,2700,529.2,0,0.0,131,26.56,-1940,-382.32
688106.SH,20260403,163919,44940.03,167667,45942.71,153002,41903.2,140039,38357.58,70356,19300.74,73816,20281.02,12380,3409.22,18135,4971.88,10079,2852.98
688107.SH,20260403,33069,8851.26,31417,8417.25,21624,5783.79,21225,5678.25,11961,3198.17,11615,3103.74,2450,651.94,4846,1285.92,-1846,-499.22
688108.SH,20260403,67058,14341.91,66838,14290.71,43826,9381.64,45112,9652.84,27843,5953.1,24288,5202.31,2695,575.01,5184,1105.79,-28088,-5992.8
688109.SH,20260403,1903,2330.38,2217,2717.87,2749,3364.62,2760,3376.73,2088,2551.65,1665,2031.3,179,218.25,278,339.0,-2269,-2777.16
688110.SH,20260403,35441,37589.67,34169,36257.72,36652,38875.81,37303,39574.98,25957,27524.15,26613,28230.68,10768,11432.5,10732,11358.76,2661,2822.16
688111.SH,20260403,2016,4668.92,2600,6019.0,21881,50648.23,20784,48117.11,5093,11779.47,5774,13352.15,2466,5701.0,2297,5309.35,-1464,-3353.04
688112.SH,20260403,7422,2968.95,7702,3080.8,5410,2169.51,4695,1883.07,1663,669.5,2098,844.09,0,0.0,0,0.0,-173,-65.97
688113.SH,20260403,2985,1096.14,3403,1248.42,1483,544.04,1509,553.24,874,319.2,429,157.72,0,0.0,0,0.0,-1031,-375.8
688114.SH,20260403,11108,5415.85,10542,5141.26,7161,3491.58,6754,3291.65,1929,942.15,2148,1047.19,631,308.65,1386,678.12,-1711,-836.78
688115.SH,20260403,3880,1514.31,4129,1610.61,1400,545.54,1351,527.13,421,163.81,221,85.93,0,0.0,0,0.0,-818,-318.06
688116.SH,20260403,25575,9540.18,19783,7382.63,18811,7010.87,18417,6863.99,10581,3935.74,13240,4921.18,2275,844.28,5802,2163.28,2880,1072.33
688117.SH,20260403,19096,6823.33,16899,6043.13,11670,4173.84,12502,4473.42,12274,4382.68,12474,4454.25,5885,2094.77,7050,2503.81,-6464,-2317.93
688118.SH,20260403,10545,2806.85,11787,3137.62,6895,1834.85,5406,1438.72,2040,542.43,1948,517.46,932,248.19,1270,338.52,757,201.67
688119.SH,20260403,57422,2843.26,61398,3038.99,29460,1457.19,24816,1228.42,9619,475.31,10287,508.35,0,0.0,0,0.0,-19926,-985.24
688120.SH,20260403,9652,16656.41,9310,16069.6,10044,17324.59,10044,17331.33,4428,7592.69,3034,5227.7,941,1620.94,2677,4566.0,73,96.21
688121.SH,20260403,12597,1323.54,15868,1666.58,8194,861.58,5939,624.12,3078,321.9,2062,216.32,0,0.0,0,0.0,-4804,-504.3
688122.SH,20260403,27029,18654.05,21389,14764.3,26368,18193.17,24391,16833.62,14784,10190.22,18551,12792.18,4475,3090.04,8325,5737.38,6451,4445.05
688123.SH,20260403,12978,13331.93,13721,14096.09,11844,12170.56,13454,13819.12,8977,9212.02,9235,9476.44,5374,5509.84,2764,2832.71,-5357,-5493.52
688125.SH,20260403,235,513.82,336,735.59,3245,7121.6,3482,7635.89,1532,3354.66,1229,2688.11,345,754.0,312,684.49,-477,-1039.42
688126.SH,20260403,55467,9320.47,51926,8724.67,56768,9539.72,56392,9478.85,23308,3921.11,23554,3954.4,3121,521.8,6793,1145.18,-5379,-887.44
688127.SH,20260403,46686,28852.6,43378,26793.96,45104,27884.65,44680,27613.09,32109,19897.88,33553,20818.37,7452,4632.15,9741,6041.88,22725,14093.8
688128.SH,20260403,11425,2798.36,9951,2438.92,5920,1447.51,6726,1642.67,1605,392.78,2274,557.07,0,0.0,0,0.0,-216,-50.64
688129.SH,20260403,6401,1444.69,6267,1414.55,987,222.63,1121,252.77,0,0.0,0,0.0,0,0.0,0,0.0,-173,-39.01
688130.SH,20260403,7826,1562.47,8259,1649.2,1548,309.05,783,156.47,1156,230.08,1487,295.93,0,0.0,0,0.0,-267,-53.2
688131.SH,20260403,17637,12284.96,18057,12572.85,16504,11499.83,17127,11931.59,10720,7467.03,11302,7875.78,6824,4746.5,5198,3618.1,-5365,-3723.44
688132.SH,20260403,6854,1100.14,8361,1341.98,3610,579.36,2022,324.41,551,88.99,631,102.1,0,0.0,0,0.0,-1851,-296.49
688133.SH,20260403,11829,2342.09,13403,2653.49,12233,2420.36,11136,2203.21,4044,802.99,3348,663.79,1177,232.8,1396,277.74,-5898,-1164.7
688135.SH,20260403,26775,6739.05,26763,6734.53,13801,3473.87,14564,3667.78,9837,2475.78,8353,2101.92,911,229.54,1643,414.01,-3052,-762.3
688136.SH,20260403,47669,15144.16,43507,13825.22,27784,8821.0,25773,8180.51,15911,5046.01,22206,7045.03,4674,1482.32,4551,1442.72,-4788,-1496.64
688137.SH,20260403,4578,1929.53,4835,2037.73,2141,902.64,1774,748.42,527,221.63,637,267.65,0,0.0,0,0.0,-131,-54.25
688138.SH,20260403,9714,2519.37,9562,2479.6,6037,1566.27,4803,1247.26,2756,714.59,3512,910.56,413,106.38,1044,269.2,2210,573.39
688139.SH,20260403,8306,2589.44,8449,2634.36,4658,1452.33,5154,1607.18,4046,1260.46,2562,798.17,1550,484.0,2395,746.51,840,262.05
688141.SH,20260403,35906,18521.71,39931,20602.64,28663,14817.07,28522,14743.07,20302,10494.16,14880,7692.07,2370,1220.14,3907,2015.3,566,301.55
688143.SH,20260403,47632,29701.35,49031,30585.44,48005,29975.88,50262,31408.52,29639,18524.79,28773,17961.35,7067,4422.09,4278,2668.82,-3566,-2195.0
688146.SH,20260403,70307,34069.71,60194,29226.92,97073,47301.77,102707,50141.93,79372,39015.45,94739,46665.64,58068,29303.47,47179,23655.91,39923,18497.31
688147.SH,20260403,29962,18497.8,27438,16949.83,18724,11563.9,17373,10736.68,5850,3610.09,9073,5595.57,3296,2033.05,3949,2422.77,1528,933.31
688148.SH,20260403,64624,4955.8,71251,5463.4,30794,2358.85,27362,2098.2,18957,1451.44,15761,1204.5,0,0.0,0,0.0,-32896,-2524.11
688150.SH,20260403,30213,11961.73,29446,11659.65,28648,11348.69,29964,11871.74,22207,8793.61,23022,9112.81,5491,2173.98,4127,1633.8,-6783,-2673.16
688151.SH,20260403,14043,2908.83,15187,3146.63,9512,1970.78,6317,1309.19,2531,523.88,4581,947.67,0,0.0,0,0.0,-359,-75.4
688152.SH,20260403,4789,1554.54,4878,1583.43,2861,929.39,2875,934.19,1719,556.97,1110,359.7,0,0.0,505,163.57,-1431,-461.5
688153.SH,20260403,17616,5772.19,15887,5205.05,5505,1803.51,6412,2102.0,2694,882.48,4172,1366.4,657,215.27,0,0.0,927,307.3
688155.SH,20260403,7321,5366.76,7775,5701.76,3611,2646.67,4450,3263.32,2928,2153.24,2211,1626.99,1031,761.16,455,335.78,-1670,-1225.47
688156.SH,20260403,19386,4170.99,23506,5053.58,9530,2049.55,8285,1782.79,6499,1391.68,3082,661.5,0,0.0,541,114.36,-8321,-1788.97
688157.SH,20260403,3659,1396.25,3778,1441.69,2722,1038.12,1785,680.18,1341,509.47,1431,545.93,0,0.0,729,276.04,274,102.45
688158.SH,20260403,138112,57982.86,145741,61191.14,176836,74255.15,173355,72780.79,116578,48966.28,112006,47052.0,26359,11053.14,26783,11233.51,27088,11535.22
688159.SH,20260403,6374,2496.35,6609,2588.21,5132,2010.01,4496,1760.99,2017,790.66,2958,1156.78,572,221.89,33,12.94,-1127,-435.15
688160.SH,20260403,7934,8209.87,8609,8905.41,5013,5200.07,4304,4465.51,1989,2061.33,2176,2257.63,421,434.73,268,277.45,-864,-886.12
688161.SH,20260403,10582,3260.13,9767,3008.78,4784,1472.92,5207,1604.58,1801,554.77,1972,605.93,0,0.0,222,68.54,-467,-143.71
688162.SH,20260403,6476,1918.3,6337,1877.5,3202,947.65,2786,824.24,1319,389.49,1874,553.7,0,0.0,0,0.0,-1119,-333.39
688163.SH,20260403,12294,3421.09,11119,3093.36,4683,1302.42,5749,1598.73,1942,538.56,2028,563.68,866,241.02,888,247.32,1330,373.6
688165.SH,20260403,24749,3969.68,19241,3090.02,14592,2341.13,13382,2147.63,7448,1193.68,10176,1633.06,0,0.0,3991,633.77,612,91.22
688166.SH,20260403,37769,20352.98,43094,23236.18,52043,28040.72,52794,28462.02,44350,23913.33,39800,21421.41,14644,7877.12,13118,7064.54,-20125,-10814.01
688167.SH,20260403,1084,4376.69,1206,4849.13,31084,125490.33,32464,131010.68,21175,85649.44,22356,90372.51,17350,69931.63,14666,59215.77,-4453,-17594.97
688168.SH,20260403,2040,1375.4,2128,1435.25,1979,1333.68,2122,1430.52,1048,707.08,817,550.39,0,0.0,0,0.0,-414,-276.92
688169.SH,20260403,15463,17887.52,17206,19911.37,11822,13699.91,11157,12931.22,6995,8089.64,5656,6545.15,1376,1593.16,1636,1882.48,-2131,-2502.0
688170.SH,20260403,45000,23234.45,40191,20728.07,40578,20968.04,38391,19822.61,21203,11001.07,25776,13353.33,4218,2179.93,6641,3479.49,24511,12696.45
688171.SH,20260403,3207,1484.24,3305,1528.32,2243,1040.68,3004,1395.95,1346,625.85,979,452.7,491,226.2,0,0.0,-69,-28.76
688172.SH,20260403,32558,11951.33,26502,9740.36,19258,7077.61,19981,7346.08,11277,4141.6,14404,5278.12,2154,792.31,4360,1598.3,2426,884.68
688173.SH,20260403,20624,2722.69,21043,2778.29,9634,1270.78,8409,1109.66,3237,427.32,4042,532.84,0,0.0,0,0.0,-4618,-606.83
688175.SH,20260403,7794,2421.18,8724,2711.88,8201,2544.02,7164,2224.3,3080,956.67,3598,1113.47,1381,430.61,969,302.83,-1757,-551.33
688176.SH,20260403,88887,12320.54,88500,12265.28,51238,7105.33,47163,6540.13,30940,4285.37,33215,4603.67,2815,389.08,5002,691.24,-9958,-1375.89
688177.SH,20260403,17281,3928.63,15980,3632.03,6365,1446.46,6069,1378.86,3921,887.67,4657,1058.71,5,1.1,865,194.26,-1037,-234.98
688178.SH,20260403,10498,3374.42,11918,3827.95,10416,3350.48,9861,3175.91,5157,1657.6,4292,1378.65,0,0.0,0,0.0,-3182,-1017.01
688179.SH,20260403,50981,8369.15,48087,7890.78,18865,3096.2,19467,3195.15,9305,1527.81,10911,1795.39,0,0.0,687,111.84,-6647,-1086.55
688180.SH,20260403,84061,32481.24,80476,31110.46,77574,29978.72,70462,27216.18,42787,16535.0,48014,18547.25,13682,5293.26,19152,7414.34,3768,1494.69
688181.SH,20260403,10823,3287.41,9188,2789.22,4895,1485.85,4343,1317.5,4535,1376.61,5295,1609.6,0,0.0,1428,433.55,2072,634.4
688182.SH,20260403,18183,4876.21,17094,4583.12,4886,1309.88,6186,1659.85,1839,494.39,1627,437.52,0,0.0,0,0.0,-507,-134.35
688183.SH,20260403,33185,27520.78,31253,25913.94,44412,36849.07,44107,36599.93,29174,24198.14,27720,22993.97,7338,6081.94,11028,9142.09,12134,10141.67
688184.SH,20260403,2057,202.31,2128,209.48,1366,134.41,1549,152.51,555,54.71,300,29.43,0,0.0,0,0.0,-2132,-210.14
688185.SH,20260403,7864,5278.68,7473,5014.9,4401,2955.55,5752,3865.84,3480,2335.51,4492,3013.62,2122,1425.05,150,100.43,-2501,-1674.52
688186.SH,20260403,15624,3526.64,18684,4216.28,16714,3771.49,14872,3354.46,11543,2601.92,10603,2390.99,977,219.78,700,158.1,-7516,-1688.9
688187.SH,20260403,12982,6547.53,11680,5892.6,6531,3291.35,6328,3192.41,3052,1535.0,4367,2196.11,564,283.62,753,376.37,535,262.76
688188.SH,20260403,4320,5679.08,3987,5241.15,2733,3594.19,3246,4269.59,997,1311.1,991,1303.44,534,703.41,359,473.61,-429,-566.63
688189.SH,20260403,76351,5982.42,78390,6141.52,30493,2396.73,25416,1996.7,13687,1076.16,16725,1317.1,0,0.0,0,0.0,-16549,-1296.42
688190.SH,20260403,9807,8040.88,9447,7733.35,10608,8689.59,11158,9137.12,6608,5416.84,6209,5110.18,1909,1573.54,2117,1740.19,-653,-454.27
688191.SH,20260403,37360,14885.14,30254,12064.36,18271,7275.66,14250,5679.97,13248,5267.87,15034,5993.72,6551,2572.79,15893,6263.41,1155,455.09
688192.SH,20260403,18171,10373.71,20643,11788.53,16486,9403.81,14758,8423.13,8774,4999.67,6819,3883.48,861,491.17,2073,1173.22,-1793,-1004.24
688193.SH,20260403,3498,1711.45,4034,1972.94,1299,634.26,1021,498.51,614,299.79,356,174.04,0,0.0,0,0.0,-646,-318.21
688195.SH,20260403,2909,9473.28,3097,10077.69,54777,178622.32,54896,178256.1,33332,107918.69,35919,116752.53,20898,67976.07,18006,58904.03,9677,32231.01
688196.SH,20260403,5213,3430.68,6001,3955.67,3885,2567.36,4258,2816.49,1884,1244.58,1533,1017.59,997,674.34,188,127.2,-1874,-1253.32
688197.SH,20260403,14693,6001.8,14247,5821.61,6114,2504.77,5394,2206.16,2250,917.77,2854,1166.43,0,0.0,563,230.13,-787,-315.25
688198.SH,20260403,1767,1725.59,1788,1746.92,934,910.6,942,919.88,576,562.97,654,637.17,107,104.81,0,0.0,-589,-576.67
688199.SH,20260403,18853,4584.87,20987,5102.22,12554,3054.09,11558,2812.5,4947,1203.68,3809,927.93,0,0.0,0,0.0,2271,555.82
688200.SH,20260403,759,2006.27,837,2211.03,9596,25366.07,9504,25125.14,1710,4516.51,1622,4284.86,206,545.71,309,813.53,-53,-126.03
688201.SH,20260403,30298,4029.93,32392,4308.12,13002,1730.24,11971,1594.43,3714,493.9,3518,466.98,867,115.45,0,0.0,-3150,-419.02
688202.SH,20260403,18544,11943.36,14711,9476.19,8963,5771.42,9523,6136.23,4814,3098.25,6855,4413.06,1411,906.74,2643,1694.3,2090,1348.5
688203.SH,20260403,15957,1851.83,16863,1956.43,2442,283.16,1645,191.78,931,107.95,822,94.72,0,0.0,0,0.0,-21,-2.72
688205.SH,20260403,3589,8600.81,4623,11088.79,63457,152351.99,64465,154581.53,44199,106231.83,51529,124229.78,50581,122250.94,41210,99535.47,-7618,-19071.66
688206.SH,20260403,13728,4167.64,11892,3609.6,4451,1351.09,5064,1538.44,2239,680.31,3021,916.89,500,150.3,941,284.42,1958,596.05
688207.SH,20260403,19769,2674.94,19569,2648.72,11110,1501.65,10470,1414.99,4314,583.34,5011,677.05,0,0.0,143,19.18,-4787,-650.47
688208.SH,20260403,29520,10101.91,29653,10145.64,22390,7661.18,20176,6905.68,12872,4401.88,11665,3988.1,3105,1064.23,6394,2189.78,2924,1012.79
688209.SH,20260403,19644,3827.92,21013,4095.37,8849,1724.26,10803,2105.29,4897,954.98,2895,563.96,1639,319.27,318,61.79,-3587,-697.92
688210.SH,20260403,9854,4143.96,10680,4492.76,7517,3172.29,8003,3375.62,4044,1705.8,3817,1608.26,3747,1582.68,2663,1128.08,-1418,-594.33
688211.SH,20260403,1851,566.92,2131,652.45,758,231.65,767,234.66,384,117.71,95,29.16,0,0.0,0,0.0,-796,-243.39
688212.SH,20260403,8857,3218.52,10085,3661.18,4250,1540.93,3446,1249.68,1304,473.43,1748,634.34,869,312.31,0,0.0,-4246,-1533.37
688213.SH,20260403,43054,38213.31,42164,37428.8,61179,54329.33,57580,51154.83,32601,28995.32,35770,31798.38,7751,6908.31,9070,8064.27,26007,23102.56
688215.SH,20260403,3153,2320.63,3671,2703.43,2362,1740.71,2639,1945.07,2603,1923.24,2158,1595.05,851,630.72,500,371.75,-868,-639.44
688216.SH,20260403,16879,4522.83,17028,4560.93,3111,836.93,2775,747.1,602,159.4,789,211.14,0,0.0,0,0.0,72,18.96
688217.SH,20260403,7139,1950.73,7326,2001.27,1886,515.76,1901,520.47,588,159.72,385,104.48,0,0.0,0,0.0,-1401,-382.01
688218.SH,20260403,11313,2686.72,13766,3270.92,10102,2398.63,12702,3015.78,14821,3523.16,9472,2253.81,1018,242.72,1313,310.73,-5982,-1425.11
688219.SH,20260403,19785,2041.55,18985,1958.99,16155,1665.74,12771,1318.47,4683,482.09,8868,911.92,0,0.0,0,0.0,-1577,-161.82
688220.SH,20260403,20763,13837.56,17746,11833.15,12348,8227.45,12295,8194.57,5713,3808.5,8980,5975.63,1315,878.6,1117,748.75,1631,1087.47
688221.SH,20260403,97577,19774.92,90266,18304.26,60714,12300.96,60538,12270.25,31232,6338.74,31442,6373.48,3832,771.92,11108,2238.55,876,199.67
688222.SH,20260403,123959,32864.88,102111,27091.19,91532,24309.02,90657,24074.3,48680,12929.85,63885,16944.97,8557,2269.15,16075,4262.44,-10356,-2722.83
688223.SH,20260403,503061,32121.21,481593,30764.73,654545,41825.47,647275,41343.53,449077,28593.76,477816,30432.17,0,0.0,0,0.0,-369564,-23623.94
688225.SH,20260403,12945,2066.48,12762,2036.61,8408,1340.75,8256,1316.95,4793,763.14,4485,714.42,0,0.0,642,102.39,-5715,-910.02
688226.SH,20260403,43754,20560.64,38812,18274.79,87685,41967.79,82844,39687.25,91713,44208.74,112721,54578.81,65849,32837.02,54625,27033.35,33106,15147.22
688227.SH,20260403,4484,2698.54,4274,2572.33,3340,2011.02,3171,1908.99,1155,693.94,1747,1050.1,541,323.09,329,195.17,-746,-450.07
688228.SH,20260403,6590,6615.44,7242,7266.8,4124,4134.83,3573,3587.89,1609,1610.75,1909,1910.06,550,552.46,150,148.72,-1372,-1380.85
688229.SH,20260403,11425,9125.53,11400,9109.95,5940,4762.95,6845,5489.1,3544,2844.11,2834,2271.16,491,394.53,321,256.91,-1536,-1226.86
688230.SH,20260403,2729,1646.84,2887,1743.03,2153,1299.88,2162,1305.91,1387,837.01,1264,761.62,198,119.38,152,92.53,133,80.95
688231.SH,20260403,13363,3864.21,11921,3447.54,7736,2234.61,6756,1953.13,4239,1221.88,6219,1793.17,706,203.5,1147,330.37,-987,-284.39
688232.SH,20260403,17083,3586.85,18575,3897.58,7569,1584.64,6227,1306.11,3627,759.41,3477,727.2,0,0.0,0,0.0,-5164,-1083.46
688233.SH,20260403,18359,12430.59,17470,11824.83,11455,7758.6,11401,7722.71,6249,4226.51,6201,4197.57,1166,787.14,2158,1457.75,-3127,-2090.01
688234.SH,20260403,37900,35048.55,35007,32371.36,40530,37558.87,41560,38512.61,37808,35113.81,36932,34242.56,19463,17943.84,22203,20538.54,8245,7639.88
688235.SH,20260403,2027,4882.9,2749,6612.36,23676,57005.22,22877,55074.75,7330,17648.67,8033,19338.95,4408,10602.63,3782,9113.37,-3270,-7812.14
688236.SH,20260403,16347,3249.25,14707,2921.41,3925,780.29,3287,653.15,1576,312.32,3132,623.13,0,0.0,722,144.18,-811,-160.55
688237.SH,20260403,3417,1732.39,4167,2109.09,2792,1412.58,2924,1478.98,2088,1053.3,1206,610.2,0,0.0,0,0.0,-2749,-1388.55
688238.SH,20260403,76884,5434.35,76417,5399.42,30849,2181.06,25573,1808.84,7533,530.72,13276,937.87,0,0.0,0,0.0,-7835,-550.76
688239.SH,20260403,20985,11588.32,19969,11028.99,11487,6349.55,9877,5465.94,5503,3034.9,6786,3745.01,2660,1472.87,4002,2205.7,-108,-77.27
688244.SH,20260403,7644,1381.98,7633,1380.06,4163,750.8,3401,613.92,2403,431.12,2264,407.17,0,0.0,912,162.77,-2618,-473.71
688246.SH,20260403,14320,2677.11,15705,2938.26,7087,1324.06,5453,1017.53,2678,499.44,2928,544.81,0,0.0,0,0.0,-4315,-806.66
688247.SH,20260403,11857,1138.9,13248,1272.44,6971,669.46,5550,533.37,1866,179.95,1895,182.5,0,0.0,0,0.0,-4644,-445.82
688248.SH,20260403,35037,20056.88,31365,17947.22,9395,5378.11,10828,6203.28,5700,3266.75,5601,3207.62,1253,719.97,3591,2063.6,9275,5322.08
688249.SH,20260403,94233,27274.99,101741,29431.09,81801,23674.99,85826,24869.42,50574,14637.33,39231,11374.29,11775,3418.84,11584,3331.36,-8899,-2461.34
688251.SH,20260403,9718,3392.5,9877,3452.04,8607,3006.34,8006,2804.25,8874,3089.46,5338,1866.67,1211,422.77,5189,1788.12,2115,718.95
688252.SH,20260403,10317,2114.82,11181,2291.87,8118,1664.46,7882,1617.06,3231,664.64,2604,534.99,0,0.0,0,0.0,-1615,-328.34
688253.SH,20260403,6499,2307.94,6490,2304.96,4265,1514.46,3169,1126.06,2731,968.63,2622,933.24,362,127.38,1577,554.16,-694,-246.45
688255.SH,20260403,8058,2152.89,8590,2294.83,2338,624.15,2044,546.14,972,260.22,734,196.29,0,0.0,0,0.0,-1328,-355.11
688256.SH,20260403,323,3293.83,246,2503.86,7526,76766.07,5866,59744.05,42744,436540.38,43137,440574.99,11653,118924.58,12997,132701.97,12855,131782.21
688257.SH,20260403,35524,23149.13,31319,20404.4,25802,16822.67,22342,14567.48,12921,8420.12,17178,11189.76,7153,4649.74,10562,6880.02,-2838,-1831.95
688258.SH,20260403,9786,10623.58,10646,11539.53,8108,8792.42,7475,8122.48,5440,5904.23,5580,6065.12,2906,3165.11,2539,2758.21,-3865,-4171.3
688259.SH,20260403,5073,1755.39,5407,1869.38,3394,1173.18,3046,1052.98,1667,575.72,1682,581.92,0,0.0,0,0.0,-1630,-560.73
688260.SH,20260403,14550,3681.55,13323,3372.67,8327,2104.56,6351,1605.63,5411,1366.46,9124,2304.13,1467,370.61,957,240.75,-7,-3.0
688261.SH,20260403,9849,6728.85,9346,6380.87,4859,3318.54,6083,4154.9,3149,2148.94,3222,2200.61,962,655.05,168,115.0,-1738,-1180.64
688262.SH,20260403,26177,8233.11,23364,7346.74,15044,4731.39,15978,5025.67,9103,2859.22,9544,2999.77,0,0.0,1439,451.55,1164,378.49
688265.SH,20260403,4298,1840.37,3978,1702.02,1767,756.96,1981,849.07,879,376.51,985,422.74,0,0.0,0,0.0,-573,-244.17
688266.SH,20260403,11588,11595.66,11050,11054.8,9718,9734.88,8915,8929.67,4268,4267.9,5146,5154.17,584,587.31,1047,1047.11,-155,-144.97
688267.SH,20260403,10708,3083.89,12619,3631.78,10886,3150.6,9007,2602.77,9002,2604.27,7662,2217.25,1474,426.32,2783,813.28,845,269.7
688268.SH,20260403,27943,28377.31,29586,30015.03,43535,44231.32,43650,44319.64,33516,34102.97,32342,32947.05,11068,11236.98,10482,10666.87,8906,9236.05
688269.SH,20260403,6004,2218.75,6754,2496.39,2839,1049.16,3199,1180.55,2396,884.15,1587,585.53,300,110.4,0,0.0,-3361,-1240.96
688270.SH,20260403,33979,48193.84,32941,46744.82,44331,62954.2,43486,61769.99,26124,37164.66,25543,36323.67,7567,10731.3,10032,14205.52,3948,5675.07
688271.SH,20260403,11428,12825.83,12350,13857.25,10948,12285.51,11447,12847.69,6956,7802.89,5813,6521.29,1254,1404.85,977,1092.85,-5798,-6501.31
688272.SH,20260403,19269,8550.4,17688,7834.32,13218,5838.67,13040,5776.41,5538,2436.03,6285,2776.09,1244,539.24,2256,977.52,6219,2799.94
688273.SH,20260403,8283,3109.96,7860,2953.38,3189,1197.98,3474,1305.61,1903,712.61,1626,609.46,1487,560.61,1902,712.71,-669,-255.43
688275.SH,20260403,20659,21643.35,19351,20281.68,13987,14653.82,13011,13651.34,12441,12969.08,13175,13726.2,4910,5128.49,6460,6735.52,5738,6014.83
688276.SH,20260403,10461,1856.61,10492,1864.23,4934,875.05,6312,1117.55,3849,683.25,2440,433.14,0,0.0,0,0.0,-6310,-1122.7
688277.SH,20260403,18136,4153.52,18701,4282.32,12655,2897.95,15244,3491.59,7670,1757.1,5729,1309.55,1692,385.48,480,110.59,-5736,-1305.98
688278.SH,20260403,11788,7603.61,12345,7961.29,7232,4665.07,7526,4852.88,3996,2573.32,3152,2032.44,7,4.61,0,0.0,-4895,-3153.18
688279.SH,20260403,5027,7365.83,5699,8340.62,2408,3525.32,1809,2656.84,679,993.27,781,1143.34,294,430.03,118,173.64,-1140,-1660.03
688280.SH,20260403,63268,6093.46,65049,6264.57,37112,3569.5,34214,3292.75,14378,1385.51,15495,1491.15,0,0.0,0,0.0,-4015,-381.35
688281.SH,20260403,19576,13981.83,17535,12524.73,10852,7725.97,11093,7906.11,5779,4114.93,6251,4459.45,332,240.07,1661,1172.51,813,564.43
688282.SH,20260403,6387,4565.82,7193,5140.51,5215,3732.71,4852,3471.63,3207,2293.54,2899,2078.79,1179,842.42,1044,743.57,157,121.52
688283.SH,20260403,9333,3539.75,8949,3395.75,3403,1286.77,3076,1162.57,689,260.22,1401,528.41,0,0.0,0,0.0,-1682,-640.14
688285.SH,20260403,39239,3244.36,47404,3919.15,17053,1406.76,15910,1316.26,15576,1291.81,8554,707.52,0,0.0,0,0.0,-9441,-784.82
688286.SH,20260403,3661,2340.53,3775,2415.79,3176,2032.72,2980,1906.84,1519,969.89,1371,875.25,161,102.19,390,247.46,-1045,-669.24
688287.SH,20260403,79382,1951.37,75681,1866.02,70228,1722.79,69067,1700.09,12601,318.44,17463,426.5,0,0.0,0,0.0,-7508,-189.51
688288.SH,20260403,24783,6420.52,26845,6943.73,25818,6680.58,25139,6513.41,10186,2627.52,10178,2626.19,2328,608.5,953,253.8,-7120,-1797.92
688289.SH,20260403,16439,2950.97,16273,2922.55,16184,2904.47,14723,2642.93,5151,926.13,6878,1234.13,1521,273.22,1421,255.18,-9991,-1790.17
688290.SH,20260403,2411,1112.52,2509,1158.43,1433,660.42,1174,540.61,739,340.25,646,298.04,0,0.0,253,116.11,-167,-75.1
688291.SH,20260403,5351,2046.06,5235,2001.88,2582,987.03,2474,945.7,1633,625.4,2140,819.5,864,331.14,581,222.54,-1349,-517.33
688292.SH,20260403,14498,3335.13,14101,3243.24,7341,1686.56,7067,1625.76,2506,575.99,3177,728.68,0,0.0,0,0.0,-4004,-917.5
688293.SH,20260403,7250,3268.73,8206,3698.66,3475,1564.7,3256,1467.83,2211,995.48,1225,551.14,0,0.0,249,111.28,-2933,-1318.28
688295.SH,20260403,62956,31867.88,50795,25726.94,69140,35009.03,65901,33384.73,46691,23645.9,52527,26600.79,14532,7356.22,24095,12166.57,5202,2611.94
688296.SH,20260403,17404,2297.19,18213,2403.6,4499,592.54,3418,448.96,948,123.87,1221,161.04,0,0.0,0,0.0,-391,-48.19
688297.SH,20260403,27760,13386.96,21434,10341.39,21928,10572.65,24889,11999.25,16587,7994.8,19207,9255.59,5065,2436.02,5810,2794.2,710,342.11
688298.SH,20260403,8902,2020.15,9837,2230.75,6855,1554.76,6005,1363.69,2042,462.62,1957,443.09,0,0.0,0,0.0,-4113,-933.72
688299.SH,20260403,28558,4620.15,28924,4686.14,23170,3755.61,19573,3176.08,8066,1308.09,10630,1715.68,0,0.0,667,105.96,216,47.53
688300.SH,20260403,23253,20299.61,21372,18649.23,23430,20547.81,21695,19011.93,14092,12322.93,17613,15433.58,2834,2478.13,2929,2553.74,9026,7882.05
688301.SH,20260403,10268,10945.23,10052,10714.66,5800,6179.15,6307,6717.33,901,960.96,1687,1800.35,1344,1434.08,268,287.08,-1341,-1423.16
688302.SH,20260403,11632,5048.28,10397,4522.24,6882,2997.46,8430,3675.68,4588,2017.31,3347,1458.87,0,0.14,929,406.4,1058,473.2
688303.SH,20260403,35408,7171.63,35063,7102.38,26169,5301.34,22980,4655.18,22770,4606.05,19665,3980.11,3667,741.78,10305,2083.13,-132,-27.82
688305.SH,20260403,3797,2098.08,3758,2076.83,4499,2484.41,4234,2339.19,2377,1313.1,1509,833.39,0,0.0,1171,646.19,-928,-509.83
688306.SH,20260403,26839,2369.21,27995,2470.64,15577,1372.81,14793,1303.09,8859,779.73,8488,748.03,0,0.0,0,0.0,-8568,-751.31
688307.SH,20260403,28194,24057.19,25551,21740.16,42166,35722.38,39771,33636.02,37823,31853.19,40978,34563.76,10762,9052.0,12646,10744.81,16969,14461.89
688308.SH,20260403,28484,24316.45,31364,26766.72,24912,21266.61,26843,22926.0,21980,18781.68,18668,15947.2,7522,6401.0,6023,5125.83,-4433,-3727.7
688309.SH,20260403,8030,4781.34,8277,4928.65,5864,3489.66,5714,3402.91,4138,2462.81,4045,2405.54,632,375.59,628,372.29,-2644,-1574.49
688310.SH,20260403,19575,2900.91,20825,3086.26,4050,601.89,3287,488.67,1440,212.11,954,139.99,0,0.0,0,0.0,-1173,-173.57
688311.SH,20260403,15170,5520.08,14862,5413.15,7845,2856.43,9271,3376.42,4537,1652.59,4610,1670.18,2128,771.29,938,340.65,-3592,-1312.0
688312.SH,20260403,31782,16575.21,36236,18890.49,27730,14464.62,27914,14553.77,19295,10047.34,16645,8690.73,3204,1682.92,1216,635.1,-3262,-1654.65
688313.SH,20260403,115675,111899.2,119228,115356.54,177113,171372.5,172641,167089.4,128608,124537.38,124934,120917.9,49558,48061.53,54150,52506.76,34105,33300.14
688314.SH,20260403,19397,10949.5,18637,10516.17,19549,11023.59,20576,11601.72,15668,8825.69,15796,8907.43,3437,1943.45,3043,1716.92,1653,925.32
688315.SH,20260403,17631,2472.89,17723,2484.45,7669,1074.96,8700,1220.78,2776,388.74,1653,231.37,0,0.0,0,0.0,-4308,-603.4
688316.SH,20260403,11623,7831.27,13654,9205.17,12022,8097.09,11342,7652.6,8746,5905.87,8415,5672.09,1738,1180.57,719,484.94,-6198,-4165.56
688317.SH,20260403,22558,4586.33,24564,4986.17,18576,3781.19,18410,3748.66,10079,2047.45,9764,1989.08,1525,308.93,0,0.0,-8570,-1719.64
688318.SH,20260403,6460,6617.58,6411,6571.0,5841,5984.12,5915,6062.08,2949,3017.47,3416,3494.76,1434,1473.14,943,964.48,-1323,-1350.59
688319.SH,20260403,24112,7073.9,30547,8955.72,22965,6728.49,22149,6492.77,16946,4956.11,11323,3314.39,2908,850.85,2913,846.47,-13695,-3994.24
688320.SH,20260403,10950,3190.48,10562,3079.4,4226,1229.22,3446,1001.34,2050,595.26,2821,819.28,0,0.0,398,114.94,-1010,-292.49
688321.SH,20260403,41613,12565.33,43337,13084.06,30961,9349.56,34212,10333.35,24566,7420.13,18722,5655.51,2270,687.35,3139,949.46,-19863,-5981.09
688322.SH,20260403,12941,9760.46,12134,9158.25,10585,7987.02,11992,9048.99,7180,5418.63,7115,5367.09,1709,1294.6,1174,886.38,-1653,-1244.25
688323.SH,20260403,48717,10564.99,59691,12927.17,47569,10326.88,38259,8321.23,15455,3353.8,14564,3167.1,772,169.82,0,0.0,1536,371.27
688325.SH,20260403,7619,8782.89,6772,7820.35,8461,9724.39,6498,7503.12,7474,8585.17,5309,6122.67,6681,7578.95,11656,13225.26,4395,4967.29
688326.SH,20260403,7633,8644.34,7605,8613.26,4757,5383.48,4544,5138.86,1577,1787.1,1619,1836.79,178,202.79,378,428.81,-2362,-2673.22
688327.SH,20260403,57474,7185.46,53086,6638.6,48490,6055.39,50442,6304.24,26392,3301.26,30783,3844.96,6803,850.77,4847,605.07,-10568,-1311.69
688328.SH,20260403,70263,27406.12,66927,26131.97,39615,15513.73,42322,16583.21,25138,9868.01,23790,9336.09,4651,1843.07,6630,2579.66,1804,648.41
688329.SH,20260403,10506,2470.62,10546,2480.09,1768,416.64,1548,364.7,227,53.24,407,95.71,0,0.0,0,0.0,-1124,-263.39
688330.SH,20260403,10499,4891.29,8716,4058.82,8180,3797.51,8758,4071.33,3213,1491.52,3808,1770.25,64,30.07,674,310.0,296,143.53
688331.SH,20260403,26947,39411.31,28379,41517.72,40688,59520.25,39536,57821.13,27567,40321.56,29645,43304.31,15928,23244.41,13570,19854.37,-1523,-2124.41
688332.SH,20260403,4392,5241.76,4287,5116.78,3711,4429.81,3912,4671.64,2213,2643.33,2545,3040.74,1408,1687.06,980,1172.81,-592,-705.5
688333.SH,20260403,17338,15650.34,16829,15193.43,13294,11984.11,12728,11486.0,9295,8358.67,10561,9499.15,2528,2281.13,2337,2095.66,858,756.78
688334.SH,20260403,7770,1622.56,9487,1982.07,6252,1305.47,5236,1093.27,4261,889.77,3439,717.41,1000,208.95,1121,234.0,-2895,-604.41
688335.SH,20260403,10506,3493.65,8144,2709.06,4562,1517.19,6413,2131.21,1262,418.94,1766,587.22,0,0.0,7,2.28,-26,-5.78
688336.SH,20260403,47636,43837.83,53056,48914.61,66680,61371.43,69241,63746.76,53350,49092.69,48044,44137.09,24814,22800.76,22140,20304.25,1621,1341.63
688337.SH,20260403,18409,8291.89,15301,6879.34,12774,5752.72,13068,5885.28,6877,3095.57,8320,3755.2,1264,572.74,2635,1193.1,5400,2457.52
688338.SH,20260403,5404,1561.63,5114,1477.97,2968,856.05,3063,883.11,511,147.58,707,204.17,0,0.0,0,0.0,-1335,-385.5
688339.SH,20260403,36710,8575.97,27824,6501.29,28322,6616.26,26870,6281.36,15006,3501.5,21850,5107.51,3030,709.35,6524,1512.92,3106,709.46
688343.SH,20260403,38774,29768.18,33041,25359.05,31196,23959.57,31450,24143.45,21970,16880.65,23114,17767.27,5018,3855.65,9354,7194.28,16269,12555.91
688345.SH,20260403,28617,12220.14,26757,11421.24,17560,7494.81,17364,7414.64,9184,3905.1,10437,4441.37,592,249.17,1395,591.97,8929,3795.56
688347.SH,20260403,27051,29463.21,28815,31382.37,25939,28242.34,28758,31312.08,16774,18252.13,12830,13961.78,8452,9203.57,7812,8505.02,-5824,-6272.77
688348.SH,20260403,13452,7028.12,12146,6356.52,16859,8809.9,16632,8690.81,10615,5555.02,11350,5930.41,2791,1449.73,3589,1865.03,-1833,-975.58
688349.SH,20260403,19647,4442.85,20035,4531.32,16188,3661.55,13287,3004.16,8651,1956.49,11623,2628.07,908,205.09,451,102.42,-5051,-1139.04
688350.SH,20260403,7702,2164.87,8584,2411.98,5376,1514.33,5099,1435.96,3203,899.23,2908,816.68,961,267.74,652,181.55,-1266,-346.99
688351.SH,20260403,36649,8848.62,31247,7538.86,12958,3128.9,14307,3456.39,7942,1916.76,9431,2279.8,598,142.59,3160,761.81,-1409,-326.59
688352.SH,20260403,39616,4737.71,35281,4217.75,16647,1990.7,18968,2268.94,9885,1181.27,10144,1212.77,0,0.0,1756,210.21,-2846,-332.92
688353.SH,20260403,23808,26746.91,25198,28287.83,37006,41625.34,36430,40994.8,25027,28184.29,25448,28660.83,8394,9451.92,7159,8065.0,-4516,-5096.88
688355.SH,20260403,10456,2210.08,10416,2202.61,5506,1163.72,4320,912.5,1700,357.92,2708,570.94,0,0.0,218,45.68,748,155.45
688356.SH,20260403,3769,3594.21,3697,3526.08,2252,2147.27,2049,1955.57,1497,1428.39,1658,1580.6,0,0.0,113,107.63,-1140,-1088.46
688357.SH,20260403,5419,1762.78,5685,1848.62,3126,1016.61,1848,601.42,411,133.76,1424,463.1,0,0.0,0,0.0,-1151,-374.06
688358.SH,20260403,6554,1876.07,6246,1787.16,2479,709.34,1950,557.69,886,254.17,1513,432.79,218,61.72,428,123.65,128,35.21
688359.SH,20260403,4322,3237.07,3842,2877.3,4302,3222.29,4721,3537.64,3326,2488.34,3829,2868.81,1180,888.82,737,552.77,-213,-150.88
688360.SH,20260403,13288,2546.52,16228,3109.67,11124,2132.94,10077,1932.67,7107,1367.02,4480,862.0,33,6.27,767,148.41,-2078,-396.42
688361.SH,20260403,14228,21606.32,14198,21558.74,11732,17828.34,11394,17315.12,2511,3822.2,2352,3576.48,347,524.18,874,1330.7,-493,-747.66
688362.SH,20260403,46755,17935.52,51627,19802.28,34325,13168.09,35986,13809.15,19774,7593.66,16456,6323.09,5668,2178.98,2453,941.73,-10251,-3911.14
688363.SH,20260403,7949,3251.32,8979,3672.96,6042,2472.18,5999,2453.69,3729,1524.14,4316,1763.44,1574,642.45,0,0.0,-4770,-1951.9
688365.SH,20260403,44845,7809.15,39739,6921.0,15168,2637.87,14856,2583.28,7610,1318.42,13157,2283.66,1603,278.64,1474,256.13,-2574,-450.99
688366.SH,20260403,2599,1013.84,2975,1160.0,947,368.47,761,296.56,416,162.63,227,88.37,0,0.0,0,0.0,-1305,-508.72
688367.SH,20260403,4577,1646.17,3987,1433.68,6367,2295.38,6439,2317.39,4908,1762.39,4772,1714.52,0,0.0,654,238.35,606,229.78
688368.SH,20260403,5516,7094.0,5160,6628.95,6609,8496.65,6644,8541.59,3737,4798.13,4018,5160.08,1499,1920.88,1538,1979.04,2419,3144.14
688369.SH,20260403,16392,3447.47,17822,3746.54,6456,1357.83,6564,1380.69,3374,707.07,2176,456.54,1089,228.04,750,156.65,-3111,-649.18
688370.SH,20260403,3547,865.92,4668,1139.46,1797,439.03,1683,411.03,761,185.78,704,171.94,951,231.71,0,0.0,-1713,-416.9
688371.SH,20260403,5061,940.8,5746,1068.06,1995,370.61,1651,306.54,453,83.86,112,20.67,0,0.0,0,0.0,-605,-112.16
688372.SH,20260403,17967,23792.61,15798,20926.66,19539,25907.95,18757,24877.64,13931,18433.65,12733,16890.12,3958,5250.24,8107,10690.03,14058,18637.34
688373.SH,20260403,75559,4788.26,73580,4661.16,26022,1649.95,27363,1737.39,10394,659.83,11031,699.48,0,0.0,0,0.0,-20771,-1311.69
688375.SH,20260403,11930,12661.31,12044,12778.42,8319,8833.79,7705,8181.19,3333,3518.85,3685,3900.47,453,480.34,601,634.22,-2457,-2603.64
688376.SH,20260403,10054,6302.89,9247,5794.06,7493,4694.16,8116,5091.69,5903,3701.12,5217,3268.03,369,232.93,1237,777.33,2712,1711.53
688377.SH,20260403,8674,3175.91,9008,3298.13,4124,1510.96,3660,1342.73,1176,430.58,1595,584.95,1372,501.46,1084,393.09,-799,-295.85
688378.SH,20260403,17102,5752.58,15252,5131.56,8209,2763.97,8865,2984.42,5731,1932.35,5947,1999.35,2647,889.2,3626,1222.77,-336,-106.02
688379.SH,20260403,4440,1980.96,3739,1667.51,3197,1425.25,2861,1275.47,1756,783.3,1850,824.91,23,10.28,967,431.9,751,336.11
688380.SH,20260403,21236,8685.39,20367,8328.26,13717,5605.59,11942,4883.47,5042,2058.3,7600,3102.87,2374,966.08,2460,1000.76,-1955,-787.73
688381.SH,20260403,10175,2118.67,10572,2201.77,6008,1249.02,5655,1177.13,3031,632.09,4331,901.98,1343,281.11,0,0.0,-769,-157.42
688382.SH,20260403,127188,29110.74,129771,29704.17,75901,17365.46,75365,17233.85,44355,10150.58,42376,9695.75,13624,3117.07,13555,3110.08,-9954,-2201.62
688383.SH,20260403,10376,8998.45,8851,7674.07,6736,5852.84,6764,5876.88,5081,4403.66,6360,5514.57,2411,2078.23,2629,2267.66,-31,12.28
688385.SH,20260403,56476,36595.99,51347,33232.31,43088,27976.77,39971,25931.47,20984,13638.7,30012,19536.85,10259,6657.22,9476,6168.06,17908,11663.36
688386.SH,20260403,3338,2607.86,2954,2307.39,3080,2407.46,2823,2206.76,3050,2383.28,3357,2624.88,734,572.48,1068,832.05,341,274.16
688387.SH,20260403,209274,30330.09,211038,30600.02,209941,30454.76,204437,29642.68,114306,16582.6,118936,17247.96,29484,4272.44,28594,4149.23,18747,2820.22
688388.SH,20260403,43222,17984.18,38863,16166.34,48223,20064.66,45779,19054.27,35275,14684.28,35738,14871.84,12557,5216.65,18898,7857.31,-1985,-802.25
688389.SH,20260403,11045,1354.71,12616,1547.22,7528,923.92,7110,871.47,4671,572.04,3517,431.99,0,0.0,0,0.0,-5128,-627.74
688390.SH,20260403,41905,34899.9,39589,32987.65,32496,27017.61,30324,25213.9,13346,11109.26,16198,13464.64,2594,2162.17,4230,3522.76,-7055,-5841.37
688391.SH,20260403,4191,1214.07,5300,1535.27,4125,1194.3,3928,1137.52,1608,465.73,1254,363.68,1235,357.79,678,195.43,-1353,-391.84
688392.SH,20260403,7831,8630.67,7331,8076.79,5745,6343.49,5853,6458.64,3982,4399.76,4906,5419.98,2304,2531.75,1772,1950.27,743,845.66
688393.SH,20260403,12609,2900.38,12602,2898.55,3339,768.06,2399,552.3,970,223.16,1917,440.76,0,0.0,0,0.0,-462,-110.08
688395.SH,20260403,8048,1986.64,8523,2103.45,1464,360.67,984,242.8,445,109.71,450,110.77,0,0.0,0,0.0,-1352,-334.47
688396.SH,20260403,32173,14197.55,26869,11859.49,27330,12061.3,24640,10879.94,14544,6408.49,18414,8114.32,3080,1359.81,7203,3173.41,1334,586.4
688398.SH,20260403,8632,2040.09,7886,1863.57,4861,1148.89,5780,1366.1,1669,394.68,1296,306.55,0,0.0,200,47.44,3405,804.72
688399.SH,20260403,4204,2157.11,3776,1938.6,2234,1143.46,2066,1057.8,389,198.52,1150,586.1,448,227.94,284,144.53,41,18.82
688400.SH,20260403,94209,40395.35,75695,32350.8,100918,43184.52,95826,40962.99,61340,26247.76,76255,32700.83,10159,4344.37,18849,8157.37,69309,29822.6
688401.SH,20260403,8941,4466.24,8926,4456.35,8375,4188.6,7074,3539.57,4464,2232.81,5309,2655.97,240,120.61,712,356.37,3589,1801.18
688403.SH,20260403,80480,11193.22,86070,11966.9,53172,7396.17,52413,7292.01,39087,5431.45,35082,4875.11,2827,392.38,2000,279.2,-8376,-1144.89
688408.SH,20260403,17010,5889.83,17770,6156.35,13867,4806.6,12041,4173.16,7781,2690.6,6956,2403.73,1783,614.4,3674,1268.18,-2278,-809.68
688409.SH,20260403,11347,10182.27,11015,9884.13,9092,8156.18,9454,8484.09,4858,4357.01,4769,4281.25,791,712.37,850,758.36,-1528,-1355.71
688410.SH,20260403,24856,3939.65,22730,3600.64,10678,1692.65,10331,1637.18,3340,529.89,5812,924.38,0,0.0,0,0.0,-1582,-244.3
688411.SH,20260403,2367,5141.39,3075,6674.42,32289,70096.65,31849,69147.47,16660,36090.08,16429,35632.31,6037,13136.93,5999,13010.85,-5654,-12289.82
688416.SH,20260403,15312,10802.0,15435,10888.13,5596,3950.47,5230,3691.65,2943,2077.66,3129,2207.25,1145,802.68,1203,845.77,-1657,-1161.72
688418.SH,20260403,17490,6945.12,18085,7172.87,14209,5648.99,13084,5203.93,6899,2740.84,7372,2932.81,852,337.9,909,363.26,-4816,-1894.88
688419.SH,20260403,12160,5255.56,11686,5044.97,6992,3029.23,6496,2806.94,6866,2968.27,7987,3464.19,819,355.74,669,292.7,5586,2435.28
688420.SH,20260403,6510,1529.04,6646,1560.88,841,197.57,1007,236.58,302,70.86,0,0.0,0,0.0,0,0.0,-1008,-236.5
688425.SH,20260403,99697,4897.84,106620,5237.1,121267,5953.06,111371,5469.12,74097,3633.93,77070,3778.61,0,0.0,0,0.0,-80339,-3945.19
688426.SH,20260403,10865,2119.13,11454,2234.22,3179,619.83,2568,501.72,1122,217.37,1144,220.4,0,0.0,0,0.0,-666,-131.01
688428.SH,20260403,88813,26205.67,76450,22553.71,82910,24449.3,74129,21848.22,41647,12251.72,60471,17830.98,9976,2958.28,12295,3632.06,15459,4603.78
688429.SH,20260403,30574,4269.22,23862,3334.96,11406,1590.68,12851,1791.5,5335,742.16,7667,1064.6,0,0.0,2934,410.99,4311,599.76
688432.SH,20260403,32973,4435.47,30460,4096.16,15425,2075.68,18735,2520.54,9184,1234.19,8311,1118.47,229,30.76,304,40.93,-1433,-189.15
688433.SH,20260403,15261,11259.04,13746,10146.04,5248,3860.18,4413,3252.45,3770,2771.76,4597,3375.62,1339,980.21,2863,2097.09,3043,2225.43
688435.SH,20260403,5701,2349.92,5870,2420.55,2591,1068.43,2312,952.2,1507,621.09,1627,670.4,9,3.71,0,0.0,-902,-375.78
688439.SH,20260403,7372,3546.5,6398,3078.25,4555,2190.31,4927,2368.89,1829,879.82,2430,1169.48,0,0.0,0,0.0,-1761,-844.22
688443.SH,20260403,15914,4307.75,15495,4194.53,7846,2122.85,7383,1997.79,3336,902.11,4787,1295.76,569,155.37,0,0.0,-2811,-757.77
688448.SH,20260403,3177,1650.32,3185,1654.87,1708,886.76,2109,1094.48,1720,893.09,1311,680.82,0,0.0,0,0.0,-706,-368.34
688449.SH,20260403,15302,6367.86,16032,6670.59,14845,6169.85,12899,5362.65,5753,2389.48,6640,2757.38,464,192.7,793,329.26,-4730,-1962.72
688450.SH,20260403,7118,2478.04,6921,2408.4,3901,1356.14,3838,1334.89,1200,416.92,1460,507.8,0,0.0,0,0.0,276,100.63
688455.SH,20260403,34131,8992.89,32136,8473.4,13716,3619.21,17343,4572.65,7406,1952.36,5546,1460.23,429,111.81,657,170.0,-2892,-761.1
688456.SH,20260403,8575,4319.37,6613,3333.85,7695,3874.25,6798,3421.88,3419,1722.57,5824,2932.55,0,0.0,454,227.9,994,500.51
688458.SH,20260403,6413,2086.95,6715,2184.65,4076,1325.36,3186,1037.24,1854,602.45,1521,493.71,0,0.0,920,299.16,197,64.51
688459.SH,20260403,11171,997.75,11539,1030.89,11113,992.2,8841,789.13,1957,176.2,3861,346.13,0,0.0,0,0.0,-6091,-543.4
688466.SH,20260403,9224,1523.53,10124,1672.45,3956,654.62,2475,409.91,310,50.69,893,146.49,0,0.0,0,0.0,-2145,-355.99
688468.SH,20260403,27229,1948.66,25219,1806.06,10479,749.18,10389,742.39,1227,87.97,3327,237.36,0,0.0,0,0.0,-1202,-87.0
688469.SH,20260403,143387,9034.15,138763,8736.64,164425,10355.45,174129,10968.01,143939,9059.32,138859,8744.27,0,0.0,0,0.0,-94163,-5906.93
688472.SH,20260403,197079,25042.94,181627,23078.24,90085,11437.86,94406,11984.57,42897,5443.97,54602,6933.7,6077,769.79,5503,698.06,-24422,-3090.96
688475.SH,20260403,12370,3216.19,12162,3161.74,7850,2041.13,7692,1999.96,3945,1025.1,4484,1165.74,643,167.41,470,122.39,-6118,-1586.89
688478.SH,20260403,8333,2397.77,8736,2514.07,4293,1236.65,4319,1244.73,2266,654.46,1837,530.08,0,0.0,0,0.0,-1265,-365.88
688479.SH,20260403,21475,7340.83,23221,7943.08,14560,4978.78,12708,4357.65,9110,3108.37,8675,2962.48,1510,514.64,2051,679.42,-7505,-2623.88
688480.SH,20260403,16292,12773.28,15631,12255.3,4462,3493.85,4710,3694.77,2279,1802.35,2412,1902.69,341,264.99,621,481.71,-2519,-2001.88
688484.SH,20260403,17401,5969.76,15720,5391.27,7618,2609.61,9078,3110.86,4672,1599.22,3505,1200.67,886,303.99,2274,779.77,2261,777.77
688485.SH,20260403,37448,10899.88,30830,9012.01,63049,18460.12,56962,16818.55,55971,16575.88,85533,25528.24,54825,16901.94,37968,11479.02,5829,878.44
688486.SH,20260403,6448,3721.39,5793,3344.39,3375,1946.2,2829,1633.27,942,541.86,1964,1129.5,256,147.87,435,250.15,-342,-199.07
688488.SH,20260403,130821,23778.78,133305,24284.64,91421,16591.33,87546,15896.76,50150,9135.69,51268,9305.62,6629,1217.5,6902,1236.29,-510,-105.21
688489.SH,20260403,3156,1165.97,3164,1169.16,602,222.46,565,208.7,209,76.92,237,87.5,0,0.0,0,0.0,128,46.94
688496.SH,20260403,45884,2696.59,46324,2722.83,14747,865.4,12669,743.41,1363,79.4,3001,175.15,0,0.0,0,0.0,4728,279.13
688498.SH,20260403,135,1478.32,138,1502.78,3053,33337.79,2829,30831.39,21787,237769.76,22240,242687.02,4318,47056.98,4087,44621.66,1593,17702.05
688499.SH,20260403,19963,8959.47,16485,7406.31,10333,4636.43,10494,4711.25,4510,2016.74,5895,2633.16,383,170.58,2315,1032.49,-2068,-939.6
688500.SH,20260403,4347,2152.53,4219,2091.83,3638,1801.21,3361,1662.92,2063,1017.26,1966,970.32,730,362.42,1232,608.35,-578,-285.58
688501.SH,20260403,3990,930.57,4601,1074.94,3357,782.91,2394,558.38,1535,359.36,1661,386.23,1044,246.61,1270,299.9,-1291,-299.16
688502.SH,20260403,502,1546.04,442,1361.29,5858,18060.88,5942,18326.3,1461,4516.83,1303,4021.84,129,399.72,264,814.03,990,3053.87
688503.SH,20260403,18134,15156.83,18554,15490.52,20652,17242.92,20887,17456.62,10753,8972.59,11025,9205.63,5942,4958.84,5015,4178.41,-3383,-2781.32
688505.SH,20260403,32181,2592.36,35157,2830.77,11400,917.97,9675,779.05,4969,398.76,3717,299.26,0,0.0,0,0.0,-12305,-988.07
688506.SH,20260403,712,2252.59,975,3078.95,12218,38611.66,12718,40223.32,4695,14836.24,5337,16871.27,4498,14283.82,3094,9810.77,-4188,-13245.79
688507.SH,20260403,4014,3319.05,3976,3287.02,2972,2456.15,2980,2463.64,1453,1201.14,1363,1126.1,0,0.0,120,99.58,-1187,-974.42
688508.SH,20260403,5864,3325.24,5789,3286.29,6574,3729.48,6339,3596.16,3659,2073.53,3185,1802.85,1285,728.35,2067,1171.29,-1068,-600.18
688509.SH,20260403,39744,1692.81,42375,1803.67,24272,1032.72,23726,1010.36,8642,368.14,6557,279.65,0,0.0,0,0.0,-5980,-253.5
688510.SH,20260403,26189,8038.4,25753,7904.64,6497,1990.46,6040,1852.42,1894,578.95,2601,795.65,2210,677.55,2395,732.65,-5922,-1816.7
688511.SH,20260403,2804,746.58,3126,831.96,4166,1107.86,4122,1096.31,2805,749.25,2552,681.9,24,6.48,0,0.0,-1515,-399.65
688512.SH,20260403,50310,5778.92,58049,6663.94,30262,3474.31,27044,3105.66,10813,1239.5,9292,1065.83,3000,342.7,0,0.0,-17625,-2016.92
688513.SH,20260403,15293,11659.74,16066,12249.61,14279,10887.69,12599,9625.61,9433,7197.45,8785,6723.16,3025,2318.86,4580,3465.37,448,344.01
688515.SH,20260403,5280,6222.66,4681,5516.44,3891,4583.75,3645,4298.79,2188,2576.46,2329,2742.56,613,717.15,1317,1542.23,912,1079.02
688516.SH,20260403,37466,30474.57,39505,32107.26,42162,34331.68,41476,33819.58,25291,20586.86,25981,21158.3,8892,7247.36,6849,5555.32,12274,10054.77
688517.SH,20260403,23152,4324.91,26498,4949.92,12824,2397.73,11694,2188.1,5896,1102.36,3753,700.74,74,13.76,0,0.0,-7729,-1443.49
688518.SH,20260403,67847,16725.58,66908,16455.23,53412,13136.14,49191,12120.78,19569,4816.54,23799,5875.42,1382,347.54,2312,574.37,18896,4763.55
688519.SH,20260403,24036,29312.04,23879,29151.11,25496,31103.42,25599,31241.34,16195,19785.34,17572,21455.03,7043,8630.8,5719,6984.12,3901,4719.14
688520.SH,20260403,19000,8007.83,18638,7857.13,15538,6541.11,15436,6501.71,9281,3910.21,9432,3973.52,1169,494.02,1482,620.81,-5482,-2312.65
688521.SH,20260403,7828,17519.88,6884,15402.86,91144,204084.95,100080,224156.46,48525,108859.26,49204,110360.4,32647,73138.63,23977,53682.99,7157,16191.63
688522.SH,20260403,12173,3735.3,10847,3328.94,6550,2008.49,6458,1980.47,3543,1086.96,4503,1380.58,0,0.0,458,140.76,-26,-5.3
688523.SH,20260403,14609,8893.2,14129,8600.77,18035,10965.64,18032,10966.74,9910,6023.89,10407,6328.06,1532,930.09,1518,917.25,-2699,-1600.99
688525.SH,20260403,9441,20065.78,9981,21188.96,108825,231392.16,112700,239572.96,54742,116393.44,57320,121847.73,41879,88958.43,34887,74200.15,-16689,-34848.76
688526.SH,20260403,10322,1515.33,12985,1905.21,6937,1016.27,7934,1162.28,7147,1047.42,4237,621.92,750,110.4,0,0.0,-9064,-1329.18
688528.SH,20260403,13897,1433.73,14872,1533.89,2153,222.12,1885,194.78,939,96.59,232,23.76,0,0.0,0,0.0,-2008,-206.38
688529.SH,20260403,7888,1342.37,9193,1563.85,3778,641.7,2505,425.81,600,101.97,568,96.38,0,0.0,0,0.0,-1366,-231.83
688530.SH,20260403,46872,13756.12,47330,13898.71,23906,7037.27,22758,6697.56,9153,2692.04,9462,2778.99,758,227.48,1139,337.64,2751,809.77
688531.SH,20260403,7817,5080.71,6834,4440.29,3732,2423.5,4445,2886.78,1966,1271.56,2422,1568.11,200,129.0,15,9.59,-1373,-889.86
688533.SH,20260403,3817,974.89,3890,993.28,3107,793.05,2777,709.1,92,23.63,349,89.19,0,0.0,0,0.0,-498,-126.17
688535.SH,20260403,7061,7329.65,5902,6127.45,4999,5183.96,4843,5025.93,3250,3364.25,4059,4201.49,491,509.13,995,1032.12,590,614.0
688536.SH,20260403,10977,18084.42,9293,15313.38,11266,18541.53,10101,16646.02,7082,11628.91,6288,10339.68,3794,6199.8,7438,12155.59,4192,6876.9
688538.SH,20260403,175629,3994.66,157270,3574.44,150378,3419.99,158424,3600.53,79174,1796.72,89486,2036.4,0,0.0,0,0.0,-36496,-817.64
688539.SH,20260403,10380,3568.84,10357,3562.07,5183,1785.2,5062,1742.33,4310,1479.65,4001,1372.28,799,271.28,1251,428.28,-475,-163.59
688543.SH,20260403,14875,9794.69,13619,8971.38,11686,7694.03,12060,7942.88,7682,5055.18,8100,5334.1,3695,2431.19,4158,2726.73,-720,-473.13
688545.SH,20260403,14916,6741.67,13044,5895.83,7882,3561.75,7191,3254.26,4189,1894.9,4338,1960.19,2971,1345.85,5385,2433.89,4344,1966.73
688548.SH,20260403,79033,18321.35,87296,20232.34,60733,14094.27,50475,11714.87,35420,8214.94,31875,7397.69,5500,1271.54,11041,2557.2,5927,1403.91
688549.SH,20260403,117692,10095.39,111480,9558.54,79940,6866.71,80006,6875.47,25604,2200.75,31749,2728.84,0,0.0,0,0.0,36719,3180.03
688550.SH,20260403,13127,5174.21,12424,4900.94,10294,4060.94,11196,4423.66,7086,2792.76,7916,3118.83,3929,1562.71,2900,1147.19,526,186.65
688551.SH,20260403,10248,4237.09,10784,4459.37,7661,3160.26,7563,3123.58,4284,1768.22,3665,1511.72,1789,739.85,1970,810.74,-1454,-605.64
688552.SH,20260403,27363,10723.53,30720,12034.64,17708,6947.4,15930,6258.05,8462,3314.61,7209,2827.48,1070,422.04,745,287.41,-17862,-7011.23
688553.SH,20260403,109587,24263.67,110216,24399.58,107024,23751.75,96752,21465.25,75598,16795.82,78223,17376.0,13425,2991.77,20442,4562.19,31791,7278.47
688556.SH,20260403,106868,14410.75,118822,16029.06,72875,9838.12,71085,9591.7,50968,6875.91,39545,5331.59,6278,845.19,7538,1017.62,-24422,-3269.83
688557.SH,20260403,3510,1093.98,3912,1218.8,1148,356.93,1126,350.45,578,179.8,198,61.46,0,0.0,0,0.0,-858,-267.11
688558.SH,20260403,4497,1259.29,4369,1224.89,1259,352.78,1209,338.48,474,133.95,652,182.66,0,0.0,0,0.0,-192,-54.99
688559.SH,20260403,21464,10380.3,17796,8606.09,14157,6843.37,13597,6572.22,11090,5363.0,11616,5622.97,4526,2206.57,8228,3991.96,10063,4897.45
688560.SH,20260403,28627,3964.95,26632,3691.33,12931,1790.88,11393,1576.32,5051,697.91,8495,1175.21,800,112.16,889,123.03,-47,-4.9
688561.SH,20260403,13436,3872.37,13153,3790.56,9998,2881.76,10473,3018.27,6273,1805.24,5856,1685.64,362,104.25,589,169.16,-3461,-994.28
688562.SH,20260403,19890,3654.55,19678,3617.32,11874,2180.31,9148,1680.75,4709,865.02,5611,1029.22,0,0.0,2036,372.61,-427,-82.28
688563.SH,20260403,6819,4001.68,6862,4023.93,3475,2036.9,3465,2032.73,2276,1336.28,2384,1400.32,141,82.12,0,0.0,-1048,-609.8
688565.SH,20260403,17860,2211.1,18548,2295.93,6119,756.71,5710,706.28,2303,284.38,2024,249.99,0,0.0,0,0.0,-1667,-203.27
688566.SH,20260403,26743,8722.23,27598,9020.09,26677,8710.47,25102,8200.78,14315,4677.06,14238,4633.1,3137,1025.18,3936,1280.96,1198,378.67
688567.SH,20260403,41137,5163.91,36559,4590.3,25045,3141.9,25935,3254.92,10142,1270.37,15593,1952.97,1861,233.98,96,11.99,-843,-104.06
688568.SH,20260403,35475,20817.27,28082,16495.33,28388,16663.26,24259,14259.92,14268,8371.8,17596,10319.26,2779,1624.64,10974,6402.47,7291,4257.87
688569.SH,20260403,12576,2532.7,11954,2407.8,4871,977.18,4137,831.8,2987,598.39,2607,523.41,0,0.0,1734,345.27,-447,-91.03
688570.SH,20260403,2636,452.26,2691,461.88,1763,301.82,1433,245.1,0,0.0,275,47.1,0,0.0,0,0.0,-827,-142.28
688571.SH,20260403,38602,2946.37,37466,2859.69,11153,852.03,9887,755.51,1410,106.74,3812,289.94,0,0.0,0,0.0,3787,287.86
688573.SH,20260403,11194,2075.71,11552,2141.4,4176,774.79,3533,654.75,747,137.81,1032,192.16,0,0.0,0,0.0,-2949,-542.73
688575.SH,20260403,27736,4044.41,27574,4019.15,23154,3373.76,19093,2785.05,7459,1084.55,7181,1044.59,0,0.0,4501,653.94,-1036,-148.89
688576.SH,20260403,3995,2705.84,4551,3086.62,2278,1541.58,1563,1058.53,822,555.39,534,358.34,0,0.0,446,299.33,-533,-373.81
688577.SH,20260403,4572,2843.07,4288,2666.53,1438,893.98,1688,1048.97,681,422.65,853,529.51,138,85.31,0,0.0,247,151.88
688578.SH,20260403,15717,15282.35,13999,13611.21,13735,13349.81,14089,13701.91,7829,7610.61,9593,9328.39,4535,4425.85,4136,4027.12,-723,-703.37
688579.SH,20260403,19100,1913.33,21187,2121.96,11210,1122.37,10516,1054.17,5996,601.39,4603,460.96,0,0.0,0,0.0,-5632,-562.99
688580.SH,20260403,5294,2788.19,5022,2645.51,2223,1169.36,2264,1190.88,1239,652.94,1561,821.17,90,47.06,0,0.0,-1316,-692.81
688581.SH,20260403,1093,588.4,1331,716.53,781,420.16,593,318.97,148,79.59,98,52.65,0,0.0,0,0.0,-561,-302.06
688582.SH,20260403,18552,11004.83,18097,10739.83,21384,12698.83,21967,13064.95,16200,9635.12,15769,9369.05,5161,3084.76,5463,3249.71,11199,6637.42
688583.SH,20260403,4480,5382.8,4920,5915.21,2633,3168.14,2725,3281.03,2135,2571.66,2011,2424.27,870,1053.7,462,555.78,-814,-981.19
688584.SH,20260403,12106,2273.11,12660,2377.37,3923,736.93,3523,661.19,2887,540.29,2144,401.51,0,0.0,588,110.25,-2131,-398.75
688585.SH,20260403,6161,7273.18,6619,7810.91,9609,11338.09,9758,11518.54,7310,8618.29,5718,6742.99,1204,1417.61,2189,2574.74,-1143,-1324.36
688586.SH,20260403,40539,5404.48,35321,4711.8,24451,3255.52,18695,2495.57,17179,2284.98,11385,1513.78,859,113.24,17627,2337.08,5888,775.05
688588.SH,20260403,16604,1901.7,15519,1778.44,6791,775.54,6205,708.89,3312,376.45,4014,456.38,0,0.0,969,109.98,672,74.83
688589.SH,20260403,19079,4185.66,22465,4926.01,16807,3685.76,17031,3740.35,11729,2575.36,9895,2164.52,1892,409.92,116,25.82,-550,-108.13
688590.SH,20260403,27597,3574.23,29444,3813.09,14813,1916.42,13563,1756.29,7985,1032.34,7388,953.61,0,0.0,0,0.0,-7439,-961.9
688591.SH,20260403,8821,3104.76,8527,3001.22,4442,1562.55,5580,1964.63,3235,1138.02,2732,960.65,355,125.43,12,4.26,-289,-100.97
688592.SH,20260403,4867,1961.16,4457,1795.8,2483,1001.11,2369,955.26,1005,406.26,1529,617.47,0,0.0,0,0.0,10,2.47
688593.SH,20260403,23726,6863.19,22582,6529.06,10166,2942.24,11818,3421.26,5276,1522.96,4405,1269.14,1380,397.35,1744,506.29,620,189.35
688595.SH,20260403,9840,2853.73,9822,2848.7,5374,1558.29,4777,1386.49,1224,354.77,1800,520.28,0,0.0,39,11.32,-42,-11.16
688596.SH,20260403,11023,3073.3,9895,2758.89,8527,2377.56,7729,2154.52,4049,1129.56,5542,1546.74,999,277.18,1433,397.45,3985,1112.71
688597.SH,20260403,25647,2165.88,26600,2247.18,10934,923.14,8784,741.5,4748,400.01,5944,500.35,0,0.0,0,0.0,-9310,-785.06
688598.SH,20260403,19165,4100.01,20023,4286.95,13255,2840.66,10700,2290.95,5647,1207.65,6843,1464.12,0,0.0,502,106.3,-3735,-803.72
688599.SH,20260403,132300,20520.59,120835,18737.17,126862,19697.5,127368,19770.99,89457,13860.11,92250,14307.82,11823,1831.52,19989,3093.75,-47368,-7325.28
688600.SH,20260403,8050,1884.25,8137,1904.46,1872,438.33,2250,526.74,822,192.27,357,83.65,0,0.0,0,0.0,-1929,-450.13
688601.SH,20260403,24033,13020.21,22216,12003.93,25890,14034.33,25798,13970.22,21361,11584.78,22872,12444.85,5808,3159.99,6206,3380.31,13463,7389.17
688602.SH,20260403,20375,1499.05,22093,1625.69,14600,1074.21,11345,834.84,3237,238.14,4774,350.87,0,0.0,0,0.0,-3804,-281.37
688603.SH,20260403,9707,7499.2,9256,7153.11,5832,4503.82,5753,4447.05,3046,2356.66,2913,2245.85,767,592.66,1430,1106.33,-685,-511.95
688605.SH,20260403,7211,4363.95,7919,4784.28,8625,5217.25,9145,5535.81,5792,3506.03,5042,3058.89,515,314.2,37,22.46,-1734,-1013.54
688606.SH,20260403,2128,1304.22,2503,1536.02,1598,981.37,964,592.37,97,59.25,310,188.73,0,0.0,46,27.72,-771,-476.1
688607.SH,20260403,7079,4417.1,6408,3995.85,9321,5811.58,8032,5006.45,7207,4495.8,6673,4165.93,619,383.06,3112,1939.31,-1732,-1058.1
688608.SH,20260403,8737,14295.44,8327,13621.97,10386,16983.86,10499,17171.73,4476,7314.71,5155,8424.76,1858,3025.41,1476,2400.97,503,837.7
688609.SH,20260403,21769,1730.47,23130,1838.61,13787,1095.93,12675,1008.17,4191,333.29,3941,312.9,0,0.0,0,0.0,-2968,-234.85
688610.SH,20260403,4849,4305.93,5892,5230.8,4684,4156.12,4830,4287.93,3537,3144.52,2706,2404.4,879,773.94,522,457.39,-2543,-2252.27
688611.SH,20260403,2797,1412.43,2947,1488.03,1475,745.83,1754,888.75,1113,564.74,684,346.21,0,0.0,0,0.0,-516,-260.77
688612.SH,20260403,24218,7214.79,27009,8043.5,14575,4353.03,13782,4119.59,7625,2284.97,5135,1544.09,500,148.2,991,293.82,-1044,-300.26
688613.SH,20260403,11933,2480.45,12051,2506.8,5833,1211.03,5389,1119.81,3163,658.83,2878,597.03,0,0.0,612,126.67,-2486,-521.16
688615.SH,20260403,7388,12284.75,6731,11194.24,5592,9285.25,5418,9001.78,1711,2840.42,2374,3941.52,601,998.22,769,1271.09,-1586,-2633.16
688616.SH,20260403,13293,1712.35,14557,1875.0,6781,873.41,5950,765.55,4018,516.36,3585,461.58,0,0.0,0,0.0,-5113,-658.46
688617.SH,20260403,589,1519.92,505,1299.02,6005,15452.95,6023,15503.61,784,2013.75,793,2038.86,42,107.12,98,252.26,283,745.1
688618.SH,20260403,35105,12594.43,36600,13154.98,16071,5791.61,16945,6109.28,12526,4580.96,8781,3183.08,2383,865.5,3758,1385.16,2554,922.13
688619.SH,20260403,17972,2545.32,18019,2550.75,9085,1284.33,7043,996.51,1706,242.49,3702,524.88,0,0.0,0,0.0,-4597,-646.9
688620.SH,20260403,16142,1640.95,17355,1764.16,7731,784.61,7349,745.75,2410,244.1,2580,260.75,1000,101.0,0,0.0,-6172,-625.74
688621.SH,20260403,13361,8856.35,12275,8141.91,9236,6132.23,7830,5201.87,4363,2892.76,4347,2884.35,3350,2210.77,5858,3864.0,265,153.96
688622.SH,20260403,9854,9311.05,9999,9429.4,13145,12407.03,14431,13620.78,10745,10122.28,9233,8714.83,680,637.24,761,712.59,-103,-18.73
688623.SH,20260403,1742,1492.69,1801,1543.42,1241,1062.21,1107,948.58,759,652.5,703,602.62,882,754.35,1014,867.13,374,316.54
688625.SH,20260403,8052,4250.27,7219,3809.94,5110,2704.16,3862,2042.96,2929,1548.62,4612,2440.59,0,0.0,396,209.56,3899,2065.63
688626.SH,20260403,11937,6682.27,9512,5325.81,5524,3089.51,5293,2962.35,2240,1252.52,3715,2079.05,709,392.61,1889,1049.71,-916,-519.96
688627.SH,20260403,1610,3775.55,1574,3677.63,17431,40787.22,17133,40085.07,7286,17055.86,6789,15905.32,2529,5894.76,3359,7845.38,987,2444.44
688628.SH,20260403,20178,9944.64,20212,9943.59,22009,10876.89,21026,10385.04,14170,7039.83,13558,6767.42,4803,2421.84,6363,3187.15,9319,4534.44
688629.SH,20260403,69574,78918.23,62965,71373.4,89410,101166.78,87847,99435.38,63635,72068.78,63464,71939.59,17526,19939.99,25869,29345.39,42413,48157.7
688630.SH,20260403,12416,24072.69,12092,23448.36,18656,36195.09,17207,33366.76,10331,20032.21,9762,18936.69,2747,5306.78,5089,9854.95,6731,13027.6
688631.SH,20260403,6516,3275.12,5984,3008.46,2783,1397.28,2969,1489.59,2052,1028.12,1748,877.36,736,369.56,1385,694.66,-683,-343.02
688633.SH,20260403,7629,1807.43,7917,1875.89,2709,640.5,2291,542.18,1437,339.82,2521,596.94,954,227.26,0,0.0,-979,-232.07
688636.SH,20260403,11366,4503.33,11377,4507.32,5863,2319.05,5758,2276.77,3499,1378.25,3466,1366.26,688,271.15,816,321.44,-2682,-1057.54
688638.SH,20260403,10821,3983.56,12091,4454.29,6797,2513.45,5636,2089.15,1841,677.44,1732,631.03,0,0.0,0,0.0,-3783,-1392.15
688639.SH,20260403,19412,5436.73,17395,4877.84,16787,4694.33,18687,5224.76,9874,2761.36,10861,3034.45,4639,1287.13,3769,1042.5,-6463,-1817.84
688646.SH,20260403,532,266.04,686,343.27,1563,782.03,1751,875.89,1054,527.13,922,461.02,211,104.98,0,0.0,-1054,-525.06
688648.SH,20260403,5873,2951.59,5493,2762.35,5437,2730.04,5210,2616.1,2805,1405.8,3431,1717.28,730,364.58,710,356.29,-1395,-701.84
688651.SH,20260403,7068,2561.26,6629,2403.83,1711,617.83,1744,629.52,1737,627.99,1495,541.32,0,0.0,647,232.41,-809,-294.9
688652.SH,20260403,10814,10271.18,9128,8677.23,6345,6020.31,6720,6377.14,2749,2608.23,3785,3584.89,528,499.68,802,760.15,535,496.99
688653.SH,20260403,17758,2165.79,21949,2676.88,9191,1120.58,7476,911.28,5881,716.75,3405,414.97,0,0.0,0,0.0,-6391,-778.88
688655.SH,20260403,36480,8673.21,35863,8523.69,15280,3637.0,14315,3409.44,10487,2497.76,9623,2297.42,632,149.97,3078,727.41,4823,1159.46
688656.SH,20260403,3330,4291.25,3745,4826.58,2701,3505.21,3030,3933.48,1688,2195.56,1021,1326.66,330,425.15,253,330.44,-299,-353.63
688657.SH,20260403,3643,1614.7,4019,1782.19,1606,711.68,1666,738.01,1220,541.7,785,347.87,0,0.0,0,0.0,-1620,-719.16
688658.SH,20260403,88398,17054.85,93257,17992.25,49849,9615.78,48552,9369.49,31623,6102.56,25860,4991.87,3173,612.92,5375,1032.51,-2829,-538.81
688659.SH,20260403,17168,1581.11,19700,1815.58,6328,584.67,4422,407.39,928,84.81,302,27.61,0,0.0,0,0.0,-3512,-324.42
688660.SH,20260403,77304,9194.07,63232,7531.97,52748,6266.45,47181,5611.11,37414,4433.74,49250,5836.27,10432,1240.35,18235,2155.27,5865,664.52
688661.SH,20260403,17146,12806.5,18567,13871.89,7355,5492.29,7699,5755.11,8814,6596.09,5815,4346.85,306,228.29,1540,1149.32,-2824,-2116.36
688662.SH,20260403,17174,10098.2,18811,11044.38,17336,10186.47,15935,9365.72,10745,6310.45,9376,5515.33,2031,1195.55,3165,1865.24,-3721,-2132.71
688663.SH,20260403,8672,4808.97,9571,5307.1,8205,4549.73,7984,4429.24,5959,3304.37,4872,2701.1,890,494.03,1299,719.66,-1287,-715.88
688665.SH,20260403,1722,744.38,1853,801.69,1258,543.71,1123,485.88,111,48.27,372,160.63,476,206.74,220,94.91,-574,-249.45
688667.SH,20260403,4587,4865.9,4412,4680.01,6506,6920.19,6337,6734.51,4345,4629.26,4558,4868.82,1825,1944.71,1955,2076.72,1648,1742.05
688668.SH,20260403,25892,39764.06,28984,44509.03,30236,46418.91,29412,45156.79,19374,29801.39,17523,26940.6,7403,11401.8,6987,10779.74,6432,9968.4
688669.SH,20260403,7667,1944.4,7977,2021.76,4129,1049.32,3563,906.32,2886,731.14,2644,671.34,0,0.0,498,125.45,-989,-243.79
688670.SH,20260403,11891,2040.72,12055,2068.25,3791,648.82,2868,491.28,714,122.06,1473,252.07,0,0.0,0,0.0,488,83.51
688671.SH,20260403,5689,1182.89,6722,1396.74,2810,582.55,2194,455.56,2830,590.08,1573,327.25,94,19.53,935,195.5,-2809,-582.27
688676.SH,20260403,29213,21262.98,24484,17826.2,20692,15053.66,21100,15345.46,11512,8373.05,14241,10360.38,1997,1451.85,3589,2609.5,-3343,-2402.27
688677.SH,20260403,49529,34028.76,45483,31109.06,44261,30325.13,47064,32112.58,30212,20478.96,34031,23332.56,16254,11120.39,13678,9399.03,9710,7024.89
688678.SH,20260403,39632,9587.49,51324,12410.22,35822,8658.58,33207,8024.16,23884,5772.31,18520,4484.23,6371,1548.49,2658,648.27,-34459,-8328.07
688679.SH,20260403,6470,3134.58,8260,3995.86,8491,4103.58,7433,3597.12,6958,3368.2,5510,2665.69,1635,788.84,2350,1136.54,-3802,-1833.37
688680.SH,20260403,16670,7853.3,18642,8780.02,13824,6521.99,11544,5449.38,6375,2999.6,5859,2757.03,226,107.01,1049,495.47,-1993,-933.77
688681.SH,20260403,12267,2166.49,13982,2470.42,4291,758.7,4964,878.19,3569,631.27,1934,340.25,752,132.41,0,0.0,-4499,-798.4
688682.SH,20260403,5697,2439.39,5304,2271.28,2367,1013.39,2568,1099.22,1218,520.13,1410,602.41,0,0.0,0,0.0,-43,-19.77
688683.SH,20260403,5255,1671.32,5623,1788.96,2653,841.3,2273,720.89,1217,382.85,1829,576.41,1400,445.2,800,254.4,-2256,-710.87
688685.SH,20260403,16287,6438.98,14839,5866.56,7545,2980.93,7503,2963.92,4518,1783.28,6307,2490.34,997,391.96,698,274.32,-7849,-3084.98
688686.SH,20260403,3386,3070.9,3842,3483.13,2070,1874.79,2216,2007.02,1026,928.33,668,604.59,397,357.86,152,137.13,-1456,-1317.59
688687.SH,20260403,23783,4997.38,22610,4749.11,13890,2918.52,15235,3200.17,8997,1893.17,9639,2029.07,2105,443.05,1290,273.77,-9306,-1951.83
688689.SH,20260403,15007,4898.4,18148,5921.21,8605,2808.3,7131,2329.1,4411,1439.72,2840,927.27,96,31.16,0,0.0,-6063,-1974.05
688690.SH,20260403,13795,3557.83,14565,3756.43,9028,2328.22,8978,2314.53,6319,1628.68,6796,1752.03,1704,440.18,508,131.93,-3694,-948.37
688691.SH,20260403,17660,15723.44,17698,15764.01,11408,10148.53,11433,10167.35,5632,5009.89,5267,4681.34,1015,901.46,1316,1170.62,-3332,-2962.03
688692.SH,20260403,258,538.22,513,1067.8,3502,7292.73,3466,7220.3,1249,2599.74,694,1444.15,198,412.68,533,1111.11,-728,-1507.97
688693.SH,20260403,19194,10620.18,23066,12773.81,19693,10891.28,20035,11097.79,13683,7595.74,11104,6132.58,4624,2558.96,2990,1661.98,-3184,-1688.77
688695.SH,20260403,4096,966.39,4787,1129.49,1943,458.49,1626,383.18,489,114.91,115,27.12,0,0.0,0,0.0,-1691,-398.0
688696.SH,20260403,1962,1812.71,2157,1991.77,1679,1552.12,1749,1617.49,553,511.83,289,267.41,0,0.0,0,0.0,-67,-60.57
688697.SH,20260403,6908,979.46,7691,1091.13,4306,609.7,2380,337.14,560,79.42,1701,240.31,0,0.0,0,0.0,-2510,-356.32
688698.SH,20260403,21145,13559.71,20403,13086.05,8136,5206.48,7455,4773.66,2172,1385.81,3119,1992.25,489,312.56,965,612.59,-3251,-2083.84
688699.SH,20260403,8919,3746.37,8452,3549.3,4457,1869.35,4335,1819.85,2556,1066.24,2042,857.5,487,202.01,1590,657.32,652,264.96
688700.SH,20260403,50967,26524.69,54628,28428.13,41277,21460.35,40438,21038.77,29006,15074.57,22550,11722.17,6110,3188.61,9743,5059.17,8418,4415.4
688701.SH,20260403,15156,1338.88,17898,1579.88,6774,597.13,5158,455.23,2797,247.36,1672,148.25,0,0.0,0,0.0,-4521,-397.12
688702.SH,20260403,20884,36198.12,22428,38887.0,24077,41771.92,26029,45157.3,12038,20945.4,9328,16217.75,4713,8145.62,3925,6799.0,874,1796.64
688707.SH,20260403,27467,3454.86,27663,3479.23,16333,2052.88,15833,1990.99,6115,768.02,7239,908.04,821,102.49,0,0.0,-11369,-1428.54
688708.SH,20260403,2480,1272.47,2570,1318.25,1234,632.36,1148,588.5,266,136.49,262,134.56,0,0.0,0,0.0,-183,-92.69
688709.SH,20260403,13876,5776.71,13315,5542.9,9936,4136.2,10997,4578.67,6027,2507.98,6380,2654.48,853,355.15,0,0.0,-95,-35.61
688710.SH,20260403,13535,8906.8,13354,8795.35,6106,4028.48,6222,4108.63,3667,2424.86,3636,2392.8,1389,915.62,1486,978.98,3641,2396.0
688711.SH,20260403,14678,3796.64,14361,3714.95,7690,1989.89,7628,1974.43,3297,852.72,3675,949.87,0,0.0,0,0.0,-1834,-471.72
688712.SH,20260403,12417,5048.42,11488,4670.68,11399,4629.35,10828,4401.04,3936,1596.02,5164,2095.62,1224,497.82,1495,604.27,-1131,-460.46
688716.SH,20260403,5127,1617.78,5038,1589.31,2148,676.87,2255,710.98,1880,592.06,1384,435.63,0,0.0,479,150.8,-1699,-534.82
688717.SH,20260403,23757,25819.52,23271,25280.87,14630,15938.65,14111,15382.83,7686,8345.9,6787,7392.78,2943,3183.36,4848,5230.96,-431,-477.53
688718.SH,20260403,20474,2966.97,20493,2968.96,4351,630.78,3492,506.93,1036,149.93,1876,271.79,0,0.0,0,0.0,-1552,-222.79
688719.SH,20260403,15452,6828.56,14967,6607.99,15151,6695.35,14694,6498.36,11613,5132.96,12826,5680.6,937,419.09,667,289.0,4607,2033.1
688720.SH,20260403,8018,5419.09,7942,5367.17,6122,4144.07,6945,4698.11,3641,2464.18,4307,2918.84,1759,1190.88,345,234.1,1123,765.38
688721.SH,20260403,5099,1883.29,4958,1831.95,2584,954.98,2164,799.93,1902,702.81,2913,1076.21,451,167.01,0,0.0,-1043,-386.65
688722.SH,20260403,9963,1593.14,10567,1691.11,7418,1186.59,6665,1065.85,3707,592.64,2856,455.43,0,0.0,1000,160.0,-3156,-507.45
688726.SH,20260403,71492,47063.2,67778,44641.41,79468,52295.87,76177,50134.38,64335,42370.17,63519,41811.01,22120,14604.27,29941,19746.7,7604,5177.99
688727.SH,20260403,11958,5568.2,10601,4935.31,7610,3544.59,8058,3752.87,4966,2313.81,5648,2633.12,19,8.67,244,113.97,3068,1435.06
688728.SH,20260403,43539,5594.42,40652,5223.66,23225,2983.66,24801,3186.06,7055,906.2,8367,1074.57,0,0.0,0,0.0,-138,-14.04
688729.SH,20260403,12137,2632.76,12119,2627.43,9883,2142.96,9430,2045.68,5426,1174.44,5535,1199.04,119,25.7,481,103.71,-1034,-221.15
688733.SH,20260403,8373,2138.06,7923,2023.12,6240,1592.06,6448,1646.13,3275,836.05,3277,835.94,0,0.0,241,60.99,-560,-142.33
688737.SH,20260403,7707,1806.14,7947,1862.67,3757,880.27,2583,604.46,3389,794.38,2309,539.77,457,106.76,2471,580.66,1090,257.21
688739.SH,20260403,8268,2032.12,7336,1803.18,5093,1249.66,4898,1201.79,963,235.52,2089,512.33,0,0.0,0,0.0,-1410,-346.57
688750.SH,20260403,9384,1626.65,8792,1524.48,6651,1153.87,7028,1220.05,3843,667.97,4055,703.31,0,0.0,4,0.65,-2934,-510.33
688755.SH,20260403,1796,657.92,1985,727.57,1211,443.99,952,349.19,238,87.0,154,56.3,0,0.0,153,55.86,-697,-257.21
688757.SH,20260403,6554,1564.52,6864,1638.58,3550,847.52,3079,735.95,2509,597.33,2152,512.44,0,0.0,517,122.39,637,149.65
688758.SH,20260403,18976,3701.38,18698,3646.81,7444,1449.73,6991,1362.42,6133,1193.1,3732,727.63,0,0.0,3132,607.35,-404,-79.53
688759.SH,20260403,11234,4542.13,12414,5014.74,9315,3769.9,9949,4026.58,7710,3124.42,4972,2019.0,558,228.16,1483,604.29,-4409,-1777.02
688765.SH,20260403,4678,3061.33,5020,3287.27,5336,3490.28,4680,3061.06,3106,2029.27,3046,1989.31,152,100.92,525,344.17,-2973,-1944.87
688766.SH,20260403,2492,5577.21,2695,6015.37,23228,51957.17,21924,49058.45,6341,14185.25,7127,15951.25,2406,5369.9,2722,6064.46,409,1031.54
688767.SH,20260403,4352,1354.82,4701,1464.11,2422,753.57,2120,660.35,503,157.18,455,141.12,0,0.0,0,0.0,-1015,-316.43
688768.SH,20260403,9077,3949.51,9176,3995.13,2716,1183.07,2139,930.36,1232,532.84,1437,621.8,0,0.0,273,118.13,-803,-351.88
688772.SH,20260403,88094,13074.97,76784,11392.53,56462,8376.12,62232,9236.93,24477,3631.4,25662,3808.76,962,143.97,5316,788.26,-8392,-1233.41
688775.SH,20260403,4435,8076.74,3661,6673.57,3460,6297.34,2966,5403.85,1638,2968.99,1547,2808.92,793,1434.49,2153,3891.23,-56,-97.79
688776.SH,20260403,7358,5888.18,6559,5251.59,5128,4102.19,5093,4073.78,2497,1990.89,3104,2480.55,1684,1343.11,1912,1518.46,-1374,-1103.4
688777.SH,20260403,30130,19430.89,32741,21112.81,20254,13052.86,21625,13946.36,14671,9462.45,16227,10473.19,13597,8800.63,8059,5214.48,-16250,-10478.04
688778.SH,20260403,19210,13388.7,17451,12163.01,7293,5082.91,8093,5643.36,4090,2846.84,4608,3204.59,322,224.08,762,531.57,-496,-352.95
688779.SH,20260403,139445,14104.43,108576,11001.69,123116,12455.54,119050,12032.55,47402,4785.27,80297,8099.29,3000,301.0,5041,512.72,16504,1692.59
688781.SH,20260403,17641,6245.32,20119,7113.12,16430,5823.49,16409,5820.55,9935,3516.07,8077,2866.3,1099,393.49,499,178.41,-7977,-2795.64
688783.SH,20260403,10910,2315.3,11628,2467.33,10242,2173.51,10309,2188.42,7152,1517.56,6536,1387.86,1584,337.82,1415,300.59,-6195,-1313.72
688785.SH,20260403,164,478.13,180,525.75,2351,6860.66,2464,7190.48,1206,3522.98,1187,3470.8,707,2075.81,597,1750.54,-309,-897.22
688786.SH,20260403,8384,2508.93,7917,2369.39,3566,1065.4,3029,905.81,3075,916.42,2915,869.95,342,101.85,1506,447.46,173,48.05
688787.SH,20260403,6557,7996.92,6203,7572.29,7412,9033.78,6932,8459.32,4526,5516.28,4784,5823.44,1878,2290.19,2455,2982.13,-1640,-2010.56
688788.SH,20260403,5655,3128.44,5617,3104.57,3288,1818.79,3757,2078.53,2710,1497.45,2118,1168.13,1747,961.13,1908,1054.59,-338,-170.99
688789.SH,20260403,17169,12256.42,16907,12071.27,8156,5828.53,8561,6119.39,4381,3134.37,4784,3421.97,2059,1478.2,1512,1084.88,-1941,-1391.06
688790.SH,20260403,2844,3747.64,3185,4201.14,3590,4733.95,3713,4902.21,1584,2089.85,1242,1642.98,1031,1365.79,910,1190.92,736,958.82
688793.SH,20260403,19149,4246.32,19109,4231.65,7446,1649.71,8307,1838.37,6334,1397.62,4681,1036.82,500,109.1,1331,295.92,-1228,-272.97
688795.SH,20260403,548,3177.61,448,2598.95,22413,130047.72,22373,129754.12,12821,74582.57,11453,66589.28,4759,27721.24,6267,36586.78,10221,59533.25
688796.SH,20260403,9560,10435.11,9788,10649.47,16903,18490.92,14863,16185.29,11330,12401.84,11576,12666.89,3934,4220.1,5500,6046.32,6191,6911.41
688798.SH,20260403,6380,4110.6,5262,3392.79,5245,3379.27,4212,2714.95,2861,1840.58,3815,2456.49,1675,1080.62,2873,1846.84,1883,1204.71
688799.SH,20260403,32215,20470.44,26268,16699.05,20529,13048.21,18918,12019.85,14083,8954.23,17470,11101.53,4065,2584.8,8236,5237.25,2520,1589.58
688800.SH,20260403,15288,12662.53,18548,15341.47,18552,15363.98,17175,14232.57,12630,10455.13,10135,8413.12,3054,2529.07,3665,3023.55,227,267.68
688802.SH,20260403,283,1677.22,239,1412.6,10718,63377.84,10881,64376.82,5030,29719.89,4916,29045.15,2163,12768.81,2158,12709.19,1966,11600.04
688805.SH,20260403,18949,9242.65,17678,8622.85,12936,6321.51,14232,6950.88,8376,4091.2,9328,4551.14,2779,1344.52,1801,875.02,-4959,-2392.08
688807.SH,20260403,1798,4115.57,1410,3227.58,15757,36079.2,15127,34633.62,5867,13438.76,6487,14868.6,1752,4025.33,2150,4929.06,5805,13303.66
688809.SH,20260403,418,1345.46,541,1733.37,7138,22875.42,7317,23453.79,2841,9099.19,2859,9171.23,1105,3551.0,785,2512.67,-1956,-6188.69
688813.SH,20260403,26270,11178.72,26011,11078.55,34331,14618.9,33621,14302.4,24827,10571.17,25030,10654.63,4855,2073.08,5622,2406.28,-13829,-5912.75
688816.SH,20260403,4680,2919.7,5126,3196.77,4594,2867.24,3936,2456.54,1455,912.76,1615,1009.83,431,269.89,482,306.45,-2555,-1578.84
688818.SH,20260403,33399,19029.22,31465,17955.62,49165,28037.91,47774,27264.1,37567,21439.44,38922,22192.32,10410,5948.94,12379,7043.45,-5501,-3126.98
688819.SH,20260403,19422,6120.07,19144,6036.76,11711,3692.47,10979,3458.96,4713,1481.38,4610,1448.34,356,114.47,1469,464.31,1390,442.19
688981.SH,20260403,58724,54362.88,53461,49491.14,82798,76672.13,78781,72958.21,59326,54919.57,60488,55997.6,15616,14473.42,23733,21981.05,-7753,-7126.18
689009.SH,20260403,42139,18660.78,44359,19645.71,37052,16414.7,33877,15013.31,19718,8736.34,23102,10235.12,5690,2530.66,3262,1448.34,9551,4237.62
